{
"type": "FeatureCollection",
"name": "limite_urbano_rm",
"crs": { "type": "name", "properties": { "name": "urn:ogc:def:crs:EPSG::32719" } },
"features": [
{ "type": "Feature", "properties": { "NOM": "Límite urbano de Rancagua", "INSTRUM": "Plan Regulador Comunal de Rancagua", "P_DO": " ", "N_DO": "", "T_DO": "", "OBJECTID": 17, "REG": "O'Higgins", "COM": "Rancagua", "ADMIN": "Municipalidad de Rancagua", "Shape__Area": 47763731.574623719, "Shape__Length": 42056.180493212465 }, "geometry": { "type": "MultiPolygon", "coordinates": [ [ [ [ 338890.192599999718368, 6223227.318099999800324 ], [ 339562.577200000174344, 6223074.260099999606609 ], [ 340360.06969999987632, 6222468.056099999696016 ], [ 340371.954300000332296, 6222459.022099999710917 ], [ 340372.557799999602139, 6222459.755900000222027 ], [ 340561.9545, 6222690.050200000405312 ], [ 340667.544800000265241, 6222613.03139999974519 ], [ 340724.038599999621511, 6222571.824199999682605 ], [ 340831.830099999904633, 6222493.199799999594688 ], [ 341001.692900000140071, 6222482.087299999780953 ], [ 341266.5943, 6222282.802699999883771 ], [ 341139.765700000338256, 6221996.736399999819696 ], [ 341468.179100000299513, 6221752.432799999602139 ], [ 341653.779799999669194, 6221613.803600000217557 ], [ 342079.146399999968708, 6221262.671799999661744 ], [ 342184.809899999760091, 6221177.486100000329316 ], [ 342269.970200000330806, 6221108.829900000244379 ], [ 342419.301599999889731, 6220988.4391 ], [ 342753.349499999545515, 6220723.618800000287592 ], [ 342890.607800000347197, 6220617.002399999648333 ], [ 343166.860100000165403, 6220400.334499999880791 ], [ 343443.112300000153482, 6220183.666600000113249 ], [ 343706.364099999889731, 6219920.00690000038594 ], [ 343871.41260000038892, 6219767.180800000205636 ], [ 343905.438099999912083, 6219728.687300000339746 ], [ 344055.286399999633431, 6219590.05379999987781 ], [ 344104.012900000438094, 6219551.223899999633431 ], [ 344328.889399999752641, 6219329.098500000312924 ], [ 344365.548999999649823, 6219292.4156 ], [ 344379.793600000441074, 6219279.9556 ], [ 344514.600599999539554, 6219135.348000000230968 ], [ 344993.900899999774992, 6218437.693199999630451 ], [ 344975.348299999721348, 6218426.69400000013411 ], [ 344956.795599999837577, 6218415.694799999706447 ], [ 344938.556599999777973, 6218405.7769 ], [ 344924.14989999961108, 6218397.942800000309944 ], [ 344924.782399999909103, 6218397.022199999541044 ], [ 344924.50690000038594, 6218396.8827 ], [ 344886.196299999952316, 6218377.482800000347197 ], [ 344855.561999999918044, 6218361.970099999569356 ], [ 344819.931400000117719, 6218341.229799999855459 ], [ 344791.743700000457466, 6218326.705400000326335 ], [ 344787.204300000332296, 6218322.009200000204146 ], [ 344782.611299999989569, 6218319.57799999974668 ], [ 344754.049100000411272, 6218304.866899999789894 ], [ 344729.951799999922514, 6218291.652300000190735 ], [ 344696.697900000028312, 6218272.7922 ], [ 344623.306800000369549, 6218231.602699999697506 ], [ 344577.362700000405312, 6218224.9951 ], [ 344523.784599999897182, 6218201.76549999974668 ], [ 344493.5477, 6218193.1085 ], [ 344427.200799999758601, 6218172.530399999581277 ], [ 344358.091199999675155, 6218150.828700000420213 ], [ 344256.561300000175834, 6218115.675499999895692 ], [ 344239.402099999599159, 6218111.3142 ], [ 344236.251899999566376, 6218111.115399999544024 ], [ 344197.707399999722838, 6218077.18709999974817 ], [ 344197.425999999977648, 6218077.092000000178814 ], [ 344171.033800000324845, 6218068.178600000217557 ], [ 344116.155500000342727, 6218049.6447 ], [ 343910.964700000360608, 6217908.985999999567866 ], [ 343897.209099999628961, 6217899.5565 ], [ 343881.087100000120699, 6217888.504800000227988 ], [ 343845.233, 6217863.926900000311434 ], [ 343772.4693, 6217809.68099999986589 ], [ 343767.300300000235438, 6217805.7681 ], [ 343752.82039999961853, 6217796.335099999792874 ], [ 343733.543399999849498, 6217785.408099999651313 ], [ 343718.53249999973923, 6217776.765100000426173 ], [ 343710.498499999754131, 6217774.5932 ], [ 343685.053600000217557, 6217764.723199999891222 ], [ 343666.340699999593198, 6217740.332299999892712 ], [ 343649.566700000315905, 6217714.500300000421703 ], [ 343625.173100000247359, 6217672.229000000283122 ], [ 343609.023900000378489, 6217651.151499999687076 ], [ 343600.1239, 6217634.061599999666214 ], [ 343586.159900000318885, 6217614.978699999861419 ], [ 343562.021999999880791, 6217576.699799999594688 ], [ 343552.233099999837577, 6217560.095800000242889 ], [ 343544.394100000150502, 6217548.205900000408292 ], [ 343535.866100000217557, 6217538.172899999655783 ], [ 343534.78110000025481, 6217536.8969 ], [ 343524.153199999593198, 6217520.024000000208616 ], [ 343509.961199999786913, 6217499.379999999888241 ], [ 343491.75829999987036, 6217471.770100000314415 ], [ 343478.090300000272691, 6217451.449199999682605 ], [ 343464.589399999938905, 6217430.7083 ], [ 343450.824400000274181, 6217411.7933 ], [ 343438.606499999761581, 6217392.956399999558926 ], [ 343438.508500000461936, 6217392.774400000460446 ], [ 343423.575699999928474, 6217367.440700000151992 ], [ 343419.33669999986887, 6217360.594700000248849 ], [ 343419.257500000298023, 6217360.603500000201166 ], [ 343240.46129999961704, 6217085.456299999728799 ], [ 343233.575500000268221, 6217074.860000000335276 ], [ 343208.098600000143051, 6217060.282599999569356 ], [ 343186.931900000199676, 6217025.3575 ], [ 343175.235700000077486, 6217002.971300000324845 ], [ 343088.506699999794364, 6216836.973799999803305 ], [ 343051.464999999850988, 6216753.365299999713898 ], [ 342996.431499999947846, 6216638.006799999624491 ], [ 342958.331399999558926, 6216539.581600000150502 ], [ 342903.011400000192225, 6216454.098899999633431 ], [ 342902.782399999909103, 6216453.2083 ], [ 342873.92960000038147, 6216340.990799999795854 ], [ 342868.308000000193715, 6216329.7325 ], [ 342865.541199999861419, 6216324.1913 ], [ 342863.274699999950826, 6216319.652200000360608 ], [ 342850.9057, 6216297.708100000396371 ], [ 342826.752999999560416, 6216254.003100000321865 ], [ 342824.131000000052154, 6216247.380400000140071 ], [ 342817.684700000099838, 6216234.906000000424683 ], [ 342810.529900000430644, 6216218.713700000196695 ], [ 342806.18790000025183, 6216212.6585 ], [ 342788.235000000335276, 6216176.948400000110269 ], [ 342763.746100000105798, 6216137.0532 ], [ 342743.796799999661744, 6216091.213600000366569 ], [ 342733.426500000059605, 6216073.007799999788404 ], [ 342719.388100000098348, 6216048.3624 ], [ 342702.113099999725819, 6216015.823900000192225 ], [ 342680.932099999859929, 6215973.196899999864399 ], [ 342665.634700000286102, 6215947.454199999570847 ], [ 342657.469100000336766, 6215928.7259 ], [ 342642.144199999980628, 6215898.660899999551475 ], [ 342630.389499999582767, 6215877.664599999785423 ], [ 342608.3432, 6215832.412899999879301 ], [ 342600.700799999758601, 6215805.988699999637902 ], [ 342594.742300000041723, 6215783.996799999848008 ], [ 342585.101999999955297, 6215760.876899999566376 ], [ 342583.262600000016391, 6215756.465599999763072 ], [ 342575.011400000192225, 6215730.868300000205636 ], [ 342572.854000000283122, 6215724.1754 ], [ 342565.467299999669194, 6215696.500300000421703 ], [ 342556.351400000043213, 6215669.2248 ], [ 342551.973699999973178, 6215651.2642 ], [ 342545.131699999794364, 6215638.7259 ], [ 342530.242899999953806, 6215608.107699999585748 ], [ 342514.104199999943376, 6215579.4983 ], [ 342501.951200000010431, 6215555.594700000248849 ], [ 342493.049100000411272, 6215531.972400000318885 ], [ 342489.253100000321865, 6215521.822100000455976 ], [ 342468.542299999855459, 6215464.8246 ], [ 342457.2652000002563, 6215428.2357 ], [ 342447.963000000454485, 6215397.811300000175834 ], [ 342444.380499999970198, 6215377.99129999987781 ], [ 342434.501299999654293, 6215352.666500000283122 ], [ 342426.83669999986887, 6215325.941800000146031 ], [ 342423.860500000417233, 6215310.652800000272691 ], [ 342422.139600000344217, 6215283.608 ], [ 342420.963899999856949, 6215269.695299999788404 ], [ 342426.603099999949336, 6215252.601599999703467 ], [ 342426.828999999910593, 6215252.676099999807775 ], [ 342426.99100000038743, 6215252.342400000430644 ], [ 342444.692200000397861, 6215237.417299999855459 ], [ 342466.699500000104308, 6215221.562400000169873 ], [ 342480.592299999669194, 6215209.885800000280142 ], [ 342492.584800000302494, 6215203.196999999694526 ], [ 342504.707600000314415, 6215195.897699999623001 ], [ 342508.487499999813735, 6215181.47649999987334 ], [ 342508.091599999926984, 6215165.665500000119209 ], [ 342502.852300000376999, 6215148.909099999815226 ], [ 342492.772599999792874, 6215131.984400000423193 ], [ 342477.130800000391901, 6215102.390700000338256 ], [ 342472.839599999599159, 6215081.34389999974519 ], [ 342464.106700000353158, 6215039.425200000405312 ], [ 342459.988699999637902, 6215029.098799999803305 ], [ 342444.513299999758601, 6215017.19539999961853 ], [ 342428.690999999642372, 6215004.391699999570847 ], [ 342401.771099999547005, 6214982.940600000321865 ], [ 342370.591500000096858, 6214955.379499999806285 ], [ 342353.172100000083447, 6214935.982599999755621 ], [ 342342.752000000327826, 6214917.947200000286102 ], [ 342336.258899999782443, 6214903.7242 ], [ 342323.597000000067055, 6214883.184899999760091 ], [ 342311.093999999575317, 6214866.842400000430644 ], [ 342292.345200000330806, 6214852.972699999809265 ], [ 342255.812599999830127, 6214835.2209 ], [ 342217.58669999986887, 6214813.319899999536574 ], [ 342187.721900000236928, 6214799.393899999558926 ], [ 342158.838999999687076, 6214777.657100000418723 ], [ 342130.728900000452995, 6214752.514000000432134 ], [ 342110.181200000457466, 6214724.5565 ], [ 342103.860999999567866, 6214706.371899999678135 ], [ 342103.618900000117719, 6214694.043800000101328 ], [ 342103.376699999906123, 6214681.715699999593198 ], [ 342097.995400000363588, 6214657.556900000199676 ], [ 342089.376899999566376, 6214633.4792 ], [ 342075.932799999602139, 6214609.3158 ], [ 342065.60329999960959, 6214596.807400000281632 ], [ 342054.425200000405312, 6214579.278400000184774 ], [ 342038.38329999987036, 6214559.4731 ], [ 342022.578900000080466, 6214539.0998 ], [ 342008.32050000037998, 6214521.704300000332296 ], [ 341989.44510000012815, 6214504.246500000357628 ], [ 341966.514399999752641, 6214481.3108 ], [ 341945.516400000080466, 6214450.172799999825656 ], [ 341930.362499999813735, 6214426.777499999850988 ], [ 341913.924800000153482, 6214398.7769 ], [ 341893.918200000189245, 6214370.906999999657273 ], [ 341870.458899999968708, 6214344.701399999670684 ], [ 341851.311300000175834, 6214324.5472 ], [ 341823.33739999961108, 6214302.625799999572337 ], [ 341798.447200000286102, 6214278.0307 ], [ 341781.675699999555945, 6214250.238099999725819 ], [ 341770.093500000424683, 6214227.7412 ], [ 341758.300499999895692, 6214204.834800000302494 ], [ 341742.759700000286102, 6214179.03830000013113 ], [ 341733.298499999567866, 6214164.63260000012815 ], [ 341713.184999999590218, 6214150.280600000172853 ], [ 341693.583100000396371, 6214135.62430000025779 ], [ 341671.399299999698997, 6214120.738800000399351 ], [ 341657.638000000268221, 6214109.366499999538064 ], [ 341632.438500000163913, 6214094.3997 ], [ 341613.881000000052154, 6214082.32050000037998 ], [ 341594.315499999560416, 6214075.919700000435114 ], [ 341560.166199999861419, 6214062.602099999785423 ], [ 341529.290400000289083, 6214051.823200000450015 ], [ 341494.788599999621511, 6214037.222500000149012 ], [ 341473.68819999974221, 6214029.870699999853969 ], [ 341433.377199999988079, 6214002.538599999621511 ], [ 341414.175099999643862, 6213984.118900000117719 ], [ 341391.998300000093877, 6213962.2308 ], [ 341355.686099999584258, 6213922.0126 ], [ 341349.118599999696016, 6213914.71129999961704 ], [ 341339.394100000150502, 6213900.324199999682605 ], [ 341330.331699999980628, 6213883.863300000317395 ], [ 341322.903300000354648, 6213875.381799999624491 ], [ 341310.856399999931455, 6213865.560499999672174 ], [ 341285.567900000140071, 6213848.8662 ], [ 341269.360399999655783, 6213834.446600000374019 ], [ 341246.1864, 6213811.7664 ], [ 341228.798100000247359, 6213789.188900000415742 ], [ 341221.096099999733269, 6213774.684600000269711 ], [ 341216.069099999964237, 6213754.320899999700487 ], [ 341211.785099999979138, 6213731.903099999763072 ], [ 341205.979100000113249, 6213712.7983 ], [ 341196.537200000137091, 6213696.358199999667704 ], [ 341181.070700000040233, 6213681.0466 ], [ 341165.549599999561906, 6213666.729000000283122 ], [ 341159.016900000162423, 6213648.927199999801815 ], [ 341155.001500000245869, 6213631.015800000168383 ], [ 341149.066200000233948, 6213617.811499999836087 ], [ 341147.261500000022352, 6213597.340699999593198 ], [ 341138.794800000265241, 6213575.115600000135601 ], [ 341103.808699999935925, 6213584.292299999855459 ], [ 341074.236399999819696, 6213592.048999999649823 ], [ 341006.502899999730289, 6213612.1574 ], [ 340966.286199999973178, 6213628.0324 ], [ 340933.477800000458956, 6213637.557400000281632 ], [ 340917.894600000232458, 6213645.83600000012666 ], [ 340899.610999999567866, 6213655.549100000411272 ], [ 340807.535799999721348, 6213733.865899999625981 ], [ 340606.452100000344217, 6213891.557900000363588 ], [ 340430.520399999804795, 6214045.115799999795854 ], [ 340374.428600000217557, 6214088.507500000298023 ], [ 340287.645100000314415, 6214155.182699999772012 ], [ 340228.378299999982119, 6214208.099399999715388 ], [ 340177.578200000338256, 6214255.724499999545515 ], [ 340144.769799999892712, 6214298.058000000193715 ], [ 340085.502999999560416, 6214363.674800000153482 ], [ 340061.161299999803305, 6214393.308199999853969 ], [ 340023.061200000345707, 6214421.8832 ], [ 339986.554700000211596, 6214444.789300000295043 ], [ 339969.086099999956787, 6214455.749900000169873 ], [ 339884.419300000183284, 6214512.900100000202656 ], [ 339803.985799999907613, 6214565.816800000146031 ], [ 339741.543999999761581, 6214600.741899999789894 ], [ 339700.268899999558926, 6214638.842000000178814 ], [ 339656.877199999988079, 6214680.11710000038147 ], [ 339599.726999999955297, 6214726.683799999766052 ], [ 339571.151999999769032, 6214751.025500000454485 ], [ 339563.331199999898672, 6214755.4052 ], [ 339544.693599999882281, 6214765.842199999839067 ], [ 339520.861200000159442, 6214778.240199999883771 ], [ 339390.685999999754131, 6214856.027800000272691 ], [ 339236.698099999688566, 6214949.690499999560416 ], [ 339149.385499999858439, 6214998.903099999763072 ], [ 339133.513000000268221, 6215008.126299999654293 ], [ 339090.647900000214577, 6215033.0345 ], [ 338984.285099999979138, 6215089.390800000168383 ], [ 338973.422199999913573, 6215093.801799999549985 ], [ 338931.897499999962747, 6215110.6634 ], [ 338847.759899999946356, 6215147.175900000147521 ], [ 338689.009499999694526, 6215213.851099999621511 ], [ 338653.677099999971688, 6215228.527599999681115 ], [ 338585.821800000034273, 6215256.713600000366569 ], [ 338511.20920000039041, 6215283.7012 ], [ 338476.314699999988079, 6215295.552199999801815 ], [ 338462.155100000090897, 6215300.361100000329316 ], [ 338427.07149999961257, 6215312.2763 ], [ 338363.571399999782443, 6215331.326299999840558 ], [ 338247.683699999935925, 6215359.901399999856949 ], [ 338066.708300000056624, 6215405.938900000415742 ], [ 338038.133200000040233, 6215413.876500000245869 ], [ 337938.120500000193715, 6215464.676599999889731 ], [ 337915.621500000357628, 6215474.535699999891222 ], [ 337796.832799999974668, 6215526.589200000278652 ], [ 337743.855600000359118, 6215551.85149999987334 ], [ 337453.932099999859929, 6215690.102 ], [ 337423.769500000402331, 6215696.451999999582767 ], [ 337298.356800000183284, 6215710.7396 ], [ 337149.13150000013411, 6215731.377100000157952 ], [ 337105.122399999760091, 6215733.2292 ], [ 337000.611700000241399, 6215746.458399999886751 ], [ 336691.048600000329316, 6215796.729299999773502 ], [ 336667.236100000329316, 6215803.34389999974519 ], [ 336644.746399999596179, 6215812.604299999773502 ], [ 336583.892099999822676, 6215840.385599999688566 ], [ 336435.725200000219047, 6215902.56290000025183 ], [ 336358.995900000445545, 6215936.958800000138581 ], [ 336302.110299999825656, 6215960.771300000138581 ], [ 336269.037299999967217, 6215971.3547 ], [ 336197.599700000137091, 6215992.5214 ], [ 336107.641200000420213, 6216018.979799999855459 ], [ 336041.495199999772012, 6216038.8235 ], [ 336003.130599999800324, 6216049.406899999827147 ], [ 335967.411700000055134, 6216041.469399999827147 ], [ 335886.713700000196695, 6216036.177699999883771 ], [ 335778.234299999661744, 6216020.302699999883771 ], [ 335692.244500000029802, 6216030.886 ], [ 335528.202499999664724, 6216052.052699999883771 ], [ 335462.231700000353158, 6216055.416000000201166 ], [ 335267.661299999803305, 6216083.001299999654293 ], [ 335242.6579, 6216086.54619999974966 ], [ 335176.30599999986589, 6216095.709099999628961 ], [ 335268.910299999639392, 6216204.188500000163913 ], [ 335489.837899999693036, 6216516.485600000247359 ], [ 335798.983099999837577, 6216914.1946 ], [ 335781.279900000430644, 6216920.579400000162423 ], [ 335662.127199999988079, 6216963.5532 ], [ 335625.93790000025183, 6216976.565100000239909 ], [ 335566.311200000345707, 6216998.0121 ], [ 335566.114500000141561, 6216998.082899999804795 ], [ 335362.493400000035763, 6217071.3229 ], [ 335333.268899999558926, 6217081.834599999710917 ], [ 335209.925200000405312, 6217126.199799999594688 ], [ 335217.527999999932945, 6217143.248599999584258 ], [ 335225.521200000308454, 6217160.034300000406802 ], [ 335225.102400000207126, 6217160.23369999974966 ], [ 335266.515399999916553, 6217253.1003 ], [ 335287.23450000025332, 6217299.5619 ], [ 335621.630800000391901, 6218049.428399999625981 ], [ 335705.443599999882281, 6218237.3744 ], [ 335708.339800000190735, 6218247.784199999645352 ], [ 335709.185999999754131, 6218250.8257 ], [ 335744.375500000081956, 6218377.020700000226498 ], [ 335754.39989999961108, 6218412.9699 ], [ 335835.816599999554455, 6218391.740299999713898 ], [ 335872.853600000031292, 6218382.218000000342727 ], [ 335892.018400000408292, 6218377.290300000458956 ], [ 335930.876299999654293, 6218367.298100000247359 ], [ 335975.554299999959767, 6218356.286600000225008 ], [ 336008.281600000336766, 6218346.928000000305474 ], [ 336010.735299999825656, 6218346.226300000213087 ], [ 336011.110500000417233, 6218347.534300000406802 ], [ 336013.462500000372529, 6218355.7357 ], [ 336626.222500000149012, 6218203.065999999642372 ], [ 336685.699599999934435, 6218183.062599999830127 ], [ 336741.795800000429153, 6218347.846900000236928 ], [ 336803.17920000012964, 6218559.514000000432134 ], [ 336813.563799999654293, 6218598.085199999623001 ], [ 336832.812599999830127, 6218669.580900000408292 ], [ 336870.912700000219047, 6218802.931200000457466 ], [ 336902.662800000049174, 6218923.581399999558926 ], [ 336929.117300000041723, 6219007.818300000391901 ], [ 336946.431900000199676, 6219062.95160000026226 ], [ 336956.451100000180304, 6219094.8547 ], [ 336974.928700000047684, 6219153.6913 ], [ 336983.096300000324845, 6219179.698599999770522 ], [ 337194.763399999588728, 6219869.733300000429153 ], [ 337195.060300000011921, 6219870.690100000239909 ], [ 337195.842600000090897, 6219873.210799999535084 ], [ 337404.313799999654293, 6220544.951299999840558 ], [ 337662.547600000165403, 6221419.136400000192225 ], [ 337882.681400000117719, 6222151.504499999806285 ], [ 338018.148299999535084, 6222623.522099999710917 ], [ 338134.565200000070035, 6223032.039599999785423 ], [ 338197.085799999535084, 6223302.04839999973774 ], [ 338203.150500000454485, 6223330.543200000189245 ], [ 338210.479299999773502, 6223355.459699999541044 ], [ 338217.808000000193715, 6223380.376199999824166 ], [ 338261.770600000396371, 6223370.368800000287592 ], [ 338554.000300000421703, 6223303.847199999727309 ], [ 338890.192599999718368, 6223227.318099999800324 ] ], [ [ 338205.606499999761581, 6221974.152200000360608 ], [ 338135.578999999910593, 6222083.67989999987185 ], [ 337999.832700000144541, 6221658.6645 ], [ 337971.975300000049174, 6221571.444299999624491 ], [ 337864.086400000378489, 6221233.6491 ], [ 337869.75800000037998, 6221224.552400000393391 ], [ 337825.552000000141561, 6221088.3909 ], [ 337782.792899999767542, 6220956.686200000345707 ], [ 337753.268400000408292, 6220865.746000000275671 ], [ 337753.926500000059605, 6220865.2845 ], [ 337568.354100000113249, 6220219.539800000376999 ], [ 337696.031999999657273, 6220199.910899999551475 ], [ 337823.70990000013262, 6220180.282100000418723 ], [ 337828.110700000077486, 6220179.605600000359118 ], [ 337829.441200000233948, 6220179.400999999605119 ], [ 337835.660400000400841, 6220178.444899999536574 ], [ 337871.511900000274181, 6220172.933199999853969 ], [ 337877.170199999585748, 6220172.063299999572337 ], [ 337883.46239999961108, 6220171.096 ], [ 338265.231499999761581, 6220112.403900000266731 ], [ 338299.102800000458956, 6220107.196700000204146 ], [ 338365.446299999952316, 6220096.9972 ], [ 338370.946000000461936, 6220095.446999999694526 ], [ 338377.0, 6220093.740500000305474 ], [ 338377.39989999961108, 6220095.1595 ], [ 338393.338100000284612, 6220092.70920000039041 ], [ 338397.781999999657273, 6220092.025999999605119 ], [ 338405.291799999773502, 6220090.871500000357628 ], [ 338870.476700000464916, 6220019.3553 ], [ 338904.979500000365078, 6220014.051 ], [ 338919.511199999600649, 6220021.240500000305474 ], [ 338923.479899999685585, 6220041.084300000220537 ], [ 338939.491499999538064, 6220120.642 ], [ 339050.480200000107288, 6220672.1168 ], [ 339042.164599999785423, 6220684.457399999722838 ], [ 338987.720800000242889, 6220768.156899999827147 ], [ 338976.779400000348687, 6220784.97759999986738 ], [ 338538.764399999752641, 6221458.361700000241399 ], [ 338375.879300000146031, 6221709.7286 ], [ 338205.606499999761581, 6221974.152200000360608 ] ], [ [ 338651.236399999819696, 6222261.053000000305474 ], [ 338821.459599999710917, 6221996.706500000320375 ], [ 338983.057099999859929, 6221747.329 ], [ 339177.079199999570847, 6221449.04839999973774 ], [ 339192.960199999623001, 6221424.633600000292063 ], [ 339206.9375, 6221411.8602 ], [ 339210.112499999813735, 6221426.147699999623001 ], [ 339240.5307, 6221566.339700000360608 ], [ 339512.718700000084937, 6222934.686200000345707 ], [ 339527.82010000012815, 6223000.125799999572337 ], [ 338753.239299999549985, 6223176.447200000286102 ], [ 338601.190100000239909, 6222960.1113 ], [ 338551.804800000041723, 6222889.845800000242889 ], [ 338505.809200000017881, 6222824.403300000354648 ], [ 338393.356700000353158, 6222664.405600000172853 ], [ 338525.752600000239909, 6222457.323699999600649 ], [ 338559.645499999634922, 6222404.3114 ], [ 338651.236399999819696, 6222261.053000000305474 ] ] ] ] } },
{ "type": "Feature", "properties": { "NOM": "Límite urbano de Machalí", "INSTRUM": "Plan Regulador Comunal de Machalí", "P_DO": " ", "N_DO": "", "T_DO": "", "OBJECTID": 20, "REG": "O'Higgins", "COM": "Machalí", "ADMIN": "Municipalidad de Machalí", "Shape__Area": 27491987.041496281, "Shape__Length": 43571.057282400776 }, "geometry": { "type": "MultiPolygon", "coordinates": [ [ [ [ 345448.660099999979138, 6218587.5915 ], [ 345447.462100000120699, 6218609.060499999672174 ], [ 345446.195899999700487, 6218631.74930000025779 ], [ 345445.099999999627471, 6218639.663800000213087 ], [ 345461.422799999825656, 6218663.299700000323355 ], [ 345498.161799999885261, 6218681.497499999590218 ], [ 345503.205000000074506, 6218683.995500000193715 ], [ 345600.200600000098348, 6218732.3399 ], [ 345612.52419999986887, 6218738.623100000433624 ], [ 345658.71100000012666, 6218762.700799999758601 ], [ 346057.144399999640882, 6218961.804700000211596 ], [ 346065.911600000225008, 6218966.025100000202656 ], [ 346066.584599999710917, 6218964.396099999547005 ], [ 346074.920199999585748, 6218998.64049999974668 ], [ 346424.482099999673665, 6219173.470599999651313 ], [ 346428.715499999932945, 6219163.2017 ], [ 346468.185499999672174, 6219066.192800000309944 ], [ 346527.57079999987036, 6218920.236499999649823 ], [ 346539.62569999974221, 6218890.608099999837577 ], [ 346544.802699999883771, 6218877.884100000374019 ], [ 346566.360600000247359, 6218831.148900000378489 ], [ 346568.403800000436604, 6218826.129599999636412 ], [ 346679.172100000083447, 6218833.556200000457466 ], [ 346890.920400000177324, 6218847.753100000321865 ], [ 346924.128499999642372, 6218850.025500000454485 ], [ 346954.150700000114739, 6218852.806400000117719 ], [ 347036.944500000216067, 6218866.242999999783933 ], [ 347419.91440000012517, 6218950.5625 ], [ 347512.525399999693036, 6218998.986499999649823 ], [ 347590.212600000202656, 6219040.405299999751151 ], [ 347638.974799999967217, 6219065.47829999960959 ], [ 347661.802500000223517, 6219077.213999999687076 ], [ 348004.637900000438094, 6219261.948900000192225 ], [ 348022.265800000168383, 6219271.3997 ], [ 348022.246399999596179, 6219271.43709999974817 ], [ 348095.548299999907613, 6219310.935399999842048 ], [ 348185.281700000166893, 6219358.74170000012964 ], [ 348211.863400000147521, 6219372.903300000354648 ], [ 348224.35149999987334, 6219379.544099999591708 ], [ 348281.435600000433624, 6219409.942599999718368 ], [ 348297.504900000058115, 6219418.513000000268221 ], [ 348297.524500000290573, 6219418.5663 ], [ 348391.286600000225008, 6219468.61809999961406 ], [ 348392.164900000207126, 6219469.087000000290573 ], [ 348407.432099999859929, 6219477.187300000339746 ], [ 348450.056300000287592, 6219499.991499999538064 ], [ 348454.28249999973923, 6219502.01659999974072 ], [ 348454.875500000081956, 6219470.429700000211596 ], [ 348455.422899999655783, 6219450.375099999830127 ], [ 348456.792200000025332, 6219400.212799999862909 ], [ 348447.852300000376999, 6219367.213000000454485 ], [ 348387.834699999541044, 6219262.520200000144541 ], [ 348381.353000000119209, 6219251.2138 ], [ 348381.126500000245869, 6219245.699699999764562 ], [ 348380.20299999974668, 6219223.213999999687076 ], [ 348384.169200000353158, 6219206.0323 ], [ 348396.822999999858439, 6219151.214599999599159 ], [ 348426.750500000081956, 6219093.62540000025183 ], [ 348459.7027000002563, 6219030.215599999763072 ], [ 348545.512299999594688, 6218943.216300000436604 ], [ 348657.731499999761581, 6218876.717000000178814 ], [ 348671.813299999572337, 6218857.168600000441074 ], [ 348672.86600000038743, 6218855.707299999892712 ], [ 348678.261400000192225, 6218848.217299999669194 ], [ 348678.119900000281632, 6218839.326299999840558 ], [ 348677.506000000052154, 6218800.75800000037998 ], [ 348677.481499999761581, 6218799.2176 ], [ 348628.101999999955297, 6218746.717899999581277 ], [ 348615.17879999987781, 6218719.262000000104308 ], [ 348614.452100000344217, 6218717.718100000172853 ], [ 348608.982200000435114, 6218658.71860000025481 ], [ 348636.012099999934435, 6218617.71889999974519 ], [ 348661.38190000038594, 6218606.218999999575317 ], [ 348742.291299999691546, 6218602.719200000166893 ], [ 348765.601700000464916, 6218591.8278 ], [ 348830.04079999960959, 6218561.719600000418723 ], [ 348911.350200000219047, 6218566.219700000248849 ], [ 348971.229700000025332, 6218594.219600000418723 ], [ 348997.909400000236928, 6218657.719200000166893 ], [ 349020.879200000315905, 6218688.718999999575317 ], [ 349048.966900000348687, 6218698.705199999734759 ], [ 349063.068799999542534, 6218703.718999999575317 ], [ 349068.344700000248849, 6218700.464599999599159 ], [ 349090.628600000403821, 6218686.719100000336766 ], [ 349093.572599999606609, 6218682.999699999578297 ], [ 349112.115299999713898, 6218659.572599999606609 ], [ 349135.348399999551475, 6218630.219600000418723 ], [ 349164.674800000153482, 6218606.2352 ], [ 349175.698200000450015, 6218597.2199 ], [ 349181.297100000083447, 6218595.533599999733269 ], [ 349197.198599999770522, 6218590.7445 ], [ 349278.627399999648333, 6218566.220300000160933 ], [ 349285.923600000329316, 6218566.752299999818206 ], [ 349303.749499999918044, 6218574.070299999788404 ], [ 349304.568400000222027, 6218574.390800000168383 ], [ 349316.696800000034273, 6218579.136599999852479 ], [ 349321.410899999551475, 6218578.373499999754131 ], [ 349328.892900000326335, 6218586.24930000025779 ], [ 349345.287700000219047, 6218596.3097 ], [ 349348.716500000096858, 6218598.413800000213087 ], [ 349363.634999999776483, 6218603.22620000038296 ], [ 349369.525500000454485, 6218605.126400000415742 ], [ 349369.906700000166893, 6218603.220200000330806 ], [ 349366.976700000464916, 6218599.720200000330806 ], [ 349352.286899999715388, 6218590.720300000160933 ], [ 349346.656899999827147, 6218585.220300000160933 ], [ 349341.566999999806285, 6218577.220300000160933 ], [ 349340.028699999675155, 6218572.86670000012964 ], [ 349339.446999999694526, 6218571.2204 ], [ 349337.696999999694526, 6218563.7204 ], [ 349337.377000000327826, 6218557.220499999821186 ], [ 349339.286999999545515, 6218548.720499999821186 ], [ 349342.906999999657273, 6218541.220599999651313 ], [ 349342.757000000216067, 6218538.720599999651313 ], [ 349340.377000000327826, 6218537.220599999651313 ], [ 349336.567099999636412, 6218535.720599999651313 ], [ 349325.00719999987632, 6218531.720700000412762 ], [ 349319.597199999727309, 6218528.220700000412762 ], [ 349311.907300000078976, 6218521.720700000412762 ], [ 349307.567300000227988, 6218516.720700000412762 ], [ 349303.847299999557436, 6218512.220800000242889 ], [ 349296.507399999536574, 6218503.220800000242889 ], [ 349281.53760000038892, 6218482.2209 ], [ 349275.317599999718368, 6218470.221 ], [ 349268.907700000330806, 6218454.721099999733269 ], [ 349267.377700000070035, 6218448.721199999563396 ], [ 349266.877700000070035, 6218444.721199999563396 ], [ 349267.597699999809265, 6218439.721199999563396 ], [ 349271.257699999958277, 6218430.221300000324845 ], [ 349274.007699999958277, 6218417.721400000154972 ], [ 349277.257699999958277, 6218389.721599999815226 ], [ 349278.127799999900162, 6218377.221699999645352 ], [ 349280.947800000198185, 6218359.721900000236928 ], [ 349283.127799999900162, 6218350.221900000236928 ], [ 349285.847799999639392, 6218342.722 ], [ 349285.947800000198185, 6218338.222 ], [ 349284.537800000049174, 6218331.722099999897182 ], [ 349280.727800000458956, 6218318.222199999727309 ], [ 349279.50789999961853, 6218305.222299999557436 ], [ 349279.127899999730289, 6218297.722299999557436 ], [ 349277.067900000140071, 6218271.222500000149012 ], [ 349277.157999999821186, 6218260.2226 ], [ 349277.537999999709427, 6218244.722699999809265 ], [ 349280.478000000119209, 6218209.723000000230968 ], [ 349281.728000000119209, 6218204.723000000230968 ], [ 349283.157999999821186, 6218200.723000000230968 ], [ 349289.478000000119209, 6218185.223199999891222 ], [ 349295.947999999858439, 6218174.223299999721348 ], [ 349304.097900000400841, 6218163.223399999551475 ], [ 349322.097799999639392, 6218145.223500000312924 ], [ 349329.537800000049174, 6218139.223600000143051 ], [ 349331.706000000238419, 6218138.310999999754131 ], [ 349335.477699999697506, 6218136.723600000143051 ], [ 349340.597699999809265, 6218131.723600000143051 ], [ 349340.597699999809265, 6218129.2237 ], [ 349340.286199999973178, 6218128.756400000303984 ], [ 349338.597699999809265, 6218126.2237 ], [ 349334.74129999987781, 6218122.6195 ], [ 349334.317800000309944, 6218122.2237 ], [ 349330.347799999639392, 6218117.7237 ], [ 349328.537800000049174, 6218112.223799999803305 ], [ 349328.537800000049174, 6218107.223799999803305 ], [ 349329.2659, 6218104.996399999596179 ], [ 349330.371299999766052, 6218102.6475 ], [ 349330.503100000321865, 6218102.367499999701977 ], [ 349334.127799999900162, 6218097.223899999633431 ], [ 349339.847799999639392, 6218090.224000000394881 ], [ 349345.817699999548495, 6218076.724100000225008 ], [ 349352.477699999697506, 6218067.224100000225008 ], [ 349355.377700000070035, 6218064.2242 ], [ 349358.419599999673665, 6218062.240299999713898 ], [ 349359.977699999697506, 6218061.2242 ], [ 349365.197599999606609, 6218059.7242 ], [ 349370.197599999606609, 6218059.7242 ], [ 349377.491600000299513, 6218059.904699999839067 ], [ 349390.407399999909103, 6218060.224299999885261 ], [ 349392.127399999648333, 6218059.224299999885261 ], [ 349393.377399999648333, 6218057.224299999885261 ], [ 349393.608599999919534, 6218055.3744 ], [ 349393.877399999648333, 6218053.224299999885261 ], [ 349392.877500000409782, 6218039.224399999715388 ], [ 349393.877500000409782, 6218033.224499999545515 ], [ 349396.377399999648333, 6218027.724499999545515 ], [ 349412.097299999557436, 6218014.224600000306964 ], [ 349412.847400000318885, 6218008.724700000137091 ], [ 349412.847400000318885, 6218002.224700000137091 ], [ 349413.097400000318885, 6217995.7248 ], [ 349414.347400000318885, 6217984.724899999797344 ], [ 349417.197399999946356, 6217979.724899999797344 ], [ 349419.127399999648333, 6217978.224899999797344 ], [ 349423.537299999967217, 6217975.724899999797344 ], [ 349425.697300000116229, 6217974.724899999797344 ], [ 349427.416600000113249, 6217974.3262 ], [ 349436.47719999961555, 6217972.224999999627471 ], [ 349437.037200000137091, 6217970.724999999627471 ], [ 349437.287200000137091, 6217969.224999999627471 ], [ 349437.230899999849498, 6217968.468299999833107 ], [ 349436.097299999557436, 6217953.22510000038892 ], [ 349437.233300000429153, 6217949.145399999804795 ], [ 349437.907300000078976, 6217946.725200000219047 ], [ 349439.977300000376999, 6217943.725200000219047 ], [ 349443.537200000137091, 6217940.725200000219047 ], [ 349447.22719999961555, 6217938.725200000219047 ], [ 349452.884300000034273, 6217936.588499999605119 ], [ 349457.817099999636412, 6217934.7253 ], [ 349458.447100000455976, 6217933.2253 ], [ 349456.873700000345707, 6217926.043700000271201 ], [ 349456.037200000137091, 6217922.225399999879301 ], [ 349456.817200000397861, 6217916.225399999879301 ], [ 349457.947200000286102, 6217914.725399999879301 ], [ 349462.627100000157952, 6217912.225499999709427 ], [ 349468.537100000306964, 6217910.225499999709427 ], [ 349470.537100000306964, 6217908.725499999709427 ], [ 349470.757100000046194, 6217907.225499999709427 ], [ 349470.407100000418723, 6217905.225499999709427 ], [ 349468.907100000418723, 6217900.225599999539554 ], [ 349460.75719999987632, 6217875.225700000301003 ], [ 349460.25719999987632, 6217870.22580000013113 ], [ 349459.877199999988079, 6217856.7259 ], [ 349460.127299999818206, 6217844.225999999791384 ], [ 349458.317300000227988, 6217832.726099999621511 ], [ 349458.947300000116229, 6217820.226099999621511 ], [ 349461.127299999818206, 6217815.22620000038296 ], [ 349461.537299999967217, 6217809.22620000038296 ], [ 349460.947300000116229, 6217799.726300000213087 ], [ 349460.317300000227988, 6217791.7264 ], [ 349454.727500000037253, 6217751.726599999703467 ], [ 349455.347500000149012, 6217746.726700000464916 ], [ 349457.257500000298023, 6217741.726700000464916 ], [ 349462.007399999536574, 6217731.726800000295043 ], [ 349462.157399999909103, 6217728.226800000295043 ], [ 349461.90749999973923, 6217720.22690000012517 ], [ 349463.197499999776483, 6217710.227 ], [ 349464.287499999627471, 6217706.727 ], [ 349468.227400000207126, 6217697.727099999785423 ], [ 349469.757399999536574, 6217690.227099999785423 ], [ 349470.707600000314415, 6217688.678000000305474 ], [ 349471.597400000318885, 6217687.22719999961555 ], [ 349475.257399999536574, 6217682.22719999961555 ], [ 349475.097400000318885, 6217680.72719999961555 ], [ 349473.877399999648333, 6217678.72719999961555 ], [ 349468.227500000037253, 6217673.72719999961555 ], [ 349466.134600000455976, 6217669.456000000238419 ], [ 349463.817499999888241, 6217664.727300000376999 ], [ 349458.947599999606609, 6217658.727300000376999 ], [ 349456.377600000239909, 6217653.227400000207126 ], [ 349445.597699999809265, 6217631.2275 ], [ 349437.977800000458956, 6217613.227699999697506 ], [ 349430.377899999730289, 6217591.227800000458956 ], [ 349427.727900000289083, 6217587.227800000458956 ], [ 349413.038099999539554, 6217568.727900000289083 ], [ 349406.568099999800324, 6217563.228000000119209 ], [ 349385.47829999960959, 6217549.728000000119209 ], [ 349368.658400000073016, 6217532.7281 ], [ 349359.038499999791384, 6217523.228199999779463 ], [ 349348.478600000031292, 6217513.22829999960959 ], [ 349346.258600000292063, 6217510.72829999960959 ], [ 349335.978699999861419, 6217494.228400000371039 ], [ 349319.348899999633431, 6217465.7286 ], [ 349313.979000000283122, 6217455.2286 ], [ 349306.789099999703467, 6217436.228799999691546 ], [ 349303.629099999554455, 6217425.728799999691546 ], [ 349301.199099999852479, 6217413.728900000452995 ], [ 349298.668300000019372, 6217384.767699999734759 ], [ 349296.349299999885261, 6217358.229299999773502 ], [ 349294.379300000146031, 6217338.729500000365078 ], [ 349287.479399999603629, 6217307.7297 ], [ 349285.56940000038594, 6217293.229799999855459 ], [ 349285.449500000104308, 6217286.729799999855459 ], [ 349285.539499999955297, 6217282.229899999685585 ], [ 349286.479500000365078, 6217277.729899999685585 ], [ 349287.759499999694526, 6217274.729899999685585 ], [ 349289.259399999864399, 6217271.730000000447035 ], [ 349291.849399999715388, 6217268.230000000447035 ], [ 349296.31940000038594, 6217264.730000000447035 ], [ 349301.759399999864399, 6217262.730000000447035 ], [ 349307.229299999773502, 6217261.730100000277162 ], [ 349317.979299999773502, 6217261.230100000277162 ], [ 349322.659199999645352, 6217261.730100000277162 ], [ 349329.539200000464916, 6217262.730100000277162 ], [ 349335.539099999703467, 6217265.230100000277162 ], [ 349350.849000000394881, 6217276.230000000447035 ], [ 349367.008799999952316, 6217289.229899999685585 ], [ 349374.908800000324845, 6217296.729899999685585 ], [ 349382.502600000239909, 6217306.136699999682605 ], [ 349383.78870000038296, 6217307.729799999855459 ], [ 349389.538599999621511, 6217314.229799999855459 ], [ 349413.908400000073016, 6217337.7297 ], [ 349423.75829999987036, 6217346.729600000195205 ], [ 349428.28830000013113, 6217350.729600000195205 ], [ 349432.568300000391901, 6217353.729600000195205 ], [ 349440.198200000450015, 6217356.729600000195205 ], [ 349453.258100000210106, 6217360.229600000195205 ], [ 349459.50800000037998, 6217361.729600000195205 ], [ 349465.25800000037998, 6217362.729600000195205 ], [ 349468.25800000037998, 6217362.729600000195205 ], [ 349469.817999999970198, 6217362.229600000195205 ], [ 349470.407999999821186, 6217361.229600000195205 ], [ 349470.287999999709427, 6217356.729600000195205 ], [ 349463.817999999970198, 6217344.7297 ], [ 349460.818099999800324, 6217337.2297 ], [ 349459.978099999949336, 6217335.229799999855459 ], [ 349459.758100000210106, 6217330.729799999855459 ], [ 349459.878100000321865, 6217327.729799999855459 ], [ 349463.698099999688566, 6217319.729899999685585 ], [ 349466.598100000061095, 6217313.229899999685585 ], [ 349468.068099999800324, 6217304.230000000447035 ], [ 349464.788200000301003, 6217258.2303 ], [ 349464.478199999779463, 6217242.730399999767542 ], [ 349464.728199999779463, 6217233.730499999597669 ], [ 349466.848199999891222, 6217225.730600000359118 ], [ 349470.288200000301003, 6217219.730600000359118 ], [ 349475.658200000412762, 6217213.730700000189245 ], [ 349479.228099999949336, 6217211.230700000189245 ], [ 349482.068099999800324, 6217210.230700000189245 ], [ 349498.25800000037998, 6217208.2308 ], [ 349503.447999999858439, 6217206.7308 ], [ 349509.377899999730289, 6217202.2308 ], [ 349514.947900000028312, 6217196.730899999849498 ], [ 349521.347900000400841, 6217192.230899999849498 ], [ 349525.007799999788404, 6217189.730899999849498 ], [ 349530.407800000160933, 6217188.230999999679625 ], [ 349544.847699999809265, 6217185.730999999679625 ], [ 349555.197599999606609, 6217185.230999999679625 ], [ 349561.067599999718368, 6217186.730999999679625 ], [ 349568.227500000037253, 6217188.730999999679625 ], [ 349582.347400000318885, 6217196.730999999679625 ], [ 349586.007399999536574, 6217198.230999999679625 ], [ 349588.537399999797344, 6217198.730999999679625 ], [ 349590.787299999967217, 6217197.730999999679625 ], [ 349599.157300000078976, 6217182.231100000441074 ], [ 349602.877299999818206, 6217169.231200000271201 ], [ 349606.727300000376999, 6217158.731300000101328 ], [ 349614.407300000078976, 6217141.7314 ], [ 349628.037200000137091, 6217114.231700000353158 ], [ 349631.22719999961555, 6217109.231700000353158 ], [ 349635.127199999988079, 6217105.231700000353158 ], [ 349636.907100000418723, 6217103.731800000183284 ], [ 349643.977099999785423, 6217103.731800000183284 ], [ 349647.847099999897182, 6217104.231800000183284 ], [ 349651.726999999955297, 6217106.231800000183284 ], [ 349655.007000000216067, 6217110.231700000353158 ], [ 349658.597000000067055, 6217118.231700000353158 ], [ 349661.566899999976158, 6217124.731599999591708 ], [ 349662.846900000236928, 6217127.231599999591708 ], [ 349671.066800000146031, 6217136.231599999591708 ], [ 349674.446800000034273, 6217139.731499999761581 ], [ 349680.536799999885261, 6217142.231499999761581 ], [ 349683.316700000315905, 6217142.731499999761581 ], [ 349689.316700000315905, 6217144.731499999761581 ], [ 349695.656600000336766, 6217147.731499999761581 ], [ 349705.476599999703467, 6217155.731499999761581 ], [ 349717.006400000303984, 6217168.2314 ], [ 349721.726400000043213, 6217171.7314 ], [ 349726.9852, 6217178.067300000227988 ], [ 349729.196299999952316, 6217180.731300000101328 ], [ 349730.256299999542534, 6217180.731300000101328 ], [ 349733.988699999637902, 6217173.050300000235438 ], [ 349736.816300000064075, 6217167.2314 ], [ 349739.626299999654293, 6217163.231499999761581 ], [ 349741.406299999915063, 6217160.731499999761581 ], [ 349744.846300000324845, 6217157.731499999761581 ], [ 349750.876199999824166, 6217154.731599999591708 ], [ 349756.536199999973178, 6217151.231599999591708 ], [ 349759.786199999973178, 6217148.231599999591708 ], [ 349771.8761, 6217131.231800000183284 ], [ 349777.946100000292063, 6217124.731800000183284 ], [ 349782.815999999642372, 6217120.2319 ], [ 349784.626000000163913, 6217119.2319 ], [ 349788.156000000424683, 6217117.7319 ], [ 349802.785899999551475, 6217117.2319 ], [ 349811.005800000391901, 6217115.7319 ], [ 349814.875799999572337, 6217114.731999999843538 ], [ 349823.505800000391901, 6217110.731999999843538 ], [ 349838.6557, 6217101.232099999673665 ], [ 349843.695600000210106, 6217098.732099999673665 ], [ 349849.315600000321865, 6217097.732099999673665 ], [ 349869.755400000140071, 6217098.232200000435114 ], [ 349880.055499999783933, 6217098.232200000435114 ], [ 349881.155299999751151, 6217098.232200000435114 ], [ 349886.405299999751151, 6217097.732200000435114 ], [ 349887.755300000309944, 6217096.732200000435114 ], [ 349888.035299999639392, 6217095.732200000435114 ], [ 349886.785299999639392, 6217094.232200000435114 ], [ 349858.69550000037998, 6217085.732200000435114 ], [ 349848.411000000312924, 6217083.403300000354648 ], [ 349847.655600000172853, 6217083.232200000435114 ], [ 349821.375799999572337, 6217086.232200000435114 ], [ 349813.505900000222027, 6217086.732200000435114 ], [ 349793.345999999903142, 6217084.232200000435114 ], [ 349781.756099999882281, 6217084.232099999673665 ], [ 349777.346099999733269, 6217084.732099999673665 ], [ 349759.256299999542534, 6217090.731999999843538 ], [ 349755.256299999542534, 6217091.231999999843538 ], [ 349752.756299999542534, 6217091.231999999843538 ], [ 349747.626299999654293, 6217089.731999999843538 ], [ 349744.90639999974519, 6217087.731999999843538 ], [ 349738.90639999974519, 6217081.732099999673665 ], [ 349728.156499999575317, 6217064.232200000435114 ], [ 349724.536600000225008, 6217058.232200000435114 ], [ 349720.256599999964237, 6217047.232300000265241 ], [ 349719.316599999554455, 6217042.232300000265241 ], [ 349715.656700000166893, 6217031.7324 ], [ 349710.696700000204146, 6217022.7325 ], [ 349707.362599999643862, 6217009.1316 ], [ 349706.4068, 6217005.232599999755621 ], [ 349705.126799999736249, 6217000.732599999755621 ], [ 349704.036799999885261, 6217000.232599999755621 ], [ 349701.626799999736249, 6217000.732599999755621 ], [ 349697.446899999864399, 6217005.732599999755621 ], [ 349695.654799999669194, 6217007.435999999754131 ], [ 349694.816899999976158, 6217008.232599999755621 ], [ 349691.626899999566376, 6217010.2325 ], [ 349687.876899999566376, 6217011.7325 ], [ 349681.377000000327826, 6217013.2325 ], [ 349659.567099999636412, 6217014.7325 ], [ 349613.817499999888241, 6217015.7324 ], [ 349586.847699999809265, 6217014.232300000265241 ], [ 349573.257799999788404, 6217014.232300000265241 ], [ 349553.447900000028312, 6217010.232300000265241 ], [ 349544.478000000119209, 6217007.732300000265241 ], [ 349535.378100000321865, 6217003.732300000265241 ], [ 349526.158099999651313, 6216998.2324 ], [ 349518.978199999779463, 6216992.7324 ], [ 349515.788200000301003, 6216991.2324 ], [ 349498.908300000242889, 6216989.2324 ], [ 349456.448699999600649, 6216981.2324 ], [ 349443.658800000324845, 6216977.7324 ], [ 349435.508799999952316, 6216975.2324 ], [ 349425.848899999633431, 6216967.7324 ], [ 349422.729000000283122, 6216964.7324 ], [ 349417.949000000022352, 6216959.2325 ], [ 349411.789099999703467, 6216948.232599999755621 ], [ 349407.319099999964237, 6216934.232599999755621 ], [ 349405.599100000225008, 6216929.232699999585748 ], [ 349402.879200000315905, 6216924.732699999585748 ], [ 349397.379200000315905, 6216917.232800000347197 ], [ 349393.699199999682605, 6216913.232800000347197 ], [ 349387.069299999624491, 6216908.732800000347197 ], [ 349380.229399999603629, 6216901.232900000177324 ], [ 349377.56940000038594, 6216897.232900000177324 ], [ 349373.629399999976158, 6216889.232900000177324 ], [ 349371.759499999694526, 6216882.733 ], [ 349371.139000000432134, 6216878.677299999631941 ], [ 349370.229500000365078, 6216872.733 ], [ 349371.009499999694526, 6216862.233099999837577 ], [ 349370.379499999806285, 6216857.733199999667704 ], [ 349368.949500000104308, 6216856.233199999667704 ], [ 349362.879599999636412, 6216854.233199999667704 ], [ 349357.789599999785423, 6216851.733199999667704 ], [ 349355.909599999897182, 6216849.733199999667704 ], [ 349354.259600000455976, 6216846.233199999667704 ], [ 349354.259700000286102, 6216843.733199999667704 ], [ 349355.759600000455976, 6216839.233300000429153 ], [ 349359.159599999897182, 6216834.733300000429153 ], [ 349360.199599999934435, 6216832.733300000429153 ], [ 349360.009600000455976, 6216828.73340000025928 ], [ 349355.909699999727309, 6216827.73340000025928 ], [ 349354.03969999961555, 6216827.23340000025928 ], [ 349352.159699999727309, 6216826.23340000025928 ], [ 349349.229700000025332, 6216820.23340000025928 ], [ 349345.069799999706447, 6216814.73340000025928 ], [ 349342.759800000116229, 6216812.2335 ], [ 349340.569799999706447, 6216810.2335 ], [ 349336.009800000116229, 6216808.2335 ], [ 349332.199900000356138, 6216802.7335 ], [ 349330.039900000207126, 6216798.7335 ], [ 349327.289900000207126, 6216790.7336 ], [ 349326.099999999627471, 6216784.2336 ], [ 349326.070000000298023, 6216774.23369999974966 ], [ 349327.450000000186265, 6216767.733799999579787 ], [ 349327.379999999888241, 6216762.733799999579787 ], [ 349326.599999999627471, 6216760.233799999579787 ], [ 349323.910000000149012, 6216758.233799999579787 ], [ 349316.510099999606609, 6216756.233799999579787 ], [ 349312.29009999986738, 6216755.233799999579787 ], [ 349299.790199999697506, 6216749.733799999579787 ], [ 349294.230299999937415, 6216747.233900000341237 ], [ 349289.510300000198185, 6216742.733900000341237 ], [ 349282.230399999767542, 6216732.234000000171363 ], [ 349266.880499999970198, 6216701.234199999831617 ], [ 349264.760599999688566, 6216687.734299999661744 ], [ 349263.570600000210106, 6216681.734299999661744 ], [ 349260.010599999688566, 6216672.734400000423193 ], [ 349255.570700000040233, 6216666.734400000423193 ], [ 349253.010700000450015, 6216660.234400000423193 ], [ 349251.910699999891222, 6216654.73450000025332 ], [ 349251.450699999928474, 6216649.23450000025332 ], [ 349250.980700000189245, 6216643.7346 ], [ 349251.600700000301003, 6216639.2346 ], [ 349256.160699999891222, 6216628.7347 ], [ 349257.260700000450015, 6216626.2347 ], [ 349256.950699999928474, 6216623.2347 ], [ 349256.160699999891222, 6216621.7347 ], [ 349254.410699999891222, 6216620.2347 ], [ 349241.980800000019372, 6216618.7347 ], [ 349235.230899999849498, 6216616.2347 ], [ 349229.700899999588728, 6216613.7347 ], [ 349224.980999999679625, 6216610.7347999997437 ], [ 349213.881099999882281, 6216598.7347999997437 ], [ 349210.381099999882281, 6216597.7347999997437 ], [ 349208.851099999621511, 6216596.7347999997437 ], [ 349207.881199999712408, 6216582.734899999573827 ], [ 349207.881199999712408, 6216577.735000000335276 ], [ 349206.481200000271201, 6216569.235000000335276 ], [ 349204.881199999712408, 6216565.235100000165403 ], [ 349203.951200000010431, 6216563.235100000165403 ], [ 349200.511199999600649, 6216561.735100000165403 ], [ 349185.231399999931455, 6216562.235100000165403 ], [ 349177.851400000043213, 6216561.235100000165403 ], [ 349147.481599999591708, 6216554.735100000165403 ], [ 349139.761699999682605, 6216551.735100000165403 ], [ 349120.911899999715388, 6216538.735100000165403 ], [ 349113.951899999752641, 6216535.735100000165403 ], [ 349099.572100000455976, 6216523.2352 ], [ 349094.762099999934435, 6216517.2352 ], [ 349091.732099999673665, 6216509.235299999825656 ], [ 349091.292100000195205, 6216503.235299999825656 ], [ 349091.292100000195205, 6216499.735399999655783 ], [ 349090.63219999987632, 6216496.735399999655783 ], [ 349088.88219999987632, 6216495.235399999655783 ], [ 349076.7023, 6216491.735399999655783 ], [ 349072.792299999855459, 6216489.735399999655783 ], [ 349068.632299999706447, 6216485.235399999655783 ], [ 349059.232400000095367, 6216477.735500000417233 ], [ 349053.912499999627471, 6216472.735500000417233 ], [ 349048.702499999664724, 6216465.235600000247359 ], [ 349046.072599999606609, 6216458.735600000247359 ], [ 349044.63260000012815, 6216456.235600000247359 ], [ 349043.66260000038892, 6216443.7357 ], [ 349047.13260000012815, 6216439.7357 ], [ 349047.41260000038892, 6216427.7358 ], [ 349045.952600000426173, 6216420.73589999973774 ], [ 349048.572599999606609, 6216417.23589999973774 ], [ 349049.91260000038892, 6216408.735999999567866 ], [ 349049.982599999755621, 6216406.735999999567866 ], [ 349045.452600000426173, 6216403.235999999567866 ], [ 349045.072700000368059, 6216398.236100000329316 ], [ 349040.412700000219047, 6216382.236200000159442 ], [ 349039.072700000368059, 6216373.736200000159442 ], [ 349040.292799999937415, 6216357.236399999819696 ], [ 349040.662800000049174, 6216349.236399999819696 ], [ 349039.762799999676645, 6216347.736399999819696 ], [ 349036.952800000086427, 6216347.736399999819696 ], [ 349024.702899999916553, 6216357.2363 ], [ 349020.732900000177324, 6216360.2363 ], [ 349017.012900000438094, 6216360.7363 ], [ 349014.072900000028312, 6216359.7363 ], [ 349011.013000000268221, 6216357.7363 ], [ 349005.542999999597669, 6216348.736399999819696 ], [ 348995.703099999576807, 6216335.236399999819696 ], [ 348987.103199999779463, 6216326.236499999649823 ], [ 348986.103199999779463, 6216322.736499999649823 ], [ 348984.483199999667704, 6216320.236499999649823 ], [ 348981.513299999758601, 6216318.236499999649823 ], [ 348973.10329999960959, 6216313.736600000411272 ], [ 348966.383399999700487, 6216312.236600000411272 ], [ 348956.983500000089407, 6216306.236600000411272 ], [ 348944.883600000292063, 6216292.736700000241399 ], [ 348934.953700000420213, 6216284.736700000241399 ], [ 348932.703700000420213, 6216283.736700000241399 ], [ 348923.45380000025034, 6216268.7368 ], [ 348913.013899999670684, 6216247.736999999731779 ], [ 348912.013899999670684, 6216241.736999999731779 ], [ 348900.514000000432134, 6216220.737099999561906 ], [ 348895.884100000374019, 6216207.737200000323355 ], [ 348894.854100000113249, 6216201.737300000153482 ], [ 348892.884100000374019, 6216196.237300000153482 ], [ 348887.954199999570847, 6216188.7374 ], [ 348886.164200000464916, 6216175.237499999813735 ], [ 348881.454199999570847, 6216162.737499999813735 ], [ 348876.984299999661744, 6216162.737499999813735 ], [ 348875.134300000034273, 6216160.237599999643862 ], [ 348872.414300000295043, 6216149.237599999643862 ], [ 348869.734400000423193, 6216145.237700000405312 ], [ 348866.984400000423193, 6216133.737700000405312 ], [ 348859.294499999843538, 6216118.737800000235438 ], [ 348857.604500000365078, 6216106.2379 ], [ 348856.074500000104308, 6216096.237999999895692 ], [ 348855.514499999582767, 6216094.237999999895692 ], [ 348852.204599999822676, 6216089.737999999895692 ], [ 348847.384600000455976, 6216083.238099999725819 ], [ 348842.41469999961555, 6216071.238199999555945 ], [ 348838.16469999961555, 6216058.238300000317395 ], [ 348836.164800000376999, 6216047.738300000317395 ], [ 348831.414800000376999, 6216033.238400000147521 ], [ 348827.544900000095367, 6216010.738599999807775 ], [ 348828.264899999834597, 6216004.238599999807775 ], [ 348825.514899999834597, 6216000.238699999637902 ], [ 348821.134999999776483, 6215984.238800000399351 ], [ 348820.455000000074506, 6215978.738800000399351 ], [ 348821.915000000037253, 6215975.238800000399351 ], [ 348822.075000000186265, 6215974.738800000399351 ], [ 348821.415000000037253, 6215972.738900000229478 ], [ 348819.605000000447035, 6215971.738900000229478 ], [ 348818.014999999664724, 6215970.238900000229478 ], [ 348810.295099999755621, 6215948.739 ], [ 348804.9852, 6215927.739199999719858 ], [ 348798.765300000086427, 6215890.739400000311434 ], [ 348798.105299999937415, 6215887.239500000141561 ], [ 348794.795300000347197, 6215883.239500000141561 ], [ 348793.665300000458956, 6215881.239500000141561 ], [ 348789.2955, 6215833.239900000393391 ], [ 348788.915500000119209, 6215830.239900000393391 ], [ 348790.635499999858439, 6215826.739900000393391 ], [ 348788.355499999597669, 6215823.239900000393391 ], [ 348786.235500000417233, 6215807.240000000223517 ], [ 348784.885499999858439, 6215802.2401 ], [ 348768.455699999816716, 6215770.740299999713898 ], [ 348761.355800000019372, 6215754.740399999544024 ], [ 348758.66579999960959, 6215747.740399999544024 ], [ 348757.295800000429153, 6215742.740500000305474 ], [ 348757.135900000110269, 6215714.2407 ], [ 348755.915900000371039, 6215708.7407 ], [ 348753.2659, 6215703.240799999795854 ], [ 348749.706000000238419, 6215698.740799999795854 ], [ 348745.326000000350177, 6215693.740799999795854 ], [ 348741.265999999828637, 6215687.240899999625981 ], [ 348738.326100000180304, 6215679.240899999625981 ], [ 348734.546099999919534, 6215671.24100000038743 ], [ 348726.916199999861419, 6215660.24100000038743 ], [ 348721.956199999898672, 6215653.741100000217557 ], [ 348712.326299999840558, 6215642.741100000217557 ], [ 348708.136400000192225, 6215639.7412 ], [ 348705.076399999670684, 6215636.7412 ], [ 348703.266400000080466, 6215633.7412 ], [ 348701.766400000080466, 6215628.2412 ], [ 348702.076399999670684, 6215625.24129999987781 ], [ 348702.706399999558926, 6215623.74129999987781 ], [ 348704.236399999819696, 6215621.74129999987781 ], [ 348708.886400000192225, 6215618.24129999987781 ], [ 348715.666400000452995, 6215616.24129999987781 ], [ 348720.046299999579787, 6215615.241399999707937 ], [ 348730.326200000010431, 6215616.241399999707937 ], [ 348743.206100000068545, 6215621.741399999707937 ], [ 348750.136099999770522, 6215624.74129999987781 ], [ 348755.265999999828637, 6215625.74129999987781 ], [ 348788.235799999907613, 6215627.741399999707937 ], [ 348790.795800000429153, 6215628.241399999707937 ], [ 348793.735799999907613, 6215628.741399999707937 ], [ 348801.355700000189245, 6215634.74129999987781 ], [ 348810.325600000098348, 6215639.74129999987781 ], [ 348817.355600000359118, 6215642.24129999987781 ], [ 348823.135499999858439, 6215642.74129999987781 ], [ 348856.105299999937415, 6215651.24129999987781 ], [ 348859.385200000368059, 6215653.24129999987781 ], [ 348865.105200000107288, 6215654.74129999987781 ], [ 348872.705099999904633, 6215654.74129999987781 ], [ 348877.66509999986738, 6215655.24129999987781 ], [ 348880.66509999986738, 6215656.74129999987781 ], [ 348885.134999999776483, 6215657.74129999987781 ], [ 348899.794900000095367, 6215656.74129999987781 ], [ 348903.074900000356138, 6215656.241399999707937 ], [ 348907.324900000356138, 6215652.741399999707937 ], [ 348918.294800000265241, 6215647.741399999707937 ], [ 348958.764499999582767, 6215639.241600000299513 ], [ 348974.604399999603629, 6215635.741600000299513 ], [ 348997.854199999943376, 6215627.74170000012964 ], [ 349008.954199999570847, 6215623.2418 ], [ 349019.794099999591708, 6215617.2418 ], [ 349029.514000000432134, 6215609.741899999789894 ], [ 349034.453999999910593, 6215606.241899999789894 ], [ 349040.264000000432134, 6215602.74199999962002 ], [ 349048.263899999670684, 6215599.74199999962002 ], [ 349054.383899999782443, 6215597.24199999962002 ], [ 349073.323699999600649, 6215595.24210000038147 ], [ 349077.203700000420213, 6215593.74210000038147 ], [ 349084.323699999600649, 6215585.742200000211596 ], [ 349100.983599999919534, 6215571.7423 ], [ 349116.013500000350177, 6215557.24239999987185 ], [ 349121.793399999849498, 6215552.242499999701977 ], [ 349125.73340000025928, 6215550.242499999701977 ], [ 349129.793399999849498, 6215549.242499999701977 ], [ 349138.10329999960959, 6215549.242499999701977 ], [ 349141.60329999960959, 6215550.242499999701977 ], [ 349146.60329999960959, 6215553.742499999701977 ], [ 349152.203200000338256, 6215560.242499999701977 ], [ 349159.103099999949336, 6215570.74239999987185 ], [ 349162.043100000359118, 6215577.74239999987185 ], [ 349164.263100000098348, 6215582.2423 ], [ 349170.322999999858439, 6215589.7423 ], [ 349172.572999999858439, 6215594.242200000211596 ], [ 349174.162999999709427, 6215599.242200000211596 ], [ 349175.63289999961853, 6215612.24210000038147 ], [ 349177.042899999767542, 6215621.74199999962002 ], [ 349178.452899999916553, 6215627.74199999962002 ], [ 349183.482800000347197, 6215639.741899999789894 ], [ 349189.012799999676645, 6215658.7418 ], [ 349190.202800000086427, 6215667.24170000012964 ], [ 349192.012699999846518, 6215675.24170000012964 ], [ 349200.35259999986738, 6215688.241600000299513 ], [ 349207.63260000012815, 6215700.741499999538064 ], [ 349209.13260000012815, 6215706.741499999538064 ], [ 349206.822499999776483, 6215718.741399999707937 ], [ 349205.542500000447035, 6215728.74129999987781 ], [ 349205.232499999925494, 6215733.24129999987781 ], [ 349205.452499999664724, 6215736.2412 ], [ 349206.322499999776483, 6215738.7412 ], [ 349213.912499999627471, 6215736.74129999987781 ], [ 349216.952399999834597, 6215736.74129999987781 ], [ 349220.572399999946356, 6215737.24129999987781 ], [ 349227.292399999685585, 6215740.2412 ], [ 349250.732200000435114, 6215756.7412 ], [ 349253.102099999785423, 6215758.2412 ], [ 349254.702100000344217, 6215758.7412 ], [ 349255.882100000046194, 6215758.2412 ], [ 349255.542100000195205, 6215750.7412 ], [ 349256.042100000195205, 6215746.2412 ], [ 349257.072100000455976, 6215742.24129999987781 ], [ 349271.912100000306964, 6215725.241399999707937 ], [ 349275.292000000365078, 6215720.741499999538064 ], [ 349286.012000000104308, 6215700.741600000299513 ], [ 349288.231999999843538, 6215694.24170000012964 ], [ 349289.851999999955297, 6215680.2418 ], [ 349290.762000000104308, 6215676.2418 ], [ 349292.792000000365078, 6215670.741899999789894 ], [ 349297.321999999694526, 6215665.241899999789894 ], [ 349300.451899999752641, 6215663.241899999789894 ], [ 349310.661899999715388, 6215659.24199999962002 ], [ 349336.571700000204146, 6215657.74199999962002 ], [ 349342.541600000113249, 6215657.24199999962002 ], [ 349348.511599999852479, 6215657.74210000038147 ], [ 349355.481499999761581, 6215658.24210000038147 ], [ 349361.07149999961257, 6215659.74210000038147 ], [ 349366.261500000022352, 6215661.74210000038147 ], [ 349378.071399999782443, 6215670.24199999962002 ], [ 349379.451299999840558, 6215670.74199999962002 ], [ 349386.661299999803305, 6215666.74199999962002 ], [ 349391.321299999952316, 6215664.24210000038147 ], [ 349395.951200000010431, 6215663.24210000038147 ], [ 349414.601099999621511, 6215662.74210000038147 ], [ 349425.131000000052154, 6215661.74210000038147 ], [ 349449.980800000019372, 6215655.242200000211596 ], [ 349476.790699999779463, 6215649.2423 ], [ 349487.730600000359118, 6215647.74239999987185 ], [ 349502.200500000268221, 6215648.24239999987185 ], [ 349518.700299999676645, 6215650.74239999987185 ], [ 349524.790300000458956, 6215652.74239999987185 ], [ 349528.950299999676645, 6215654.24239999987185 ], [ 349531.320199999958277, 6215655.74239999987185 ], [ 349533.070199999958277, 6215659.7423 ], [ 349533.450199999846518, 6215663.7423 ], [ 349533.260200000368059, 6215669.7423 ], [ 349528.260200000368059, 6215681.242200000211596 ], [ 349526.320199999958277, 6215686.24210000038147 ], [ 349522.290199999697506, 6215705.24199999962002 ], [ 349519.380199999548495, 6215720.241899999789894 ], [ 349518.700199999846518, 6215724.7418 ], [ 349519.480200000107288, 6215726.2418 ], [ 349521.260200000368059, 6215726.2418 ], [ 349539.980100000277162, 6215712.74199999962002 ], [ 349559.509999999776483, 6215699.24210000038147 ], [ 349564.759899999946356, 6215696.74210000038147 ], [ 349565.849899999797344, 6215696.24210000038147 ], [ 349567.849899999797344, 6215696.24210000038147 ], [ 349570.099899999797344, 6215696.24210000038147 ], [ 349574.039900000207126, 6215699.74210000038147 ], [ 349577.409799999557436, 6215706.74210000038147 ], [ 349579.289800000376999, 6215711.74199999962002 ], [ 349582.759700000286102, 6215741.7418 ], [ 349584.259700000286102, 6215746.7418 ], [ 349590.159599999897182, 6215763.74170000012964 ], [ 349595.069600000046194, 6215772.241600000299513 ], [ 349601.569500000216067, 6215790.241499999538064 ], [ 349605.569500000216067, 6215799.741399999707937 ], [ 349618.979299999773502, 6215825.7412 ], [ 349630.759200000204146, 6215843.741100000217557 ], [ 349634.259200000204146, 6215851.241100000217557 ], [ 349639.039099999703467, 6215860.74100000038743 ], [ 349642.039099999703467, 6215864.74100000038743 ], [ 349645.509100000374019, 6215866.74100000038743 ], [ 349653.449000000022352, 6215886.740799999795854 ], [ 349656.478900000452995, 6215895.240799999795854 ], [ 349657.128899999894202, 6215899.7407 ], [ 349657.378899999894202, 6215904.7407 ], [ 349653.408900000154972, 6215916.740600000135601 ], [ 349652.598899999633431, 6215919.740600000135601 ], [ 349652.848899999633431, 6215920.740600000135601 ], [ 349661.008899999782443, 6215920.240600000135601 ], [ 349664.878800000064075, 6215920.740600000135601 ], [ 349668.508799999952316, 6215921.740600000135601 ], [ 349673.568799999542534, 6215926.240600000135601 ], [ 349674.658699999563396, 6215927.240600000135601 ], [ 349677.728699999861419, 6215933.240500000305474 ], [ 349678.698699999600649, 6215935.240500000305474 ], [ 349679.318699999712408, 6215950.740399999544024 ], [ 349679.728699999861419, 6215954.740399999544024 ], [ 349686.143299999646842, 6215968.427500000223517 ], [ 349687.206100000068545, 6215966.179100000299513 ], [ 349687.848000000230968, 6215933.982099999673665 ], [ 349688.045699999667704, 6215928.328499999828637 ], [ 349684.279000000096858, 6215910.487300000153482 ], [ 349683.03940000012517, 6215902.0115 ], [ 349677.261099999770522, 6215898.3344 ], [ 349675.109699999913573, 6215877.763399999588728 ], [ 349671.400200000032783, 6215860.0077 ], [ 349666.271800000220537, 6215836.86600000038743 ], [ 349665.074900000356138, 6215827.425499999895692 ], [ 349666.65610000025481, 6215802.256199999712408 ], [ 349667.463800000026822, 6215797.241499999538064 ], [ 349667.801799999549985, 6215797.241499999538064 ], [ 349667.815799999982119, 6215797.064299999736249 ], [ 349668.382699999958277, 6215796.545300000347197 ], [ 349676.263299999758601, 6215795.595700000412762 ], [ 349682.245900000445545, 6215790.303299999795854 ], [ 349691.381699999794364, 6215777.7489 ], [ 349697.522300000302494, 6215765.724499999545515 ], [ 349704.374099999666214, 6215750.875300000421703 ], [ 349712.191300000064075, 6215740.233300000429153 ], [ 349721.856900000013411, 6215731.28969999961555 ], [ 349738.760499999858439, 6215724.1869 ], [ 349752.550699999555945, 6215721.405899999663234 ], [ 349759.576299999840558, 6215718.5077 ], [ 349765.630900000222027, 6215713.83530000038445 ], [ 349768.188099999912083, 6215706.6743 ], [ 349767.96889999974519, 6215698.9019 ], [ 349763.947300000116229, 6215692.177899999544024 ], [ 349750.949900000356138, 6215682.9035 ], [ 349736.565899999812245, 6215679.267699999734759 ], [ 349727.354899999685585, 6215664.239699999801815 ], [ 349729.672500000335276, 6215652.288099999539554 ], [ 349734.831899999640882, 6215643.351700000464916 ], [ 349742.542500000447035, 6215636.3465 ], [ 349752.301099999807775, 6215633.731700000353158 ], [ 349761.014299999922514, 6215633.721300000324845 ], [ 349774.815700000151992, 6215640.772900000214577 ], [ 349784.83629999961704, 6215645.641900000162423 ], [ 349792.068300000391901, 6215646.609299999661744 ], [ 349796.512099999934435, 6215645.9063 ], [ 349798.290699999779463, 6215640.696899999864399 ], [ 349798.490699999965727, 6215640.11089999973774 ], [ 349829.078099999576807, 6215614.828499999828637 ], [ 349862.0636, 6215613.19539999961853 ], [ 349862.371500000357628, 6215613.259100000374019 ], [ 349863.924499999731779, 6215613.1859 ], [ 349881.575100000016391, 6215617.105600000359118 ], [ 349899.9079, 6215617.119099999777973 ], [ 349922.299700000323355, 6215617.135700000450015 ], [ 349941.340099999681115, 6215610.885099999606609 ], [ 349967.071299999952316, 6215621.74930000025779 ], [ 349971.340499999932945, 6215611.803100000135601 ], [ 349994.645499999634922, 6215557.979600000195205 ], [ 350036.683699999935925, 6215551.673899999819696 ], [ 350034.317200000397861, 6215544.6458 ], [ 350033.840300000272691, 6215544.768299999646842 ], [ 350018.207499999552965, 6215506.085099999792874 ], [ 350013.300099999643862, 6215493.9419 ], [ 350014.116600000299513, 6215493.670599999837577 ], [ 350007.89740000013262, 6215477.6858 ], [ 349983.394399999640882, 6215414.706799999810755 ], [ 349986.123399999924004, 6215413.738599999807775 ], [ 349993.698300000280142, 6215397.100499999709427 ], [ 350013.722099999897182, 6215353.1184 ], [ 350161.060700000263751, 6215029.491399999707937 ], [ 350160.268500000238419, 6215019.46100000012666 ], [ 350157.747600000351667, 6214987.54079999960959 ], [ 350142.401600000448525, 6214982.4265 ], [ 350123.03110000025481, 6214976.403900000266731 ], [ 350090.472400000318885, 6214903.449300000444055 ], [ 350084.821999999694526, 6214884.734199999831617 ], [ 350074.416400000452995, 6214850.269000000320375 ], [ 350052.576899999752641, 6214826.876899999566376 ], [ 349981.224499999545515, 6214793.749699999578297 ], [ 349982.980299999937415, 6214790.2335 ], [ 349939.438500000163913, 6214772.090900000184774 ], [ 349914.983099999837577, 6214761.901100000366569 ], [ 349862.21889999974519, 6214739.915900000371039 ], [ 349832.302299999631941, 6214729.0373 ], [ 349824.705199999734759, 6214726.2747 ], [ 349772.193300000391901, 6214700.850599999539554 ], [ 349743.912299999967217, 6214677.283099999651313 ], [ 349743.858199999667704, 6214677.138899999670684 ], [ 349723.338000000454485, 6214622.417299999855459 ], [ 349723.034900000318885, 6214621.6091 ], [ 349723.035000000149012, 6214586.895499999634922 ], [ 349723.035099999979138, 6214538.0987 ], [ 349719.157800000160933, 6214528.405299999751151 ], [ 349711.410299999639392, 6214509.0367 ], [ 349709.11670000012964, 6214503.302699999883771 ], [ 349681.279699999839067, 6214475.465900000184774 ], [ 349681.279699999839067, 6214440.669700000435114 ], [ 349695.198300000280142, 6214398.9145 ], [ 349702.15749999973923, 6214350.199900000356138 ], [ 349702.157700000330806, 6214315.403900000266731 ], [ 349680.827899999916553, 6214309.0049 ], [ 349650.019299999810755, 6214299.762299999594688 ], [ 349632.565700000151992, 6214294.526100000366569 ], [ 349590.810300000011921, 6214280.607699999585748 ], [ 349590.810499999672174, 6214217.974700000137091 ], [ 349646.484299999661744, 6214141.423499999567866 ], [ 349681.280299999751151, 6214092.709099999628961 ], [ 349681.280299999751151, 6214069.094100000336766 ], [ 349681.280299999751151, 6214057.913099999539554 ], [ 349650.586500000208616, 6214047.681699999608099 ], [ 349623.772900000214577, 6214038.743700000457466 ], [ 349618.647699999623001, 6214037.035299999639392 ], [ 349569.933100000023842, 6214002.239099999889731 ], [ 349542.435899999924004, 6213905.998100000433624 ], [ 349542.096499999985099, 6213904.8103 ], [ 349528.178299999795854, 6213863.05489999987185 ], [ 349519.600599999539554, 6213841.610500000417233 ], [ 349514.259899999946356, 6213828.25870000012219 ], [ 349482.969800000078976, 6213817.828700000420213 ], [ 349451.626899999566376, 6213807.381099999882281 ], [ 349423.790300000458956, 6213765.62569999974221 ], [ 349416.831100000068545, 6213716.911299999803305 ], [ 349354.198300000280142, 6213696.0335 ], [ 349333.320700000040233, 6213668.196700000204146 ], [ 349326.361299999989569, 6213598.6047 ], [ 349347.239099999889731, 6213577.72690000012517 ], [ 349347.239099999889731, 6213549.890100000426173 ], [ 349354.640999999828637, 6213538.787399999797344 ], [ 349361.157700000330806, 6213529.012500000186265 ], [ 349340.301799999549985, 6213502.197700000368059 ], [ 349312.443300000391901, 6213466.379499999806285 ], [ 349298.52489999961108, 6213403.746500000357628 ], [ 349267.415699999779463, 6213388.1919 ], [ 349256.769700000062585, 6213382.868900000117719 ], [ 349215.014299999922514, 6213375.909699999727309 ], [ 349159.340699999593198, 6213375.9095 ], [ 349075.830299999564886, 6213368.9501 ], [ 349013.197300000116229, 6213334.1541 ], [ 348949.928299999795854, 6213343.644299999810755 ], [ 348874.013299999758601, 6213355.031499999575317 ], [ 348790.502500000409782, 6213355.0313 ], [ 348706.99210000038147, 6213334.1535 ], [ 348686.114500000141561, 6213299.3575 ], [ 348616.522499999962747, 6213299.357300000265241 ], [ 348567.807900000363588, 6213313.275700000114739 ], [ 348539.970900000073016, 6213355.030899999663234 ], [ 348512.134300000034273, 6213368.949300000444055 ], [ 348470.378899999894202, 6213368.949099999852479 ], [ 348449.501299999654293, 6213313.275500000454485 ], [ 348484.297500000335276, 6213194.969100000336766 ], [ 348491.257100000046194, 6213090.580900000408292 ], [ 348470.526700000278652, 6212993.838700000196695 ], [ 348470.379499999806285, 6212993.151700000278652 ], [ 348442.542899999767542, 6212916.600499999709427 ], [ 348442.542899999767542, 6212853.96750000026077 ], [ 348463.4205, 6212756.53870000038296 ], [ 348470.379900000058115, 6212707.824099999852479 ], [ 348466.280299999751151, 6212690.058500000275671 ], [ 348459.756299999542534, 6212661.787100000306964 ], [ 348449.502500000409782, 6212617.354299999773502 ], [ 348473.568300000391901, 6212539.682500000111759 ], [ 348486.955299999564886, 6212505.25870000012219 ], [ 348515.641900000162423, 6212491.8717 ], [ 348573.014899999834597, 6212474.659900000318885 ], [ 348655.24930000025779, 6212467.010300000198185 ], [ 348726.009300000034273, 6212444.061300000175834 ], [ 348789.119699999690056, 6212344.614900000393391 ], [ 348785.294900000095367, 6212281.504700000397861 ], [ 348716.447499999776483, 6212273.854899999685585 ], [ 348697.733900000341237, 6212270.73589999973774 ], [ 348692.749099999666214, 6212268.978500000201166 ], [ 348692.544300000183284, 6212268.7297 ], [ 348686.172100000083447, 6212266.26630000025034 ], [ 348623.462500000372529, 6212262.76630000025034 ], [ 348592.522699999623001, 6212243.26630000025034 ], [ 348592.922899999655783, 6212128.767300000414252 ], [ 348552.243300000205636, 6212097.2675 ], [ 348557.173299999907613, 6212066.767699999734759 ], [ 348709.242300000041723, 6212008.268299999646842 ], [ 348719.802299999631941, 6211992.768500000238419 ], [ 348719.20409999974072, 6211983.6425 ], [ 348717.929299999959767, 6211964.192699999548495 ], [ 348717.082299999892712, 6211951.268699999898672 ], [ 348686.142500000074506, 6211934.268899999558926 ], [ 348495.114099999889731, 6211905.268699999898672 ], [ 348478.614099999889731, 6211896.768899999558926 ], [ 348475.644299999810755, 6211876.768899999558926 ], [ 348489.584099999628961, 6211865.769100000150502 ], [ 348543.523699999786913, 6211874.769100000150502 ], [ 348621.463100000284612, 6211869.769299999810755 ], [ 348678.1727, 6211848.269500000402331 ], [ 348697.302699999883771, 6211816.2697 ], [ 348697.121500000357628, 6211814.421299999579787 ], [ 348695.298899999819696, 6211795.817300000227988 ], [ 348693.9227, 6211781.770100000314415 ], [ 348638.023299999535084, 6211742.7703 ], [ 348611.643500000238419, 6211689.770499999634922 ], [ 348626.173499999567866, 6211658.770899999886751 ], [ 348710.672899999655783, 6211638.271099999547005 ], [ 348712.3761, 6211635.339100000448525 ], [ 348723.742700000293553, 6211615.771300000138581 ], [ 348723.30449999962002, 6211604.75789999961853 ], [ 348721.772900000214577, 6211566.27170000039041 ], [ 348574.214300000108778, 6211398.272699999623001 ], [ 348558.834499999880791, 6211367.772900000214577 ], [ 348566.30449999962002, 6211324.273299999535084 ], [ 348580.554299999959767, 6211309.273299999535084 ], [ 348604.774100000038743, 6211295.27350000012666 ], [ 348645.643899999558926, 6211295.27350000012666 ], [ 348666.972299999557436, 6211304.107900000177324 ], [ 348670.993599999696016, 6211305.77350000012666 ], [ 348709.613300000317395, 6211338.273299999535084 ], [ 348742.053000000305474, 6211339.273400000296533 ], [ 348757.923000000417233, 6211310.7736 ], [ 348757.686700000427663, 6211278.697100000455976 ], [ 348757.643099999986589, 6211272.773900000378489 ], [ 348770.333100000396371, 6211259.7741 ], [ 348816.027099999599159, 6211244.38150000013411 ], [ 348832.672500000335276, 6211238.774299999698997 ], [ 348832.692999999970198, 6211229.5576 ], [ 348832.702899999916553, 6211225.095099999569356 ], [ 348832.742600000463426, 6211207.274500000290573 ], [ 348829.046500000171363, 6211203.7199 ], [ 348778.673100000247359, 6211155.274799999780953 ], [ 348760.089300000108778, 6211122.843299999833107 ], [ 348748.303399999625981, 6211102.275100000202656 ], [ 348747.044800000265241, 6211077.101599999703467 ], [ 348745.30350000038743, 6211042.275600000284612 ], [ 348770.993400000035763, 6210983.276100000366569 ], [ 348800.993200000375509, 6210938.776499999687076 ], [ 348865.552799999713898, 6210910.776800000108778 ], [ 348925.52379999961704, 6210849.41509999986738 ], [ 348931.52240000013262, 6210843.2774 ], [ 348938.310899999924004, 6210830.183899999596179 ], [ 348955.112300000153482, 6210797.777800000272691 ], [ 348956.759899999946356, 6210774.941200000233948 ], [ 348957.561599999666214, 6210763.828599999658763 ], [ 348958.142400000244379, 6210755.778099999763072 ], [ 348898.302899999544024, 6210701.278400000184774 ], [ 348865.893199999816716, 6210649.278699999675155 ], [ 348872.523299999535084, 6210596.7791 ], [ 348921.891200000420213, 6210548.5894 ], [ 348925.630900000222027, 6210523.355200000107288 ], [ 348929.0472999997437, 6210500.303100000135601 ], [ 348929.273000000044703, 6210498.78000000026077 ], [ 348923.673100000247359, 6210487.28000000026077 ], [ 348895.523299999535084, 6210473.2801 ], [ 348885.049200000241399, 6210471.276100000366569 ], [ 348844.791299999691546, 6210463.573699999600649 ], [ 348815.993900000117719, 6210439.280299999751151 ], [ 348824.643899999558926, 6210392.7807 ], [ 348842.610700000077486, 6210378.2259 ], [ 348888.207000000402331, 6210340.630599999800324 ], [ 348892.969499999657273, 6210319.199300000444055 ], [ 348883.841400000266731, 6210304.514899999834597 ], [ 348855.542299999855459, 6210290.728199999779463 ], [ 348821.864199999719858, 6210274.781499999575317 ], [ 348804.347400000318885, 6210254.563900000415742 ], [ 348786.774500000290573, 6210234.281700000166893 ], [ 348782.135099999606609, 6210197.8903 ], [ 348773.834699999541044, 6210132.78249999973923 ], [ 348771.625099999830127, 6210128.657100000418723 ], [ 348745.715099999681115, 6210080.2829 ], [ 348751.495099999941885, 6210026.283300000242889 ], [ 348791.174899999983609, 6209950.283900000154972 ], [ 348800.617300000041723, 6209946.093299999833107 ], [ 348804.356499999761581, 6209944.803899999707937 ], [ 348804.71129999961704, 6209944.681699999608099 ], [ 348800.236899999901652, 6209878.595300000160933 ], [ 348797.393099999986589, 6209862.243700000457466 ], [ 348790.316700000315905, 6209818.068099999800324 ], [ 348776.065100000239909, 6209718.2785 ], [ 348768.308500000275671, 6209693.67850000038743 ], [ 348768.175099999643862, 6209693.754099999554455 ], [ 348734.242700000293553, 6209713.461500000208616 ], [ 348702.771900000050664, 6209731.951899999752641 ], [ 348702.232900000177324, 6209732.268699999898672 ], [ 348681.209300000220537, 6209744.125900000333786 ], [ 348667.12569999974221, 6209751.141699999570847 ], [ 348612.999900000169873, 6209779.418499999679625 ], [ 348503.448099999688566, 6209859.870900000445545 ], [ 348486.696899999864399, 6209875.5181 ], [ 348448.390300000086427, 6209921.48589999973774 ], [ 348401.463499999605119, 6209984.434299999848008 ], [ 348377.291699999943376, 6210021.0477 ], [ 348295.533499999903142, 6210147.594700000248849 ], [ 348283.962299999780953, 6210159.548100000247359 ], [ 348271.813699999824166, 6210172.3613 ], [ 348268.449099999852479, 6210175.722500000149012 ], [ 348261.38190000038594, 6210181.500300000421703 ], [ 348242.761800000444055, 6210196.722299999557436 ], [ 348234.441700000315905, 6210202.4879 ], [ 348210.293300000019372, 6210219.222099999897182 ], [ 348167.887299999594688, 6210248.221900000236928 ], [ 348131.043899999931455, 6210271.221699999645352 ], [ 348118.662499999627471, 6210279.209499999880791 ], [ 348118.386500000022352, 6210279.387699999846518 ], [ 348116.525299999862909, 6210280.588499999605119 ], [ 348100.043999999761581, 6210291.221400000154972 ], [ 348079.629700000397861, 6210306.3701 ], [ 348050.856900000013411, 6210327.721099999733269 ], [ 347958.871899999678135, 6210401.525899999774992 ], [ 347934.326200000010431, 6210421.220099999569356 ], [ 347879.65749999973923, 6210466.692300000227988 ], [ 347824.311099999584258, 6210512.7281 ], [ 347803.777300000190735, 6210526.4479 ], [ 347769.048299999907613, 6210549.6524 ], [ 347755.904699999839067, 6210558.434299999848008 ], [ 347741.793999999761581, 6210568.25040000025183 ], [ 347729.830599999986589, 6210577.146300000138581 ], [ 347705.290199999697506, 6210594.017699999734759 ], [ 347683.817400000058115, 6210607.514899999834597 ], [ 347648.233799999579787, 6210628.987700000405312 ], [ 347613.263799999840558, 6210649.54009999986738 ], [ 347589.543800000101328, 6210663.094399999827147 ], [ 347559.900799999944866, 6210681.67090000025928 ], [ 347522.707000000402331, 6210712.697999999858439 ], [ 347513.599399999715388, 6210720.777800000272691 ], [ 347467.277999999932945, 6210779.523699999786913 ], [ 347426.326000000350177, 6210828.7867 ], [ 347390.779000000096858, 6210877.48589999973774 ], [ 347386.038800000213087, 6210893.598799999803305 ], [ 347384.188699999824166, 6210952.727699999697506 ], [ 347383.7182, 6210967.765700000338256 ], [ 347383.484699999913573, 6210975.2281 ], [ 347379.218999999575317, 6211005.79839999973774 ], [ 347355.248100000433624, 6211104.904500000178814 ], [ 347355.087799999862909, 6211105.583599999547005 ], [ 347340.363499999977648, 6211170.308799999766052 ], [ 347319.810800000093877, 6211260.801300000399351 ], [ 347310.301400000229478, 6211305.2807 ], [ 347301.098699999973178, 6211348.532999999821186 ], [ 347292.777900000102818, 6211373.0006 ], [ 347286.75719999987632, 6211389.671500000171363 ], [ 347282.552000000141561, 6211399.817800000309944 ], [ 347254.555900000035763, 6211389.105399999767542 ], [ 347248.415599999949336, 6211386.510499999858439 ], [ 347236.495699999853969, 6211381.3405 ], [ 347201.235999999567866, 6211362.110600000247359 ], [ 347142.386500000022352, 6211318.8509 ], [ 347125.576700000092387, 6211307.2209 ], [ 347097.104799999855459, 6211290.536999999545515 ], [ 347094.346900000236928, 6211288.921 ], [ 347091.197999999858439, 6211287.874800000339746 ], [ 347086.486100000329316, 6211287.089499999769032 ], [ 347079.418300000019372, 6211287.874800000339746 ], [ 347074.902700000442564, 6211289.44550000037998 ], [ 347070.886500000022352, 6211291.273699999786913 ], [ 347057.754599999636412, 6211314.155299999751151 ], [ 347042.224600000306964, 6211340.7451 ], [ 347028.684700000099838, 6211365.7248 ], [ 347019.884700000286102, 6211379.44469999987632 ], [ 347009.434799999929965, 6211393.724600000306964 ], [ 347001.4847999997437, 6211407.364500000141561 ], [ 346995.194899999536574, 6211413.44440000038594 ], [ 346989.674899999983609, 6211417.734400000423193 ], [ 346984.254900000058115, 6211421.704400000162423 ], [ 346963.94510000012815, 6211434.874200000427663 ], [ 346947.275200000032783, 6211445.304100000299513 ], [ 346938.377100000157952, 6211452.009999999776483 ], [ 346931.211099999956787, 6211458.678600000217557 ], [ 346926.824300000444055, 6211464.029299999587238 ], [ 346920.10219999961555, 6211473.378899999894202 ], [ 346909.479100000113249, 6211487.195299999788404 ], [ 346899.666400000452995, 6211500.53249999973923 ], [ 346856.782700000330806, 6211563.378100000321865 ], [ 346851.532800000160933, 6211575.838000000454485 ], [ 346844.352800000458956, 6211593.1979 ], [ 346840.412800000049174, 6211601.187800000421703 ], [ 346837.872800000011921, 6211608.037700000219047 ], [ 346833.824300000444055, 6211616.3591 ], [ 346830.733, 6211620.4994 ], [ 346821.803100000135601, 6211632.879300000146031 ], [ 346816.963100000284612, 6211639.239199999719858 ], [ 346811.793100000359118, 6211645.229100000113249 ], [ 346805.423200000077486, 6211652.369099999777973 ], [ 346791.143199999816716, 6211667.088899999856949 ], [ 346784.043300000019372, 6211674.478900000452995 ], [ 346780.406299999915063, 6211678.011800000444055 ], [ 346779.772099999710917, 6211680.27419999986887 ], [ 346780.80599999986589, 6211688.675800000317395 ], [ 346780.971499999985099, 6211689.4847999997437 ], [ 346796.831299999728799, 6211733.0345 ], [ 346815.191100000403821, 6211777.6442 ], [ 346817.212100000120699, 6211783.546900000423193 ], [ 346818.015399999916553, 6211791.570299999788404 ], [ 346817.869099999777973, 6211803.432900000363588 ], [ 346808.168800000101328, 6211871.693300000391901 ], [ 346808.431499999947846, 6211875.654500000178814 ], [ 346806.945600000210106, 6211884.928399999625981 ], [ 346757.975499999709427, 6212087.125900000333786 ], [ 346724.7347999997437, 6212171.6809 ], [ 346694.014899999834597, 6212249.8503 ], [ 346687.713399999774992, 6212267.9869 ], [ 346680.007100000046194, 6212284.39049999974668 ], [ 346671.461900000460446, 6212302.579900000244379 ], [ 346666.555900000035763, 6212313.02280000038445 ], [ 346665.279799999669194, 6212315.739 ], [ 346662.762099999934435, 6212321.36670000012964 ], [ 346659.972000000067055, 6212325.39809999987483 ], [ 346659.347500000149012, 6212326.309600000269711 ], [ 346651.136699999682605, 6212334.66260000038892 ], [ 346641.53760000038892, 6212346.099499999545515 ], [ 346632.437699999660254, 6212357.7094 ], [ 346627.007299999706447, 6212364.977099999785423 ], [ 346594.465699999593198, 6212411.817099999636412 ], [ 346584.224000000394881, 6212427.56290000025183 ], [ 346559.396599999628961, 6212466.8037 ], [ 346530.636699999682605, 6212503.101599999703467 ], [ 346500.192999999970198, 6212534.4622 ], [ 346461.903300000354648, 6212574.571899999864399 ], [ 346450.16330000013113, 6212585.2018 ], [ 346449.893699999898672, 6212585.528 ], [ 346447.283800000324845, 6212590.517900000326335 ], [ 346433.854299999773502, 6212608.688299999572337 ], [ 346412.651700000278652, 6212633.220200000330806 ], [ 346396.171799999661744, 6212652.150100000202656 ], [ 346367.60190000012517, 6212683.199799999594688 ], [ 346355.582000000402331, 6212698.3597 ], [ 346346.102099999785423, 6212709.399600000120699 ], [ 346338.397300000302494, 6212717.2495 ], [ 346332.538399999961257, 6212722.705 ], [ 346326.713700000196695, 6212726.941200000233948 ], [ 346305.693799999542534, 6212743.581000000238419 ], [ 346266.583999999798834, 6212772.6107 ], [ 346258.087000000290573, 6212778.941599999554455 ], [ 346251.557300000451505, 6212782.685399999842048 ], [ 346240.357400000095367, 6212786.62540000025183 ], [ 346232.857499999925494, 6212791.955299999564886 ], [ 346225.574400000274181, 6212796.221400000154972 ], [ 346208.256699999794364, 6212806.365199999883771 ], [ 346203.237599999643862, 6212809.305100000463426 ], [ 346163.987900000065565, 6212831.474899999797344 ], [ 346138.679299999959767, 6212845.952600000426173 ], [ 346118.492700000293553, 6212854.856100000441074 ], [ 346111.972699999809265, 6212857.536000000312924 ], [ 346104.102800000458956, 6212860.36600000038743 ], [ 346093.812800000421703, 6212864.58600000012666 ], [ 346093.521900000050664, 6212864.729600000195205 ], [ 346093.405299999751151, 6212864.801199999637902 ], [ 346083.0954, 6212870.9912 ], [ 346062.055499999783933, 6212885.110999999567866 ], [ 346053.495600000023842, 6212891.18099999986589 ], [ 346046.775600000284612, 6212895.240899999625981 ], [ 346046.52489999961108, 6212895.427899999544024 ], [ 346038.40500000026077, 6212901.427899999544024 ], [ 346032.075000000186265, 6212906.89780000038445 ], [ 346025.375099999830127, 6212912.7478 ], [ 346019.495099999941885, 6212918.357699999585748 ], [ 346019.227300000376999, 6212918.622000000439584 ], [ 346015.207399999722838, 6212923.641900000162423 ], [ 346005.61739999987185, 6212935.011800000444055 ], [ 346000.467400000430644, 6212941.901800000108778 ], [ 345997.127500000409782, 6212946.051799999549985 ], [ 345992.097500000149012, 6212950.401700000278652 ], [ 345988.585400000214577, 6212953.878999999724329 ], [ 345985.441999999806285, 6212954.669499999843538 ], [ 345981.410799999721348, 6212955.629099999554455 ], [ 345950.50789999961853, 6212973.929999999701977 ], [ 345935.5777000002563, 6212984.6551 ], [ 345927.662700000219047, 6212991.332899999804795 ], [ 345927.376600000075996, 6212991.587799999862909 ], [ 345919.813000000081956, 6212998.772199999541044 ], [ 345912.085400000214577, 6213006.147199999541044 ], [ 345904.906600000336766, 6213014.9287 ], [ 345904.542500000447035, 6213015.412499999627471 ], [ 345904.418200000189245, 6213015.658300000242889 ], [ 345901.800800000317395, 6213019.8185 ], [ 345894.982800000347197, 6213038.6173 ], [ 345894.982800000347197, 6213042.705400000326335 ], [ 345896.652700000442564, 6213050.869199999608099 ], [ 345898.585699999704957, 6213057.7423 ], [ 345901.717199999839067, 6213065.508399999700487 ], [ 345910.735799999907613, 6213083.044599999673665 ], [ 345921.007000000216067, 6213105.340800000354648 ], [ 345925.321700000204146, 6213113.044499999843538 ], [ 345928.084599999710917, 6213117.602400000207126 ], [ 345935.349600000306964, 6213126.120000000111759 ], [ 345942.364099999889731, 6213131.631400000303984 ], [ 345951.382699999958277, 6213137.393400000408292 ], [ 345960.651899999938905, 6213142.153199999593198 ], [ 345978.188099999912083, 6213150.169800000265241 ], [ 345984.075299999676645, 6213153.9276 ], [ 345990.651399999856949, 6213159.564299999736249 ], [ 345996.288099999539554, 6213165.827200000174344 ], [ 346004.42989999987185, 6213175.534799999557436 ], [ 346011.632299999706447, 6213184.9293 ], [ 346013.79079999960959, 6213187.440600000321865 ], [ 346024.12459999974817, 6213203.098000000230968 ], [ 346033.519000000320375, 6213216.876500000245869 ], [ 346033.925699999555945, 6213217.488800000399351 ], [ 346047.45409999974072, 6213237.8574 ], [ 346057.474799999967217, 6213253.5148 ], [ 346064.784699999727309, 6213263.8706 ], [ 346064.990299999713898, 6213264.161799999885261 ], [ 346070.000599999912083, 6213271.677400000393391 ], [ 346085.031700000166893, 6213291.09250000026077 ], [ 346090.668300000019372, 6213299.234400000423193 ], [ 346101.941599999554455, 6213318.023299999535084 ], [ 346108.2045, 6213331.175499999895692 ], [ 346114.310899999924004, 6213346.832899999804795 ], [ 346122.765800000168383, 6213374.389899999834597 ], [ 346125.897300000302494, 6213383.157999999821186 ], [ 346130.594499999657273, 6213394.118200000375509 ], [ 346133.412800000049174, 6213399.754800000227988 ], [ 346138.110000000335276, 6213406.330900000408292 ], [ 346145.312400000169873, 6213416.664800000376999 ], [ 346162.222299999557436, 6213440.464100000448525 ], [ 346181.011099999770522, 6213466.455400000326335 ], [ 346188.683199999853969, 6213478.981300000101328 ], [ 346194.006699999794364, 6213488.37569999974221 ], [ 346198.077600000426173, 6213496.830699999816716 ], [ 346201.522300000302494, 6213500.901600000448525 ], [ 346204.869500000029802, 6213504.642699999734759 ], [ 346208.70160000026226, 6213507.623200000263751 ], [ 346222.166899999603629, 6213518.2703 ], [ 346228.11670000012964, 6213521.401700000278652 ], [ 346249.097599999979138, 6213529.543600000441074 ], [ 346271.017900000326335, 6213537.998599999584258 ], [ 346285.109600000083447, 6213543.635300000198185 ], [ 346295.756599999964237, 6213548.645700000226498 ], [ 346319.086099999956787, 6213561.4847999997437 ], [ 346379.21030000038445, 6213595.3048 ], [ 346486.949099999852479, 6213657.873800000175834 ], [ 346505.397300000302494, 6213668.287999999709427 ], [ 346489.626000000163913, 6213682.062199999578297 ], [ 346451.096199999563396, 6213715.8119 ], [ 346394.406600000336766, 6213765.451399999670684 ], [ 346332.026999999769032, 6213818.460900000296533 ], [ 346331.592400000430644, 6213818.7522 ], [ 346319.368800000287592, 6213826.946899999864399 ], [ 346311.00800000037998, 6213832.551900000311434 ], [ 346274.140599999576807, 6213857.267699999734759 ], [ 346264.709400000050664, 6213863.590300000272691 ], [ 346256.294200000353158, 6213869.231800000183284 ], [ 346003.599000000394881, 6214080.898400000296533 ], [ 345999.924700000323355, 6214086.5894 ], [ 345891.848199999891222, 6214197.75040000025183 ], [ 345890.94440000038594, 6214198.524799999780953 ], [ 345879.71169999986887, 6214208.150600000284612 ], [ 345871.108900000341237, 6214215.522699999623001 ], [ 345862.476800000295043, 6214221.739500000141561 ], [ 345546.671699999831617, 6214474.674700000323355 ], [ 345502.561999999918044, 6214510.764399999752641 ], [ 345489.280100000090897, 6214521.428100000135601 ], [ 345477.028300000354648, 6214531.264899999834597 ], [ 345475.522099999710917, 6214532.4742 ], [ 345444.412299999967217, 6214557.4539 ], [ 345400.712600000202656, 6214592.533599999733269 ], [ 345395.512600000016391, 6214596.74349999986589 ], [ 345358.272900000214577, 6214627.243300000205636 ], [ 345247.323499999940395, 6214717.922399999573827 ], [ 345203.913800000213087, 6214752.5921 ], [ 345193.869599999859929, 6214759.852300000376999 ], [ 345076.187599999830127, 6214852.536299999803305 ], [ 344914.945600000210106, 6214981.9699 ], [ 344942.735399999655783, 6214976.320000000298023 ], [ 345022.434799999929965, 6214960.460199999623001 ], [ 345111.864199999719858, 6214942.14049999974668 ], [ 345120.844100000336766, 6214940.290500000119209 ], [ 345198.963600000366569, 6214924.240799999795854 ], [ 345284.842899999581277, 6214904.811099999584258 ], [ 345308.132799999788404, 6214900.521099999547005 ], [ 345312.392799999564886, 6214900.521099999547005 ], [ 345471.061599999666214, 6214869.041600000113249 ], [ 345491.941499999724329, 6214864.551699999719858 ], [ 345522.921299999579787, 6214858.191800000146031 ], [ 345567.36089999973774, 6214851.841900000348687 ], [ 345575.930900000035763, 6214851.931900000199676 ], [ 345591.85080000013113, 6214850.571999999694526 ], [ 345627.530500000342727, 6214847.832100000232458 ], [ 345672.350200000219047, 6214845.5921 ], [ 345690.744599999859929, 6214845.7708 ], [ 345695.607499999925494, 6214845.866100000217557 ], [ 345707.17989999987185, 6214846.642199999652803 ], [ 345818.8898, 6214854.613300000317395 ], [ 345831.678700000047684, 6214855.349499999545515 ], [ 345972.845300000160933, 6214714.739199999719858 ], [ 346034.542000000365078, 6214653.159199999645352 ], [ 346104.879399999976158, 6214583.474100000225008 ], [ 346171.117700000293553, 6214516.956500000320375 ], [ 346172.890599999576807, 6214515.190700000151992 ], [ 346179.517, 6214508.685499999672174 ], [ 346194.874099999666214, 6214493.106999999843538 ], [ 346240.150899999774992, 6214454.165400000289083 ], [ 346366.783300000242889, 6214328.225700000301003 ], [ 346401.357499999925494, 6214336.52280000038445 ], [ 346407.666400000452995, 6214330.265100000426173 ], [ 346417.559799999929965, 6214332.415900000371039 ], [ 346444.064899999648333, 6214332.893500000238419 ], [ 346459.489199999719858, 6214331.656999999657273 ], [ 346475.778300000354648, 6214332.82050000037998 ], [ 346491.097799999639392, 6214335.147599999792874 ], [ 346505.641699999570847, 6214337.2807 ], [ 346521.930800000205636, 6214338.250300000421703 ], [ 346542.486100000329316, 6214337.474600000306964 ], [ 346559.550800000317395, 6214337.668600000441074 ], [ 346579.912200000137091, 6214338.0565 ], [ 346588.25069999974221, 6214338.832100000232458 ], [ 346599.110100000165403, 6214340.383500000461936 ], [ 346611.714700000360608, 6214344.455799999646842 ], [ 346625.870699999853969, 6214350.273400000296533 ], [ 346640.608500000089407, 6214356.6727 ], [ 346655.152300000190735, 6214364.041600000113249 ], [ 346673.186599999666214, 6214375.676699999719858 ], [ 346687.342600000090897, 6214383.433400000445545 ], [ 346702.662100000306964, 6214392.159699999727309 ], [ 346717.206000000238419, 6214400.498200000263751 ], [ 346727.871399999596179, 6214404.764399999752641 ], [ 346739.700400000438094, 6214407.86710000038147 ], [ 346753.080699999816716, 6214411.939399999566376 ], [ 346763.940100000239909, 6214412.909099999815226 ], [ 346771.890800000168383, 6214412.715099999681115 ], [ 346776.171400000341237, 6214411.404799999669194 ], [ 346782.168399999849498, 6214409.418600000441074 ], [ 346789.925099999643862, 6214406.122000000439584 ], [ 346797.595599999651313, 6214403.781899999827147 ], [ 346801.36629999987781, 6214402.63150000013411 ], [ 346814.358799999579787, 6214400.110600000247359 ], [ 346832.587100000120699, 6214394.486999999731779 ], [ 346844.222199999727309, 6214390.996500000357628 ], [ 346851.785000000149012, 6214390.0269 ], [ 346859.153800000436604, 6214390.0269 ], [ 346865.940999999642372, 6214390.8026 ], [ 346869.62540000025183, 6214392.160000000149012 ], [ 346871.564600000157952, 6214395.650500000454485 ], [ 346872.340200000442564, 6214399.722799999639392 ], [ 346872.146300000138581, 6214404.182900000363588 ], [ 346871.518000000156462, 6214407.009999999776483 ], [ 346871.370600000023842, 6214407.67339999973774 ], [ 346869.819299999624491, 6214411.745699999853969 ], [ 346869.431400000117719, 6214415.624099999666214 ], [ 346869.819299999624491, 6214420.08420000039041 ], [ 346872.146300000138581, 6214428.228699999861419 ], [ 346875.830699999816716, 6214436.567200000397861 ], [ 346879.515100000426173, 6214444.129999999888241 ], [ 346884.362999999895692, 6214458.673899999819696 ], [ 346887.659599999897182, 6214471.084599999710917 ], [ 346889.21100000012666, 6214482.5258 ], [ 346891.537899999879301, 6214498.039200000464916 ], [ 346892.507500000298023, 6214507.735100000165403 ], [ 346892.987999999895692, 6214512.8596 ], [ 346899.886599999852479, 6214509.199500000104308 ], [ 346914.996000000275671, 6214501.183000000193715 ], [ 346928.057000000029802, 6214495.347299999557436 ], [ 346939.919400000013411, 6214490.718100000172853 ], [ 346962.237900000065565, 6214482.008500000461936 ], [ 346995.307300000451505, 6214468.113800000399351 ], [ 347009.520800000056624, 6214462.8251 ], [ 347019.206100000068545, 6214459.221300000324845 ], [ 347041.433400000445545, 6214454.604500000365078 ], [ 347048.868900000117719, 6214453.060100000351667 ], [ 347048.403199999593198, 6214463.072100000455976 ], [ 347048.636099999770522, 6214475.179700000211596 ], [ 347048.597500000149012, 6214481.268400000408292 ], [ 347049.493900000117719, 6214485.078200000338256 ], [ 347050.502399999648333, 6214487.879599999636412 ], [ 347051.847000000067055, 6214490.008600000292063 ], [ 347053.975999999791384, 6214492.1376 ], [ 347056.889399999752641, 6214493.370199999772012 ], [ 347061.595700000412762, 6214493.5943 ], [ 347066.525999999605119, 6214493.146099999547005 ], [ 347074.369699999690056, 6214490.456799999810755 ], [ 347081.541199999861419, 6214486.983199999667704 ], [ 347086.807699999772012, 6214483.957700000144541 ], [ 347092.410400000400841, 6214480.4841 ], [ 347098.349200000055134, 6214475.777900000102818 ], [ 347102.271099999547005, 6214474.097099999897182 ], [ 347108.994300000369549, 6214471.744 ], [ 347114.061200000345707, 6214470.308299999684095 ], [ 347117.387799999676645, 6214469.257799999788404 ], [ 347120.714399999938905, 6214468.7325 ], [ 347126.842299999669194, 6214468.907599999569356 ], [ 347133.495400000363588, 6214470.1332 ], [ 347139.623399999924004, 6214471.708999999798834 ], [ 347145.751299999654293, 6214474.860500000417233 ], [ 347152.404400000348687, 6214478.362200000323355 ], [ 347160.283200000412762, 6214483.789800000376999 ], [ 347167.81180000025779, 6214490.092799999751151 ], [ 347176.390800000168383, 6214497.096099999733269 ], [ 347183.569199999794364, 6214505.500199999660254 ], [ 347188.121399999596179, 6214512.3284 ], [ 347193.198800000362098, 6214522.133100000210106 ], [ 347194.6097999997437, 6214524.955199999734759 ], [ 347200.202100000344217, 6214536.1398 ], [ 347206.680200000293553, 6214549.096 ], [ 347210.707100000232458, 6214558.200299999676645 ], [ 347213.333300000056624, 6214564.678399999625981 ], [ 347214.734000000171363, 6214570.105999999679625 ], [ 347215.259200000204146, 6214573.607699999585748 ], [ 347214.734000000171363, 6214577.9847 ], [ 347213.158200000412762, 6214583.762500000186265 ], [ 347209.656499999575317, 6214588.489699999801815 ], [ 347206.154900000430644, 6214593.392099999822676 ], [ 347202.303000000305474, 6214597.944199999794364 ], [ 347198.100999999791384, 6214602.3213 ], [ 347194.424200000241399, 6214605.997999999672174 ], [ 347189.872100000269711, 6214609.499699999578297 ], [ 347183.569099999964237, 6214611.7758 ], [ 347179.892300000414252, 6214613.526600000448525 ], [ 347174.464700000360608, 6214617.203300000168383 ], [ 347168.861999999731779, 6214621.2303 ], [ 347163.084300000220537, 6214625.7824 ], [ 347157.831799999810755, 6214631.385099999606609 ], [ 347154.330099999904633, 6214635.762199999764562 ], [ 347149.427799999713898, 6214642.415300000458956 ], [ 347146.801500000059605, 6214647.1426 ], [ 347143.825100000016391, 6214653.270499999634922 ], [ 347141.899100000038743, 6214659.0482 ], [ 347140.148299999535084, 6214665.35120000038296 ], [ 347139.097799999639392, 6214670.078499999828637 ], [ 347138.0472999997437, 6214677.607099999673665 ], [ 347136.821700000204146, 6214683.559899999760091 ], [ 347136.471499999985099, 6214689.16260000038892 ], [ 347137.521999999880791, 6214696.165900000371039 ], [ 347140.148199999704957, 6214703.3443 ], [ 347142.599399999715388, 6214709.647300000302494 ], [ 347145.575799999758601, 6214715.074900000356138 ], [ 347148.552199999801815, 6214720.327399999834597 ], [ 347152.229000000283122, 6214724.354299999773502 ], [ 347156.956199999898672, 6214728.906499999575317 ], [ 347162.700299999676645, 6214732.291600000113249 ], [ 347171.701299999840558, 6214735.9348 ], [ 347179.416400000452995, 6214739.578099999576807 ], [ 347186.917100000195205, 6214742.5784 ], [ 347197.846800000406802, 6214746.221699999645352 ], [ 347208.562300000339746, 6214748.57909999974072 ], [ 347220.777800000272691, 6214750.936499999836087 ], [ 347228.492899999953806, 6214753.079599999822676 ], [ 347237.065200000070035, 6214755.437 ], [ 347248.20920000039041, 6214757.7944 ], [ 347262.782200000248849, 6214760.366100000217557 ], [ 347272.211799999698997, 6214761.223399999551475 ], [ 347285.713200000114739, 6214761.651999999769032 ], [ 347293.642599999904633, 6214762.509200000204146 ], [ 347298.571700000204146, 6214763.795099999755621 ], [ 347305.858099999837577, 6214767.224000000394881 ], [ 347310.144299999810755, 6214770.438699999824166 ], [ 347314.430399999953806, 6214773.439000000245869 ], [ 347320.002399999648333, 6214778.796699999831617 ], [ 347325.145800000056624, 6214782.225599999539554 ], [ 347331.146499999798834, 6214786.083200000226498 ], [ 347337.575699999928474, 6214790.369400000199676 ], [ 347345.076500000432134, 6214794.655600000172853 ], [ 347356.006199999712408, 6214800.22759999986738 ], [ 347365.864299999549985, 6214806.871100000105798 ], [ 347390.295400000177324, 6214822.301400000229478 ], [ 347404.225499999709427, 6214831.945299999788404 ], [ 347428.013600000180304, 6214852.090300000272691 ], [ 347457.802400000393391, 6214876.092799999751151 ], [ 347482.876400000415742, 6214897.095099999569356 ], [ 347524.84499999973923, 6214936.2023 ], [ 347530.02419999986887, 6214941.028300000354648 ], [ 347532.095300000160933, 6214942.792600000277162 ], [ 347541.596800000406802, 6214950.8865 ], [ 347545.138000000268221, 6214953.206600000150502 ], [ 347547.811700000427663, 6214954.958399999886751 ], [ 347555.955400000326335, 6214959.2445 ], [ 347576.743300000205636, 6214965.030899999663234 ], [ 347590.244699999690056, 6214970.817200000397861 ], [ 347616.390300000086427, 6214982.175599999725819 ], [ 347636.064299999736249, 6214990.176400000229478 ], [ 347648.536500000394881, 6214995.248499999754131 ], [ 347658.843100000172853, 6214998.760800000280142 ], [ 347660.542999999597669, 6214999.204800000414252 ], [ 347713.956500000320375, 6215011.649600000120699 ], [ 347713.982300000265241, 6215011.655299999751151 ], [ 347749.784799999557436, 6215019.5274 ], [ 347750.059600000269711, 6215020.575000000186265 ], [ 347750.331100000068545, 6215021.60950000025332 ], [ 347751.092000000178814, 6215024.510099999606609 ], [ 347751.153599999845028, 6215024.744800000451505 ], [ 347752.103500000201166, 6215028.365600000135601 ], [ 347759.039900000207126, 6215047.8695 ], [ 347769.853099999949336, 6215078.274500000290573 ], [ 347781.440799999982119, 6215110.8575 ], [ 347774.307599999941885, 6215114.784900000318885 ], [ 347769.245000000111759, 6215117.572200000286102 ], [ 347760.5329, 6215123.71030000038445 ], [ 347749.444799999706447, 6215131.828300000168383 ], [ 347740.395100000314415, 6215135.91469999961555 ], [ 347726.497600000351667, 6215147.799700000323355 ], [ 347716.7955, 6215156.511800000444055 ], [ 347705.608300000429153, 6215167.995900000445545 ], [ 347703.315799999982119, 6215170.134700000286102 ], [ 347699.682699999772012, 6215174.484199999831617 ], [ 347630.163900000043213, 6215261.894899999722838 ], [ 347600.948699999600649, 6215299.033699999563396 ], [ 347582.336500000208616, 6215325.1699 ], [ 347581.948699999600649, 6215325.702100000344217 ], [ 347577.46100000012666, 6215332.3277000002563 ], [ 347574.706899999640882, 6215336.35259999986738 ], [ 347571.402599999681115, 6215341.181699999608099 ], [ 347570.874099999666214, 6215341.95409999974072 ], [ 347567.848299999721348, 6215346.376000000163913 ], [ 347556.4227, 6215363.073800000362098 ], [ 347519.693300000391901, 6215418.5142 ], [ 347467.717699999921024, 6215493.160799999721348 ], [ 347443.543100000359118, 6215528.412999999709427 ], [ 347423.8602, 6215557.115299999713898 ], [ 347377.032700000330806, 6215626.41579999960959 ], [ 347361.390599999576807, 6215650.373999999836087 ], [ 347329.809200000017881, 6215696.3103 ], [ 347285.357699999585748, 6215762.244800000451505 ], [ 347239.7182, 6215827.58530000038445 ], [ 347191.306699999608099, 6215897.875799999572337 ], [ 347149.42920000012964, 6215959.454300000332296 ], [ 347116.758799999952316, 6216007.964700000360608 ], [ 347094.879599999636412, 6216042.020899999886751 ], [ 347093.848600000143051, 6216043.806099999696016 ], [ 347092.032999999821186, 6216048.578499999828637 ], [ 347066.886699999682605, 6216073.922600000165403 ], [ 347053.671400000341237, 6216086.669300000183284 ], [ 347032.310100000351667, 6216101.097500000149012 ], [ 346986.967699999921024, 6216127.2336 ], [ 346964.989500000141561, 6216140.301699999719858 ], [ 346917.270999999716878, 6216169.011900000274181 ], [ 346906.989000000059605, 6216175.4419 ], [ 346888.918499999679625, 6216184.964100000448525 ], [ 346808.24309999961406, 6216085.509800000116229 ], [ 346778.966500000096858, 6216115.562400000169873 ], [ 346737.668999999761581, 6216157.882299999706447 ], [ 346678.575000000186265, 6216218.407700000330806 ], [ 346628.07079999987036, 6216270.343399999663234 ], [ 346606.119300000369549, 6216292.771999999880791 ], [ 346582.64809999987483, 6216317.4139 ], [ 346582.644500000402331, 6216317.641900000162423 ], [ 346527.947399999946356, 6216370.912899999879301 ], [ 346496.149299999698997, 6216409.905799999833107 ], [ 346466.21860000025481, 6216442.37540000025183 ], [ 346465.794099999591708, 6216442.874800000339746 ], [ 346448.455599999986589, 6216462.917399999685585 ], [ 346440.979399999603629, 6216473.8931 ], [ 346430.639899999834597, 6216490.277099999599159 ], [ 346416.323699999600649, 6216509.84250000026077 ], [ 346399.079300000332296, 6216531.713399999774992 ], [ 346391.189299999736249, 6216541.720200000330806 ], [ 346387.849899999797344, 6216545.955500000156462 ], [ 346363.774299999698997, 6216553.747399999760091 ], [ 346336.786299999803305, 6216561.854000000283122 ], [ 346260.443300000391901, 6216584.785799999721348 ], [ 346214.215699999593198, 6216598.123499999754131 ], [ 346184.222000000067055, 6216607.180499999783933 ], [ 346161.237700000405312, 6216614.449 ], [ 346124.109299999661744, 6216626.432199999690056 ], [ 346069.5329, 6216643.590200000442564 ], [ 345964.39809999987483, 6216675.543600000441074 ], [ 345949.736600000411272, 6216680.1667 ], [ 345943.148000000044703, 6216681.932400000281632 ], [ 345938.438900000415742, 6216682.941499999724329 ], [ 345933.729899999685585, 6216683.277800000272691 ], [ 345928.51630000025034, 6216683.1096 ], [ 345920.847299999557436, 6216681.296699999831617 ], [ 345914.175300000235438, 6216679.2631 ], [ 345908.085400000214577, 6216676.119900000281632 ], [ 345900.620500000193715, 6216671.4052 ], [ 345852.469600000418723, 6216638.297899999655783 ], [ 345770.200199999846518, 6216580.795199999585748 ], [ 345751.465099999681115, 6216565.169099999591708 ], [ 345727.708800000138581, 6216539.518000000156462 ], [ 345698.732099999673665, 6216504.7971 ], [ 345697.892500000074506, 6216503.817499999888241 ], [ 345688.850300000049174, 6216493.268299999646842 ], [ 345684.452600000426173, 6216488.1376 ], [ 345677.734199999831617, 6216480.2994 ], [ 345620.926300000399351, 6216413.4479 ], [ 345585.983599999919534, 6216372.018799999728799 ], [ 345560.770499999634922, 6216342.411600000225008 ], [ 345520.806200000457466, 6216295.123800000175834 ], [ 345494.756199999712408, 6216264.261199999600649 ], [ 345451.2347999997437, 6216212.161000000312924 ], [ 345432.926599999889731, 6216190.086400000378489 ], [ 345402.168700000271201, 6216153.051300000399351 ], [ 345370.573900000192225, 6216115.388500000350177 ], [ 345364.969700000248849, 6216109.233 ], [ 345364.433699999935925, 6216108.784400000236928 ], [ 345363.910400000400841, 6216108.518400000408292 ], [ 345358.260999999940395, 6216104.542899999767542 ], [ 345351.565399999730289, 6216101.6135 ], [ 345342.777400000020862, 6216099.3119 ], [ 345337.423600000329316, 6216096.813500000163913 ], [ 345334.094700000248849, 6216093.48450000025332 ], [ 345331.37459999974817, 6216086.579699999652803 ], [ 345326.143699999898672, 6216078.628600000403821 ], [ 345314.635599999688566, 6216069.4221 ], [ 345313.766099999658763, 6216068.589800000190735 ], [ 345257.376600000075996, 6216024.754499999806285 ], [ 345202.137900000438094, 6215981.023699999786913 ], [ 345170.856900000013411, 6215957.902900000102818 ], [ 345147.003899999894202, 6215939.699199999682605 ], [ 345080.361800000071526, 6215888.540500000119209 ], [ 345049.406000000424683, 6215864.351700000464916 ], [ 345035.37569999974221, 6215853.388500000350177 ], [ 344945.52379999961704, 6215785.950299999676645 ], [ 344851.130800000391901, 6215881.584800000302494 ], [ 344815.897499999962747, 6215874.568400000222027 ], [ 344595.839599999599159, 6215896.4468 ], [ 344552.758600000292063, 6215900.732200000435114 ], [ 344448.384499999694526, 6215911.114699999801815 ], [ 344400.136900000274181, 6215915.914099999703467 ], [ 343546.017900000326335, 6216000.876199999824166 ], [ 343526.311200000345707, 6216004.7577 ], [ 343288.122200000099838, 6216075.9945 ], [ 343181.542600000277162, 6216107.873200000263751 ], [ 343096.791699999943376, 6216133.222699999809265 ], [ 343077.707299999892712, 6216138.93099999986589 ], [ 342915.800699999555945, 6216187.358199999667704 ], [ 342859.566800000146031, 6216204.1782 ], [ 342885.1727, 6216253.12459999974817 ], [ 342908.999699999578297, 6216298.670699999667704 ], [ 342915.660500000230968, 6216311.403099999763072 ], [ 342920.351300000213087, 6216320.369699999690056 ], [ 342937.568799999542534, 6216353.1283 ], [ 342946.261699999682605, 6216369.442599999718368 ], [ 342970.807099999859929, 6216415.5077 ], [ 343006.006699999794364, 6216482.007299999706447 ], [ 343034.756400000303984, 6216536.72690000012517 ], [ 343035.543899999931455, 6216538.357599999755621 ], [ 343041.341500000096858, 6216550.362599999643862 ], [ 343046.897099999710917, 6216561.86670000012964 ], [ 343049.186300000175834, 6216566.606800000183284 ], [ 343084.125900000333786, 6216632.916299999691546 ], [ 343088.763799999840558, 6216640.99349999986589 ], [ 343089.444500000216067, 6216642.178999999538064 ], [ 343092.421799999661744, 6216648.2445 ], [ 343093.548700000159442, 6216650.073400000110269 ], [ 343099.835699999704957, 6216660.276100000366569 ], [ 343118.075500000268221, 6216698.165900000371039 ], [ 343131.725399999879301, 6216735.83559999987483 ], [ 343131.415300000458956, 6216756.035500000230968 ], [ 343154.935100000351667, 6216799.345200000330806 ], [ 343203.122899999842048, 6216890.335400000214577 ], [ 343209.154500000178814, 6216901.724499999545515 ], [ 343250.754099999554455, 6216975.404 ], [ 343272.705799999646842, 6217016.468500000424683 ], [ 343295.942499999888241, 6217062.63300000037998 ], [ 343361.896499999798834, 6217167.335799999535084 ], [ 343407.189899999648333, 6217160.537499999627471 ], [ 343587.085099999792874, 6217133.5362 ], [ 343659.943799999542534, 6217170.797799999825656 ], [ 343709.701700000092387, 6217195.742200000211596 ], [ 344227.306599999777973, 6217451.187199999578297 ], [ 344264.620600000023842, 6217469.60219999961555 ], [ 344298.924300000071526, 6217486.531499999575317 ], [ 344317.080599999986589, 6217495.000300000421703 ], [ 344316.828200000338256, 6217495.3673 ], [ 344537.606100000441074, 6217604.324199999682605 ], [ 344867.227500000037253, 6217766.20990000013262 ], [ 344903.585400000214577, 6217784.0663 ], [ 345094.547100000083447, 6217877.85259999986738 ], [ 345671.028599999845028, 6218162.463000000454485 ], [ 345701.209599999710917, 6218177.2182 ], [ 345709.669700000435114, 6218181.5006 ], [ 345689.810899999924004, 6218205.96860000025481 ], [ 345680.857400000095367, 6218217.000300000421703 ], [ 345664.732499999925494, 6218233.500099999830127 ], [ 345653.826299999840558, 6218240.5 ], [ 345586.139299999922514, 6218268.999699999578297 ], [ 345542.889499999582767, 6218290.9995 ], [ 345539.045800000429153, 6218292.9995 ], [ 345522.23340000025928, 6218304.99930000025779 ], [ 345516.233500000089407, 6218310.99930000025779 ], [ 345506.6398, 6218322.999200000427663 ], [ 345504.108500000089407, 6218326.499200000427663 ], [ 345501.8898, 6218330.999099999666214 ], [ 345468.858599999919534, 6218433.4983 ], [ 345455.389899999834597, 6218466.997999999672174 ], [ 345450.49129999987781, 6218554.7785 ], [ 345448.660099999979138, 6218587.5915 ] ] ] ] } }
]
}
