h3,n_adm._publica_y_defensa,n_agricola_por_asimilacion,n_bienes_comunes,n_bodega_y_almacenaje,n_comercio,n_culto,n_departamento,n_deporte_y_recreacion,n_educacion_y_cultura,n_estacionamiento,n_habitacional_cat1,n_habitacional_cat2,n_habitacional_cat3,n_habitacional_no_considerado,"n_hotel,_motel",n_industria,n_oficina,n_otros_no_considerados,n_salud,n_sitio_eriazo,n_transporte_y_telec.,m2_adm._publica_y_defensa,m2_agricola_por_asimilacion,m2_bienes_comunes,m2_bodega_y_almacenaje,m2_comercio,m2_culto,m2_departamento,m2_deporte_y_recreacion,m2_educacion_y_cultura,m2_estacionamiento,m2_habitacional_cat1,m2_habitacional_cat2,m2_habitacional_cat3,m2_habitacional_no_considerado,"m2_hotel,_motel",m2_industria,m2_oficina,m2_otros_no_considerados,m2_salud,m2_sitio_eriazo,m2_transporte_y_telec.,personas,viviendas,hogares,n_paraderos,m2_habitacional,area_ha,dens_personas_ha,dens_viviendas_ha,personas_por_vivienda,m2_construidos_total,m2_construidos_ha,prop_comercio,prop_habitacional,prop_industria,dist_paradero_m,proximidad_paradero,land_use_mix
89b2c1c1337ffff,0,0,0,0,0,0,0,0,0,0,8,0,0,6,0,0,0,0,0,0,0,0,0,0,0,0,0,0,0,0,0,254,0,0,120,0,0,0,0,0,0,0,30.8167189857103,8.875994998348189,8.96287089962611,1,254,8.97560534524314,3.433386139469962,0.9889021026367049,3.4719171193139755,628,69.96742568821001,0.0,0.40445859872611467,0.0,157.3097522284022,0-300 m,0.3392020414702224
89b2c1c42cbffff,0,0,0,0,0,0,0,0,0,0,10,3,2,2,0,0,0,0,0,0,0,0,0,0,0,0,0,0,0,0,0,377,231,274,24,0,0,0,0,0,0,0,45.582939806804816,17.336007878659068,13.797308825989855,0,882,8.949745889239958,5.093210507977436,1.93703911744597,2.629379273812988,1788,199.78220858199614,0.0,0.49328859060402686,0.0,5285.837806140541,Más de 2 km,0.41620052646303984
89b2c1c1c23ffff,0,0,0,0,0,0,0,0,0,0,220,0,0,16,0,0,0,0,0,0,0,0,0,0,0,0,0,0,0,0,0,10913,0,0,185,0,0,0,0,0,0,0,612.9282134472527,210.11065865559223,195.0690000580093,7,10913,8.971264218766038,68.32127540788879,23.42040692727386,2.917168588062675,22011,2453.5003610703516,0.0,0.4957975557675708,0.0,74.06134488597885,0-300 m,0.23806120672775286
89b2c1c54a3ffff,2,0,0,0,10,2,0,0,3,0,41,66,16,28,0,6,7,0,5,0,0,226,0,0,0,3118,686,0,0,459,0,1372,4383,2144,371,0,609,434,0,2422,0,0,259.7856989878359,90.68141913741735,78.17842312989748,0,7899,8.95557257075829,29.008273556521374,10.125697538704566,2.8648173072166006,24123,2693.6301179409065,0.1292542386933632,0.32744683497077476,0.025245616216888447,2738.028722094093,Más de 2 km,0.6465795089852342
89b2c1c18abffff,0,0,0,0,3,1,0,0,0,0,285,53,11,250,0,0,0,0,0,0,0,0,0,0,0,166,95,0,0,0,0,10555,2979,1441,4104,0,0,0,0,0,0,0,1013.8067582926552,323.3262387041406,313.1589518303317,5,14975,8.968486243027762,113.04101169590399,36.051372544112375,3.1355536202564065,34315,3826.175239626086,0.004837534605857497,0.43639807664286756,0.0,78.18230543791425,0-300 m,0.4418841759157581
89b2c1c08cfffff,0,0,0,0,5,0,210,0,0,0,234,97,3,166,0,0,0,0,0,0,0,0,0,0,0,188,0,8400,0,0,0,8367,7334,993,2070,0,0,0,0,0,0,0,1273.33961729117,490.89354989713684,446.7275571426789,7,16694,8.965672368597415,142.02388453888713,54.75256397016122,2.5939220785402233,44046,4912.738073529507,0.004268264995686328,0.5697225627752804,0.0,55.07147562047986,0-300 m,0.5015193734988811
89b2c1ce55bffff,0,0,0,0,0,0,0,0,0,0,1,2,1,2,0,0,0,0,0,0,0,0,0,0,0,0,0,0,0,0,0,37,151,110,30,0,0,0,0,0,0,0,6.07619751382531,2.0386372061539575,1.9393519445625484,0,298,8.95796873007512,0.6783008176201075,0.22757806681212447,2.9805192878278297,626,69.88191395425316,0.0,0.476038338658147,0.0,883.0981554146261,500-1000 m,0.4253233339538222
89b2c1c0a4bffff,0,0,2,4,44,4,195,2,37,1,21,26,36,22,0,5,26,3,0,3,2,0,0,1834,424,5056,1478,9325,172,9611,70,780,1982,5652,288,0,770,5000,372,0,489,73,349.2181679330417,228.85755462926375,157.6465586234301,4,8414,8.965431278980146,38.95163066519725,25.526664307363607,1.5259193365880157,51790,5776.632310084621,0.09762502413593357,0.34251786059084766,0.014867735083993049,79.22744586696379,0-300 m,0.7332030195562163
89b2c1c0e43ffff,0,0,3,0,6,0,48,0,0,0,177,142,2,121,0,0,0,1,4,0,0,0,0,315,0,380,0,3434,0,0,0,6924,9430,236,1699,0,0,0,72,158,0,0,692.1859852331343,258.2390711993188,235.5606692281758,0,16590,8.969283789332534,77.17293838515556,28.79149297365873,2.6804076626301008,39238,4374.70827343729,0.009684489525460013,0.5103216269942403,0.0,173.57669856498998,0-300 m,0.48851244780289166
89b2c1c1aa7ffff,0,0,0,0,0,0,0,0,0,0,72,1,0,0,0,0,0,0,0,0,0,0,0,0,0,0,0,0,0,0,0,2988,78,0,0,0,0,0,0,0,0,0,151.15916928715546,48.961013986515795,45.781889392454396,0,3066,8.968102955692025,16.855200038846036,5.459461630671892,3.0873373931509214,6132,683.7566462267296,0.0,0.5,0.0,787.8455500690796,500-1000 m,0.24341470439285517
89b2c1c0acbffff,0,0,2,1,70,0,17,0,20,9,56,43,54,50,0,0,49,6,0,0,0,0,0,483,6,19729,0,1223,0,2670,698,1894,3479,7310,686,0,0,3695,636,0,0,0,291.5691801730813,150.05449663316605,104.28136902610242,7,12683,8.966507281504132,32.51758695099956,16.734999696335986,1.9430885892468264,55192,6155.351048880378,0.357461226264676,0.2519568053341064,0.0,24.948737887189306,0-300 m,0.6078908273498589
89b2c1c336fffff,0,0,0,0,0,0,0,0,0,0,1,0,0,0,0,0,0,0,0,0,0,0,0,0,0,0,0,0,0,0,0,24,0,0,0,0,0,0,0,0,0,0,1.4014678037789117,0.49915291641440684,0.40316197095009787,0,24,8.983280783625451,0.1560084603314949,0.05556465710436804,2.807692307692308,48,5.343259456778136,0.0,0.5,0.0,4530.397074062672,Más de 2 km,0.2242438242175754
89b2c1c1ca3ffff,0,0,0,0,0,0,0,0,0,0,234,0,0,0,0,0,0,0,0,0,0,0,0,0,0,0,0,0,0,0,0,7335,0,0,0,0,0,0,0,0,0,0,17.869140632529145,11.136005778663113,6.524450180659064,0,7335,8.972340375866533,1.9915807786999358,1.2411483862801647,1.6046274568900547,14670,1635.0249082679497,0.0,0.5,0.0,387.2248227451072,300-500 m,0.2242438242175754
89b2c1c5523ffff,0,0,0,0,0,0,0,0,0,0,0,1,0,1,0,0,0,5,0,0,0,0,0,0,0,0,0,0,0,0,0,0,78,0,18,0,0,0,444,0,0,0,19.840147864844173,7.466684943920522,6.009694458669775,0,78,8.95037053483163,2.2166845258119134,0.8342319365285342,2.657156156159809,618,69.04742072911573,0.0,0.1262135922330097,0.0,4766.129626747758,Más de 2 km,0.2792024696285288
89b2c1c192bffff,0,0,0,0,19,0,0,0,0,0,24,0,0,0,0,0,0,1,0,0,0,0,0,0,0,16734,0,0,0,0,0,612,0,0,0,0,0,0,663,0,0,0,164.40410375453177,51.663447464463644,51.01169258632411,2,612,8.963278463531253,18.34196097147267,5.763900750675758,3.182213185978656,18621,2077.476458615334,0.8986628000644433,0.03286611889801837,0.0,68.83212646407192,0-300 m,0.1421100242605313
89b2c1c094fffff,0,0,3,3,34,0,0,0,1,0,126,60,20,70,0,0,0,0,0,1,1,0,0,654,160,2572,0,0,0,99,0,4485,4276,2512,1022,0,0,0,0,0,63,16,414.7496562302881,130.58618034104657,128.1152534356554,3,11273,8.960466931681506,46.28661200275831,14.573591012242149,3.1760608599401823,27132,3027.967203814953,0.09479581306206693,0.4154872475305912,0.0,151.79196833325898,0-300 m,0.5434577519656081
89b2c1c113bffff,0,0,0,0,0,0,0,0,0,0,1,0,2,0,0,0,0,0,0,0,0,0,0,0,0,0,0,0,0,0,0,30,0,247,0,0,0,0,0,0,0,0,14.114788265976626,4.6785778416687185,4.165072080992385,0,277,8.975987679693757,1.572505307455836,0.5212326496674005,3.0168971733817034,554,61.720227318638806,0.0,0.5,0.0,1637.608338085545,1-2 km,0.27971913794667946
89b2c1c0ec3ffff,0,0,0,2,15,4,0,0,0,0,34,38,4,23,0,9,1,0,0,0,0,0,0,0,155,1424,235,0,0,0,0,1306,2787,459,282,0,541,70,0,0,0,0,427.58328370401284,159.1974190023691,147.68497576031524,3,4552,8.970359134483232,47.66623914312716,17.74705077195777,2.6858681904739283,11811,1316.6696921416417,0.12056557446448227,0.3854034374735416,0.045804758276183216,74.94152262848718,0-300 m,0.5592283260823332
89b2c1c0b4bffff,0,0,5,79,3,0,82,0,0,65,225,35,42,36,0,0,1,0,0,0,0,0,0,2003,489,122,0,7158,0,0,1116,8495,2897,5398,411,0,0,73,0,0,0,0,238.05036020178505,127.11663449204345,94.17140638663979,2,16790,8.96130079624155,26.56426400747819,14.185065023747143,1.8726924383502714,44952,5016.236037836524,0.0027140060508987363,0.5327460402206798,0.0,23.791617363011472,0-300 m,0.5679166349704611
89b2c1c502fffff,0,0,0,0,3,0,0,0,0,0,5,3,18,3,0,0,0,0,0,0,0,0,0,0,0,535,0,0,0,0,0,203,231,3288,41,0,0,0,0,0,0,0,78.97047224869824,27.51614596780277,23.635293473647813,0,3722,8.95005995829733,8.82345734181223,3.0744091208342557,2.869968502896564,8020,896.0833823872766,0.06670822942643391,0.46408977556109726,0.0,4121.270338227162,Más de 2 km,0.3638383689724069
89b2c1c1d23ffff,0,0,8,0,97,5,174,0,12,12,11,10,20,11,0,0,65,5,1,0,1,0,0,1929,0,90565,4176,6694,0,2608,8950,382,855,3190,130,0,0,13967,606,112,0,437,193.82362616212168,145.9147626372185,101.13572079830554,2,4427,8.967132286465894,21.614895372365584,16.27217687615113,1.3283345883515356,139028,15504.176313963291,0.6514155421929395,0.07999108093333716,0.0,72.29593043943858,0-300 m,0.4431771196292736
89b2c1ce4dbffff,0,0,0,0,16,2,0,0,4,0,56,87,29,30,0,0,1,0,0,0,0,0,0,0,0,1564,111,0,0,301,0,2063,6215,3716,402,0,0,185,0,0,0,0,402.269045651458,154.3470153232744,140.17877850946277,2,11994,8.963174841134384,44.88019622303235,17.220127695706108,2.6062638451992064,26551,2962.2316278100957,0.058905502617603855,0.451734397951113,0.0,134.22319450338216,0-300 m,0.48888139565011435
89b2c1c55a3ffff,0,0,0,0,0,0,0,0,0,0,1,0,0,1,0,0,0,0,0,0,0,0,0,0,0,0,0,0,0,0,0,47,0,0,15,0,0,0,0,0,0,0,20.12222590781754,7.710881560138972,6.408495611945178,0,47,8.951444526561424,2.247930582389167,0.8614119807432916,2.60958824887655,109,12.176805617972239,0.0,0.43119266055045874,0.0,4821.8059398423065,Más de 2 km,0.3229880089451748
89b2c1c50abffff,0,0,0,0,0,0,0,0,0,0,10,6,43,8,0,0,0,0,0,0,0,0,0,0,0,0,0,0,0,0,0,294,379,9391,117,0,0,0,0,0,0,0,67.44284351819303,21.511433873849448,19.50104439337273,0,10064,8.951724481377388,7.534061583161651,2.403049146407544,3.135209113148914,20245,2261.5754140016757,0.0,0.4971103976290442,0.0,3412.6284293761423,Más de 2 km,0.2812933437688055
89b2c1c19abffff,0,0,3,3,23,4,44,0,0,0,120,362,15,301,0,0,5,3,0,0,0,0,0,312,187,1192,492,2584,0,0,0,3971,22466,1787,3712,0,0,194,264,0,0,0,1081.90361219051,418.70624864572056,382.4210404208433,4,28224,8.96435500619879,120.68950989138439,46.70790573958618,2.58392038735954,65385,7293.887842994473,0.018230480997170603,0.47117840483291273,0.0,98.9199152072656,0-300 m,0.47891416693175315
89b2c1c09cfffff,0,0,0,0,0,0,0,0,4,0,170,178,45,12,0,0,0,0,0,0,0,0,0,0,0,0,0,0,0,179,0,5897,11500,6192,126,0,0,0,0,0,0,0,622.447046877156,199.36240885147402,185.1393583009388,0,23589,8.961541813486235,69.45758440142909,22.24644073539369,3.122188633569743,47483,5298.530206994378,0.0,0.4967883242423604,0.0,498.8583164191884,300-500 m,0.40519203262408054
89b2c1c3273ffff,0,0,0,0,0,0,0,0,0,0,0,0,3,0,0,0,0,0,0,0,0,0,0,0,0,0,0,0,0,0,0,0,0,733,0,0,0,0,0,0,0,0,19.703427816349638,6.873292088684794,6.176209454340518,0,733,8.9885280190563,2.1920639035197986,0.7646738235796717,2.8666652838436106,1466,163.09678257574308,0.0,0.5,0.0,6672.823876924177,Más de 2 km,0.2242438242175754
89b2c1c084fffff,0,0,0,0,10,2,0,0,7,0,234,68,6,37,0,0,0,0,0,0,0,0,0,0,0,3743,113,0,0,5049,0,9856,4705,657,489,0,0,0,0,0,0,0,729.599080713933,267.243288156739,243.55386802747873,4,15218,8.964597216133656,81.38671076050888,29.810964365000043,2.730093188667926,39830,4443.032859113585,0.09397439116244037,0.3820738137082601,0.0,72.51712413864858,0-300 m,0.5137154645601065
89b2c1c12bbffff,0,0,0,0,0,0,0,0,0,0,0,0,2,1,0,0,0,0,0,0,0,0,0,0,0,0,0,0,0,0,0,0,0,389,18,0,0,0,0,0,0,0,2.4969536896135502,1.0250845462136176,0.7359345716999663,0,389,8.981442141876673,0.27801255635454236,0.11413362464743619,2.4358514610688604,796,88.62719231787821,0.0,0.4886934673366834,0.0,2783.9865228068093,Más de 2 km,0.25412607493331046
89b2c1c0bcbffff,0,0,1,0,11,2,28,6,2,0,36,53,48,85,0,2,8,0,0,0,1,0,0,190,0,956,199,1276,618,131,0,1188,3759,6357,1068,0,617,572,0,0,0,133,307.0293354623084,115.51417829433554,99.55579064984789,4,11304,8.96237652762531,34.25758051069737,12.888788809338545,2.657936367603146,28368,3165.2318905102334,0.033699943598420753,0.4434574168076706,0.02174985899605189,84.88278930986017,0-300 m,0.5963581960689128
89b2c1c182bffff,0,0,0,0,0,0,0,0,0,0,150,177,0,71,0,0,0,1,0,0,0,0,0,0,0,0,0,0,0,0,0,5915,9969,0,1297,0,0,0,70,0,0,0,830.4639854818173,261.16913454416283,250.25985079891964,4,15884,8.96740942888386,92.6091299909769,29.124256744979423,3.1797937644173975,33135,3695.0470771717837,0.0,0.47937226497661084,0.0,78.39504638480105,0-300 m,0.3756949292518296
89b2c1c5423ffff,0,0,0,0,0,0,0,0,0,0,8,14,24,1,0,0,0,2,0,0,0,0,0,0,0,0,0,0,0,0,0,304,923,4080,16,0,0,0,81,0,0,0,38.73972872610194,19.699074123116837,12.75436045980554,0,5307,8.95449830758541,4.326286900214753,2.1999081854122,1.9665761184502026,10711,1196.1585822096415,0.0,0.4954719447297171,0.0,2581.8134628164858,Más de 2 km,0.34764738992901784
89b2c1c5427ffff,0,0,0,0,0,0,0,0,0,0,1,3,6,0,0,0,0,1,0,0,0,0,0,0,0,0,0,0,0,0,0,21,264,869,0,0,0,0,176,0,0,0,69.23513422514078,28.49174094469661,23.939373567924385,0,1154,8.953908562708017,7.73239236700462,3.1820451085865877,2.430007150476639,2484,277.42074677259603,0.0,0.464573268921095,0.0,2893.360431343454,Más de 2 km,0.3849010627982246
89b2c1c182fffff,0,0,0,0,10,0,0,0,0,0,237,152,1,100,0,0,0,1,0,0,0,0,0,0,0,879,0,0,0,0,0,8844,8906,167,1502,0,0,0,80,0,0,0,896.2934157994988,279.6908378902064,262.60126730274965,4,17917,8.96681922818159,99.95667281688482,31.191756047804905,3.204586258743813,38295,4270.745180146334,0.022953388170779476,0.4678678678678679,0.0,50.385554464326795,0-300 m,0.4151696021743199
89b2c1c0853ffff,0,0,0,2,12,0,0,0,0,0,346,6,0,57,0,0,0,0,0,0,0,0,0,0,51,368,0,0,0,0,0,12463,417,0,843,0,0,0,0,0,0,0,941.0947520873061,336.1300808603942,316.09030565294654,8,12880,8.965707445575848,104.96603394656735,37.490636728979865,2.7997933112037465,27022,3013.9283669504603,0.01361853304714677,0.47664865665013695,0.0,100.1630793094085,0-300 m,0.30831257279955726
89b2c1c50afffff,0,0,0,0,0,0,0,0,0,0,10,11,33,9,0,0,0,0,0,0,0,0,0,0,0,0,0,0,0,0,0,376,734,6963,111,0,0,0,0,0,0,0,102.9182250630022,35.35951703301477,30.438880120100556,0,8073,8.951134836220692,11.497785135192519,3.9502831406284686,2.9106230429252937,16257,1816.1942923947681,0.0,0.4965860859937258,0.0,3707.922625713378,Más de 2 km,0.31439473677018737
89b2c1c73dbffff,0,0,0,0,0,0,0,0,1,0,3,6,5,4,0,0,0,0,0,0,0,0,0,0,0,0,0,0,0,864,0,92,431,760,61,0,0,0,0,0,0,0,203.43972124006675,72.14555602048907,65.14615128159127,0,1283,8.95831016909083,22.709608999920757,8.053478240730646,2.8198510408914257,3491,389.69403091725036,0.0,0.3675164709252363,0.0,3496.815437442129,Más de 2 km,0.47562836432451355
89b2c1c0bc7ffff,0,0,1,0,2,0,85,1,2,0,239,149,5,94,0,0,0,2,0,0,0,0,0,299,0,88,0,5645,1274,107,0,10217,10735,518,1118,0,0,0,318,0,0,0,895.506932376787,347.35785037111674,325.03784774485507,0,21470,8.96175166167927,99.92543491313229,38.76003972040754,2.5780529543812767,51789,5778.8925597493835,0.0016992025333565043,0.5235667805904729,0.0,214.9223894937174,0-300 m,0.5039320430516571
89b2c1c1da3ffff,0,0,0,3,10,1,0,0,10,0,127,96,2,72,0,0,6,0,0,0,0,0,0,0,252,695,478,0,0,1009,0,4728,7153,219,943,0,0,330,0,0,0,0,392.52754238751714,144.90879132797718,139.43802960865165,0,12100,8.968208173200544,43.768781322505056,16.158053931107915,2.708790396982166,27907,3111.7698720903622,0.024904145913211738,0.43358297201419,0.0,181.77206302949577,0-300 m,0.4986021740190104
89b2c1c0dc7ffff,0,0,0,0,0,0,0,0,0,0,0,0,3,0,0,0,0,0,0,0,0,0,0,0,0,0,0,0,0,0,0,0,0,606,0,0,0,0,0,0,0,0,0.36765921371626364,0.15924227788613754,0.10504548963321819,0,606,8.965390386899243,0.04100872330707528,0.017761890003008877,2.308804034938195,1212,135.18652815955966,0.0,0.5,0.0,1565.9553683094955,1-2 km,0.2242438242175754
89b2c1c5623ffff,0,0,0,0,1,0,0,0,0,0,0,0,0,0,0,0,2,0,0,0,0,0,0,0,0,208,0,0,0,0,0,0,0,0,0,0,0,522,0,0,0,0,7.033861199635707,3.313169656599337,2.9232968523310494,0,0,8.9547426431599,0.7854900447651098,0.3699904942695488,2.123000609288242,730,81.52104745942778,0.28493150684931506,0.0,0.0,2036.0745122638011,Más de 2 km,0.19331692868637299
89b2c1c0a4fffff,0,0,9,13,25,0,78,0,3,1,106,195,26,119,0,0,12,0,0,0,0,0,0,665,61,1864,0,4368,0,2031,198,3419,14403,3087,1703,0,0,1267,0,0,0,0,750.2010717274931,300.0807107481816,283.536335359491,6,20909,8.964841147179559,83.68258393106217,33.47306503502189,2.4999976501556556,53975,6020.742488781427,0.03453450671607226,0.46830940250115793,0.0,56.090125281431774,0-300 m,0.576171757614919
89b2c1c7263ffff,0,0,1,0,4,0,0,0,0,0,13,14,43,6,0,0,0,0,0,0,0,0,0,7,0,181,0,0,0,0,0,474,1048,5621,70,0,0,0,0,0,0,0,136.1564383110044,53.70861623182276,47.752624884593125,0,7143,8.959041317589152,15.197657147053278,5.994906634304435,2.5350948853962594,14544,1623.387981417831,0.012444994499449946,0.49113036303630364,0.0,1958.318073582069,1-2 km,0.35641584207615723
89b2c1c1c27ffff,0,0,0,0,11,0,0,0,0,0,112,2,0,22,0,0,2,0,0,0,0,0,0,0,0,3995,0,0,0,0,0,4958,138,0,290,0,0,63,0,0,0,0,377.4715806023215,127.93317025693348,119.36990754908707,2,5096,8.970673879978296,42.07839741502617,14.261266429768263,2.950537220677247,14540,1620.8369844379158,0.2747592847317744,0.35048143053645114,0.0,83.35557859323612,0-300 m,0.3995885286016521
89b2c1c0c4bffff,0,0,0,0,2,0,0,0,0,0,1,2,1,0,0,0,0,0,0,0,0,0,0,0,0,156,0,0,0,0,0,36,149,160,0,0,0,0,0,0,0,0,6.5502331904284,2.2366649918536,1.7573796364564,0,345,8.96907294683187,0.730313292048999,0.24937527045575575,2.9285714285714284,846,94.32412970828062,0.18439716312056736,0.4078014184397163,0.0,621.5762328401662,500-1000 m,0.46349765491796935
89b2c1c54a7ffff,0,2,0,0,6,0,0,0,0,0,52,62,13,17,0,0,2,0,0,0,0,0,89,0,0,997,0,0,0,0,0,1733,4230,1870,237,0,0,292,0,0,0,0,322.0329197783979,126.26718497207119,113.57437589547095,0,7833,8.954982787036604,35.96131086310726,14.100215262820814,2.550408642194944,17281,1929.7636199833114,0.057693420519645856,0.4532723800705978,0.0,3026.5585898155387,Más de 2 km,0.4832998035030505
89b2c1c18afffff,0,0,0,0,13,0,0,0,10,0,119,90,15,37,0,0,0,0,0,0,0,0,0,0,0,4933,0,0,0,1231,0,5002,6284,2234,450,0,0,0,0,0,0,0,673.4034945443527,240.6169748337223,220.39525243361044,3,13520,8.96789600363971,75.09046651199402,26.830928317641675,2.7986533161665186,33654,3752.71969995428,0.1465799013490224,0.40173530635288524,0.0,91.27591827451934,0-300 m,0.5186791884477617
89b2c1c08d3ffff,0,0,0,0,6,0,0,0,0,0,263,195,0,7,0,0,0,1,0,0,0,0,0,0,0,240,0,0,0,0,0,10613,10434,0,85,0,0,0,60,0,0,0,1051.3891092537765,356.7079855907804,323.52083378119636,2,21047,8.96678244342133,117.25377702513016,39.781046082197165,2.947478474619692,42479,4737.373775714344,0.005649850514371807,0.4954683490665976,0.0,68.44873428984488,0-300 m,0.3527125735839792
89b2c1c1e23ffff,0,0,0,0,0,0,0,0,0,0,40,8,0,2,0,0,0,0,0,0,0,0,0,0,0,0,0,0,0,0,0,1919,472,0,33,0,0,0,0,0,0,0,90.52203726363771,33.22682355593511,30.05688430788279,0,2391,8.971506901608013,10.089947904672842,3.7035944931368983,2.72436626724941,4815,536.6991356978147,0.0,0.4965732087227414,0.0,588.7825930441614,500-1000 m,0.31577336912311516
89b2c1c0e47ffff,0,0,0,0,18,2,0,0,0,0,74,134,2,88,0,0,7,0,0,0,0,0,0,0,0,2948,547,0,0,0,0,2600,9398,225,1002,0,0,287,0,0,0,0,524.5150269812681,206.9367997540388,188.89721500074972,4,12223,8.968693519678046,58.48288001261714,23.073237958238014,2.5346628903351016,29230,3259.1146007907387,0.10085528566541224,0.4181662675333561,0.0,83.25642799928659,0-300 m,0.4687608855097163
89b2c1c56a3ffff,0,0,0,0,0,0,0,0,0,0,22,11,71,24,0,0,0,0,0,0,0,0,0,0,0,0,0,0,0,0,0,797,762,12070,311,0,0,0,0,0,0,0,227.3266169264368,78.44802975412131,66.52207155494418,0,13629,8.95581771633882,25.38312235986073,8.75944913561631,2.8977989331146214,27569,3078.334203888903,0.0,0.49435960680474444,0.0,1493.034154364132,1-2 km,0.31125704249343084
89b2c1c0acfffff,0,0,0,0,10,2,3,0,2,0,136,117,35,92,0,0,21,2,2,0,0,0,0,0,0,490,146,159,0,164,0,4777,8354,4634,1183,0,0,1064,110,157,0,0,421.6850047716888,191.2122306296075,169.97872856446804,1,17765,8.965917111106746,47.03199901874135,21.32656684866501,2.2053244365342115,39003,4350.140595398109,0.01256313616901264,0.45955439325180114,0.0,96.21947736966781,0-300 m,0.5056185372533687
89b2c1c532bffff,0,0,0,0,0,0,0,0,0,0,2,2,0,0,0,0,0,0,0,0,0,0,0,0,0,0,0,0,0,0,0,72,141,0,0,0,0,0,0,0,0,0,0.9839434390726932,0.41692518604775136,0.3335401488382011,0,213,8.946764876869738,0.10997756760284415,0.04660066423849329,2.36,426,47.61497657117903,0.0,0.5,0.0,5724.229156390489,Más de 2 km,0.3277232994954916
89b2c1c0067ffff,0,0,0,0,0,0,0,0,0,0,106,1,0,27,0,0,0,0,0,0,0,0,0,0,0,0,0,0,0,0,0,4680,77,0,338,0,0,0,0,0,0,0,164.3518577213878,63.481061859552796,60.86265454065024,0,4757,8.974976727350182,18.31223218891977,7.073117155401836,2.588990368261392,9852,1097.7187238800511,0.0,0.4828461226146975,0.0,169.32731949850162,0-300 m,0.2778217073437923
89b2c1c1ca7ffff,0,0,0,0,0,0,0,0,2,0,107,0,0,117,0,0,0,0,0,0,0,0,0,0,0,0,0,0,0,2536,0,3550,0,0,1910,0,0,0,0,0,0,0,568.5662278912909,195.5459079185378,181.8669927684681,2,3550,8.971749998566553,63.372945967300986,21.795737503807043,2.9075843823239147,11546,1286.928414394599,0.0,0.30746578901784166,0.0,74.9939107585935,0-300 m,0.43862498358283214
89b2c1c0ccbffff,0,0,0,0,0,0,0,0,0,0,2,2,2,0,0,0,0,0,0,0,0,0,0,0,0,0,0,0,0,0,0,86,151,473,0,0,0,0,0,0,0,0,3.0303389099159133,1.125554452254482,0.9523922288307156,0,710,8.970147595735943,0.3378248660430535,0.12547780738741987,2.6923076923076925,1420,158.3028578788394,0.0,0.5,0.0,1416.991846568309,1-2 km,0.3626270779317872
89b2c1c162fffff,0,0,0,0,0,0,0,0,0,0,1,1,0,0,0,0,0,0,0,0,0,0,0,0,0,0,0,0,0,0,0,48,96,0,0,0,0,0,0,0,0,0,2.2187742630065106,0.898107617847408,0.7395899325389239,0,144,8.983110175412529,0.2469939942492822,0.09997735754211258,2.4704993242619273,288,32.060165619283886,0.0,0.5,0.0,3461.0243696200605,Más de 2 km,0.32720490901329885
89b2c1c192fffff,0,0,0,0,0,3,0,0,3,0,478,24,0,255,0,0,0,0,0,0,0,0,0,0,0,0,133,0,0,410,0,14230,1516,0,3297,0,0,0,0,0,0,0,683.9263490732193,225.86856180367442,201.35172568354736,0,15746,8.962688409277712,76.30816980820778,25.200983398002204,3.0279838132926615,35332,3942.120755132594,0.0,0.44565832672931055,0.0,239.59318892363794,0-300 m,0.3738574868567426
89b2c1c0953ffff,0,0,0,0,0,0,0,0,3,0,467,104,3,11,0,0,0,0,0,0,0,0,0,0,0,0,0,0,0,133,0,20940,6598,336,148,0,0,0,0,0,0,0,916.9518271759888,289.1201766554558,267.5029480399252,0,27874,8.96157688301045,102.32036606351788,32.2621989890614,3.1715248578749984,56029,6252.136284878723,0.0,0.49749237002266683,0.0,474.49894744605984,300-500 m,0.33250305681704667
89b2c1c15b7ffff,0,0,0,0,0,0,0,0,0,0,0,0,1,0,0,0,0,0,0,0,0,0,0,0,0,0,0,0,0,0,0,0,0,140,0,0,0,0,0,0,0,0,6.390299057955412,1.7858316490768702,1.745173806074796,0,140,8.980327168791646,0.7115886690813362,0.19886042184331285,3.5783322919933003,280,31.179264935141063,0.0,0.5,0.0,3079.2770807546735,Más de 2 km,0.2242438242175754
89b2c1c0263ffff,0,0,0,0,0,0,0,0,0,0,0,0,0,0,0,3,0,0,0,0,0,0,0,0,0,0,0,0,0,0,0,0,0,0,0,0,1444,0,0,0,0,0,11.54540353688004,4.213786201975527,3.7389081385752467,0,0,8.975813153364973,1.2862793977113645,0.46946010684233175,2.739912037176274,1444,160.87678913621926,0.0,0.0,1.0,1144.2971555255397,1-2 km,-0.0
89b2c1c1ea3ffff,0,0,0,0,0,0,0,0,0,0,5,8,0,2,0,0,0,0,0,0,0,0,0,0,0,0,0,0,0,0,0,211,467,0,25,0,0,0,0,0,0,0,15.168887559813628,5.4469983326584055,4.9604708374192565,0,678,8.97258387086207,1.6905818633887262,0.6070713198176064,2.7848158992203067,1381,153.913300769995,0.0,0.49094858797972485,0.0,268.1165023720913,0-300 m,0.34796678588976
89b2c1c0ec7ffff,0,0,0,13,0,0,80,0,0,0,103,49,1,112,2,0,0,0,0,0,0,0,0,0,18349,0,0,4160,0,0,0,3324,2556,130,1840,504,0,0,0,0,0,0,604.5928240769931,218.6369188241302,200.09541410888914,0,6010,8.969768826284387,67.4033897401387,24.37486662793937,2.765282402114909,36873,4110.80828437294,0.0,0.27581156944105445,0.0,324.14876080929736,300-500 m,0.49150185122793344
89b2c1c09cbffff,0,0,0,0,0,0,0,0,0,0,139,54,5,6,0,0,0,0,0,0,0,0,0,0,0,0,0,0,0,0,0,5803,3253,815,83,0,0,0,0,0,0,0,452.1974578433579,143.0909273149464,135.27560796565785,0,9871,8.962131829940242,50.45646130005355,15.966170776122194,3.1602105481367166,19825,2212.0852913332105,0.0,0.49790668348045397,0.0,510.0530898151739,500-1000 m,0.37447493641226276
89b2c1c0b4fffff,0,0,0,0,0,0,0,0,0,0,116,17,3,12,0,0,1,0,0,0,0,0,0,0,0,0,0,0,0,0,0,4710,1655,321,143,0,0,90,0,0,0,0,162.29701165358136,68.56315240170326,57.90806790684397,0,6686,8.960710811066669,18.112068905643188,7.651530536732232,2.367117117117117,13605,1518.2947298329877,0.0,0.4914369717015803,0.0,299.2707055055753,0-300 m,0.3694869478173442
89b2c1c19a7ffff,0,0,1,13,37,1,16,2,0,0,39,52,32,20,0,6,0,0,0,0,0,0,0,128,2232,3265,1120,1136,734,0,0,1396,3536,4787,248,0,1843,0,0,0,0,0,366.82807617154646,134.08162354276584,123.35848698053563,0,9719,8.963730295548615,40.92359587767976,14.958239384930035,2.735856461751041,30144,3362.8856520782983,0.10831342887473461,0.36010483014861994,0.06113986199575371,176.91808057892834,0-300 m,0.6645727848987574
89b2c1c7363ffff,0,0,0,0,0,1,0,0,0,0,12,66,6,5,0,5,0,0,0,0,0,0,0,0,0,0,216,0,0,0,0,397,4543,956,76,0,538,0,0,0,0,0,190.4742450050711,70.98240029752105,62.583182057114655,0,5896,8.954912406921357,21.27036383492164,7.926643731619074,2.683401014993897,12622,1409.5056910042256,0.0,0.46712090001584533,0.04262398985897639,3604.7526521243776,Más de 2 km,0.408434755509741
89b2c1c53abffff,0,0,0,0,0,0,0,0,0,0,0,0,3,0,0,0,0,0,0,0,0,0,0,0,0,0,0,0,0,0,0,0,0,512,0,0,0,0,0,0,0,0,7.506069293906248,2.489176852635117,1.9747296980835702,0,512,8.947840329812227,0.8388693826931269,0.2781874464547305,3.0154825222483086,1024,114.44102288998813,0.0,0.5,0.0,5173.223193524776,Más de 2 km,0.2242438242175754
89b2c1c5033ffff,0,0,0,0,0,0,0,0,0,0,11,9,28,2,0,0,0,0,0,0,0,0,0,0,0,0,0,0,0,0,0,426,637,6793,21,0,0,0,0,0,0,0,44.181922525664376,17.86108149957932,13.274681200752571,0,7856,8.951169659214989,4.935882594983581,1.9953907902071566,2.4736420651070308,15733,1757.647391232642,0.0,0.49933261297908854,0.0,3637.2797596306345,Más de 2 km,0.30598029987274145
89b2c1c1d27ffff,0,0,15,123,94,3,143,4,23,282,17,18,43,10,5,0,273,7,9,0,3,0,0,10528,397,17199,571,11166,1655,7497,3922,591,1303,7468,128,375,0,18670,705,2671,0,757,433.9235259447526,245.3168428025153,185.10776821593507,3,9362,8.966542094067096,48.39363060949297,27.359135799388532,1.7688289193174935,94965,10591.039333081993,0.1811088295687885,0.21616384983941453,0.0,33.29142649071607,0-300 m,0.7460280227190513
89b2c1c55a7ffff,0,0,0,0,11,0,0,0,0,0,0,0,0,0,0,0,0,0,0,0,0,0,0,0,0,460,0,0,0,0,0,0,0,0,0,0,0,0,0,0,0,0,21.551336261877623,9.28441650349161,7.204264753015175,0,0,8.950854890074941,2.4077405484223178,1.0372658944327804,2.32123755475347,460,51.39173918572471,1.0,0.0,0.0,5126.685420541129,Más de 2 km,-0.0
89b2c1c19afffff,0,0,9,0,25,1,129,0,0,0,42,143,26,83,0,0,0,0,0,0,0,0,0,642,0,4084,165,7924,0,0,0,1402,9406,3500,1087,0,0,0,0,0,0,0,869.3782381931151,345.1244647830205,317.3661140809816,6,14308,8.963764913251765,96.98806769328053,38.50217716807797,2.5190281388475095,42518,4743.319398876988,0.09605343619173057,0.5228844254198222,0.0,100.6491625261487,0-300 m,0.5613140938870339
89b2c1c09d3ffff,0,0,0,0,0,0,0,0,0,0,1,0,1,0,0,0,0,0,0,0,0,0,0,0,0,0,0,0,0,0,0,28,0,103,0,0,0,0,0,0,0,0,76.77888063479102,27.62079502373026,25.157790659042746,0,131,8.962651610402279,8.566536330127963,3.081766002337173,2.779749119054207,262,29.232420425213917,0.0,0.5,0.0,639.956943732116,500-1000 m,0.3081751388656857
89b2c1c0bcfffff,0,0,1,12,3,0,21,0,0,19,200,43,48,49,0,0,0,0,0,0,0,0,0,285,36,341,0,2558,0,0,19,8279,3226,6025,661,0,0,0,0,0,0,0,565.3060410551825,212.79322988387065,196.26533807958512,0,17530,8.961786503742445,63.07961485347933,23.744510070063388,2.6565978690378986,38960,4347.347482974549,0.008752566735112936,0.5156057494866529,0.0,184.345895022001,0-300 m,0.4914208953293956
89b2c1c542bffff,0,0,0,0,0,0,0,0,0,0,1,1,4,2,0,0,0,0,0,0,0,0,0,0,0,0,0,0,0,0,0,41,62,768,22,0,0,0,0,0,0,0,4.012313258110245,1.919758379325836,1.3797083015278857,0,871,8.954533326260501,0.44807619916311436,0.21438955101053217,2.09000950396646,1764,196.9951906736231,0.0,0.4937641723356009,0.0,2383.38014732659,Más de 2 km,0.31389949106280945
89b2c1c1833ffff,0,0,0,0,2,0,0,0,0,0,265,124,0,55,0,0,0,1,0,0,0,0,0,0,0,197,0,0,0,0,0,10895,7266,0,739,0,0,0,86,0,0,0,1040.8706682747413,347.9949685979957,335.31927539379586,5,18161,8.96793059054431,116.0658702434901,38.80437800945046,2.991050912224989,37344,4164.171390819541,0.0052752784918594685,0.4863164095972579,0.0,103.00759465824531,0-300 m,0.37131812756370364
89b2c1c0857ffff,0,0,0,0,0,0,0,0,0,0,81,37,0,50,0,0,0,0,0,0,0,0,0,0,0,0,0,0,0,0,0,2955,2767,0,636,0,0,0,0,0,0,0,237.7952545556754,87.22663081654576,79.87384419228148,0,5722,8.96511730237773,26.52450007459549,9.729558228246663,2.726177227408957,12080,1347.4447229816103,0.0,0.4736754966887417,0.0,207.16862105989424,0-300 m,0.3852962980304973
89b2c1c14bbffff,0,0,0,0,0,0,0,0,0,0,1,2,0,0,0,0,0,0,0,0,0,0,0,0,0,0,0,0,0,0,0,45,198,0,0,0,0,0,0,0,0,0,2.224213344242897,0.659934583638069,0.539336238942097,0,243,8.98508842867355,0.24754495872794133,0.07344775612136005,3.370354273572565,486,54.08961791061051,0.0,0.5,0.0,5276.3906490124455,Más de 2 km,0.30175256619678664
89b2c1c0167ffff,0,0,1,0,4,0,301,0,0,0,0,334,0,28,0,0,0,3,0,0,0,0,0,79,0,84,0,9093,0,0,0,0,18880,0,273,0,0,0,274,0,0,0,411.7759105020024,155.75087724710215,134.33581986313067,0,18880,8.97084386193917,45.901580368492944,17.36189812732227,2.643811179623155,47563,5301.9538331055755,0.0017660786746000042,0.5881252233879276,0.0,861.3943906601938,500-1000 m,0.3658912643750693
89b2c1c1da7ffff,1,0,0,7,37,7,0,0,0,0,56,125,17,57,0,0,9,3,0,0,1,330,0,0,558,3244,885,0,0,0,0,1786,10289,2466,767,0,0,678,140,0,0,99,374.12155274863244,144.94630305663338,137.36385615692987,2,14541,8.96761794212652,41.71916724854536,16.163300443000566,2.5811044839305475,35783,3990.245819004491,0.0906575748260347,0.4063661515244669,0.0,107.83283292303616,0-300 m,0.5405986579781213
89b2c1ce45bffff,0,0,0,0,0,0,0,0,0,0,334,1,0,13,0,0,0,0,0,0,0,0,0,0,0,0,0,0,0,0,0,11002,58,0,220,0,0,0,0,0,0,0,219.98833551323906,182.37530017718453,77.6492743093531,0,11060,8.962098376042563,24.546520946624597,20.349620426473923,1.2062397446337967,22340,2492.7197920209373,0.0,0.495076096687556,0.0,285.8811943747288,0-300 m,0.24517410710770274
89b2c1c502bffff,0,0,0,0,3,0,0,0,0,0,11,9,27,5,0,0,0,0,0,0,0,0,0,0,0,787,0,0,0,0,0,332,637,5312,60,0,0,0,0,0,0,0,51.851002899488684,16.87192186436828,14.933194761708377,0,6281,8.950649564467497,5.792987707319929,1.8849941272806432,3.0732126023528203,13409,1498.103562587387,0.058691923335073455,0.46841673502871206,0.0,3852.2612057929973,Más de 2 km,0.37172165521521355
89b2c1c5627ffff,0,0,0,0,0,0,0,0,0,0,4,4,6,0,3,0,0,1,0,0,0,0,0,0,0,0,0,0,0,0,0,163,269,1181,0,643,0,0,124,0,0,0,8.964986027263441,4.19142203872057,3.7257084788627286,0,1613,8.9541528908737,1.0012098449202025,0.46809810931334145,2.138888888888889,3993,445.93833148301127,0.0,0.40395692461808164,0.0,2286.9169360910123,Más de 2 km,0.4660738765983348
89b2c1c0a53ffff,0,0,14,270,70,3,679,0,25,214,15,18,16,17,6,2,53,9,3,0,3,0,0,9325,971,15879,217,17827,0,14248,4177,494,1567,2331,220,1602,246,4329,802,200,0,333,502.3372260434964,349.38418653133743,250.39567559510573,3,4392,8.965951922510971,56.027204962171346,38.96788534568566,1.4377789419454452,79160,8828.95655521547,0.20059373420919657,0.28068468923698836,0.0031076301162203134,38.44023696629813,0-300 m,0.703431247089491
89b2c1c7267ffff,0,0,0,0,0,0,0,0,2,0,17,25,72,9,0,0,0,0,0,0,0,0,0,0,0,0,0,0,0,140,0,647,1972,11213,148,0,0,0,0,0,0,0,160.60340172376843,59.9188294504794,50.40828772120127,0,13832,8.958451410304038,17.927585289913154,6.688525360706938,2.68034945269585,27952,3120.1821296758417,0.0,0.4948483113909559,0.0,2134.4553974824294,Más de 2 km,0.33744312759128564
89b2c1c52afffff,0,0,0,0,0,0,0,0,0,0,1,2,3,2,0,0,0,0,0,0,0,0,0,0,0,0,0,0,0,0,0,24,153,669,32,0,0,0,0,0,0,0,0.9844507574498167,0.41714015146178673,0.3337121211694294,0,846,8.951377802834381,0.10997756760284415,0.04660066423849329,2.36,1724,192.59604923100324,0.0,0.49071925754060325,0.0,3710.1201239816337,Más de 2 km,0.3445813136298224
89b2c1c42d3ffff,0,0,0,0,12,0,0,0,0,0,1,0,0,0,0,0,0,0,0,0,0,0,0,0,0,1339,0,0,0,0,0,40,0,0,0,0,0,0,0,0,0,0,30.200198006827016,11.378893399930767,10.285562349370514,0,40,8.950265274513441,3.374223788966833,1.2713470551909818,2.6540540407040605,1419,158.54278688707808,0.9436222692036645,0.028188865398167725,0.0,5432.4564180030775,Más de 2 km,0.08280708211567658
89b2c1c0363ffff,0,0,2,1,0,0,84,0,0,0,26,20,6,19,0,0,0,0,0,0,0,0,0,546,200,0,0,4200,0,0,0,1020,1478,839,264,0,0,0,0,0,0,0,218.82909683163976,79.64188231209809,72.75083950659277,0,3337,8.971680088893407,24.391094495504994,8.877031004559743,2.747663546852135,11884,1324.6125455043734,0.0,0.6342140693369236,0.0,245.87477470890323,0-300 m,0.5422788855937377
89b2c1c54abffff,0,0,0,6,30,0,0,0,0,0,10,17,20,3,0,0,14,0,0,0,0,0,0,0,916,3162,0,0,0,0,0,333,1174,2887,34,0,0,1819,0,0,0,0,97.52580138636223,43.04490345828671,33.218463804547426,0,4394,8.955607705123862,10.889914408663056,4.806474878713032,2.2656759233034642,14719,1643.5512233947754,0.21482437665602283,0.2985257150621646,0.0,2458.748531507239,Más de 2 km,0.5640189565507842
89b2c1c18b3ffff,0,0,0,0,18,0,0,0,9,0,125,64,38,34,0,0,3,2,0,0,0,0,0,0,0,1445,0,0,0,3690,0,4983,4611,5457,423,0,0,878,221,0,0,0,659.057747149971,223.6221944365149,204.55299025749858,6,15051,8.969007211596843,73.48168326788894,24.93277005590691,2.9471929153126784,36759,4098.446922026214,0.039310100927663974,0.4094507467558965,0.0,31.739928487225512,0-300 m,0.5530116435473168
89b2c1c08d7ffff,0,0,0,0,5,0,0,0,0,0,39,140,1,17,0,0,0,1,0,0,0,0,0,0,0,178,0,0,0,0,0,1595,8439,113,193,0,0,0,84,0,0,0,460.71761503761866,160.84127965848603,147.58414485924484,5,10147,8.966192261613042,51.38386525683695,17.93863827202276,2.864423958923104,20749,2314.13730540139,0.008578726685623404,0.48903561617427344,0.0,94.06787098375966,0-300 m,0.33903183800908626
89b2c1c735bffff,0,0,0,0,0,0,0,0,1,0,268,28,10,36,0,0,0,1,0,0,0,0,0,0,0,0,0,0,0,430,0,11810,1634,1751,507,0,0,0,78,0,0,0,827.9988506820591,268.9571079076336,247.57867462168247,0,15195,8.957236407223284,92.43909762327421,30.026795730292605,3.0785535177840107,31405,3506.1037324720396,0.0,0.4838401528419042,0.0,2895.9521637051107,Más de 2 km,0.3798300229111139
89b2c1c0b47ffff,0,0,0,0,0,0,0,0,0,0,2,0,1,0,0,0,0,0,0,0,0,0,0,0,0,0,0,0,0,0,0,56,0,186,0,0,0,0,0,0,0,0,152.34027336416878,63.20794552903924,53.63821798916232,0,242,8.960676084818212,17.000979828104047,7.05392594607124,2.410144359053404,484,54.01378148463884,0.0,0.5,0.0,402.27444586675966,300-500 m,0.31174964337717287
89b2c1c1e27ffff,0,0,16,0,0,0,384,0,0,0,197,11,0,13,0,0,0,1,0,0,0,0,0,1590,0,0,0,21600,0,0,0,9386,566,0,154,0,0,0,78,0,0,0,640.1834523913186,237.24905993550072,214.179811366283,0,9952,8.970916555724312,71.36210089735143,26.446468257929887,2.6983603330835573,43326,4829.606844615429,0.0,0.7282463186077643,0.0,414.98026963536233,300-500 m,0.3965125407697726
89b2c1c0e4bffff,0,0,1,0,13,3,16,3,14,0,17,44,1,28,0,0,17,0,2,0,0,0,0,105,0,8441,156,1147,261,5883,0,535,3438,119,399,0,0,3641,0,1402,0,0,199.70210005630946,80.70270594991266,73.90663862203905,3,4092,8.96931879689271,22.265024198436716,8.997640487243126,2.4745403230996073,29619,3302.2574702396655,0.28498598872345454,0.176879705594382,0.0,43.50549115931481,0-300 m,0.6380422058862264
89b2c1c56a7ffff,0,0,0,0,0,0,0,0,0,0,6,1,41,1,0,0,0,0,0,0,0,0,0,0,0,0,0,0,0,0,0,214,84,7029,3,0,0,0,0,0,0,0,128.91391129509634,42.88057715634296,38.31251113496783,0,7327,8.955227925258882,14.395380259556,4.788328953124144,3.0063473918523784,14657,1636.6975941124679,0.0,0.49989765982124584,0.0,1754.364961973397,1-2 km,0.2562432884384637
89b2c1c0ad3ffff,0,0,0,4,28,1,0,0,19,0,29,63,28,30,0,0,7,3,0,1,0,0,0,0,498,2058,171,0,0,10807,0,1072,4695,4388,393,0,0,387,370,0,519,0,391.1132435569364,255.634865447502,140.8867960560573,0,10155,8.967027731981315,43.616821007702825,28.508316589204753,1.5299683119212732,35513,3960.398145456968,0.05795060963590798,0.28595162334919605,0.0,261.3511755398861,0-300 m,0.5857405396592242
89b2c1c532fffff,0,0,0,0,0,0,0,0,0,0,0,2,5,0,0,0,0,0,0,0,0,0,0,0,0,0,0,0,0,0,0,0,166,956,0,0,0,0,0,0,0,0,0.9058328049987487,0.3841310032345545,0.30730480258764364,0,1122,8.946175410705816,0.10125363782994305,0.04293801379915579,2.358135108520875,2244,250.83344524126178,0.0,0.5,0.0,5971.5825080443365,Más de 2 km,0.29204243509795724
89b2c1c006bffff,0,0,0,0,0,0,0,0,0,0,1,2,1,1,0,0,0,0,0,0,0,0,0,0,0,0,0,0,0,0,0,40,154,356,14,0,0,0,0,0,0,0,8.44697075183974,1.9545352720183053,1.2627126398329647,0,550,8.975602467546656,0.941103483847652,0.21776090007165255,4.321728480815376,1114,124.11423122045811,0.0,0.49371633752244165,0.0,656.5571925099199,500-1000 m,0.3756091548477669
89b2c1c1cabffff,0,0,0,0,0,0,0,0,0,0,460,32,0,1,0,0,0,0,0,0,0,0,0,0,0,0,0,0,0,0,0,17263,1794,0,17,0,0,0,0,0,0,0,345.5444354402016,146.06233257038022,129.8980281026064,0,19057,8.972375274822149,38.51203553755179,16.279115406625195,2.3657326934286824,38131,4249.822241274436,0.0,0.4997770842621489,0.0,237.0437960992534,0-300 m,0.2758484138867253
89b2c1c1933ffff,0,0,0,0,0,0,0,0,0,0,0,0,0,0,0,1,0,0,1,0,0,0,0,0,0,0,0,0,0,0,0,0,0,0,0,0,2880,0,0,2279,0,0,42.27431701595751,17.521638789277418,14.180497733449275,1,0,8.963799492937467,4.716115866855928,1.9547111471070533,2.412691959032268,5159,575.5371931360971,0.0,0.0,0.5582477224268269,117.54076456986789,0-300 m,0.22204358709273989
89b2c1c0957ffff,0,0,0,0,4,0,0,0,4,0,139,221,46,100,0,0,0,0,0,0,0,0,0,0,0,164,0,0,0,267,0,5228,17848,5158,1188,0,0,0,0,0,0,0,748.5354773609702,234.2636286859835,222.71125331783054,0,28234,8.960986886312385,83.53270536578216,26.142614832280753,3.195269711989041,58087,6482.210133431397,0.002823351180126362,0.4860640074371202,0.0,208.62553890043586,0-300 m,0.40951841898207453
89b2c1c025bffff,0,0,0,0,0,0,0,0,0,0,1,1,1,0,0,0,0,0,0,0,0,0,0,0,0,0,0,0,0,0,0,23,83,108,0,0,0,0,0,0,0,0,8.385870014736087,2.1876182647137616,2.1876182647137616,0,214,8.978140339638642,0.9340319595709958,0.24366051119243368,3.8333333333333335,428,47.671342149818344,0.0,0.5,0.0,2164.4546513429004,Más de 2 km,0.37826783623446486
89b2c1c1ea7ffff,0,0,0,0,0,0,0,0,0,0,2,3,1,3,0,0,0,0,0,0,0,0,0,0,0,0,0,0,0,0,0,90,188,118,43,0,0,0,0,0,0,0,19.336360212616164,7.172966191400374,6.83374904917567,0,396,8.97199348624721,2.155191066763039,0.7994841060011368,2.69572722032322,835,93.06738812059284,0.0,0.474251497005988,0.0,314.15293533770654,300-500 m,0.4396164754238054
89b2c1c0ecbffff,0,0,0,0,7,0,0,1,8,0,169,103,10,93,0,0,8,0,0,0,0,0,0,0,0,463,0,0,225,2252,0,6104,7147,1152,1137,0,0,1111,0,0,0,0,567.1891885070949,208.14484073492267,195.09969410588158,1,14403,8.970394258055514,63.2290144881595,23.203533172246726,2.7249735641030064,33994,3789.5770266142995,0.013620050597164205,0.42369241630876037,0.0,141.1847935246743,0-300 m,0.5214301104314157
89b2c1c0b53ffff,0,0,4,34,5,0,45,0,0,0,26,83,64,46,0,0,0,1,0,0,0,0,0,1001,159,445,0,3077,0,0,0,902,5743,8097,591,0,0,0,121,0,0,0,493.227411492569,187.85729779776514,169.73236548418083,2,14742,8.961821307884822,55.03651484979017,20.961955315096926,2.6255429907415433,34878,3891.842829907076,0.012758759103159585,0.5108951201330352,0.0,123.69335354677696,0-300 m,0.5110365951582703
89b2c1c7367ffff,0,0,0,0,3,0,0,0,0,0,126,36,1,89,0,0,0,0,0,0,0,0,0,0,0,63,0,0,0,0,0,5233,2344,151,1155,0,0,0,0,0,0,0,414.628469848991,143.27768612152812,128.18581052065923,0,7728,8.954322646454141,46.30483915086324,16.000951917704825,2.8938802759370583,16674,1862.1173994219212,0.003778337531486146,0.4634760705289673,0.0,3884.056302168265,Más de 2 km,0.4026276978539129
89b2c1c5037ffff,0,0,0,0,0,0,0,0,0,0,0,0,1,0,0,0,0,0,0,0,0,0,0,0,0,0,0,0,0,0,0,0,0,193,0,0,0,0,0,0,0,0,33.91743123756216,17.236397994447422,9.975715069871223,0,193,8.950580034076717,3.789411536283845,1.9257297212945839,1.9677795354045788,386,43.125696718024734,0.0,0.5,0.0,3925.7856394935784,Más de 2 km,0.2242438242175754
89b2c1ce5d7ffff,0,0,0,0,0,0,0,0,5,0,0,2,2,0,0,0,0,0,0,0,0,0,0,0,0,0,0,0,0,5126,0,0,194,454,0,0,0,0,0,0,0,0,10.762934547597993,3.8465019668952647,3.3818347515062115,0,648,8.958420410378682,1.2014321782809736,0.4293727901448944,2.7981097215674593,6422,716.8674504893586,0.0,0.10090314543755839,0.0,940.850069707173,500-1000 m,0.22787232359443418
89b2c1c1d2bffff,0,0,27,23,455,0,178,0,4,61,4,5,11,4,0,0,192,0,4,2,0,0,0,6315,335,65402,0,5114,0,4191,919,127,357,2266,47,0,0,15488,0,109,218,0,127.24424742436688,80.26433638328908,52.76521174687857,1,2750,8.96716706211172,14.190016372283527,8.950913463230075,1.5853148877570356,103638,11557.49628418251,0.6310619656882611,0.0758795036569598,0.0,101.86959396519808,0-300 m,0.4254275693879353
89b2c1c55abffff,0,0,0,1,0,0,0,0,0,0,0,1,0,1,0,0,0,0,0,0,0,0,0,0,10,0,0,0,0,0,0,0,55,0,20,0,0,0,0,0,0,0,28.352253545716607,11.938342494681752,9.244922739790447,0,55,8.951479653392415,3.167325921918587,1.3336725275532946,2.3748902796470164,140,15.639872448008422,0.0,0.39285714285714285,0.0,4580.861445258372,Más de 2 km,0.3884098624723423
89b2c1c19b3ffff,0,0,0,0,2,0,0,19,0,0,12,43,8,25,0,0,3,0,0,0,0,0,0,0,0,134,0,0,13536,0,0,378,3765,1052,324,0,0,292,0,0,0,0,107.318637266516,41.18487331191399,37.230388566372085,3,5195,8.964875842726952,11.97101210872672,4.594026067335507,2.6057780111095012,24676,2752.519993907022,0.005430377694926244,0.21052844869508835,0.0,87.03614774372035,0-300 m,0.4142685591251581
89b2c1c09d7ffff,0,0,0,0,0,0,0,0,0,0,8,2,0,0,0,0,0,0,0,0,0,0,0,0,0,0,0,0,0,0,0,332,180,0,0,0,0,0,0,0,0,0,135.8026120753034,51.85792979389354,45.77659778714045,0,512,8.962061575107704,15.153055012754846,5.786384009894546,2.6187434133032945,1024,114.25942473372191,0.0,0.5,0.0,895.1277249200609,500-1000 m,0.3291289132329589
89b2c1c094bffff,0,0,0,0,0,0,0,0,0,0,24,58,11,3,0,0,0,0,0,0,0,0,0,0,0,0,0,0,0,0,0,968,4551,1407,43,0,0,0,0,0,0,0,56.23695537651972,19.94891998153571,19.37895083920612,0,6926,8.961056909415133,6.275705638855292,2.2261793651344783,2.8190476190476192,13895,1550.5983435280843,0.0,0.49845268082043903,0.0,176.9694566848372,0-300 m,0.3713928619607237
89b2c1c327bffff,0,0,0,0,0,0,0,0,0,0,4,2,1,1,0,0,0,0,0,0,0,0,0,0,0,0,0,0,0,0,0,150,107,245,5,0,0,0,0,0,0,0,18.089055893744536,5.846967561614395,5.116096616412596,0,502,8.988563328404929,2.012452405667652,0.6504896664784329,3.09375,1009,112.253756594387,0.0,0.4975222993062438,0.0,6539.025605698726,Más de 2 km,0.4007182205711018
89b2c1c1927ffff,0,0,2,0,0,0,180,0,0,0,374,37,0,31,0,0,0,0,0,0,0,0,0,228,0,0,0,12300,0,0,0,14120,2047,0,458,0,0,0,0,0,0,0,579.4676908578297,275.68493567598136,186.4950801271947,0,16167,8.962653907456861,64.65358328471402,30.75929724862114,2.1019200393992183,45320,5056.537992869958,0.0,0.6281332744924978,0.0,402.660468017031,300-500 m,0.41990620050776856
89b2c1c12c3ffff,0,0,0,0,0,0,0,0,0,0,0,0,1,0,0,0,0,0,0,0,0,0,0,0,0,0,0,0,0,0,0,0,0,163,0,0,0,0,0,0,0,0,7.050931358074322,3.6281625018159644,2.5024792890317715,0,163,8.983249009753733,0.78489768572803,0.4038808784969245,1.94338907216675,326,36.28976550088274,0.0,0.5,0.0,3835.626522775706,Más de 2 km,0.2242438242175754
89b2c1c0bd3ffff,0,0,2,0,16,4,29,2,4,0,46,100,10,51,0,2,4,1,0,0,0,0,0,119,0,17895,566,2246,162,1162,0,1629,7225,1240,495,0,377,545,61,0,0,0,473.3017112838635,173.6403772562912,155.2518028096928,3,10094,8.962896846398959,52.80677881214519,19.373242851283628,2.7257583677399846,43816,4888.598044905989,0.40841245207230237,0.28163228044549937,0.00860416286288114,70.32226663694443,0-300 m,0.5568306559675839
89b2c1c542fffff,0,0,0,0,0,0,0,0,0,0,5,3,15,1,0,0,0,0,0,0,0,0,0,0,0,0,0,0,0,0,0,184,183,3354,20,0,0,0,0,0,0,0,18.562351104811185,8.412247452590162,6.447637533561334,0,3721,8.953943580331943,2.0730922568671173,0.9395019498523912,2.2065864335809295,7462,833.3758117921228,0.0,0.4986598767086572,0.0,2696.2794779147166,Más de 2 km,0.2926286142905588
89b2c1c1837ffff,0,0,0,0,0,0,0,0,0,0,94,351,0,16,0,0,0,0,0,0,0,0,0,0,0,0,0,0,0,0,0,3987,21302,0,241,0,0,0,0,0,0,0,1222.085968144232,431.85555656010234,398.2428037347232,7,25289,8.967340370901844,136.28187596288674,48.15871135676215,2.8298488917883162,50819,5667.120673249201,0.0,0.49762883960723353,0.0,74.41389008495746,0-300 m,0.3030749580650153
89b2c1c085bffff,0,0,0,0,4,0,73,0,0,0,265,16,0,42,0,1,0,0,0,0,0,0,0,0,0,135,0,2612,0,0,0,9618,979,0,637,0,46,0,0,0,0,0,921.3385004704405,303.10066269308135,293.439079107384,4,10597,8.96574248473723,102.76209717587525,33.80653227650277,3.039711270454676,24624,2746.454076939918,0.005482456140350877,0.5364278752436648,0.0018680961663417803,92.1745781386173,0-300 m,0.398272194276564
89b2c1c016bffff,0,0,0,0,14,0,0,0,0,0,59,2,1,19,0,0,0,0,0,6,0,0,0,0,0,3237,0,0,0,0,0,1542,180,137,254,0,0,0,0,0,568,0,143.92999251491966,52.69683515338861,47.76425917748542,0,1859,8.97146944823022,16.043078934333593,5.873824289039293,2.7312834270971282,7777,866.8591076274746,0.4162273370194162,0.23903818953323905,0.0,570.3729486303097,500-1000 m,0.48169633064022394
89b2c1c1dabffff,0,0,0,0,15,0,0,0,7,0,80,202,2,151,0,0,6,1,4,0,0,0,0,0,0,1916,0,0,0,8272,0,2697,14225,250,2033,0,0,273,72,114,0,0,527.52585551626,210.94303174911136,200.11742530923368,3,17172,8.968243064806664,58.82153858946867,23.521110012829343,2.5007977326488877,47024,5243.390445619432,0.04074515141204491,0.36517522966995575,0.0,114.67370445434906,0-300 m,0.5006931336080961
89b2c1c0dcfffff,0,0,0,0,0,0,0,0,0,0,1,1,3,1,0,0,0,0,0,0,0,0,0,0,0,0,0,0,0,0,0,39,98,485,7,0,0,0,0,0,0,0,0.6918005429848344,0.29648594699350045,0.19765729799566698,0,622,8.96542576736114,0.07716315554174258,0.03306992380360396,2.3333333333333335,1251,139.53603905285763,0.0,0.49720223820943243,0.0,1226.069736079057,1-2 km,0.340150715671446
89b2c1c0a57ffff,0,0,5,112,46,0,102,0,10,99,117,120,34,84,0,0,79,3,14,0,0,0,0,4132,1663,4298,0,7619,0,877,1486,4342,8813,4115,1051,0,0,4083,137,1173,0,0,515.2338847138262,234.77557584230001,210.8930193872578,1,17270,8.96536177192421,57.46939140005759,26.18696063972785,2.1945804322503784,61059,6810.545023538418,0.0703909333595375,0.4076221359668517,0.0,124.08333925047391,0-300 m,0.7198195041458347
89b2c1c726bffff,0,0,2,0,5,0,0,0,0,0,16,72,38,7,0,0,0,0,0,0,0,0,0,14,0,841,0,0,0,0,0,661,5070,5589,87,0,0,0,0,0,0,0,260.3308561684145,96.4226898383635,80.58175639718132,0,11320,8.95907653431975,29.057777905028363,10.762570167694713,2.699892075245107,23582,2632.190930579046,0.03566279365617844,0.4800271393435671,0.0,1617.3780706389937,1-2 km,0.4102637313352099
89b2c1c1343ffff,0,0,0,0,0,0,0,0,0,0,8,11,4,7,0,0,0,0,0,0,0,0,0,0,0,0,0,0,0,0,0,285,788,486,87,0,0,0,0,0,0,0,78.9915077271594,26.422424604933887,25.44286833539111,0,1559,8.978036611936304,8.798305369142755,2.943007001085879,2.9895631800727793,3205,356.98228226636445,0.0,0.48642745709828394,0.0,1592.4043538485969,1-2 km,0.41882851750945316
89b2c1c0367ffff,0,0,6,0,11,0,96,0,7,0,116,137,7,127,0,0,0,2,0,0,0,0,0,522,0,435,0,4708,0,2970,0,3834,9315,774,1707,0,0,0,237,0,0,0,705.5734942011696,300.27431200531953,269.979970411019,2,13923,8.971089734525044,78.64969753738895,33.471330784901234,2.349763086589538,38425,4283.203171195827,0.011320754716981131,0.48486662329212754,0.0,52.682040196879925,0-300 m,0.5674326110440137
89b2c1c1c2fffff,0,0,0,0,0,0,0,0,0,0,59,2,0,11,0,0,0,0,0,0,0,0,0,0,0,0,0,0,0,0,0,2298,112,0,156,0,0,0,0,0,0,0,262.2968745579493,87.99908574880735,83.85234001614332,3,2410,8.970708661918271,29.239259064496302,9.809602458986765,2.9806772687011036,4976,554.694192792562,0.0,0.48432475884244375,0.0,157.1206847699831,0-300 m,0.2917700606447617
89b2c1c54afffff,0,0,0,0,40,3,0,0,7,2,70,27,14,15,0,4,2,0,0,0,0,0,0,0,0,5150,647,0,0,739,246,2940,2092,2113,235,0,363,1800,0,0,0,0,271.68743310157555,99.89609813981255,87.53695222786601,0,7145,8.955017920413972,30.33912779585102,11.155320852243985,2.719700150063192,23470,2620.87694391962,0.2194290583723903,0.3044311887515978,0.015466553046442266,2755.423575482553,Más de 2 km,0.6310262368374977
89b2c1c03d7ffff,0,0,0,0,0,0,0,0,0,0,144,2,0,0,0,0,0,0,0,0,0,0,0,0,0,0,0,0,0,0,0,6585,190,0,0,0,0,0,0,0,0,0,8.265913597543285,1.9899952813726292,1.3412167858376467,0,6775,8.974456707716108,0.9210489132379872,0.22173991654131664,4.153735275111681,13550,1509.8407002565298,0.0,0.5,0.0,388.67877527961144,300-500 m,0.2449288756391491
89b2c1c18b7ffff,0,0,0,0,12,2,0,3,0,0,37,102,34,17,0,4,0,13,0,0,0,0,0,0,0,1672,208,0,741,0,0,1302,7038,4683,218,0,450,0,10225,0,0,0,504.08622591383096,135.8749422946414,121.87096592269057,4,13023,8.968416953294465,56.20682318172769,15.150381946139222,3.709927801262522,39560,4411.03488007078,0.04226491405460061,0.3291961577350859,0.011375126390293226,49.30573924340983,0-300 m,0.5509420336427387
89b2c1c08dbffff,0,0,0,0,6,0,0,0,3,0,443,13,1,21,0,0,0,1,0,0,0,0,0,0,0,400,0,0,0,335,0,19563,700,128,257,0,0,0,193,0,0,0,1368.6906338713975,463.58694992156313,446.48182219254835,7,20391,8.966817598391415,152.639508817145,51.700276584719134,2.952392499622722,41967,4680.255791924282,0.009531298401124693,0.48588176424333407,0.0,93.62368619963652,0-300 m,0.30129145784413447
89b2c1c0e4fffff,0,0,1,0,17,0,3,0,0,0,59,170,2,87,0,0,4,0,2,0,0,0,0,12,0,670,0,151,0,0,0,1753,12016,210,1046,0,0,123,0,79,0,0,462.0798363900084,179.02686876058564,166.9791734895605,5,13979,8.968728526113376,51.52122009765547,19.96123176650185,2.5810641698032053,30039,3349.3041864895745,0.022304337694330705,0.4703884949565565,0.0,125.28796267273378,0-300 m,0.38582299200906306
89b2c1c56abffff,0,0,1,0,0,0,0,0,4,0,42,19,42,5,0,0,0,0,0,0,0,0,0,8,0,0,0,0,0,196,0,1589,1730,6440,63,0,0,0,0,0,0,0,145.17351902120856,47.22458871119854,42.21357970000698,0,9759,8.955852585728358,16.209904934405746,5.27304221001287,3.0741087002158056,19785,2209.169904329207,0.0,0.4932524639878696,0.0,1503.9113327555644,1-2 km,0.3871600571129466
89b2c1c0ad7ffff,0,0,0,0,46,0,0,0,11,0,1,2,2,1,0,4,10,0,7,0,0,0,0,0,0,7556,0,0,0,4041,0,22,153,261,14,0,277,2155,0,2860,0,0,82.46959313210569,23.06721591330271,20.514890878524444,0,436,8.966437542683046,9.197587418584542,2.572617698332872,3.575186248833177,17775,1982.3926632383757,0.42509142053445853,0.024528832630098453,0.015583684950773558,215.78482378602845,0-300 m,0.49265094368731205
89b2c1c5333ffff,0,0,0,0,0,0,0,0,0,0,0,1,1,1,0,0,0,0,0,0,0,0,0,0,0,0,0,0,0,0,0,0,91,102,8,0,0,0,0,0,0,0,1.7413070786815585,0.7002168924799691,0.4694284560516871,0,193,8.94728537554532,0.19461847986215922,0.07826026141893258,2.4868110115343605,394,44.03570283751975,0.0,0.48984771573604063,0.0,5434.373236517292,Más de 2 km,0.3613783202126765
89b2c1c006fffff,0,0,0,0,0,0,0,0,0,0,140,0,0,0,0,10,0,0,0,0,0,0,0,0,0,0,0,0,0,0,0,5766,0,0,0,0,5176,0,0,0,0,0,10.512784479937856,2.1503422799872887,1.1946345999929382,0,5766,8.975011973635853,1.1713393264342398,0.2395921349524581,4.888888888888889,16708,1861.6131152894104,0.0,0.3451041417285133,0.30979171654297344,365.46371849623796,300-500 m,0.35500962980212053
89b2c1c1cafffff,0,0,0,0,1,0,0,0,0,0,170,0,0,0,0,0,0,0,0,0,0,0,0,0,0,28,0,0,0,0,0,5526,0,0,0,0,0,0,0,0,0,0,23.196885073180464,12.164220221301951,8.769554113031639,0,5526,8.971784896473586,2.585537364175788,1.355830569019011,1.9069767441860463,11080,1234.9827963837006,0.002527075812274368,0.4987364620938628,0.0,321.03704241249426,300-500 m,0.229383160884679
89b2c1c0ac7ffff,0,0,0,0,1,0,0,0,0,0,52,72,2,50,0,0,0,0,0,0,5,0,0,0,0,99,0,0,0,0,0,1517,6156,217,607,0,0,0,0,0,0,8122,171.84828488778322,65.30836699449542,56.199152718224624,3,7890,8.965882261717404,19.166912956412823,7.2840982167867185,2.6313364243553607,24608,2744.626717336166,0.004023081924577373,0.32062743823146944,0.0,64.7273238723159,0-300 m,0.45428285748486225
89b2c1c1937ffff,0,0,0,3,0,0,0,0,0,0,178,4,3,2,0,0,0,0,0,0,0,0,0,0,425,0,0,0,0,0,0,6769,269,351,30,0,0,0,0,0,0,0,240.79748530684878,104.84363474191525,78.40906886627037,2,7389,8.963209419847995,26.865096421113453,11.697108684055857,2.296729657452259,15233,1699.5028551121738,0.0,0.48506531871594566,0.0,144.40280164136786,0-300 m,0.3175776819435087
89b2c1c095bffff,0,0,0,0,0,0,0,0,0,0,66,6,0,2,0,0,0,1,0,0,0,0,0,0,0,0,0,0,0,0,0,3135,570,0,16,0,0,0,76,0,0,0,153.7266744420685,50.66514894669153,48.20308878877535,0,3705,8.961611914493238,17.15390890710775,5.653575431530673,3.0341699893908425,7502,837.1261857330968,0.0,0.49386830178619034,0.0,455.13253211629615,300-500 m,0.3133256180058334
89b2c1c1aa3ffff,0,0,0,0,0,0,0,0,0,0,33,1,0,0,0,0,0,0,0,0,0,0,0,0,0,0,0,0,0,0,0,1386,78,0,0,0,0,0,0,0,0,0,50.319521014083605,9.610535100135321,8.851474430472159,0,1464,8.968693201149142,5.610574460015675,1.071564706762847,5.235870894782444,2928,326.4689664738271,0.0,0.5,0.0,635.6218076135208,500-1000 m,0.2578988545241671
89b2c1c569bffff,0,0,0,0,0,0,0,0,0,0,237,27,0,0,0,0,0,0,0,0,0,0,0,0,0,0,0,0,0,0,0,9353,1924,0,0,0,0,0,0,0,0,0,181.3495012526382,67.37117275233136,62.76202214241365,0,11277,8.958142179361854,20.244097227038754,7.520663481714313,2.6917967113220933,22554,2517.7095371360433,0.0,0.5,0.0,465.1291149044337,300-500 m,0.29814388970854233
89b2c1c0ecfffff,0,0,0,0,0,0,0,0,0,0,470,11,0,126,0,0,0,0,0,0,0,0,0,0,0,0,0,0,0,0,0,15197,711,0,1507,0,0,0,0,0,0,0,625.8236914446487,228.27797387088964,217.12417352116037,2,15908,8.969803948700303,69.77005239176144,25.449605718970748,2.7414983619865336,33323,3715.0198812124986,0.0,0.47738799027698586,0.0,120.38199389577277,0-300 m,0.30189489149113646
89b2c1c0b57ffff,0,0,0,1,12,0,4,0,7,0,28,43,66,27,0,0,0,0,0,0,0,0,0,0,18,1154,0,370,0,777,0,934,3163,8032,356,0,0,0,0,0,0,0,284.7940654268816,107.59810780495249,97.28513100056331,2,12129,8.961231303820806,31.780684570149837,12.007067350116921,2.6468315404127694,26933,3005.5021555482626,0.04284706493892251,0.4640775257119519,0.0,112.84287190691265,0-300 m,0.467942892058605
89b2c1c736bffff,0,0,0,1,2,0,0,0,0,0,93,56,14,20,0,0,0,0,0,0,0,0,0,0,43,97,0,0,0,0,0,3662,3885,1779,250,0,0,0,0,0,0,0,326.5506703479493,127.55490497930943,113.74645193552264,0,9326,8.954947615993257,36.465949813568976,14.244070479150581,2.560079288216465,19042,2126.4222658311905,0.005094002730805587,0.48975947904631867,0.0,3310.692520320077,Más de 2 km,0.42379733907475275
89b2c1c503bffff,0,0,0,0,0,0,0,0,0,0,6,4,20,10,0,0,0,0,0,0,0,0,0,0,0,0,0,0,0,0,0,219,336,5141,144,0,0,0,0,0,0,0,43.747882969346854,15.864248408769575,13.43570485328815,0,5696,8.951204444429885,4.887373899338216,1.7723032143055906,2.757639810100523,11536,1288.765112183151,0.0,0.49375866851595007,0.0,3597.747590679876,Más de 2 km,0.3046221265919915
89b2c1c1d2fffff,2,0,16,8,160,5,179,0,22,28,5,4,10,7,0,4,106,8,0,3,0,1770,0,3327,109,17977,2311,15311,0,9625,2124,158,332,2127,93,0,514,19036,3068,0,784,0,422.6389185619097,229.75831031235998,182.03067543443,1,2617,8.966576868658034,47.134923923890156,25.623859994493788,1.8394935007457425,81283,9065.109371238243,0.22116555737362056,0.22056272529311172,0.00632358549758252,77.0103774510392,0-300 m,0.6822993428584078
89b2c1c11b7ffff,0,0,0,0,0,0,0,1,0,0,6,4,1,2,0,0,0,0,0,0,0,0,0,0,0,0,0,0,40,0,0,193,334,144,16,0,0,0,0,0,0,0,7.0569547403773765,2.5430006903803624,2.214889738034837,0,671,8.976438656872729,0.7861642027681305,0.2832972838769791,2.775050265252524,1398,155.7410520406814,0.0,0.4799713876967096,0.0,1395.978968432946,1-2 km,0.4382633283826018
89b2c1c55afffff,0,0,0,0,0,0,0,0,0,0,4,10,2,4,0,0,0,0,0,0,0,0,0,0,0,0,0,0,0,0,0,144,704,382,66,0,0,0,0,0,0,0,57.69880262516628,23.314984026600087,20.200497318181522,0,1230,8.950890015743008,6.4461525640114505,2.6047671221066526,2.4747519689199726,2526,282.2065733750744,0.0,0.48693586698337293,0.0,4888.876724487223,Más de 2 km,0.40461403700521714
89b2c1c19b7ffff,0,0,0,0,20,0,0,6,0,4,82,87,44,55,0,0,1,1,0,0,0,0,0,0,0,2181,0,0,306,0,158,2771,6650,5823,649,0,0,154,102,0,0,0,388.4510370241774,156.2181593475737,152.6151601275943,2,15244,8.96428573091915,43.333183332649945,17.42672690683588,2.4865933553851636,34038,3797.0677220381203,0.06407544509078089,0.44785240025853457,0.0,136.10557345594404,0-300 m,0.5000624078784596
89b2c1c09dbffff,0,0,0,0,0,0,0,0,0,0,0,0,3,0,0,0,0,0,0,0,0,0,0,0,0,0,0,0,0,0,0,0,0,400,0,0,0,0,0,0,0,0,100.5450727115944,35.37567943899956,32.26451680163677,0,400,8.9626867578091,11.218184393646299,3.9469949575306846,2.842208949936082,800,89.25894897564817,0.0,0.5,0.0,387.76503614163727,300-500 m,0.2242438242175754
89b2c1c12c7ffff,0,0,0,0,0,0,0,0,0,0,0,6,0,0,0,0,0,0,0,0,0,0,0,0,0,0,0,0,0,0,0,0,414,0,0,0,0,0,0,0,0,0,8.709917443484782,4.578289938242001,3.1266370309945373,0,414,8.982658249098288,0.9696369606802213,0.5096809665113985,1.9024390243902438,828,92.17761346794171,0.0,0.5,0.0,3524.546009499348,Más de 2 km,0.2242438242175754
89b2c1ce557ffff,0,0,0,0,0,0,0,10,0,0,0,0,1,0,0,0,0,0,0,0,0,0,0,0,0,0,0,0,3022,0,0,0,0,150,0,0,0,0,0,0,0,0,5.15510902656343,2.0262704820618214,1.6765316778942154,0,150,8.957344371825396,0.575517565538555,0.22621330585829563,2.544136664971734,3322,370.8688493041624,0.0,0.04515352197471403,0.0,1098.4980257616623,1-2 km,0.1183560931807192
89b2c1c1bb3ffff,0,0,0,0,1,0,0,0,0,0,13,10,0,1,1,0,0,0,0,0,0,0,0,0,0,81,0,0,0,0,0,650,613,0,5,689,0,0,0,0,0,0,416.84451661675564,133.80262929051707,124.46996700949559,0,1263,8.965117649682838,46.49626841556312,14.92480461706497,3.115368650280316,3301,368.20487237184005,0.024538018782187216,0.3826113299000303,0.0,351.78587161782536,300-500 m,0.4619946951589283
89b2c1c0bd7ffff,0,0,1,0,32,8,32,0,13,0,39,69,6,23,0,0,0,6,0,0,0,0,0,133,0,6142,937,2432,0,3642,0,1410,4523,829,287,0,0,0,522,0,0,0,326.4986155819772,134.83800761579283,118.10628308363695,2,6762,8.962306803599803,36.430198467523525,15.045011353732473,2.4214138235585754,27619,3081.6842812061,0.22238314203990006,0.3328867808392773,0.0,104.63548827763685,0-300 m,0.6393691449562328
89b2c1c5433ffff,0,0,0,0,0,0,32,0,0,0,24,2,0,0,0,0,0,0,0,0,0,0,0,0,0,0,0,1936,0,0,0,1042,104,0,0,0,0,0,0,0,0,0,125.07579200539811,51.4429240922109,40.96746087618278,0,1146,8.955053015873089,13.96706326402509,5.744569462740962,2.431350748670528,4228,472.1356749653797,0.0,0.728949858088931,0.0,2501.5181602150346,Más de 2 km,0.37133944616180803
89b2c1c183bffff,0,0,0,0,0,0,0,0,1,0,209,142,0,144,0,0,0,0,0,0,0,0,0,0,0,0,0,0,0,120,0,7616,7586,0,2708,0,0,0,0,0,0,0,847.5723272249978,291.7035501348149,276.34720055813534,7,15202,8.967965139485996,94.51110860067159,32.527284127192104,2.905594830207861,33232,3705.6343867439155,0.0,0.4574506499759268,0.0,56.04202517084883,0-300 m,0.4067343738610152
89b2c1c50bbffff,0,0,0,0,0,0,0,0,0,0,0,0,1,0,0,0,0,0,0,0,0,0,0,0,0,0,0,0,0,0,0,0,0,265,0,0,0,0,0,0,0,0,45.221611249139414,14.967716399363047,13.375406144111658,0,265,8.952279284537477,5.0514075591058605,1.6719447554787004,3.0212765957446805,530,59.20279999702698,0.0,0.5,0.0,3202.8323080566342,Más de 2 km,0.2242438242175754
89b2c1c14c3ffff,0,0,0,0,0,0,0,0,0,0,0,0,0,0,0,0,0,1,0,0,0,0,0,0,0,0,0,0,0,0,0,0,0,0,0,0,0,0,30,0,0,0,4.370604084946823,1.2668417637527023,1.2034996755650673,0,0,8.986896229109119,0.48633076131336234,0.14096543806184417,3.45,30,3.338193658320892,0.0,0.0,0.0,5619.503187595218,Más de 2 km,-0.0
89b2c1c016fffff,0,0,0,0,0,0,39,0,0,0,11,121,0,56,0,0,0,1,0,0,0,0,0,0,0,0,0,1899,0,0,0,506,6652,0,560,0,0,0,60,0,0,0,459.33846293656813,175.77660661899225,153.61902961454535,0,7158,8.970879100351516,51.20328317863178,19.594133936339038,2.6131945073454257,16835,1876.6276762486227,0.0,0.537986337986338,0.0,580.7891630518544,500-1000 m,0.39317038580626684
89b2c1c08cbffff,0,0,0,0,7,0,517,1,0,0,114,2,0,15,0,0,0,1,0,0,0,0,0,0,0,218,0,20655,510,0,0,4648,110,0,235,0,0,0,38,0,0,0,1978.8213982433558,763.5335194897809,677.9022431721006,6,4758,8.96626253168038,220.69634825565407,85.15627518065612,2.591662772795714,31172,3476.5879194213167,0.0069934556653406905,0.8152508661619402,0.0,36.832882547191716,0-300 m,0.32685843727618275
89b2c1c1dafffff,0,0,0,12,75,7,0,5,0,0,98,66,38,39,0,2,10,0,3,0,0,0,0,0,851,6886,556,0,3519,0,0,3504,5147,5609,490,0,182,821,0,251,0,0,390.38347763546284,152.3831924274639,130.8509414238702,2,14260,8.967652832636226,43.53240306256387,16.99253921526618,2.5618539119482597,42076,4691.974676681467,0.16365624108755586,0.33891054282726496,0.004325506226827645,135.5935427377658,0-300 m,0.621769042443278
89b2c1c18a7ffff,0,0,0,1,19,3,4,0,5,0,54,116,84,30,0,1,2,0,0,0,0,0,0,0,305,1641,238,229,0,285,0,1883,8693,11898,437,0,210,174,0,0,0,0,818.3843572199213,277.64455876527444,280.0380737062495,2,22474,8.967861378782597,91.25747183784172,30.959952104318226,2.9475973196067486,48467,5404.521541185941,0.03385808900901644,0.4684218127798296,0.004332845028576145,45.84089599443172,0-300 m,0.46907228221243
89b2c1c562fffff,0,0,0,0,0,0,0,0,0,0,2,0,4,0,0,0,0,0,0,0,0,0,0,0,0,0,0,0,0,0,0,49,0,945,0,0,0,0,0,0,0,0,9.12100751721135,4.2643671509040075,3.79054857858134,0,994,8.954187643488645,1.018630375011631,0.47624277273271054,2.138888888888889,1988,222.01902385255963,0.0,0.5,0.0,2319.793971467873,Más de 2 km,0.2560189379531387
89b2c1c0a5bffff,1,0,11,109,36,0,115,1,23,66,13,20,42,19,0,2,62,19,0,0,5,1266,0,2199,375,6022,0,5895,17,18602,2666,392,1594,7628,261,0,254,7579,4748,0,0,280,219.14471213049214,135.47710832795983,89.61249723652898,2,9614,8.965986696051322,24.441784218462523,15.110117036825942,1.6175774257005229,69392,7739.471666912095,0.08678233802167397,0.22349838598109292,0.0036603643071247407,29.603329987966397,0-300 m,0.7227434516352367
89b2c1c726fffff,0,0,0,0,3,0,0,0,0,0,33,21,28,2,0,0,0,1,0,0,0,0,0,0,0,226,0,0,0,0,0,1516,1542,4565,17,0,0,0,75,0,0,0,257.6829127822052,113.73616005371564,90.67719365179116,0,7623,8.958486625877038,28.76411201395057,12.69591224539902,2.265619945851047,15564,1737.3470151802878,0.014520688768953996,0.4897841171935235,0.0,1794.5525867906233,1-2 km,0.40758386244794303
89b2c1c42dbffff,0,0,0,0,0,0,0,0,0,0,5,7,0,3,0,0,0,0,0,0,0,0,0,0,0,0,0,0,0,0,0,173,432,0,45,0,0,0,0,0,0,0,60.31656255736308,24.586027936100027,18.437121631492772,0,605,8.950300399120662,6.739054542045201,2.7469500284611144,2.453286180025826,1255,140.218757364088,0.0,0.4820717131474104,0.0,5197.455021795962,Más de 2 km,0.35953926995794816
89b2c1c036bffff,0,0,3,0,0,0,58,2,0,0,62,10,4,142,0,0,0,4,0,0,1,0,0,36,0,0,0,3248,183,0,0,2290,649,634,2507,0,0,0,129,0,0,203,536.5069279598894,175.8321615249884,169.6314945059162,7,3573,8.971715062695713,59.7998180070028,19.598500431215932,3.051244569291401,13452,1499.3788708173824,0.0,0.5070621468926554,0.0,51.2815943295706,0-300 m,0.5765561873720568
89b2c1c1c33ffff,0,0,4,232,1,0,288,0,0,153,305,0,0,12,0,0,0,0,0,0,0,0,0,3941,863,28,0,16000,0,0,1989,14566,0,0,144,0,0,0,0,0,0,0,833.4684449349046,279.3069741417514,258.3177604645109,4,14566,8.971819756391596,92.89848297956888,31.131585534001715,2.9840588388312494,52097,5806.7372522598525,0.000537458970766071,0.586713246444133,0.0,111.88302196430985,0-300 m,0.4799098853141658
89b2c1c54b3ffff,0,0,0,4,3,0,0,0,0,0,25,47,20,12,0,0,0,1,0,0,0,0,0,0,72,403,0,0,0,0,0,951,3010,3166,204,0,0,0,41,0,0,0,184.44041817366164,71.54513438522135,62.01998993752413,0,7127,8.956127201957829,20.593769384309613,7.988400875947969,2.5779589312192335,14974,1671.928017807368,0.02691331641511954,0.4759583277681314,0.0,2756.3192511858933,Más de 2 km,0.4455171611616586
89b2c1c18bbffff,0,0,0,0,13,2,0,0,0,0,495,98,1,131,0,0,0,2,0,0,0,0,0,0,0,522,108,0,0,0,0,19880,5972,116,1876,0,0,0,181,0,0,0,1611.9929870647557,508.74986342878213,478.2389863267178,3,25968,8.969041876439974,179.7285606725915,56.72287747537166,3.168537434488004,54623,6090.171141187844,0.009556413964813357,0.4754041337897955,0.0,128.11111446904735,0-300 m,0.37782845004105514
89b2c1c1e2fffff,0,0,6,0,0,0,144,0,0,0,169,0,0,1,0,9,0,1,0,0,0,0,0,612,0,0,0,8208,0,0,0,7901,0,0,9,0,6452,0,78,0,0,0,383.5062271582666,117.44941411906429,111.21058032435474,0,7901,8.970951071864537,42.74978473141511,13.092192029384618,3.2652885502646045,31161,3473.5447502026614,0.0,0.5169603029427811,0.2070536889060043,337.3575015251719,300-500 m,0.47486959826834446
89b2c1c0e53ffff,0,0,0,0,21,0,0,0,4,0,232,69,15,121,0,0,0,5,0,0,0,0,0,0,0,1453,0,0,0,259,0,8742,4745,1920,1808,0,0,0,244,0,0,0,693.7751202365844,245.88330732952414,230.52066674648214,1,15407,8.969839033375573,77.3453255576984,27.41223185997265,2.8215625036587433,34578,3854.918674832389,0.04202093816877783,0.44557232922667594,0.0,154.86957970787853,0-300 m,0.48527969060496434
89b2c1c56afffff,0,0,0,0,0,0,0,0,0,0,1,3,22,0,0,0,0,0,0,0,0,0,0,0,0,0,0,0,0,0,0,45,194,5987,0,0,0,0,0,0,0,0,55.488303507127675,18.989389860191512,16.36058551003566,0,6226,8.955262793457054,6.196166967614714,2.120472653696511,2.922068792923717,12452,1390.4672913784007,0.0,0.5,0.0,1772.1892625443431,1-2 km,0.2535792222161362
89b2c1c1ab7ffff,0,0,0,0,0,0,0,0,0,0,466,0,0,0,0,0,0,0,0,0,0,0,0,0,0,0,0,0,0,0,0,19232,0,0,0,0,0,0,0,0,0,0,285.5636652186077,100.82193619984487,93.42823818182859,0,19232,8.968658803085418,31.84017493455849,11.241584546081727,2.832356488895192,38464,4288.712598450899,0.0,0.5,0.0,493.58159073992493,300-500 m,0.2242438242175754
89b2c1c0adbffff,0,0,3,15,55,0,1,4,0,0,27,54,36,40,6,0,19,3,0,1,0,0,0,545,1695,6264,0,123,339,0,0,926,4023,6566,486,486,0,1713,789,0,60,0,235.88802236472793,104.44037761209654,92.48876015645628,7,11515,8.967062621450978,26.306052753600422,11.647111436721163,2.2585902862285976,35530,3962.2785632170394,0.1763017168589924,0.32755417956656346,0.0,36.57665703719559,0-300 m,0.633136104047
89b2c1c104fffff,0,0,0,0,0,0,0,0,0,0,0,0,1,0,0,0,0,0,0,0,0,0,0,0,0,0,0,0,0,0,0,0,0,200,0,0,0,0,0,0,0,0,0.4810504319655051,0.19242017278620205,0.14431512958965154,0,200,8.9813727308972,0.05356090281284321,0.021424361125137285,2.5,400,44.536621737559464,0.0,0.5,0.0,2661.720024465268,Más de 2 km,0.2242438242175754
89b2c1c0cd7ffff,0,0,0,0,0,0,0,0,0,0,1,3,2,0,0,0,0,0,0,0,0,0,0,0,0,0,0,0,0,0,0,34,181,786,0,0,0,0,0,0,0,0,1.88458290924964,0.7519625856618043,0.6110424407591104,0,1001,8.970076779075285,0.21009663079427057,0.08383011697468695,2.506218986402114,2002,223.18649542332946,0.0,0.5,0.0,1771.2755587657382,1-2 km,0.32356262794422047
89b2c1c5533ffff,0,0,0,0,0,0,0,0,0,0,9,9,3,6,0,0,0,1,0,0,0,0,0,0,0,0,0,0,0,0,0,308,642,373,68,0,0,0,20,0,0,0,62.860426403318925,24.92116698378827,21.95430092056743,0,1323,8.950925103531594,7.022785430135853,2.7842001464134256,2.52237090037601,2734,305.44328864077954,0.0,0.4839063643013899,0.0,4663.923775805644,Más de 2 km,0.4325652101211419
89b2c1c193bffff,0,0,0,18,9,0,0,0,0,0,0,0,0,0,0,28,3,26,0,0,0,0,0,0,5068,5400,0,0,0,0,0,0,0,0,0,0,6723,140,18292,0,0,0,47.301778624241756,18.25231675174546,15.938642797298852,0,0,8.963834034695076,5.276958323989187,2.0362176141480015,2.5915492957746475,35623,3974.0807183755264,0.151587457541476,0.0,0.18872638463913763,190.5770359996945,0-300 m,0.4018477468777008
89b2c1c1eafffff,0,0,0,0,0,0,0,0,0,0,303,15,1,6,0,0,0,0,0,0,0,0,0,0,0,0,0,0,0,0,0,11490,1039,154,85,0,0,0,0,0,0,0,440.75241807207846,143.93076421670196,136.54419213522732,2,12683,8.97202811841388,49.12517128290018,16.04216597597409,3.0622530247145927,25451,2836.7053317371187,0.0,0.49833012455306275,0.0,45.58418440353049,0-300 m,0.286841018808613
89b2c1c0ed3ffff,0,0,0,0,17,0,0,0,0,0,1,0,3,1,0,0,0,0,0,0,0,0,0,0,0,5605,0,0,0,0,0,31,0,362,2,0,0,0,0,0,0,0,235.4648293676397,91.06568718119338,81.22367862536579,0,393,8.970914301006308,26.247584300434855,10.151215820998104,2.5856591725831417,6393,712.6363919542591,0.876740184576881,0.061473486625997185,0.0,269.8202621644129,0-300 m,0.1545565220733459
89b2c1c0b5bffff,0,0,0,0,14,0,4,0,0,0,48,138,66,58,0,0,0,0,1,0,0,0,0,0,0,1057,0,220,0,0,0,1635,9257,8093,734,0,0,0,0,101,0,0,485.49565770872243,195.3864801427773,182.42639964056514,4,18985,8.961856074146231,54.17356111188988,21.802010490487728,2.484796580367024,40082,4472.511014278757,0.02637093957387356,0.4791427573474378,0.0,91.49499682032825,0-300 m,0.4395731640325413
89b2c1c736fffff,0,0,0,0,0,0,0,0,0,0,10,9,4,12,0,0,0,0,0,0,0,0,0,0,0,0,0,0,0,0,0,394,649,742,195,0,0,0,0,0,0,0,61.78269021463017,21.582750038935696,19.438269852479145,0,1785,8.954357854363726,6.899734321487009,2.410306846114909,2.8625958278334784,3765,420.46566166274033,0.0,0.47410358565737054,0.0,3596.6689711499303,Más de 2 km,0.4420883035771205
89b2c1c0a47ffff,0,0,5,29,14,1,40,0,12,47,76,96,115,126,0,0,15,1,0,0,0,0,0,786,161,804,172,2918,0,1261,427,2390,7595,13415,1549,0,0,1027,48,0,0,0,509.26649985537074,238.27842927130814,220.45868736851926,0,23400,8.964806413712658,56.8073058528505,26.57931674986702,2.137274873822131,55953,6241.406386022316,0.014369202723714546,0.47035905134666595,0.0,356.82594280924036,300-500 m,0.5576426854683751
89b2c1c1d33ffff,0,0,5,0,69,0,73,0,9,22,8,18,17,10,0,0,98,2,16,0,0,0,0,1067,0,8177,0,4547,0,3255,286,230,1283,2861,125,0,0,6599,447,18357,0,0,199.06552745410193,90.27568263268692,74.23573660087771,5,4374,8.967687685235855,22.19808878735125,10.06677371038626,2.2050847099551536,51608,5754.8837349639125,0.15844442722058596,0.1728607967756937,0.0,61.62906364680421,0-300 m,0.6344497434369354
89b2c1c19bbffff,4,0,0,0,4,0,0,0,9,0,109,248,37,203,15,0,0,6,2,0,0,218,0,0,0,221,0,0,0,6109,0,3507,16652,4964,2485,2441,0,0,437,868,0,0,665.2578488446884,253.73493029130717,235.34159079247775,1,25123,8.96491050044923,74.20685893198292,28.303119175433213,2.6218615154047624,63025,7030.187306035216,0.003506545021816739,0.3986195953986513,0.0,147.67311033847417,0-300 m,0.5472991309419913
89b2c1c0667ffff,0,0,0,0,0,0,0,0,0,0,0,0,1,0,0,0,0,0,0,0,0,0,0,0,0,0,0,0,0,0,0,0,0,116,0,0,0,0,0,0,0,0,10.057077463156551,2.7315519035733846,2.7315519035733846,0,116,8.979110614680067,1.1200527418288067,0.3042118558053549,3.681818181818181,232,25.837748297776855,0.0,0.5,0.0,2225.8043781508236,Más de 2 km,0.2242438242175754
89b2c1c12cbffff,0,0,0,0,0,0,0,0,0,0,0,7,10,0,0,0,0,0,0,0,0,0,0,0,0,0,0,0,0,0,0,0,575,1830,0,0,0,0,0,0,0,0,3.3407136383027174,1.503321137236223,1.1066113926877752,0,2405,8.983283623114158,0.37188112704212056,0.16734650716895427,2.222222222222222,4810,535.4389554865861,0.0,0.5,0.0,3997.370940776663,Más de 2 km,0.31321432759947176
89b2c1c1bb7ffff,0,0,0,0,0,0,0,0,0,0,0,0,1,0,0,0,0,0,0,0,0,0,0,0,0,0,0,0,0,0,0,0,0,136,0,0,0,0,0,0,0,0,36.8488764436312,26.38716842042072,11.380985843149052,0,136,8.964527530657586,4.110520751663995,2.9435091063282295,1.3964695209628588,272,30.34181099559272,0.0,0.5,0.0,552.8189076197156,500-1000 m,0.2242438242175754
89b2c1c0bdbffff,0,0,0,0,34,0,0,0,5,0,74,111,14,102,0,0,5,4,4,1,0,0,0,0,0,2706,0,0,0,833,0,2408,7870,1664,1225,0,0,136,269,976,106,0,454.4052177892217,146.78164694987063,139.19306709238614,6,11942,8.962931728460285,50.69827948664768,16.37652181191899,3.09579042906101,30135,3362.181138154982,0.08979591836734693,0.39628339140534263,0.0,22.02847628072395,0-300 m,0.5572790213154291
89b2c1c5437ffff,0,0,0,0,0,0,0,5,2,0,75,12,7,11,0,0,4,0,0,0,0,0,0,0,0,0,0,0,3236,1545,0,3189,799,1201,141,0,0,691,0,0,0,0,335.6078983616613,118.89701793607296,106.88788655908077,0,5189,8.9544632510905,37.47939870329916,13.277961459230216,2.822677172123078,15991,1785.8133482263797,0.0,0.3244950284535051,0.0,2807.8363445363025,Más de 2 km,0.5685734232804461
89b2c1c0863ffff,0,0,0,0,14,1,0,1,13,0,99,65,22,51,0,0,0,0,0,0,0,0,0,0,0,2119,170,0,195,1661,0,3578,4673,3063,549,0,0,0,0,0,0,0,585.5877177325392,205.20783114562,190.0809845677142,5,11314,8.96341703013277,65.33085716796836,22.893928783605904,2.853632409949274,27322,3048.1678926853738,0.07755654783690799,0.41409852865822416,0.0,44.54291458580871,0-300 m,0.5475784370414913
89b2c1c1d9bffff,0,0,1,0,4,0,16,20,5,0,32,68,5,43,0,0,0,0,0,0,0,0,0,88,0,135,0,786,13545,548,0,1025,5180,591,529,0,0,0,0,0,0,0,260.5007926206041,91.59879819242019,91.43647891982675,3,6796,8.970534372834686,29.039606983668012,10.21107487975379,2.8439324288226366,29223,3257.6654617695353,0.004619648906683092,0.25945317044793487,0.0,34.54309529235456,0-300 m,0.4805714757903198
89b2c1c14c7ffff,0,0,0,0,0,0,0,0,0,0,1,2,0,0,0,0,0,0,0,0,0,0,0,0,0,0,0,0,0,0,0,41,195,0,0,0,0,0,0,0,0,0,4.3703167162765775,1.2667584684859645,1.2034205450616664,0,236,8.98630533769713,0.4863307613133624,0.14096543806184417,3.4499999999999997,472,52.52436705216126,0.0,0.5,0.0,5435.675756208466,Más de 2 km,0.2989354115092215
89b2c1c015bffff,0,0,0,0,4,0,0,0,0,0,20,116,1,96,0,15,0,0,0,0,0,0,0,0,0,154,0,0,0,0,0,624,7807,104,890,0,18233,0,0,0,0,0,411.97428714869176,136.96831066685323,129.7694630234714,2,8535,8.973760522346057,45.908767692519966,15.263201009853214,3.0078073179330733,36347,4050.3643828571453,0.004236938399317687,0.23481993011802899,0.5016369989270091,150.72778931671198,0-300 m,0.3937831689421377
89b2c1c1db3ffff,0,0,0,0,17,0,84,0,2,0,79,97,5,41,0,0,0,0,0,0,0,0,0,0,0,19719,0,4008,0,822,0,2631,7145,594,540,0,0,0,0,0,0,0,451.655837047402,176.9906244561059,158.91996281223265,0,10370,8.968763494604255,50.35876320287908,19.73411658837767,2.551863063003169,45829,5109.845970135284,0.43027340766763406,0.31373148006720636,0.0,176.07137187481595,0-300 m,0.5004085150070159
89b2c1c5633ffff,0,0,0,0,0,0,0,0,0,0,0,0,0,0,0,5,0,1,0,0,0,0,0,0,0,0,0,0,0,0,0,0,0,0,0,0,5103,0,50,0,0,0,2.9698801303876503,1.2726629528439963,0.9175950021173513,0,0,8.955297623927006,0.3316338836637483,0.14211285948148292,2.333595178323463,5153,575.4135949912011,0.0,0.0,0.9902969144187852,1762.2976673521941,1-2 km,0.01767451632452009
89b2c1c036fffff,0,0,3,0,2,1,54,0,0,0,45,59,3,50,0,0,0,0,0,0,0,0,0,351,0,97,184,2700,0,0,0,1356,3612,391,657,0,0,0,0,0,0,0,304.9135271532862,124.80278082265676,114.06404894482155,3,5359,8.97112470729064,33.988327785198386,13.911609178861623,2.4431629258851584,14707,1639.3708124520817,0.006595498742095601,0.5479703542530767,0.0,148.36657296360127,0-300 m,0.5357581207810397
89b2c1c1c37ffff,0,0,0,0,0,0,0,1,0,0,99,0,0,4,0,0,0,0,0,0,0,0,0,0,0,0,0,0,295,0,0,4903,0,0,56,0,0,0,0,0,0,0,392.633188338073,141.54432165489234,131.59098003970664,0,4903,8.971229397841173,43.76581747341739,15.777583581683178,2.7739239818844545,10157,1132.1748168031652,0.0,0.4827212759673132,0.0,171.0649162966002,0-300 m,0.2700076872457341
89b2c1c0c5bffff,0,0,0,0,0,0,0,0,0,0,0,0,2,0,0,0,0,0,0,0,0,0,0,0,0,0,0,0,0,0,0,0,0,305,0,0,0,0,0,0,0,0,14.387933859238682,4.947623069955216,4.428016489806493,0,305,8.969627956626944,1.604072535540182,0.5515973565324759,2.90804971514714,610,68.00728000644882,0.0,0.5,0.0,927.3225255300629,500-1000 m,0.2242438242175754
89b2c1ce4d7ffff,0,0,0,0,22,0,0,0,2,0,321,74,11,125,0,0,0,4,0,0,0,0,0,0,0,891,0,0,0,254,0,11788,5017,1557,1741,0,0,0,167,0,0,0,831.1973830577383,279.73393490935723,253.0429987659022,4,18362,8.962550174443074,92.74116929664925,31.21142191281955,2.9713855894068515,39777,4438.134149968283,0.022399879327249416,0.4616235512984891,0.0,51.550426161763596,0-300 m,0.4472717370429098
89b2c1c54b7ffff,0,0,0,0,7,3,0,0,0,0,129,40,23,37,2,0,0,1,0,0,0,0,0,0,0,880,179,0,0,0,0,4916,3061,3094,546,1211,0,0,8,0,0,0,297.15309898965245,113.37512303233544,104.93237217378356,0,11071,8.955537398418015,33.18093440625285,12.659778859542591,2.620972670564619,24966,2787.7724015099548,0.03524793719458463,0.44344308259232557,0.0,3030.0328622343454,Más de 2 km,0.5121102158921501
89b2c1c50a7ffff,0,0,0,0,0,0,0,0,0,0,5,2,8,0,0,0,0,0,0,0,0,0,0,0,0,0,0,0,0,0,0,164,113,1541,0,0,0,0,0,0,0,0,35.287343678666375,11.055171567297336,10.376647589777022,0,1818,8.951099975352811,3.942235454394588,1.2350629082166622,3.191930895315186,3636,406.2070594688767,0.0,0.5,0.0,3807.9449308960643,Más de 2 km,0.3099437550549779
89b2c1c1e33ffff,0,0,0,0,0,0,0,0,0,0,55,7,0,0,0,0,0,0,0,0,0,0,0,0,0,0,0,0,0,0,0,2263,389,0,0,0,0,0,0,0,0,0,25.75388974722405,8.54643327009668,8.014322333926366,0,2652,8.972062712365357,2.870453603910934,0.9525605810041795,3.013407925073838,5304,591.1684046401049,0.0,0.5,0.0,321.0864747392592,300-500 m,0.29168220603802436
89b2c1c0e57ffff,0,0,0,0,0,1,0,0,35,0,170,61,1,117,0,0,5,0,0,0,0,0,0,0,0,0,685,0,0,9605,0,6568,3945,104,1416,0,0,4272,0,0,0,0,441.08628729948373,168.61888557709727,159.77001872956907,2,10617,8.969248743814825,49.177617869462686,18.799666548815082,2.6158771349357943,37212,4148.842457475752,0.0,0.28531118993872945,0.0,114.7255685927526,0-300 m,0.5546040463373544
89b2c1c56b3ffff,0,0,0,0,0,0,0,0,0,0,12,10,56,0,0,0,0,0,0,0,0,0,0,0,0,0,0,0,0,0,0,430,903,8463,0,0,0,0,0,0,0,0,91.61365683730165,26.326495292857707,25.266102106251534,0,9796,8.956372620252646,10.228879561145074,2.939414918192079,3.479903261645166,19592,2187.492730672849,0.0,0.5,0.0,1230.2988576581365,1-2 km,0.30242783878273866
89b2c1c084bffff,0,0,0,0,6,1,0,2,0,0,217,29,0,27,0,0,0,1,2,7,0,0,0,0,0,507,82,0,579,0,0,7861,1975,0,389,0,0,0,85,1202,863,0,678.4959262646969,235.50572981999807,233.40327512766743,7,9836,8.965187340520185,75.68117658825507,26.268913395214494,2.8810166393118566,23379,2607.7536488650203,0.02168612857692801,0.4207194490782326,0.0,35.10527820481672,0-300 m,0.48428512220032993
89b2c1c1827ffff,0,0,0,0,0,0,0,4,0,0,56,166,0,4,0,0,0,0,0,0,0,0,0,0,0,0,0,0,708,0,0,2753,10394,0,51,0,0,0,0,0,0,0,564.7930394666666,181.9936618214021,174.34964375029378,1,13147,8.966784719200906,62.98724204421397,20.29642369261887,3.1033665338352354,27053,3017.02347576946,0.0,0.4859719809263298,0.0,90.60273106414182,0-300 m,0.34225086436978175
89b2c1c13cbffff,0,0,0,0,0,0,0,0,0,0,0,2,1,0,0,0,0,0,0,0,0,0,0,0,0,0,0,0,0,0,0,0,170,140,0,0,0,0,0,0,0,0,13.127159194604538,4.774720521562902,3.980682315176161,0,310,8.979148728574227,1.4619603251286117,0.5317564800289332,2.749304202271434,620,69.04886183998514,0.0,0.5,0.0,1807.240697502129,1-2 km,0.3356070992579063
89b2c1c0077ffff,0,0,0,0,0,0,0,0,0,0,26,5,0,11,0,0,0,0,0,0,0,0,0,0,0,0,0,0,0,0,0,1021,314,0,165,0,0,0,0,0,0,0,31.491134869889255,12.281325780324462,11.459811243011488,1,1335,8.975531934863861,3.508553598652747,1.3683117468079893,2.5641478316893314,2835,315.85871685085823,0.0,0.4708994708994709,0.0,158.03882345230514,0-300 m,0.3661112006042898
89b2c1c1cb7ffff,0,0,0,0,0,0,0,0,0,0,0,1,0,0,0,0,0,0,0,0,0,0,0,0,0,0,0,0,0,0,0,0,60,0,0,0,0,0,0,0,0,0,145.3873381598054,54.0013818028101,48.56924720633755,0,60,8.97230543899172,16.20401123751128,6.018674037570283,2.6922892212406278,120,13.374488955592804,0.0,0.5,0.0,257.9911714507047,0-300 m,0.2242438242175754
89b2c1c5537ffff,0,0,0,0,0,0,0,0,0,0,4,4,2,2,0,0,0,0,0,0,0,0,0,0,0,0,0,0,0,0,0,156,295,254,38,0,0,0,0,0,0,0,41.53247002269298,15.18310031936524,13.167966086388612,0,705,8.950335485921652,4.640325503778166,1.696372202276368,2.735440664231173,1448,161.7816451995144,0.0,0.48687845303867405,0.0,4974.770460269275,Más de 2 km,0.42557009135807655
89b2c1c73d7ffff,0,0,0,0,0,0,0,0,0,0,0,0,20,0,0,0,0,0,0,0,0,0,0,0,0,0,0,0,0,0,0,0,0,2271,0,0,0,0,0,0,0,0,12.410377628934992,7.387872140946046,4.278268100343103,0,2271,8.957684883245149,1.3854447651030808,0.8247524039123825,1.6798311329932945,4542,507.05065641408737,0.0,0.5,0.0,4028.2292044299807,Más de 2 km,0.2242438242175754
89b2c1c0bc3ffff,0,0,3,0,21,0,24,0,15,0,64,73,26,87,0,0,3,0,5,0,0,0,0,573,0,1532,0,1328,0,1090,0,2275,5703,3570,1021,0,0,268,0,375,0,0,378.70763543207505,140.99264457956536,120.14763043078439,2,11548,8.962341684589243,42.25543376495713,15.731674772230832,2.6860098735034486,29283,3267.338049647466,0.052317044018713926,0.43970904620428236,0.0,112.68929202159154,0-300 m,0.5986747338779063
89b2c1c0963ffff,0,0,0,0,4,1,0,0,0,0,37,89,11,19,0,0,0,1,0,0,0,0,0,0,0,364,180,0,0,0,0,1386,6904,1587,240,0,0,0,23,0,0,0,425.65719076268573,146.1825174246514,135.0506223341889,1,9877,8.959287038835397,47.5101633553663,16.31631141975929,2.9118200880764507,20561,2294.937076005625,0.017703419094402022,0.4803754681192549,0.0,141.89102326061652,0-300 m,0.41105945417294415
89b2c1c0ed7ffff,0,0,1,2,0,0,280,0,0,0,123,10,1,1,9,5,0,3,0,0,0,0,0,79,4766,0,0,8352,0,0,0,5470,683,143,4,2630,1257,0,226,0,0,0,411.7218823526143,157.5843333294681,139.9847291875558,0,6296,8.970323972923198,45.898217678134166,17.567295652323626,2.6127082156816326,29906,3333.8818185687446,0.0,0.4898013776499699,0.04203169932455026,385.4081115439888,300-500 m,0.5824327069346652
89b2c1c7373ffff,0,0,0,0,4,0,0,0,5,0,351,7,7,54,0,0,0,0,0,0,0,0,0,0,0,312,0,0,0,2161,0,11788,438,1653,851,0,0,0,0,0,0,0,856.0383219111454,292.3323357506941,260.2100422210674,0,13879,8.95546694036685,95.58835151884094,32.64289150943134,2.9283052786920885,31082,3470.729131933657,0.010037964094974584,0.44652853741715465,0.0,3639.8504434131733,Más de 2 km,0.412118806391292
89b2c1c53bbffff,0,0,0,0,0,0,0,0,0,0,5,4,14,0,0,0,0,0,0,0,0,0,0,0,0,0,0,0,0,0,0,200,328,3534,0,0,0,0,0,0,0,0,31.533199075941436,10.010921060734018,8.26437659045101,0,4062,8.948395265276284,3.5238943007249737,1.1187392559178517,3.149879904619822,8124,907.8722786782452,0.0,0.5,0.0,4907.7397429395405,Más de 2 km,0.30069046369142644
89b2c1c5043ffff,0,0,0,0,0,0,0,0,0,0,0,0,11,0,0,0,0,0,0,0,0,0,0,0,0,0,0,0,0,0,0,0,0,1816,0,0,0,0,0,0,0,0,25.726288478701143,10.448437438952555,7.820734481431513,0,1816,8.953008199729112,2.8734798298832716,1.1670309247866755,2.4622139558199985,3632,405.6737041869226,0.0,0.5,0.0,2811.553874512259,Más de 2 km,0.2242438242175754
89b2c1ca87bffff,0,0,0,0,0,0,0,0,0,0,0,0,1,0,0,0,0,0,0,0,0,0,0,0,0,0,0,0,0,0,0,0,0,106,0,0,0,0,0,0,0,0,34.90844074145918,10.171198325843939,10.133797904174822,0,106,8.973235402505985,3.890284738513623,1.1335040116080533,3.432087313916643,212,23.625815047802497,0.0,0.5,0.0,1548.2518363730208,1-2 km,0.2242438242175754
89b2c1c1d37ffff,1,0,2,0,83,0,475,0,23,0,11,11,25,7,0,6,32,1,3,2,0,773,0,1621,0,12516,0,17792,0,5387,0,362,931,4068,90,0,206,6886,58,338,145,0,571.0560016694612,297.79400315333504,226.14166902092353,1,5361,8.967097472935901,63.68348324449437,33.20963155046812,1.9176208910272206,56534,6304.604156543232,0.22138889871581702,0.4095411610712138,0.0036438249548944,48.94151643914079,0-300 m,0.6260140833683859
89b2c1c543bffff,0,0,0,0,0,0,0,0,0,0,5,6,10,0,0,0,0,0,0,0,0,0,0,0,0,0,0,0,0,0,0,164,444,2015,0,0,0,0,0,0,0,0,30.289044934613724,15.77083889238922,9.860354519550329,0,2623,8.955088073449973,3.382327977813487,1.761103717019442,1.9205728459524611,5246,585.8122172525952,0.0,0.5,0.0,2270.629992874568,Más de 2 km,0.3336847533330685
89b2c1c1843ffff,0,0,1,0,0,0,40,0,0,0,0,1,0,0,0,0,0,4,0,0,0,0,0,10,0,0,0,1910,0,0,0,0,57,0,0,0,0,0,2055,0,0,0,208.48139034141974,71.9493684267554,64.7388482645773,0,57,8.96977044057158,23.242667326069796,8.02131658813897,2.8976125141898113,4089,455.86450925264006,0.0,0.4810467106872096,0.0,254.1698183082026,0-300 m,0.27019232153429573
89b2c1c0867ffff,0,0,0,0,6,0,0,1,0,0,39,64,31,16,0,0,6,3,2,0,0,0,0,0,0,393,0,0,82,0,0,1492,4685,4300,209,0,0,369,400,608,0,0,429.98695941756085,179.4554517605178,144.3049757008814,0,10477,8.962826968498865,47.97447958426637,20.022193041463325,2.396065180518315,23015,2567.828217691751,0.017075820117314795,0.45522485335650664,0.0,297.74516124242217,0-300 m,0.497577981019125
89b2c1c326bffff,0,0,0,0,0,0,0,0,0,0,4,2,0,0,0,0,0,0,0,0,0,0,0,0,0,0,0,0,0,0,0,143,127,0,0,0,0,0,0,0,0,0,18.08793761359775,5.846606097324525,5.115780335158959,0,270,8.988007648109761,2.0124524056676525,0.6504896664784332,3.09375,540,60.08005568548506,0.0,0.5,0.0,6231.798333871794,Más de 2 km,0.33608155080919155
89b2c1cac73ffff,0,0,0,0,0,0,0,0,0,0,2,4,0,0,0,0,0,0,0,0,0,0,0,0,0,0,0,0,0,0,0,64,294,0,0,0,0,0,0,0,0,0,8.36191943714024,3.8000195332227418,2.668228357376833,0,358,8.97709609883473,0.9314726438347538,0.4233016435811579,2.200493803790692,716,79.75853127972421,0.0,0.5,0.0,1523.03306887437,1-2 km,0.30019307117514793
89b2c1c50c3ffff,0,0,0,0,0,0,0,0,0,0,0,0,0,0,0,0,0,1,0,0,0,0,0,0,0,0,0,0,0,0,0,0,0,0,0,0,0,0,405,0,0,0,0.9420962174473564,0.3768384869789425,0.2512256579859617,0,0,8.954083272095174,0.10521414519153946,0.04208565807661578,2.5000000000000004,405,45.23076094927065,0.0,0.0,0.0,2278.7376442722,Más de 2 km,-0.0
89b2c1c0177ffff,0,0,0,0,0,0,0,0,0,0,0,39,0,0,0,0,0,0,0,0,0,0,0,0,0,0,0,0,0,0,0,0,2175,0,0,0,0,0,0,0,0,0,106.59981779710843,48.33778115556882,37.18578363221654,0,2175,8.971398930895988,11.88218455318006,5.387987038353811,2.2053105303702476,4350,484.8742134316792,0.0,0.5,0.0,944.7495705186572,500-1000 m,0.2242438242175754
89b2c1c1db7ffff,0,0,0,0,10,0,0,0,7,0,79,213,4,96,0,0,4,0,0,0,0,0,0,0,0,461,0,0,0,296,0,2459,15662,459,1256,0,0,212,0,0,0,0,536.3088171781731,215.56224790594007,186.6275796106677,2,18580,8.968173243737674,59.80134444354859,24.03636081143544,2.487953351702798,39385,4391.6412996929885,0.011704963818712708,0.4717532055351022,0.0,151.8473334789678,0-300 m,0.3794857061139715
89b2c1c5637ffff,0,0,0,0,1,0,0,0,0,0,0,0,0,0,0,8,0,0,0,0,0,0,0,0,0,178,0,0,0,0,0,0,0,0,0,0,5769,0,0,0,0,0,15.78823357718997,5.881644980099542,4.550368292188615,0,0,8.95470785162477,1.7631210128564165,0.6568215376264183,2.6843227754495933,5947,664.1199354059282,0.02993105767613923,0.0,0.9700689423238608,2027.476537914899,Más de 2 km,0.04351361657419822
89b2c1c0a63ffff,0,0,8,24,10,0,0,0,0,277,53,39,55,47,0,0,110,1,0,0,0,0,0,14484,100,1293,0,0,0,0,3489,1691,2638,10020,549,0,0,13166,52,0,0,0,254.32354686382556,136.66546681585785,99.76201702808459,1,14349,8.96366094648451,28.37273167539538,15.246612698961709,1.86092033919951,61831,6897.962826700817,0.020911840338988533,0.23206805647652473,0.0,174.09131221924116,0-300 m,0.5945056937752049
89b2c1c09c7ffff,0,0,0,0,0,0,0,0,0,0,139,156,13,10,0,0,0,0,0,0,0,0,0,0,0,0,0,0,0,0,0,5763,12340,1760,133,0,0,0,0,0,0,0,510.07262828199123,188.97655875149073,166.95794958735664,0,19863,8.961506706137284,56.918177378885204,21.087587718041902,2.6991317423276318,39859,4447.801168602885,0.0,0.4983316189568228,0.0,582.7689976580631,500-1000 m,0.3709059251659563
89b2c1c19a3ffff,0,0,6,0,27,0,114,0,0,0,112,320,18,217,0,0,0,0,0,0,0,0,0,665,0,1375,0,7355,0,0,0,3346,23484,2082,2748,0,0,0,0,0,0,0,1151.7163569027623,461.5893977616451,417.51959540667036,3,28912,8.964320387555999,128.47782175451252,51.49184520473071,2.49511007507474,69967,7805.053475902769,0.01965212171452256,0.518344362342247,0.0,118.39198149361182,0-300 m,0.4746019748159591
89b2c1c134fffff,0,0,0,0,0,0,0,0,0,0,0,1,0,0,0,0,0,0,0,0,0,0,0,0,0,0,0,0,0,0,0,0,72,0,0,0,0,0,0,0,0,0,7.822407815985953,2.876643264939742,2.6405309045018814,0,72,8.97748052477783,0.8713366511234552,0.3204287948049803,2.719283239366078,144,16.040135047083673,0.0,0.5,0.0,1570.1020207650379,1-2 km,0.2242438242175754
89b2c1c0373ffff,0,0,0,0,4,0,0,0,0,0,0,0,3,1,0,0,0,0,0,0,0,0,0,0,0,646,0,0,0,0,0,0,0,517,11,0,0,0,0,0,0,0,33.75564843765936,12.684500514177472,10.103477495140192,0,517,8.972235451115004,3.762233907210321,1.4137502948165648,2.661172854219262,1691,188.47031034945195,0.38202247191011235,0.30573625073920757,0.0,468.8666851650195,300-500 m,0.36394833323153963
89b2c1c1c3bffff,0,0,0,0,7,0,0,0,0,0,72,91,0,13,0,0,1,1,0,0,0,0,0,0,0,230,0,0,0,0,0,3536,5116,0,165,0,0,50,63,0,0,0,437.30712108917317,168.85178298414417,145.9282197577556,7,8652,8.971854578339947,48.74210981360864,18.820164940233198,2.5898874939936998,17812,1985.3197401351256,0.012912643161913318,0.48573995059510444,0.0,36.15404356338513,0-300 m,0.3772262698225552
89b2c1c54bbffff,0,0,5,14,8,1,64,1,3,63,67,112,9,40,0,0,0,1,0,0,0,0,0,899,118,713,89,4224,228,18,531,2207,7390,1391,620,0,0,0,73,0,0,0,379.18049805488823,151.49580966624507,134.5758875694591,0,10988,8.956162375319277,42.337385385040086,16.915259384278908,2.502910799250798,29489,3292.5932742425016,0.024178507239987792,0.5158533690528672,0.0,2455.4711834533837,Más de 2 km,0.5750798708425955
89b2c1c18c3ffff,0,0,0,0,12,0,0,1,0,0,63,46,2,5,0,0,0,1,0,0,0,0,0,0,0,37814,0,0,502,0,0,2961,2773,302,58,0,0,0,849,0,0,0,626.6505479750466,205.2140755176278,195.04808560748418,1,6036,8.97084740970121,69.8541084644219,22.87566225858509,3.053643110953262,51295,5717.965946509001,0.7371868603177698,0.1176722877473438,0.0,131.90208916027962,0-300 m,0.30734252316759997
89b2c1c5143ffff,0,0,0,0,0,0,0,0,0,0,2,2,15,0,0,0,0,0,0,0,0,0,0,0,0,0,0,0,0,0,0,65,124,2952,0,0,0,0,0,0,0,0,34.7890946084897,11.82636627536107,10.64905671018137,0,3141,8.948880808956021,3.8875358104750757,1.3215469652389678,2.9416554331628424,6282,701.9872243368118,0.0,0.5,0.0,4675.6507713798555,Más de 2 km,0.2672983697042268
89b2c1c154bffff,0,0,0,0,0,0,0,0,0,0,0,1,0,0,0,0,0,0,0,0,0,0,0,0,0,0,0,0,0,0,0,0,60,0,0,0,0,0,0,0,0,0,77.73948866317245,2.3061086967743365,1.9318938798832401,0,60,8.981719302654579,8.655301512283541,0.2567558191328422,33.71024478243821,120,13.360470969576346,0.0,0.5,0.0,3582.598281641435,Más de 2 km,0.2242438242175754
89b2c1c1d1bffff,0,0,2,10,17,4,13,1,1,0,60,77,43,48,0,2,4,2,0,0,0,0,0,188,783,2054,271,618,108,263,0,2227,6105,5584,601,0,527,513,81,0,0,0,387.5227395224103,139.4205589727818,131.1385892600782,4,13916,8.969458447551565,43.204697562113594,15.543921607757722,2.7795236396811744,33839,3772.6915396143218,0.06069919323857088,0.4295044179792547,0.015573746269097787,125.10046758098846,0-300 m,0.5884891132465936
89b2c1c1e37ffff,0,0,0,0,0,0,0,1,0,0,117,271,0,15,0,0,0,0,0,0,0,0,0,0,0,0,0,0,390,0,0,5518,15692,0,211,0,0,0,0,0,0,0,531.1180699452077,175.44967112675468,165.89780527348927,0,21210,8.97147234656339,59.20076988797248,19.55639658121026,3.0271819065508434,43021,4795.310996692713,0.0,0.49301503916691847,0.0,358.5822219141096,300-500 m,0.3392582589321084
89b2c1c0e5bffff,0,0,0,0,13,0,0,0,16,0,312,60,5,151,0,0,7,7,0,0,0,0,0,0,0,2379,0,0,0,1797,0,12123,4018,540,1889,0,0,289,395,0,0,0,692.7585165761202,257.15263439999177,243.63230630035403,1,16681,8.969874079893351,77.23168802659009,28.668477629626793,2.6939584663113307,40111,4471.746163071768,0.059310413602253746,0.41587095809129665,0.0,154.32294095300367,0-300 m,0.5003551723377662
89b2c1c56b7ffff,0,0,0,0,0,0,0,0,0,0,5,2,104,3,0,0,0,0,0,0,0,0,0,0,0,0,0,0,0,0,0,159,140,13891,43,0,0,0,0,0,0,0,349.195879025634,110.20976200970155,100.43828731189568,0,14190,8.955782809232732,38.991106245412695,12.30598869549222,3.16846595671711,28423,3173.7035840907224,0.0,0.49924357034795763,0.0,1510.9033964812106,1-2 km,0.24642725336270246
89b2c1c10b7ffff,0,0,0,0,0,0,0,0,0,0,1,1,0,1,0,0,0,0,0,0,0,0,0,0,0,0,0,0,0,0,0,45,91,0,20,0,0,0,0,0,0,0,49.837086355765784,16.438054268043008,15.038594993939876,0,136,8.980572895908235,5.549432862849179,1.830401518764196,3.031811766959145,292,32.514629454546515,0.0,0.4657534246575342,0.0,3168.6898761830507,Más de 2 km,0.3853250450518446
89b2c1c1cbbffff,0,0,0,0,0,0,0,0,0,0,243,22,0,1,0,0,0,0,0,0,0,0,0,0,0,0,0,0,0,0,0,10952,1248,0,16,0,0,0,0,0,0,0,144.5988632994434,78.02401582299228,53.23844099660097,0,12200,8.972930774119838,16.11500934750354,8.695488440413797,1.853260970666838,24416,2721.073037855347,0.0,0.4996723460026212,0.0,419.32712346567143,300-500 m,0.27922357463361863
89b2c1c553bffff,0,0,0,3,0,0,0,0,0,0,6,9,4,4,0,0,0,0,0,0,0,0,0,0,1590,0,0,0,0,0,0,225,602,662,58,0,0,0,0,0,0,0,49.901130436388776,19.600417285039885,16.573932688044884,0,1489,8.950960153594439,5.57494722131569,2.1897558416868765,2.545921839861851,4626,516.8160644913983,0.0,0.32187635105923046,0.0,4453.775148913984,Más de 2 km,0.47798905288516325
89b2c1c1943ffff,0,0,0,0,0,0,0,0,0,0,174,114,3,91,0,0,4,1,0,0,0,0,0,0,0,0,0,0,0,0,0,6651,7275,354,1547,0,0,106,9,0,0,0,920.1256299619492,293.8697538956695,274.2476265706172,5,14280,8.965638889591215,102.62800468466135,32.777335504426986,3.1310661194775937,30222,3370.8696471242733,0.0,0.47250347429025213,0.0,50.621574707938755,0-300 m,0.40655434268557283
89b2c1ce457ffff,0,0,4,0,0,0,134,0,0,0,0,0,0,0,0,0,0,0,0,0,0,0,0,6083,0,0,0,6740,0,0,0,0,0,0,0,0,0,0,0,0,0,0,14.165918269858036,14.556512818443238,5.329276975665069,0,0,8.961473863978114,1.5807576392985876,1.6243436112618883,0.9731670247224105,12823,1430.9030182572785,0.0,0.5256180301021601,0.0,564.8705684637117,500-1000 m,0.22381900254862921
89b2c1c5027ffff,0,0,2,22,0,0,20,0,0,0,1,1,29,5,0,0,0,0,0,0,0,0,0,757,226,0,0,3925,0,0,0,48,86,6021,80,0,0,0,0,0,0,0,41.33328539390273,18.57888894466859,11.988034446282587,0,6155,8.950025213037657,4.618231168074455,2.075847665502037,2.224744736727852,17298,1932.7319854699072,0.0,0.5827263267429761,0.0,4155.806715755592,Más de 2 km,0.431162867646446
89b2c1c320bffff,0,0,0,0,0,0,0,0,0,0,1,4,1,2,0,0,0,0,0,0,0,0,0,0,0,0,0,0,0,0,0,42,275,128,29,0,0,0,0,0,0,0,19.394188588070108,6.884737160254565,6.172498826957744,0,445,8.989083640593126,2.1575267695240203,0.7658997774994882,2.8169831522446973,919,102.2351150288509,0.0,0.4842219804134929,0.0,6983.107275413486,Más de 2 km,0.4001351993076545
89b2c1c0edbffff,0,0,0,2,25,0,0,0,0,0,97,45,2,46,0,0,0,0,0,0,0,0,0,0,58,12473,0,0,0,0,0,3331,3068,213,582,0,0,0,0,0,0,0,456.8642268541534,178.370537137971,165.5820579530958,2,6612,8.970949463712685,50.927076192119934,19.88312807462313,2.5613211362410446,26337,2935.809649417004,0.4735922846185974,0.2510536507574895,0.0,76.63124111036166,0-300 m,0.43661215877883125
89b2c1c0b63ffff,0,0,0,1,3,0,0,0,8,0,9,14,0,1,0,0,2,0,0,0,0,0,0,0,90,307,0,0,0,4018,0,319,920,0,18,0,0,131,0,0,0,0,97.92302506297986,37.50970487049737,32.02093147427894,0,1239,8.959530903567654,10.929481254870973,4.186570175851633,2.610605052773944,7042,785.9786495290618,0.04359556944049986,0.17594433399602386,0.0,773.6612112687495,500-1000 m,0.42497816853020554
89b2c1c7377ffff,0,0,0,1,0,0,0,0,0,0,11,8,4,1,0,0,2,0,0,0,0,0,0,0,72,0,0,0,0,0,0,350,507,535,18,0,0,100,0,0,0,0,183.3993215755041,67.55030761036464,56.1683546517139,0,1392,8.954877160004884,20.480383851005733,7.543409742354053,2.7150034998118064,2974,332.10952499524603,0.0,0.46805648957632817,0.0,3906.4978502586646,Más de 2 km,0.46987567972187855
89b2c1c5047ffff,0,0,0,0,0,0,0,0,0,0,16,11,63,9,0,0,0,0,0,0,0,0,0,0,0,0,0,0,0,0,0,562,778,9295,138,0,0,0,0,0,0,0,73.21502732826879,23.66602369345439,19.769166164723615,0,10635,8.95241850940243,8.178240019875464,2.6435341096485545,3.0936767526569655,21408,2391.309116918058,0.0,0.49677690582959644,0.0,3075.744356354604,Más de 2 km,0.3100328190493019
89b2c1c1d3bffff,4,0,22,19,135,0,12,0,22,83,27,28,31,29,0,9,198,5,171,0,0,2854,0,7369,1254,12398,0,608,0,2585,2172,872,1962,4900,389,0,711,18658,4374,7679,0,0,202.34084924588004,70.02246961924122,49.16132245497364,3,7734,8.967722499817677,22.56323712625963,7.808277923482227,2.8896559967984836,76519,8532.712737437594,0.16202511794456279,0.10901867510030189,0.00929180987728538,98.51813736777046,0-300 m,0.7523644327684696
89b2c1c19c3ffff,0,0,0,0,0,0,0,0,5,0,2,3,0,4,0,0,0,18,0,0,8,0,0,0,0,0,0,0,0,738,0,83,222,0,69,0,0,0,2864,0,0,6737,121.34100013664084,52.410143579193544,42.30480090232874,2,305,8.966715587501136,13.532379716133766,5.844965535903578,2.315219761863281,11018,1228.7665302285473,0.0,0.027681974950081685,0.0,160.70470440100812,0-300 m,0.3489562709251751
89b2c1c7357ffff,0,0,0,0,2,0,0,0,0,0,283,149,0,106,0,0,1,0,0,0,0,0,0,0,0,66,0,0,0,0,0,8705,7802,0,1571,0,0,68,0,0,0,0,992.9138928178603,324.52952802872613,298.65404083116704,0,16507,8.956611275935206,110.85820989972405,36.233517122784846,3.059548691452111,34719,3876.3544526358614,0.0019009764106109046,0.4754457213629425,0.0,3458.5944181686173,Más de 2 km,0.38822732565247453
89b2c1c0b43ffff,0,0,4,14,0,0,14,0,4,3,5,17,113,13,0,0,0,0,0,0,0,0,0,503,42,0,0,909,0,282,33,146,1537,12560,168,0,0,0,0,0,0,0,181.53376414348676,71.41533310823304,61.11951621220031,0,14243,8.961266069006301,20.257602301458807,7.969335198653705,2.541943812939505,30423,3394.944393540761,0.0,0.4980442428425862,0.0,199.05865821472258,0-300 m,0.37472960198457406
89b2c1c12d3ffff,0,0,0,0,0,0,0,0,0,0,0,0,1,0,0,0,0,0,0,0,0,0,0,0,0,0,0,0,0,0,0,0,0,130,0,0,0,0,0,0,0,0,3.448402264196908,1.564970561496471,1.147117552708362,0,130,8.983805138640204,0.38384651169302425,0.17419907682162242,2.2034933749165506,260,28.940966103740962,0.0,0.5,0.0,4006.011493575092,Más de 2 km,0.2242438242175754
89b2c1c1847ffff,0,0,0,0,0,0,0,0,0,0,112,306,0,6,0,0,0,1,0,0,0,0,0,0,0,0,0,0,0,0,0,5028,15757,0,69,0,0,0,97,0,0,0,994.1413827741144,351.976084026616,333.7671879767461,0,20785,8.969180156317464,110.8397161666876,39.24283801777588,2.824457194367043,41736,4653.268110642548,0.0,0.4980113091815219,0.0,473.0292890469346,300-500 m,0.3217607306480084
89b2c1c086bffff,0,0,0,6,13,0,0,0,0,0,208,133,16,116,0,2,0,1,0,0,0,0,0,0,624,1060,0,0,0,0,0,7395,8868,2071,1263,0,134,0,96,0,0,0,867.9355716625319,301.48498399449034,279.09045407074103,4,18334,8.963451989051155,96.83050377496461,33.63491926578665,2.8788683275794376,39845,4445.27399138977,0.026603086961977662,0.4601330154348099,0.0033630317480235913,99.17895674751537,0-300 m,0.47314532010741833
89b2c1c017bffff,0,0,0,0,5,0,0,0,0,0,0,0,0,0,0,0,0,0,0,0,0,0,0,0,0,6691,0,0,0,0,0,0,0,0,0,0,0,0,0,0,0,0,123.2783854905762,43.21456890880406,40.19110364487302,0,0,8.972024576212624,13.740308493739763,4.81659056344742,2.8527042755125303,6691,745.762558178868,1.0,0.0,0.0,421.37596168464574,300-500 m,-0.0
89b2c1c0ebbffff,0,0,3,0,406,0,96,0,2,0,273,0,0,15,0,0,0,1,0,0,0,0,0,153,0,12433,0,5184,0,96,0,7469,0,0,227,0,0,0,87,0,0,0,410.63122930759306,153.85392705831475,141.43893836226243,2,7469,8.96855311416281,45.78567178903577,17.154821418780948,2.66896813853801,33118,3692.6803664351687,0.37541518207621233,0.38205809529560963,0.0,136.34208692432128,0-300 m,0.45984361833902326
89b2c1c1dbbffff,0,0,0,0,2,2,0,0,6,0,96,223,6,143,0,0,3,0,2,0,0,0,0,0,0,91,557,0,0,344,0,2811,14860,698,1830,0,0,75,0,101,0,0,641.9813383357803,231.01345782498072,226.54699637585276,2,18369,8.968798425245547,71.57941430913631,25.757459011980867,2.7789780923592557,39736,4430.470851942702,0.0022901147573988322,0.4622760217435071,0.0,128.38020593191578,0-300 m,0.40974065951575617
89b2c1c563bffff,0,0,0,0,4,0,0,0,0,0,0,0,0,0,0,0,0,0,0,0,0,0,0,0,0,430,0,0,0,0,0,0,0,0,0,0,0,0,0,0,0,0,0.6883800259142407,0.4589200172761605,0.2868250107976003,0,0,8.955332416510974,0.07686817126353371,0.051245447509022476,1.5,430,48.016084719223564,1.0,0.0,0.0,1804.7296564787534,1-2 km,-0.0
89b2c1c0a67ffff,0,0,0,0,6,0,0,3,0,0,200,254,8,183,0,0,0,0,4,0,0,0,0,0,0,296,0,0,656,0,0,6350,16090,982,2241,0,0,0,0,154,0,0,725.5254553124408,260.9896700877682,247.12702140544874,0,23422,8.963070877508201,80.9460803364909,29.11833161363165,2.7799010400237445,50191,5599.754892706311,0.005897471658265426,0.46665736885098924,0.0,225.72509283596062,0-300 m,0.4213543193070855
89b2c1c727bffff,0,0,0,0,4,0,0,0,0,0,2,77,5,4,0,0,0,0,0,0,0,0,0,0,0,613,0,0,0,0,0,51,5318,799,51,0,0,0,0,0,0,0,211.38721969130512,76.8317517929846,66.0872839294807,0,6168,8.959631245887914,23.59329462228959,8.575325220917666,2.751300273106705,13000,1450.9525719561775,0.04715384615384616,0.47446153846153843,0.0,1791.3205823389258,1-2 km,0.34885855040549907
89b2c1c1353ffff,0,0,0,0,0,0,0,0,0,0,4,1,4,0,0,0,0,0,0,0,0,0,0,0,0,0,0,0,0,0,0,151,83,802,0,0,0,0,0,0,0,0,49.347661807257744,16.521929473741785,15.646205323596046,0,1036,8.97859267988329,5.4961466197060185,1.8401468986068927,2.986797751781093,2072,230.77113238941732,0.0,0.5,0.0,1674.1295394815063,1-2 km,0.33442030638719794
89b2c1c0377ffff,0,0,4,0,2,0,84,0,0,0,32,17,4,14,0,0,0,0,0,0,0,0,0,429,0,63,0,4200,0,0,0,1298,1211,465,178,0,0,0,0,0,0,0,122.56108315275412,53.844133932415986,46.23535578456742,0,2974,8.971645077013752,13.660937553890514,6.001589838899225,2.2762197885212565,10818,1205.7989261876612,0.005823627287853577,0.6631540025882788,0.0,290.03715528153464,0-300 m,0.5120182893010856
89b2c1c0c63ffff,0,0,0,0,1,0,0,0,0,0,336,179,0,0,0,0,0,0,0,0,0,0,0,0,0,57,0,0,0,0,0,11837,9435,0,0,0,0,0,0,0,0,0,36.910096312028976,16.156545402493016,12.387129798688605,0,21272,8.96730221994722,4.116075872844422,1.801717507251374,2.284528987634548,42601,4750.704164429371,0.0013379967606394216,0.4993310016196803,0.0,351.6250030388906,300-500 m,0.33818025290342596
89b2c1c18c7ffff,0,0,0,0,1,0,0,0,4,0,3,6,4,3,0,0,3,0,0,0,0,0,0,0,0,46,0,0,0,548,0,124,435,627,39,0,0,1075,0,0,0,0,48.143265139624305,11.337655925856419,9.782021188465542,0,1186,8.970257086699307,5.366988334259557,1.2639164982982911,4.246315592434746,4080,454.8364623851907,0.011274509803921568,0.29068627450980394,0.0,188.30459726577922,0-300 m,0.5525313539477166
89b2c1c154fffff,0,0,0,0,0,0,0,0,0,0,6,3,0,0,0,0,0,0,0,0,0,0,0,0,0,0,0,0,0,0,0,259,225,0,0,0,0,0,0,0,0,0,174.67584701645032,8.796720950648682,7.704491627202466,0,484,8.98112859397162,19.449208992920727,0.9794672082251759,19.856927143240743,968,107.78155438613229,0.0,0.5,0.0,3479.4595741928747,Más de 2 km,0.33596628864932426
89b2c1c11d7ffff,0,0,0,0,0,0,0,0,0,0,3,3,2,0,0,0,0,0,0,0,0,0,0,0,0,0,0,0,0,0,0,101,185,305,0,0,0,0,0,0,0,0,67.59844121281978,16.797731669544287,15.329425117383181,0,591,8.978835902857794,7.528642013749741,1.870813973134077,4.02426009312802,1182,131.64290034789383,0.0,0.5,0.0,2737.133076798463,Más de 2 km,0.3871141961360684
89b2c1c56bbffff,0,0,0,0,0,0,0,0,0,0,11,5,40,3,0,0,0,0,0,0,0,0,0,0,0,0,0,0,0,0,0,405,384,7095,37,0,0,0,0,0,0,0,63.73600713930534,18.430393575983498,16.824128906663123,0,7884,8.9564075285529,7.116246880919148,2.0577886297857333,3.4582010892246617,15805,1764.6584246656805,0.0,0.4988294843403986,0.0,1255.5367982810353,1-2 km,0.2927400826054357
89b2c1ca803ffff,0,0,0,0,0,0,0,0,0,0,0,4,2,4,0,0,0,0,0,0,0,0,0,0,0,0,0,0,0,0,0,0,308,338,62,0,0,0,0,0,0,0,90.41125965564059,31.798923071051693,29.699928828363667,0,646,8.973723862478735,10.075110516122686,3.543559347085609,2.8432176603473382,1354,150.884963784254,0.0,0.4771048744460857,0.0,664.109396365012,500-1000 m,0.3809476005968046
89b2c1c1947ffff,0,0,0,0,4,0,0,0,0,0,76,222,0,7,0,0,0,1,0,0,0,0,0,0,0,241,0,0,0,0,0,3512,12497,0,122,0,0,0,595,0,0,0,131.59656804453937,46.3047079551102,41.23355150623495,2,16009,8.965048751709329,14.678845780894207,5.165025783745066,2.8419695071204165,32976,3678.284515040992,0.007308345463367298,0.4854742843279961,0.0,121.64849215216834,0-300 m,0.3513896240823147
89b2c1c096bffff,0,0,0,0,0,0,0,6,8,0,114,26,7,23,0,0,0,0,0,0,0,0,0,0,0,0,0,0,802,2037,0,3617,1762,803,301,0,0,0,0,0,0,0,489.18096951694775,156.58133450488884,149.83389175445356,2,6182,8.959321990347222,54.60022198599309,17.47691785981011,3.1241333525719464,15504,1730.4880901371796,0.0,0.3987358101135191,0.0,83.90728307419928,0-300 m,0.5186092723404582
89b2c1cad77ffff,0,0,0,0,0,0,0,0,7,0,0,0,0,0,0,0,0,0,0,0,0,0,0,0,0,0,0,0,0,1061,0,0,0,0,0,0,0,0,0,0,0,0,1.4124715470151894,0.8239417357588605,0.7062357735075947,0,0,8.972372349467122,0.15742453522886593,0.09183097888350512,1.7142857142857142,1061,118.2518913253766,0.0,0.0,0.0,1243.224853170614,1-2 km,-0.0
89b2c1c0947ffff,0,0,0,0,36,0,0,0,7,0,60,58,24,16,0,0,2,0,0,0,0,0,0,0,0,3287,0,0,0,1459,0,1991,4304,3080,231,0,0,166,0,0,0,0,379.499146647624,131.38907583398998,121.14354485924687,2,9375,8.960431940110952,42.35277374841875,14.663252476237552,2.8883614884933126,23893,2666.5009186715774,0.13757167371196585,0.39237433557945844,0.0,38.78967102121621,0-300 m,0.5402673475961517
89b2c1c1923ffff,0,0,0,0,0,0,0,0,0,0,241,10,0,5,0,0,0,0,0,0,0,0,0,0,0,0,0,0,0,0,0,6039,562,0,70,0,0,0,0,0,0,0,340.950995880743,134.90416024332558,118.89376751751416,2,6601,8.963243960626798,38.038794590268004,15.050818747757454,2.5273571642695996,13272,1480.7139087478204,0.0,0.49736286919831224,0.0,90.17281304127278,0-300 m,0.28055867687241726
89b2c1c551bffff,0,0,0,0,0,0,0,0,0,0,50,14,4,51,0,0,0,0,0,0,0,0,0,0,0,0,0,0,0,0,0,1704,901,537,519,0,0,0,0,0,0,0,145.73365656756238,66.60300566076846,47.82287536821154,0,3142,8.952694082745145,16.27819014261195,7.4394372291950495,2.1880942927686022,6803,759.8829957913641,0.0,0.46185506394237835,0.0,3733.2929808464573,Más de 2 km,0.4425775584389732
89b2c1c0b67ffff,0,0,0,0,5,0,0,0,13,0,0,0,0,0,0,0,0,8,0,0,0,0,0,0,0,529,0,0,0,1947,0,0,0,0,0,0,0,0,898,0,0,0,41.122407010136556,12.316696362229747,10.816770381475253,0,0,8.958940981235008,4.590096875988991,1.3747937828843544,3.3387530065482576,3374,376.6070127113269,0.15678719620628334,0.0,0.0,1066.1230854097475,1-2 km,0.3106010169990256
89b2c1c737bffff,0,0,0,1,0,4,0,4,0,0,19,28,9,12,0,0,0,0,0,0,0,0,0,0,60,0,310,0,231,0,0,787,2067,1404,125,0,0,0,0,0,0,0,328.55930498030136,123.70176212908524,110.9667629439547,0,4258,8.955502188347534,36.687982211405945,13.812934163540262,2.656060021501094,9242,1031.9912614197385,0.0,0.4607227872754815,0.0,3331.4165658233787,Más de 2 km,0.48042605591273324
89b2c1ca883ffff,0,0,0,0,0,0,0,0,0,0,0,0,0,0,0,0,19,0,0,0,0,0,0,0,0,0,0,0,0,0,0,0,0,0,0,0,0,12012,0,0,0,0,0.15112347103677015,0.09715080280935223,0.0593699350501597,0,0,8.974802455463063,0.016838640380856473,0.010824840244836303,1.5555555555555556,12012,1338.4138603171327,0.0,0.0,0.0,472.1689149456951,300-500 m,-0.0
89b2c1c005bffff,0,0,0,2,0,0,0,0,0,0,0,1,1,2,0,0,0,0,0,0,0,0,0,0,800,0,0,0,0,0,0,0,76,194,21,0,0,0,0,0,0,0,23.120920724963753,8.010018871542995,7.76778099474068,0,270,8.977894110212196,2.575316710258825,0.8921935114418135,2.8865001563360733,1361,151.59457031820932,0.0,0.19838354151359294,0.0,1383.1142519116324,1-2 km,0.3676436929998156
89b2c1c19c7ffff,0,0,0,1,0,0,0,0,0,0,34,42,37,17,0,17,0,45,0,0,0,0,0,0,960,0,0,0,0,0,0,1143,3250,5176,233,0,2876,0,10358,0,0,0,204.40255988593466,88.11220994395957,72.89184536839804,0,9569,8.966125410739576,22.797200632628048,9.827233716630737,2.3197983572984624,33565,3743.534521589005,0.0,0.28508863399374346,0.08568449277521227,344.69906245962244,300-500 m,0.5489227943883709
89b2c1c12d7ffff,0,0,0,0,0,0,0,0,0,0,1,2,1,0,0,0,0,0,0,0,0,0,0,0,0,0,0,0,0,0,0,23,128,124,0,0,0,0,0,0,0,0,8.710456667458075,4.578573376484373,3.126830598574694,0,275,8.983214358235172,0.9696369606802212,0.5096809665113983,1.9024390243902438,550,61.22530066265191,0.0,0.5,0.0,3698.449954178621,Más de 2 km,0.37348497141433873
89b2c1c5443ffff,0,0,0,0,0,0,0,0,0,0,19,23,108,1,0,0,0,0,0,0,0,0,0,0,0,0,0,0,0,0,0,881,1887,14122,7,0,0,0,0,0,0,0,115.38697744383344,43.67208264777375,34.29565663345801,0,16890,8.956892519941702,12.882478737679937,4.875807379684623,2.642122162445474,33787,3772.1787913359835,0.0,0.49989640986178113,0.0,1131.7731529951504,1-2 km,0.3135507391017951
89b2c1c184bffff,0,0,0,0,2,0,0,0,0,0,5,8,2,5,0,0,0,1,0,0,0,0,0,0,0,79,0,0,0,0,0,195,581,379,61,0,0,0,221,0,0,0,182.06918645173423,65.15036490947811,58.79734911249681,3,1155,8.96980491664442,20.29800961600465,7.263297865997591,2.7945996419928982,2671,297.7768217727542,0.029576937476600524,0.4324223137401722,0.0,73.6613319681775,0-300 m,0.5044016424606728
89b2c1c03d3ffff,0,0,0,0,0,0,0,0,0,0,2,2,8,4,0,0,0,3,0,0,0,0,0,0,0,0,0,0,0,0,0,56,135,1732,28,0,0,0,108,0,0,0,5.483034910609939,1.7915957678652559,1.5230351356747467,0,1923,8.97504718185509,0.6109198981922932,0.19961964896266357,3.060419659923149,3982,443.6745478118973,0.0,0.48292315419387244,0.0,636.5732991460374,500-1000 m,0.33031771766962154
89b2c1c086fffff,0,0,0,0,5,0,0,0,0,1,62,77,27,18,0,0,2,1,0,0,0,0,0,0,0,606,0,0,0,0,95,2227,5481,3829,237,0,0,203,70,0,0,0,442.386851191738,156.7128608736312,145.67764508918273,0,11537,8.96286192636183,49.357767064399034,17.48468984138903,2.8229135038793416,24285,2709.5140145551336,0.024953675108091416,0.47506691373275683,0.0,217.66451147690213,0-300 m,0.4580085970533517
89b2c1c50cbffff,0,0,0,1,3,0,0,0,0,0,0,0,0,0,0,0,0,0,0,0,0,0,0,0,1194,324,0,0,0,0,0,0,0,0,0,0,0,0,0,0,0,0,7.449757845278766,3.081056203035815,2.421906417187265,0,0,8.9541181003397,0.8319923594704584,0.34409376428918514,2.4179233854735913,1518,169.53093347544862,0.2134387351778656,0.0,0.0,2292.5151725388137,Más de 2 km,0.16773539962107142
89b2c1c0a6bffff,0,0,0,1,19,0,0,0,0,0,34,30,19,14,0,0,0,0,0,0,0,0,0,0,2136,41100,0,0,0,0,0,1201,2118,2576,175,0,0,0,0,0,0,0,187.229666146531,69.51536157384318,59.75189859479229,1,5895,8.963695639992055,20.887552820423178,7.755212176515265,2.6933567186821716,55201,6158.285847381686,0.7445517291353417,0.10679154363145595,0.0,176.79251390162472,0-300 m,0.3086284043295122
89b2c1c3367ffff,0,0,0,0,0,0,0,0,0,0,3,3,1,1,0,0,0,0,0,0,0,0,0,0,0,0,0,0,0,0,0,114,225,108,15,0,0,0,0,0,0,0,1.2636522415545814,0.450067921649577,0.36351639825542753,0,447,8.983245522118187,0.14066767277408454,0.05010081496063286,2.8076923076923075,909,101.18837315109518,0.0,0.49174917491749176,0.0,4404.069912140571,Más de 2 km,0.41275370649101206
89b2c1c037bffff,0,0,0,0,0,0,0,0,0,0,2,4,3,1,0,0,0,0,0,0,0,0,0,0,0,0,0,0,0,0,0,80,300,370,18,0,0,0,0,0,0,0,35.460061728441595,12.35878823063422,11.464720383887684,0,750,8.972270464010862,3.9521837722878823,1.3774426752077074,2.869218330041883,1518,169.18794480047478,0.0,0.49407114624505927,0.0,318.3650098521977,300-500 m,0.39486820068277095
89b2c1c0c67ffff,0,0,0,0,0,0,0,1,0,0,2,116,0,0,0,0,1,0,0,0,0,0,0,0,0,0,0,0,75,0,0,58,6381,0,0,0,0,75,0,0,0,0,308.4754040829407,119.17961210848527,112.85779620627675,2,6439,8.966712019456528,34.40228741746045,13.291339328159749,2.588323611945856,13028,1452.9294541556635,0.0,0.49424316856002454,0.0,54.07088078379391,0-300 m,0.2527926977820657
89b2c1c18cbffff,0,0,0,0,0,0,0,0,0,0,75,249,0,13,0,0,0,1,0,0,0,0,0,0,0,0,0,0,0,0,0,3421,14911,0,161,0,0,0,70,0,0,0,484.5358627861649,163.3494986566805,152.55400907023756,0,18332,8.970882001675227,54.012065111956936,18.20885601061039,2.9662525246222957,36895,4112.750562665991,0.0,0.4968694945114514,0.0,284.8513982383644,0-300 m,0.3137404238344144
89b2c1c514bffff,0,0,0,0,0,0,0,0,0,0,3,0,6,0,0,0,0,0,0,0,0,0,0,0,0,0,0,0,0,0,0,144,0,2692,0,0,0,0,0,0,0,0,47.890374148496946,15.60221585938468,13.10026470504224,0,2836,8.94891551419742,5.35152824635779,1.7434756015554984,3.0694597857195425,5672,633.8198177199677,0.0,0.5,0.0,4644.998078110153,Más de 2 km,0.25672365314609813
89b2c1ce57bffff,0,0,0,0,1,0,0,0,0,0,0,1,6,0,0,0,0,0,0,0,0,0,0,0,0,273,0,0,0,0,0,0,80,1432,0,0,0,0,0,0,0,0,2.398189367007683,1.1520713625821222,0.8346639463605171,0,1512,8.956233649172319,0.267767619844231,0.1286334644349737,2.0816326530612246,3297,368.12349131877426,0.08280254777070063,0.4585987261146497,0.0,1615.2412150390865,1-2 km,0.328770112136487
89b2c1c0577ffff,0,0,0,0,0,0,0,0,0,0,5,1,0,0,0,0,0,0,0,0,0,0,0,0,0,0,0,0,0,0,0,195,79,0,0,0,0,0,0,0,0,0,63.065493993251984,20.67781767118643,19.642964630999185,0,274,8.975283873818455,7.026573741831001,2.3038622467981322,3.049910536793774,548,61.05656463953805,0.0,0.5,0.0,1645.9148574058947,1-2 km,0.3214022489290223
89b2c1c0ac3ffff,0,0,0,3,56,0,0,0,3,0,68,41,9,31,0,0,17,2,0,0,0,0,0,0,90,11031,0,0,0,2486,0,2397,2771,1112,489,0,0,5962,1204,0,0,0,254.04033122829844,101.37846135977317,93.85087854369357,3,6280,8.966472431063085,28.33224918511001,11.306393025707827,2.5058609868496315,33822,3772.05197027411,0.32614866063508957,0.1856779610904145,0.0,74.26509210422583,0-300 m,0.6070753575685681
89b2c1c0e63ffff,0,0,0,3,13,0,0,0,0,1,4,17,2,12,0,13,4,0,0,0,0,0,0,0,277,1789,0,0,0,0,195,95,1208,435,126,0,2011,2420,0,0,0,0,152.63842591836226,57.033908040217355,49.76631894016501,0,1738,8.96754804729793,17.02119967613162,6.360033728216557,2.6762750644884714,10294,1147.9169050119283,0.17379055760637263,0.16883621527103168,0.19535651836020984,264.3313434739563,0-300 m,0.6206635067850667
89b2c1c1cc3ffff,0,0,0,0,0,0,0,0,0,0,3,0,1,0,0,0,0,0,0,0,0,0,0,0,0,0,0,0,0,0,0,109,0,142,0,0,0,0,0,0,0,0,26.556275740542482,7.955677542525384,7.843625746151788,0,251,8.974736996999933,2.9590032275508116,0.8864524436966565,3.338028169014085,502,55.93478674281019,0.0,0.5,0.0,717.2366725478018,500-1000 m,0.3349636539021137
89b2c1c5543ffff,0,0,0,0,0,0,0,0,0,0,16,16,7,6,0,0,0,0,0,0,0,0,0,0,0,0,0,0,0,0,0,595,1151,1128,73,0,0,0,0,0,0,0,115.31706134768261,41.94727791756036,35.99890440029978,0,2874,8.952764151476309,12.880609764378397,4.685399638350047,2.7490952231588666,5821,650.1902542624356,0.0,0.49372959972513314,0.0,3322.0502016417377,Más de 2 km,0.412477290267411
89b2c1c0e3bffff,0,0,9,0,5,0,514,0,0,0,256,2,0,12,0,0,0,0,0,0,0,0,0,449,0,197,0,27068,0,0,0,7739,116,0,191,0,0,0,0,0,0,0,958.0501516715942,338.4146682979321,314.95259740612175,0,7855,8.967478000632962,106.83607493700805,37.737998161137995,2.83099475708349,43615,4863.686311460309,0.004516794680729107,0.8007107646451909,0.0,207.54049949356624,0-300 m,0.33084790081210685
89b2c1c194bffff,0,0,0,0,0,0,0,0,0,0,146,354,0,11,0,0,0,0,0,0,0,0,0,0,0,0,0,0,0,0,0,7253,23393,0,160,0,0,0,0,0,0,0,1239.7330174914641,382.28863474365653,361.717879591638,2,30646,8.965673358593579,138.27550568783354,42.63914370438599,3.2429240757386535,61452,6854.142186777125,0.0,0.4986981709301569,0.0,49.37442876385317,0-300 m,0.31779894115842744
89b2c1c096fffff,0,0,0,0,1,0,0,0,1,0,68,260,0,3,0,0,0,0,0,0,0,0,0,0,0,58,0,0,0,497,0,2598,14745,0,44,0,0,0,0,0,0,0,575.208479676575,219.41501694770926,201.22592897756203,0,17343,8.958732074503121,64.20646079076741,24.491748957664715,2.6215547489790003,35285,3938.6153873741127,0.0016437579708091256,0.4915119739265977,0.0,193.6682451670967,0-300 m,0.3185737749392263
89b2c1c01d7ffff,0,0,0,0,0,0,0,0,0,0,0,1,0,0,0,0,0,0,0,0,0,0,0,0,0,0,0,0,0,0,0,0,62,0,0,0,0,0,0,0,0,0,1.3793064104430532,0.7060792868588687,0.4597365070081054,0,62,8.974209459991936,0.1536967034915065,0.07867871705097276,1.9534724160783226,124,13.817373056959093,0.0,0.5,0.0,1031.2033342032419,1-2 km,0.2242438242175754
89b2c1ca887ffff,0,0,0,0,0,0,0,0,1,0,5,3,1,2,0,0,0,0,0,0,0,0,0,0,0,0,0,0,0,1398,0,180,235,114,23,0,0,0,0,0,0,0,31.74481958861087,9.205022415521,9.164071404081009,0,529,8.974211995302435,3.537337830355216,1.0257192966178406,3.4486412042934855,2479,276.2359526716815,0.0,0.21339249697458654,0.0,283.5746390791021,0-300 m,0.40486233893756984
89b2c1c1d43ffff,0,0,0,0,0,0,0,0,0,2,283,1,0,9,0,0,0,2,0,0,0,0,0,0,0,0,0,0,0,0,60,9053,76,0,102,0,0,0,150,0,0,0,561.5590501120844,231.66146272140747,172.00517632666103,0,9129,8.969528045094325,62.60742452544268,25.827608939592906,2.4240503513845404,18570,2070.343044432135,0.0,0.49159935379644587,0.0,276.49999472476344,0-300 m,0.2613592279156185
89b2c1ce553ffff,0,0,0,0,0,0,0,0,2,0,5,5,1,2,0,0,0,0,0,0,0,0,0,0,0,0,0,0,0,1458,0,169,345,240,30,0,0,0,0,0,0,0,15.324566500699584,5.213844823346139,4.770277487995384,0,754,8.957934236400742,1.7107254972276873,0.582036514865177,2.9392064819575108,2996,334.4521092626127,0.0,0.25166889185580776,0.0,820.4804901008739,500-1000 m,0.4390459092027793
89b2c1c55c3ffff,0,0,0,1,0,0,194,0,0,0,14,20,5,12,0,0,0,0,0,0,0,0,0,0,11,0,0,9341,0,0,0,522,1503,743,187,0,0,0,0,0,0,0,132.76852622215148,133.07333078021588,47.7234241598305,0,2768,8.95383841397281,14.82811282532875,14.862154600930682,0.9977094992942814,15075,1683.6354759847889,0.0,0.8032504145936982,0.0,3357.6028897258097,Más de 2 km,0.3759862093733947
89b2c1c19cbffff,0,0,0,0,1,0,0,0,0,0,68,291,0,8,0,0,2,0,0,0,0,0,0,0,0,71,0,0,0,0,0,3362,19518,0,104,0,0,150,0,0,0,0,1113.282996924846,362.3842968028205,340.12218106321217,8,22880,8.966750172349856,124.15679878734653,40.41422921765789,3.0721060673625225,46085,5139.543214007356,0.0015406314419008354,0.49647390691114246,0.0,66.75560120184956,0-300 m,0.30567945860778156
89b2c1c12dbffff,0,0,0,0,0,0,0,0,0,0,0,0,1,0,0,0,0,0,0,0,0,0,0,0,0,0,0,0,0,0,0,0,0,206,0,0,0,0,0,0,0,0,3.3409204666828014,1.5034142100072605,1.106679904588678,0,206,8.983839791107215,0.37188112704212073,0.1673465071689543,2.2222222222222223,412,45.860123241269754,0.0,0.5,0.0,4147.103916714053,Más de 2 km,0.2242438242175754
89b2c1c08c7ffff,0,0,0,0,0,0,0,3,0,0,260,220,0,307,0,0,0,0,0,0,0,0,0,0,0,0,0,0,726,0,0,9280,16589,0,3651,0,0,0,0,0,0,0,789.7784898548261,278.5036306608484,265.3383166834893,2,25869,8.965637253622074,88.0894985502296,31.063450682028684,2.835792438255822,56115,6258.896987755088,0.0,0.4609997326917936,0.0,34.0290149548088,0-300 m,0.404028963289303
89b2c1c5447ffff,0,0,0,0,0,0,0,0,0,0,2,65,86,5,0,0,0,0,0,0,0,0,0,0,0,0,0,0,0,0,0,66,4499,10710,60,0,0,0,0,0,0,0,237.374958944476,95.46069253637332,69.53008393416118,0,15275,8.956302690097937,26.503677595322575,10.658493335862174,2.486625150493531,30610,3417.704945796699,0.0,0.49901992812806273,0.0,1444.6599024946352,1-2 km,0.33050025149946316
89b2c1c18a3ffff,0,0,3,0,5,0,108,0,19,0,120,46,31,29,0,5,3,1,0,0,0,0,0,124,0,588,0,5464,0,4808,0,4252,3247,4189,444,0,673,270,90,0,0,0,825.8788008812462,301.0969177419683,280.74419525409115,0,11688,8.96845161714831,92.08711114660059,33.57289871155126,2.742900216564161,35837,3995.8960063381664,0.016407623405977064,0.47861149091720845,0.018779473728269665,185.18577496643314,0-300 m,0.6182410766241854
89b2c1c549bffff,0,0,1,0,6,0,0,0,0,0,63,21,14,9,0,0,0,0,0,0,0,0,0,30,0,362,0,0,0,0,0,2873,1346,1871,105,0,0,0,0,0,0,0,207.15004522301123,75.63674736862691,66.56687297103491,0,6090,8.957896738433751,23.124852995261307,8.443583307240898,2.7387487224091585,12677,1415.1759470065645,0.02855565196813126,0.4803975704030922,0.0,2005.2023719168246,Más de 2 km,0.44149337739919453
89b2c1c184fffff,0,0,0,0,0,0,0,0,0,0,65,0,0,0,0,0,0,1,0,0,0,0,0,0,0,0,0,0,0,0,0,2720,0,0,0,0,0,0,62,0,0,0,70.57373596350493,18.105376054093348,16.1403443650973,0,2720,8.969214631397259,7.868440979933455,2.0186133121081107,3.8979436689219877,5502,613.4316354455303,0.0,0.4943656852053799,0.0,250.50657962867913,0-300 m,0.24169493960817082
89b2c1c0873ffff,0,0,0,0,3,4,0,0,0,0,130,77,4,40,0,0,0,1,0,0,1,0,0,0,0,116,222,0,0,0,0,5422,5027,598,520,0,0,0,83,0,0,104,548.9506391917236,184.2660827726897,176.7315148950212,3,11047,8.963972114744129,61.239663863835325,20.55629808013403,2.9791192764916374,23139,2581.33333122941,0.005013181209213882,0.47741907601884265,0.0,127.02118566991018,0-300 m,0.4270622911422049
89b2c1c50cfffff,0,0,0,0,0,1,0,0,0,0,0,0,0,0,0,0,0,0,0,0,0,0,0,0,0,0,84,0,0,0,0,0,0,0,0,0,0,0,0,0,0,0,6.817776023988132,2.646328375085362,1.8342445152212359,0,0,8.95352837021705,0.7614624918894244,0.295562628012448,2.5763152026695146,84,9.3817762703938,0.0,0.0,0.0,2541.4446191894212,Más de 2 km,-0.0
89b2c1c14d7ffff,0,0,0,0,0,0,0,0,0,0,0,1,3,1,0,0,0,1,0,0,0,0,0,0,0,0,0,0,0,0,0,0,88,540,14,0,0,0,12,0,0,0,4.370586970095459,1.26683680292622,1.203494962779909,0,628,8.986861037316363,0.4863307613133623,0.14096543806184414,3.45,1282,142.65270094605003,0.0,0.48985959438377535,0.0,5744.240360305052,Más de 2 km,0.3205085681079628
89b2c1c1dc3ffff,0,0,2,0,5,0,112,0,0,0,302,66,0,214,0,0,0,0,0,0,0,0,0,710,0,212,0,5264,0,0,0,11007,3463,0,3217,0,0,0,0,0,0,0,1100.6931586083851,385.8123083871845,361.3362756427869,5,14470,8.970604202346866,122.7000025617477,43.008508644963875,2.852923908025706,38343,4274.294031384063,0.005529040502829721,0.51467021359831,0.0,31.34726879954683,0-300 m,0.49378720599617076
89b2c1c0a6fffff,0,0,1,1,34,0,0,0,0,1,163,13,3,61,0,0,6,0,0,0,0,0,0,521,132,10221,0,0,0,0,4150,5748,783,355,804,0,0,1833,0,0,0,0,322.4452213355438,135.5671033752249,104.24749356857247,5,6886,8.96310556992426,35.9747209067257,15.125014685771514,2.378491634825851,31433,3506.931805586846,0.3251678172621131,0.21906913116788088,0.0,37.2194588715707,0-300 m,0.5722936715437718
89b2c1c1c1bffff,0,0,0,7,104,0,0,0,0,0,0,0,0,0,0,0,0,0,0,1,0,0,0,0,757,4549,0,0,0,0,0,0,0,0,0,0,0,0,0,0,1,0,15.860210447254792,5.248184307469179,4.678198095067407,0,0,8.973590957245605,1.7674318478321858,0.5848477306881927,3.022037626362064,5307,591.4020401960638,0.8571697757678538,0.0,0.0,417.3783254759705,300-500 m,0.13312848918126047
89b2c1c135bffff,0,0,0,0,0,0,0,0,0,0,4,13,0,3,0,0,0,0,0,0,0,0,0,0,0,0,0,0,0,0,0,160,891,0,38,0,0,0,0,0,0,0,89.77423839467562,29.768892284295884,28.8483027529117,0,1051,8.978627209105323,9.998659739835796,3.3155282640654606,3.0157063802483046,2140,238.34378576602478,0.0,0.4911214953271028,0.0,1897.872608018823,1-2 km,0.3168873267439099
89b2c1c0007ffff,0,0,0,0,0,0,0,0,0,0,245,261,0,45,0,0,0,0,0,0,0,0,0,0,0,0,0,0,0,0,0,11614,13971,0,576,0,0,0,0,0,0,0,1256.117533686494,439.3704442655167,418.4659841594127,2,25585,8.976051760666198,139.9409859901772,48.94918790362533,2.8589031194082946,51746,5764.89545512151,0.0,0.49443435241371314,0.0,147.26332126053143,0-300 m,0.35172078198682305
89b2c1c0c6bffff,0,0,0,0,0,0,0,0,4,0,421,37,0,0,0,0,0,0,0,0,0,0,0,0,0,0,0,0,0,3933,0,14832,1924,0,0,0,0,0,0,0,0,0,491.84095313192165,215.03775164733472,153.49651581442293,0,16756,8.967337451924244,54.84804779219952,23.980111465660425,2.2872307274610484,37445,4175.709925131112,0.0,0.4474829750300441,0.0,291.05770045358827,0-300 m,0.3610009243714434
89b2c1c54c7ffff,0,0,0,0,0,0,0,0,0,0,27,1,0,20,0,0,0,0,0,0,0,0,0,0,0,0,0,0,0,0,0,1070,70,0,148,0,0,0,0,0,0,0,126.40883500950306,44.81938560419473,42.872053793832634,0,1140,8.957377185219993,14.112259916673194,5.00362825829735,2.820405351510937,2428,271.0614892946889,0.0,0.4695222405271829,0.0,1606.120886668373,1-2 km,0.31991019993279485
89b2c1c18cfffff,0,0,0,0,3,0,0,0,0,0,11,45,4,6,0,6,0,1,0,0,0,0,0,0,0,173,0,0,0,0,0,392,2916,454,75,0,1734,0,72,0,0,0,201.25601228154505,68.7191792635236,62.53519365514451,2,3762,8.970291677683857,22.4358381547644,7.660751927886809,2.928673107543537,9578,1067.746773923527,0.018062225934433077,0.39277510962622675,0.18103988306535812,97.49477424468904,0-300 m,0.47268724293588793
89b2c1c0e67ffff,0,0,0,0,8,4,0,0,0,0,228,125,8,92,0,0,2,1,0,0,0,0,0,0,0,300,191,0,0,0,0,8108,8483,912,1158,0,0,79,405,0,0,0,888.2696695039849,288.2646723573927,269.6523858250468,2,17503,8.966957839296887,99.06031515072179,32.14743255444993,3.081437840578333,37139,4141.761416256656,0.008077761921430303,0.4712835563693153,0.0,70.31290327457177,0-300 m,0.4372639155065672
89b2c1c7303ffff,0,0,0,0,0,0,0,0,0,0,35,4,0,5,0,0,0,0,0,0,0,0,0,0,0,0,0,0,0,0,0,1020,268,0,87,0,0,0,0,0,0,0,126.40265203135124,39.33688083453119,37.41942844777842,0,1288,8.955986129901081,14.113761477291094,4.392244501495858,3.2133369334253588,2663,297.3430241376907,0.0,0.4836650394292152,0.0,4024.749449233358,Más de 2 km,0.3434924236190499
89b2c1ce403ffff,0,0,0,0,0,0,0,0,0,0,1,1,0,14,0,0,0,0,0,0,0,0,0,0,0,0,0,0,0,0,0,32,53,0,157,0,0,0,0,0,0,0,291.3380460754824,106.57296317671721,95.5681463269475,0,85,8.96084933685734,32.51232501780435,11.89317654726839,2.733695652173913,327,36.49207655517643,0.0,0.2599388379204893,0.0,310.8772091811232,300-500 m,0.39626389557573966
89b2c1c132fffff,0,0,0,0,0,0,0,0,0,0,4,0,0,4,0,0,0,0,0,0,0,0,0,0,0,0,0,0,0,0,0,124,0,0,80,0,0,0,0,0,0,0,17.69497266139787,5.403461585902974,5.192994733498316,0,124,8.97508393862554,1.9715662585889653,0.6020513705335295,3.274747563221708,328,36.54561921013415,0.0,0.3780487804878049,0.0,392.3246026041495,300-500 m,0.3492748823862661
89b2c1ca80bffff,0,0,0,0,5,2,0,0,0,0,12,13,4,6,0,4,0,0,0,0,0,0,0,0,0,203,64,0,0,0,0,476,952,557,50,0,319,0,0,0,0,0,40.772991717567514,14.881420190599934,13.770714678663527,0,1985,8.973757888575513,4.543580540486343,1.658326464272617,2.73985891100114,4606,513.2743781581066,0.044072948328267476,0.4309596178897091,0.06925749023013461,1004.8939269115572,1-2 km,0.5207491983285258
89b2c1c1cc7ffff,0,0,0,0,0,0,0,0,0,0,3,10,4,5,0,0,0,0,0,4,0,0,0,0,0,0,0,0,0,0,0,90,648,481,69,0,0,0,0,0,520,0,25.743975055055767,7.749990791433537,7.603231763527198,0,1219,8.974146535157683,2.8686822701411825,0.863590845220956,3.321807179888769,3027,337.30227026505906,0.0,0.40270895275850677,0.0,404.2188099178578,300-500 m,0.4794101374074948
89b2c1c5547ffff,0,0,0,0,0,0,0,0,0,0,5,7,1,0,0,0,0,5,0,0,0,0,0,0,0,0,0,0,0,0,0,220,620,110,0,0,0,0,576,0,0,0,82.74523094010833,35.69330206604715,28.973545898275017,0,950,8.952174468561363,9.243031537275847,3.9871097453916304,2.318228523295377,2476,276.5808473343906,0.0,0.38368336025848143,0.0,3634.9193679563605,Más de 2 km,0.4551715587619198
89b2c1c194fffff,0,0,0,1,0,0,0,0,3,0,27,3,5,6,0,0,5,1,0,0,0,0,0,0,264,0,0,0,0,295,0,1263,284,843,99,0,0,2553,190,0,0,0,236.45750703137105,75.27602114167145,69.30433528248187,0,2390,8.9650832196419,26.375383388891297,8.396578068204287,3.1412062359984705,8181,912.5403300301747,0.0,0.2921403251436255,0.0,267.4326288807601,0-300 m,0.5608428358151564
89b2c1c0973ffff,0,0,0,0,0,0,0,0,0,0,27,199,47,30,0,0,0,2,0,0,0,0,0,0,0,0,0,0,0,0,0,858,15167,5435,332,0,0,0,75,0,0,0,658.5797191485038,241.01786731418497,219.8058720109117,2,21460,8.959841984333197,73.50349708176424,26.899789944467624,2.732493347847923,43327,4835.687959202826,0.0,0.49530315969257044,0.0,63.738027340596794,0-300 m,0.35646235148455685
89b2c1c42c3ffff,0,0,0,0,0,0,0,0,0,0,2,1,0,0,0,0,0,0,0,0,0,0,0,0,0,0,0,0,0,0,0,90,56,0,0,0,0,0,0,0,0,0,24.220223726971845,8.08581275163803,7.783914993447484,0,146,8.949710803594572,2.706257694633441,0.9034719589364202,2.9953975525917653,292,32.6267525742531,0.0,0.5,0.0,5506.49936328942,Más de 2 km,0.331939018316115
89b2c1c0283ffff,0,0,0,0,2,0,0,0,0,0,0,0,0,0,0,0,0,0,0,0,0,0,0,0,0,799,0,0,0,0,0,0,0,0,0,0,0,0,0,0,0,0,10.055793923966055,2.7312032879907804,2.7312032879907804,0,0,8.977964651510154,1.1200527418288067,0.30421185580535487,3.6818181818181817,799,88.99567229478932,1.0,0.0,0.0,1861.9952420339823,1-2 km,-0.0
89b2c1c0b6fffff,0,0,0,0,0,0,0,0,0,0,1,3,0,0,0,0,0,0,0,0,0,0,0,0,0,0,0,0,0,0,0,45,215,0,0,0,0,0,0,0,0,0,3.128520828821155,1.3541321002489746,1.0423526953653248,0,260,8.958975666495377,0.3492051932366714,0.1511480944538263,2.3103512783176297,520,58.042349857549794,0.0,0.5,0.0,830.4080375813303,500-1000 m,0.29877073282307814
89b2c1c7257ffff,0,0,0,0,0,0,0,0,0,0,170,2,0,5,0,0,0,0,0,0,0,0,0,0,0,0,0,0,0,0,0,8046,125,0,80,0,0,0,0,0,0,0,158.86619816165398,65.46407115761227,51.829585126737854,0,8171,8.960740611747255,17.72913702617229,7.305654074149952,2.426769300356609,16422,1832.6610167100769,0.0,0.49756424308853975,0.0,2164.55242118849,Más de 2 km,0.24585179126215098
89b2c1c0a43ffff,0,0,19,98,62,0,111,0,15,111,30,36,60,37,0,0,38,0,5,0,0,0,0,3339,531,4753,0,9047,0,2522,1343,1011,2745,9714,490,0,0,3157,0,498,0,0,382.4938203439597,228.41635188748165,172.57072208088803,2,13470,8.965396544450748,42.66334661802655,25.477551467465542,1.6745465777002557,52620,5869.232859819218,0.0903268719118206,0.42791714177118967,0.0,62.139383904523854,0-300 m,0.6883215273853168
89b2c1c5617ffff,0,0,0,0,0,0,0,0,0,0,6,0,9,2,0,0,0,0,0,0,0,0,0,0,0,0,0,0,0,0,0,205,0,1647,25,0,0,0,0,0,0,0,32.48645216045681,9.012092638412932,8.60398893722081,0,1852,8.956442398895444,3.627160284586122,1.006213431297716,3.6047623414330334,3729,416.34834836428803,0.0,0.4966478948779834,0.0,1237.7751563968613,1-2 km,0.29166507463433283
89b2c1ce483ffff,0,0,0,0,3,0,0,0,0,0,62,49,25,44,0,0,5,0,0,0,0,0,0,0,0,939,0,0,0,0,0,2210,3956,3447,571,0,0,215,0,0,0,0,234.98951750108165,109.25821350192501,96.81680588541369,2,9613,8.96192549276301,26.22087381677541,12.191377130969666,2.150772101879017,20951,2337.7788642539467,0.04481886306142905,0.45883251396114744,0.0,61.550653751081924,0-300 m,0.48227667282397224
89b2c1c1d47ffff,0,0,11,211,24,0,410,0,0,189,117,3,3,20,0,0,2,0,0,0,0,0,0,8166,1068,14349,0,21117,0,0,2683,4019,241,583,254,0,0,213,0,0,0,0,426.89764615663563,188.9033587105647,146.3011901181093,1,4843,8.96893776796424,47.597347333755934,21.061954447415214,2.25987324455529,57536,6415.029459286733,0.2493916852057842,0.45119577308120135,0.0,153.4382494908652,0-300 m,0.5553541784449403
89b2c1c55c7ffff,0,0,0,0,0,0,0,0,0,0,86,60,3,146,0,0,1,0,0,0,0,0,0,0,0,0,0,0,0,0,0,2914,3909,468,1487,0,0,60,0,0,0,0,313.63308522449955,120.61156248466132,105.53134717506477,0,7291,8.953248692355901,35.030087513627656,13.471262401952153,2.600356705140816,16129,1801.469003510492,0.0,0.45204290408580816,0.0,3661.648447549888,Más de 2 km,0.4383174862810368
89b2c1c19cfffff,0,0,3,0,2,0,84,0,0,0,45,0,0,0,0,9,0,1,0,0,0,0,0,149,0,80,0,4182,0,0,0,2250,0,0,0,0,6536,0,12,0,0,0,188.18611761406714,83.86810612437601,64.72668635888174,2,2250,8.966159994581991,20.98848534130363,9.35384893589399,2.2438341141862437,15459,1724.1494697107187,0.005174978976647908,0.41606830972249176,0.42279578239213406,137.59058593432832,0-300 m,0.43875286703882066
89b2c1c1d97ffff,0,0,0,0,7,3,0,0,3,0,76,162,9,115,0,0,4,6,0,0,3,0,0,0,0,384,296,0,0,192,0,2272,11362,1203,1542,0,0,182,204,0,0,209,484.5812270492075,179.68730530694205,169.99541978781332,3,14837,8.969909088557959,54.022980864693565,20.032232604915883,2.696802794284467,32683,3643.626671945932,0.011749227427102776,0.4539668941039684,0.0,103.71261888877316,0-300 m,0.4512018564118132
89b2c1c1853ffff,0,0,11,0,1,0,344,1,0,0,11,33,2,0,0,0,2,0,0,0,0,0,0,1991,0,16,0,18939,322,0,0,486,2578,395,0,0,0,286,0,0,0,0,699.8088357481372,260.8706522849502,236.72078077322863,2,3459,8.970326230717498,78.01375532494569,29.081512263359933,2.682589358437042,28472,3174.0205726857544,0.000561955605507165,0.7866676032593425,0.0,117.20255921893255,0-300 m,0.375513613725688
89b2c1c0877ffff,0,0,0,0,7,0,0,1,3,0,76,230,8,84,0,0,0,1,0,0,0,0,0,0,0,327,0,0,610,2535,0,2161,12879,1130,1319,0,0,0,100,0,0,0,793.4280488942977,294.400776582744,257.46666105034376,4,16170,8.963382033216915,88.51882536680635,32.84483194978637,2.695060991699856,37231,4153.677692418737,0.008783003411135882,0.43431548978002205,0.0,88.58888812491392,0-300 m,0.46161059256741915
89b2c1c1dc7ffff,0,0,0,9,16,2,0,0,0,0,62,112,18,28,0,17,0,5,0,0,0,0,0,0,1020,1742,289,0,0,0,0,2324,6782,2595,379,0,1118,0,180,0,0,0,406.39715436906505,163.41750673046738,148.88737155069182,3,11701,8.970013886572923,45.306190102714865,18.21819997124916,2.4868642442290843,28130,3136.0040637291954,0.06192676857447565,0.41596160682545325,0.039744045503021685,93.88953335864241,0-300 m,0.5473306346881622
89b2c1ce4d3ffff,0,0,0,3,18,1,0,2,8,0,110,72,22,45,0,0,1,2,0,0,0,0,0,0,783,794,165,0,765,1316,0,3944,5171,3635,517,0,0,179,126,0,0,0,491.67734551839624,181.29982409739168,170.70901184521324,1,12750,8.963140224535074,54.855478459715826,20.22726628789252,2.71195710181315,30145,3363.218609197163,0.02633935976115442,0.4229557140487643,0.0,163.6407494826733,0-300 m,0.5692766204154821
89b2c1c0a73ffff,0,0,0,0,25,0,0,3,0,0,34,17,58,46,0,0,6,1,0,0,0,0,0,0,0,5354,0,0,172,0,0,988,1264,8507,568,0,0,654,334,0,0,0,199.15004104421598,111.09431559993429,80.16389658242969,0,10759,8.964216303926227,22.216112852719817,12.393087341196376,1.79262134132391,28600,3190.462950729281,0.1872027972027972,0.3761888111888112,0.0,466.62328053302303,300-500 m,0.49924231786857537
89b2c1c50a3ffff,0,0,0,0,0,0,0,0,0,0,3,6,20,2,0,0,0,0,0,0,0,0,0,0,0,0,0,0,0,0,0,121,378,4128,22,0,0,0,0,0,0,0,53.2716458360879,16.804184593324397,15.30759145611181,0,4627,8.951689619477296,5.951015741227019,1.8772081369713107,3.1701416715721216,9276,1036.2289572481448,0.0,0.4988141440275981,0.0,3504.489358909536,Más de 2 km,0.2939439314216791
89b2c1c0383ffff,0,0,3,0,4,1,0,0,24,0,147,38,0,36,0,0,0,0,0,0,0,0,0,2914,0,250,188,0,0,20640,0,6612,2582,0,411,0,0,0,0,0,0,0,588.3222001318941,196.42681175881836,192.67385002260295,1,9194,8.973831048357976,65.55975892141905,21.88884665872558,2.9951216682896753,42791,4768.420507296029,0.00584235002687481,0.21485826458834803,0.0,165.0627693966809,0-300 m,0.45988725561254384
89b2c1c0c6fffff,0,0,0,0,0,0,0,0,2,0,90,19,0,0,0,2,0,0,0,0,0,0,0,0,0,0,0,0,0,2325,0,3154,988,0,0,0,713,0,0,0,0,0,57.76070429473282,25.11903793022825,18.629520505781343,0,4142,8.96674725040007,6.441656342232207,2.801354518954185,2.299479162186526,11322,1262.6652323109527,0.0,0.3658364246599541,0.06297473944532768,194.40808632748073,0-300 m,0.46454765832508044
89b2c1c0847ffff,0,0,0,0,5,2,0,0,0,0,157,54,1,16,0,0,0,0,0,1,0,0,0,0,0,407,179,0,0,0,0,6363,3586,105,222,0,0,0,0,0,52,0,470.467727895209,175.67085214302574,166.26923913917742,0,10054,8.964562217109593,52.48083693337342,19.59614400441593,2.6781205997234467,20968,2338.987615031649,0.019410530331934375,0.4794925600915681,0.0,249.30650839797065,0-300 m,0.39568274998643727
89b2c1c18d3ffff,0,0,0,0,0,0,0,0,2,0,0,0,0,0,0,0,0,0,0,0,0,0,0,0,0,0,0,0,0,6964,0,0,0,0,0,0,0,0,0,0,0,0,83.99445675475742,28.496126201124582,27.120399369034725,1,0,8.971403122534273,9.362466005320957,3.1763288096539015,2.9475745637118433,6964,776.2442401576963,0.0,0.0,0.0,137.28874160335448,0-300 m,-0.0
89b2c1c1823ffff,0,0,0,0,3,0,0,0,0,0,286,152,0,224,0,0,0,1,0,0,0,0,0,0,0,89,0,0,0,0,0,10749,8982,0,4217,0,0,0,72,0,0,0,1351.3317383822514,423.92441944004133,407.7278882709586,6,19731,8.967374918902381,150.69423890527554,47.274082245234176,3.1876713782310904,43840,4888.833175424551,0.0020301094890510948,0.4500684306569343,0.0,24.366934914340888,0-300 m,0.413169652190383
89b2c1c5153ffff,0,0,0,0,0,0,0,0,0,0,14,1,25,2,0,0,0,0,0,0,0,0,0,0,0,0,0,0,0,0,0,446,58,4780,20,0,0,0,0,0,0,0,48.66442985884092,19.730399421469805,14.048568470374164,0,5284,8.949435628891434,5.43770935697193,2.2046529233390113,2.466469574147916,10588,1183.091363417241,0.0,0.49905553456743484,0.0,4441.585043815553,Más de 2 km,0.2845890186105716
89b2c1c0207ffff,0,0,0,0,0,0,0,0,0,0,2,2,3,2,0,0,0,0,0,0,0,0,0,0,0,0,0,0,0,0,0,78,135,405,19,0,0,0,0,0,0,0,49.1682783445724,13.311180105958242,12.514932079557873,0,618,8.976298499396664,5.477567211905577,1.4829252956386136,3.6937580254484046,1255,139.81264104400648,0.0,0.49243027888446217,0.0,1775.7120833078025,1-2 km,0.38490970651522255
89b2c1c0e6bffff,0,0,0,2,0,0,660,0,0,0,37,88,5,52,0,5,0,2,0,0,0,0,0,0,300,0,0,32823,0,0,0,1128,6179,652,695,0,549,0,820,0,0,0,458.81911462867765,575.1149626450923,148.96763782010453,0,7959,8.967583013658942,51.164189272608795,64.13266113835891,0.7977867807828507,51105,5698.859985144225,0.0,0.798004109186968,0.010742588787789845,203.56359440174634,0-300 m,0.37943457302062644
89b2c1c1b9bffff,0,0,0,0,0,0,0,0,2,0,233,141,0,6,0,0,0,0,0,0,0,0,0,0,0,0,0,0,0,68,0,10739,8750,0,58,0,0,0,0,0,0,0,845.4164559746264,331.7665497072534,265.72010578645313,3,19489,8.966888132254207,94.28203447008937,36.999073124808774,2.5482269286057053,39104,4360.933182532027,0.0,0.4983889116202946,0.0,31.32094338275846,0-300 m,0.3421818668335671
89b2c1c7307ffff,0,0,0,0,0,0,0,0,0,0,16,0,0,29,0,0,0,0,0,0,0,0,0,0,0,0,0,0,0,0,0,367,0,0,291,0,0,0,0,0,0,0,52.18493659379558,19.36017784703814,17.942667957608187,0,367,8.955396330844602,5.82720570546473,2.16184489572582,2.695478161724594,1025,114.45612925802583,0.0,0.35804878048780486,0.0,4271.728906183391,Más de 2 km,0.3535902140039955
89b2c1c1ccbffff,0,0,0,3,0,0,0,0,0,0,0,0,4,0,0,5,0,0,0,0,0,0,0,0,1110,0,0,0,0,0,0,0,0,674,0,0,4093,0,0,0,0,0,18.58243664857269,5.9373832295088995,5.483820854235572,0,674,8.974771862092556,2.0705191100244873,0.6615636944028725,3.1297350920886577,6551,729.9349889516378,0.0,0.10288505571668448,0.6247901083803999,955.6003903235458,500-1000 m,0.34377184971202746
89b2c1c554bffff,0,0,0,1,0,0,0,0,0,0,1,0,3,0,0,0,0,0,0,0,0,0,0,0,43,0,0,0,0,0,0,31,0,467,0,0,0,0,0,0,0,0,24.28781411194859,10.68440337205221,7.748472305414607,0,498,8.952799128981606,2.712873790871187,1.1934148435727916,2.273202654954004,1039,116.05308965735588,0.0,0.4793070259865255,0.0,3151.92451870027,Más de 2 km,0.306859771237766
89b2c1c1953ffff,0,0,0,0,0,0,0,0,3,0,293,142,0,15,0,0,0,0,0,0,0,0,0,0,0,0,0,0,0,1564,0,14240,8626,0,155,0,0,0,0,0,0,0,1324.1875172831108,421.4955266288178,401.24427006155844,7,22866,8.96619454049762,147.6866814903638,47.00941126417105,3.1416407378606226,47451,5292.211738846177,0.0,0.4818865777328191,0.0,77.86382458364082,0-300 m,0.3733748118857313
89b2c1c0977ffff,0,0,0,0,0,0,0,0,0,0,9,33,73,15,0,0,0,0,0,0,0,0,0,0,0,0,0,0,0,0,0,316,2857,8970,195,0,0,0,0,0,0,0,185.47133954364406,67.85185361902077,63.82277144859183,1,12143,8.95925204954558,20.701654392349784,7.573383720403566,2.7334749111651573,24481,2732.4825626757197,0.0,0.4960173195539398,0.0,124.51756069078336,0-300 m,0.34324689411965376
89b2c1c0287ffff,0,0,0,0,0,0,0,0,0,0,9,8,2,6,5,0,0,0,0,0,0,0,0,0,0,0,0,0,0,0,0,329,563,367,49,3761,0,0,0,0,0,0,9.700112081148948,2.7284871359719434,2.7024980210493452,0,1259,8.977374074287878,1.0805066159525496,0.3039293131146903,3.5551247258102125,6328,704.8831816114293,0.0,0.19895701643489255,0.0,1562.3827671606282,1-2 km,0.3889438874297078
89b2c1c0b73ffff,0,0,0,0,0,0,0,0,0,0,2,3,0,0,0,0,0,0,0,0,0,0,0,0,0,0,0,0,0,0,0,96,193,0,0,0,0,0,0,0,0,0,120.11022265268157,48.58732185320828,41.357587925670074,0,289,8.960086121677996,13.40502993180918,5.4226400498156275,2.4720486347355766,578,64.50830853082864,0.0,0.5,0.0,561.6433010099245,500-1000 m,0.32707510285261
89b2c1c5057ffff,0,0,0,0,0,0,0,0,0,0,2,3,32,5,0,0,0,0,0,0,0,0,0,0,0,0,0,0,0,0,0,63,246,5095,64,0,0,0,0,0,0,0,61.49876600294543,17.914162040398097,16.143816610481103,0,5404,8.952973449259655,6.869088392977522,2.000917588098004,3.432969170662854,10872,1214.3451627122868,0.0,0.49705665930831494,0.0,2814.45298367194,Más de 2 km,0.2744904762499888
89b2c1ce487ffff,0,0,0,0,5,0,0,0,11,0,35,42,30,35,0,0,2,0,18,0,0,0,0,0,0,142,0,0,0,604,0,1136,3020,4095,372,0,0,137,0,12902,0,0,208.80264710175408,90.92589090539764,77.76527947491223,5,8251,8.961335485644385,23.30039394644309,10.146466567517352,2.296404742616153,30659,3421.253455928996,0.00463159268077889,0.2691216282331452,0.0,33.73070316002271,0-300 m,0.4906909768177555
89b2c1ca88fffff,0,0,0,0,0,0,0,0,0,0,89,17,1,24,0,0,0,0,0,0,0,0,0,0,0,0,0,0,0,0,0,2466,1111,140,331,0,0,0,0,0,0,0,201.88609278083152,61.463166008847345,60.123526500702525,0,3717,8.974246136519328,22.496161762188226,6.848838896755054,3.2846679709237714,7765,865.2537362889474,0.0,0.47868641339343204,0.0,257.09735995182496,0-300 m,0.38887304649747756
89b2c1c3267ffff,0,0,0,0,0,0,0,0,0,0,5,0,0,2,0,0,0,0,0,0,0,0,0,0,0,0,0,0,0,0,0,189,0,0,36,0,0,0,0,0,0,0,7.803058555489541,2.3173979771939353,2.239920971500146,0,189,8.987381448307861,0.8682238091673182,0.25785018589928144,3.3671637898545246,414,46.06458537241097,0.0,0.45652173913043476,0.0,6197.627160511992,Más de 2 km,0.3003235052785193
89b2c1c1d4bffff,0,0,0,0,6,1,0,0,0,0,297,44,4,98,0,0,0,8,0,1,0,0,0,0,0,289,212,0,0,0,0,11881,3029,526,1490,0,0,0,1113,0,108,0,736.8735707207826,281.8501093607067,268.8609086296753,6,15436,8.969562786853785,82.15267435340095,31.422948482371908,2.6144164797103024,34084,3799.9622512208866,0.00847905175448891,0.4528811172397606,0.0,34.23110399398171,0-300 m,0.4349461337639625
89b2c1c55cbffff,0,0,0,0,0,0,0,1,0,0,63,35,14,23,0,0,1,0,0,0,0,0,0,0,0,0,0,0,88,0,0,2125,2578,1997,291,0,0,52,0,0,0,0,215.46186554276522,92.2083196235596,70.20754666781177,0,6700,8.953873507311926,24.0635369001823,10.298148566456776,2.3366857396641447,13831,1544.6945937649564,0.0,0.4844190586363965,0.0,3115.454995569462,Más de 2 km,0.441875578281795
89b2c1c19d3ffff,0,0,0,5,0,0,0,0,0,0,3,6,7,0,0,0,0,34,0,0,0,0,0,0,649,0,0,0,0,0,0,99,423,1106,0,0,0,0,6113,0,0,0,132.9910964418077,63.40189248847258,55.91612844007692,0,1628,8.967271161290148,14.830720968481776,7.07036637435092,2.097588750461786,10018,1117.173755517245,0.0,0.16250748652425634,0.0,239.28134300119456,0-300 m,0.38709673402774436
89b2c1c0307ffff,0,0,0,0,10,0,0,2,17,0,0,4,1,0,0,0,2,0,0,0,0,0,0,0,0,7569,0,0,91,4403,0,0,280,170,0,0,0,432,0,0,0,0,295.8238087287878,156.90854871453496,136.65657223657792,0,450,8.97216531137963,32.97128379406772,17.488370228257363,1.8853262690421193,13395,1492.9506462627003,0.5650615901455767,0.0335946248600224,0.0,173.8533739246587,0-300 m,0.35043314597084047
89b2c1c544fffff,0,0,0,0,1,0,0,0,0,0,1,2,88,1,0,0,1,0,0,0,0,0,0,0,0,201,0,0,0,0,0,38,174,11077,17,0,0,44,0,0,0,0,233.4919762740313,71.61758245730596,64.97114083360343,0,11289,8.956337674087472,26.07002826049889,7.996302178792384,3.260260515121758,22840,2550.1494953769798,0.008800350262697022,0.4942644483362522,0.0,1297.6359266399172,1-2 km,0.2607900904010718
89b2c1c09c3ffff,0,0,0,0,0,0,0,0,0,0,9,9,15,4,0,0,0,0,0,0,0,0,0,0,0,0,0,0,0,0,0,304,613,2455,57,0,0,0,0,0,0,0,213.76508893039707,71.83114014809749,65.94806671047769,0,3372,8.962096721455477,23.85212920305114,8.014992738934852,2.975938965881204,6801,758.8625978247078,0.0,0.4958094397882664,0.0,700.8601116858026,500-1000 m,0.3596044218086675
89b2c1c1857ffff,0,0,0,0,0,0,0,0,0,0,0,14,2,0,0,0,0,0,0,0,0,0,0,0,0,0,0,0,0,0,0,0,918,287,0,0,0,0,0,0,0,0,64.7407273835576,16.996562280845573,15.125424072910395,0,1205,8.969735926497327,7.2176848810351535,1.8948787812845582,3.8090483424708617,2410,268.681265507568,0.0,0.5,0.0,212.42725675947068,0-300 m,0.31304336451264114
89b2c1c087bffff,0,0,0,2,11,2,0,0,0,0,120,102,15,73,0,0,0,0,0,0,0,0,0,0,179,832,163,0,0,0,0,4232,7083,1860,857,0,0,0,0,0,0,0,707.1000112526851,230.62087833014542,221.21686181140333,4,13175,8.964007112729282,78.88213411260821,25.727431429929776,3.0660711049779104,28381,3166.1063677312054,0.029315387054719706,0.46421901976674534,0.0,102.77891298624593,0-300 m,0.4644911300869785
89b2c1c018bffff,0,0,0,0,0,0,0,0,0,0,0,1,0,0,0,0,0,0,0,0,0,0,0,0,0,0,0,0,0,0,0,0,61,0,0,0,0,0,0,0,0,0,2.0831836358033513,1.0697429481152343,0.6756271251254111,0,61,8.97361901435858,0.23214531756586437,0.11920975766895736,1.9473684210526319,122,13.595406692081452,0.0,0.5,0.0,1241.546235451924,1-2 km,0.2242438242175754
89b2c1c1dcbffff,0,0,0,0,0,0,37,0,0,0,46,1,0,52,0,0,0,3,0,0,0,0,0,0,0,0,0,1924,0,0,0,1472,80,0,867,0,0,0,229,0,0,0,345.8467843497412,115.70966138934813,109.7880849459483,0,1552,8.97063906019747,38.55319359400556,12.898708844807876,2.988918817988856,6124,682.6715420055249,0.0,0.5676028739386022,0.0,228.78175281716884,0-300 m,0.48870676235544264
89b2c1c564bffff,0,0,0,0,0,0,0,0,8,0,3,1,3,1,0,0,0,0,0,0,0,0,0,0,0,0,0,0,0,7457,0,124,63,420,6,0,0,0,0,0,0,0,2.353818168513249,1.1342794141662655,0.8205192077279958,0,607,8.95717134025441,0.26278588173645384,0.12663366269088794,2.075166082638806,8677,968.7210024670073,0.0,0.06995505358995044,0.0,1763.8407650689069,1-2 km,0.18258185823824605
89b2c1c1d17ffff,0,0,0,0,19,0,0,5,3,0,73,198,9,97,0,4,9,3,0,0,0,0,0,0,0,1627,0,0,1287,483,0,2280,12855,1064,1260,0,411,383,594,0,0,0,488.6126640993753,204.27699412670603,195.9325571041923,1,16199,8.968833317914788,54.47895470678404,22.776317374376124,2.391912345236026,38443,4286.287707366806,0.04232239939650912,0.42137710376401427,0.010691153135811461,118.70586340779745,0-300 m,0.508164099289463
89b2c1c0a77ffff,0,0,10,178,3,0,186,0,0,73,240,126,12,136,0,0,0,0,0,0,0,0,0,2963,814,127,0,12042,0,0,949,8486,8733,1693,1650,0,0,0,0,0,0,0,579.2341942869504,223.73131309577542,203.24580842655195,0,18912,8.963626215018692,64.62052080177492,24.95991105931104,2.5889723985081625,56369,6288.637951630879,0.0022530114069790135,0.5491316148947116,0.0,383.11049963139374,300-500 m,0.5749789206090962
89b2c1c0387ffff,0,0,0,0,7,0,0,0,0,0,54,147,0,122,0,8,2,11,0,0,0,0,0,0,0,1605,0,0,0,0,0,1720,9532,0,1200,0,1142,849,2754,0,0,0,401.9202943027026,152.26245293296904,143.63143909010859,3,11252,8.973240617086613,44.790985938499894,16.968502175572425,2.6396546657477087,30054,3349.291664236881,0.05340387302854861,0.3743927596992081,0.03799826978106076,33.50479274820221,0-300 m,0.5256585512914584
89b2c1c10b3ffff,0,0,0,0,0,0,0,0,0,0,0,2,0,1,0,0,0,0,0,0,0,0,0,0,0,0,0,0,0,0,0,0,123,0,18,0,0,0,0,0,0,0,25.344968210658706,8.238655478204212,7.5334343091873235,0,123,8.981163584829188,2.8220138706159354,0.9173260680966543,3.0763476246470223,264,29.39485485443599,0.0,0.4659090909090909,0.0,3269.406945793137,Más de 2 km,0.28948079438455604
89b2c1c0c73ffff,0,0,0,0,0,0,0,0,0,0,10,5,0,0,0,0,0,0,0,0,0,0,0,0,0,0,0,0,0,0,0,385,260,0,0,0,0,0,0,0,0,0,147.30575932420197,55.38301049468092,47.697663819050305,0,645,8.967857170264365,16.425970722709394,6.175723970974916,2.659764393601346,1290,143.847072439711,0.0,0.5,0.0,577.6601765002091,500-1000 m,0.3333087949487091
89b2c1c18d7ffff,0,0,0,0,8,0,0,0,0,0,9,10,3,2,0,0,0,0,0,0,0,0,0,0,0,282,0,0,0,0,0,352,768,432,26,0,0,0,0,0,0,0,160.59581627420312,54.31009781360135,50.02847189135007,6,1552,8.9708127797326,17.902036327971402,6.054088870999737,2.9570157804794768,3412,380.3445778858071,0.08264947245017586,0.4548651817116061,0.0,34.6665863363615,0-300 m,0.4636623051308239
89b2c1c5157ffff,0,0,0,0,0,0,0,0,0,0,3,0,8,0,0,0,0,0,0,0,0,0,0,0,0,0,0,0,0,0,0,107,0,1536,0,0,0,0,0,0,0,0,19.032129290171866,7.673817328672418,5.618145473227264,0,1643,8.94884606578119,2.1267690996437376,0.8575203185152266,2.4801384337180274,3286,367.198181290109,0.0,0.5,0.0,4730.776197868931,Más de 2 km,0.2632018195485857
89b2c1ce453ffff,0,0,2,0,0,0,227,0,0,0,112,0,0,0,0,0,0,0,0,0,0,0,0,215,0,0,0,19634,0,0,0,4864,0,0,0,0,0,0,0,0,0,0,125.88241576287018,102.30572945229962,40.296864665378195,0,4864,8.962063875247296,14.046141325833457,11.415420697330907,1.2304532349927018,29577,3300.2442753939717,0.0,0.8282787300943301,0.0,598.4295748468668,500-1000 m,0.2916503157358256
89b2c1c5023ffff,0,0,0,0,0,0,0,0,0,0,1,10,28,2,0,0,0,0,0,0,0,0,0,0,0,0,0,0,0,0,0,43,865,5632,24,0,0,0,0,0,0,0,44.919919138144564,18.296757917090567,13.738954274727359,0,6540,8.950614818173108,5.018640624210559,2.0441900683672904,2.4550753385760182,13104,1464.0335067702792,0.0,0.4990842490842491,0.0,3874.199824027997,Más de 2 km,0.29747797649387664
89b2c1c0e6fffff,0,0,0,0,17,0,0,0,0,0,0,0,0,0,0,26,3,1,0,0,5,0,0,0,0,3386,0,0,0,0,0,0,0,0,0,0,6423,1117,360,0,0,330,94.3853503197131,62.71546300104003,26.424406022257635,0,0,8.966992804522196,10.525864398164018,6.994035165212983,1.5049773341886654,11616,1295.4175667612744,0.29149449035812675,0.0,0.5529442148760331,214.95394840569622,0-300 m,0.36265067011676133
89b2c1c730bffff,0,0,0,0,10,0,32,0,0,0,569,17,2,99,0,0,0,1,0,0,0,0,0,0,0,573,0,1616,0,0,0,19313,984,264,1490,0,0,0,75,0,0,0,1121.0138650116373,417.4559888564728,358.79602602985307,0,20561,8.956021454697943,125.1687337599668,46.61176739784309,2.6853462279518467,44876,5010.707067529409,0.012768517693199038,0.4941839736161868,0.0,3701.1971920988653,Más de 2 km,0.36672273459051674
89b2c1c106bffff,0,0,0,0,0,0,0,0,0,0,0,0,0,0,0,8,0,0,0,0,0,0,0,0,0,0,0,0,0,0,0,0,0,0,0,0,1692,0,0,0,0,0,0.48098901651688886,0.19239560660675553,0.14429670495506663,0,0,8.980226083895547,0.0535609028128432,0.02142436112513728,2.5,1692,188.41396465889693,0.0,0.0,1.0,2136.899859171226,Más de 2 km,-0.0
89b2c1c1ccfffff,0,0,0,0,0,0,0,0,0,0,2,4,4,0,0,0,0,0,0,0,0,0,0,0,0,0,0,0,0,0,0,88,270,552,0,0,0,0,0,0,0,0,16.645465511214734,5.4470254005440575,4.91058810528391,0,910,8.974181399259324,1.854817143833147,0.6069662689227145,3.0558817496155166,1820,202.8040128707686,0.0,0.5,0.0,667.4281195117437,500-1000 m,0.3681506960691624
89b2c1c539bffff,0,0,0,0,0,0,0,0,0,0,3,2,3,0,0,0,0,0,0,0,0,0,0,0,0,0,0,0,0,0,0,119,130,618,0,0,0,0,0,0,0,0,16.941096587684907,5.43082614113502,5.254443316129985,0,867,8.950129335275275,1.8928326008558019,0.6067874482808228,3.1194326880337746,1734,193.74021704532925,0.0,0.5,0.0,4124.451809616189,Más de 2 km,0.35339323643372056
89b2c1c554fffff,0,0,0,0,8,0,0,0,0,0,17,14,3,5,0,0,0,0,0,0,0,0,0,0,0,1091,0,0,0,0,0,616,934,381,62,0,0,0,0,0,0,0,76.66787920280836,26.014961102920328,21.147568774915005,0,1931,8.952209445002977,8.564129299455066,2.9059821782254645,2.947068761682752,5015,560.1969023188256,0.21754735792622135,0.3850448654037886,0.0,3463.3681246573833,Más de 2 km,0.4917524009712566
89b2c1c1957ffff,0,0,0,0,2,1,0,0,5,0,37,129,12,13,0,3,0,1,0,0,0,0,0,0,0,75,109,0,0,777,0,1368,7014,1646,152,0,321,0,66,0,0,0,296.42874233228906,106.94105531585946,94.33164339345981,4,10028,8.965604382664772,33.06288451734963,11.927924850513453,2.771889069700703,21556,2404.2997080798127,0.003479309704954537,0.46520690295045464,0.014891445537205419,71.96960476823321,0-300 m,0.4445935539365596
89b2c1c097bffff,0,0,0,0,15,1,0,4,3,0,104,87,21,37,0,0,0,1,0,0,0,0,0,0,0,713,90,0,233,185,0,3553,6177,2557,486,0,0,0,289,0,0,0,544.6469473628883,186.7138177714216,177.1031817995765,1,12287,8.959876974751232,60.78732430118107,20.83888186161235,2.917014679811512,26570,2965.4425027122325,0.026834776063229204,0.4624388407978924,0.0,106.50821487636036,0-300 m,0.486891715581621
89b2c1c7353ffff,0,0,0,4,10,0,0,0,0,0,204,46,10,74,0,0,1,0,0,0,0,0,0,0,79,581,0,0,0,0,0,6640,3129,1286,872,0,0,76,0,0,0,0,498.83515827932354,175.79684324266384,158.7375628303608,0,11055,8.957201118054774,55.6909632489814,19.62631417176903,2.837566073872833,23718,2647.925360545082,0.024496163251538916,0.4661016949152542,0.0,3228.1096566903766,Más de 2 km,0.4487742632931757
89b2c1c0b77ffff,0,0,0,0,0,0,0,0,0,0,6,5,3,1,0,0,0,0,0,0,0,0,0,0,0,0,0,0,0,0,0,222,332,721,18,0,0,0,0,0,0,0,37.714904976567325,12.770407450619393,10.724166558736473,0,1275,8.959496179470413,4.2094894870301305,1.4253488360072317,2.9533047494689035,2568,286.62325967438403,0.0,0.49649532710280375,0.0,815.531942337825,500-1000 m,0.3931261556285811
89b2c1c738bffff,0,0,0,0,0,0,0,0,0,0,0,52,17,3,0,0,0,0,0,0,0,0,0,0,0,0,0,0,0,0,0,0,4993,1895,43,0,0,0,0,0,0,0,202.09123174473672,80.08053324746881,68.3970938094523,0,6888,8.957095023405127,22.56213998139653,8.940458155039803,2.523599975542426,13819,1542.7993075757918,0.0,0.4984441710688183,0.0,4233.313579935855,Más de 2 km,0.32522520384576786
89b2c1ce48bffff,0,0,8,78,18,0,74,0,0,76,80,52,1,16,0,0,0,0,0,0,0,0,0,1951,425,125311,0,4591,0,0,998,2802,2756,251,182,0,0,0,0,0,0,0,260.5945698012308,114.32458182031124,93.5037782073069,2,5809,8.961960145216466,29.077854127740764,12.75664921153807,2.2794272732247407,145076,16187.976474927278,0.8637610631668918,0.07168656428354793,0.0,95.87365089014932,0-300 m,0.20861097316129965
89b2c1c0eb7ffff,0,0,25,0,0,0,256,0,0,0,0,1,1,1,0,0,0,3,4,0,0,0,0,3543,0,0,0,14592,0,0,0,0,52,113,18,0,0,0,130,2061,0,0,219.02342178604306,80.42318600450561,71.12632477524659,0,165,8.967927674451879,24.422969245169543,8.967867374044259,2.7233865339999404,20674,2305.3263530321233,0.0,0.7137951049627551,0.0,199.1430984546165,0-300 m,0.2905628978427966
89b2c1c1d4fffff,0,0,1,0,10,3,32,0,0,0,163,9,5,19,0,0,0,1,0,0,0,0,0,148,0,822,549,1870,0,0,0,5997,663,902,234,0,0,0,48,0,0,0,432.4785053374802,211.20053611218248,165.8021444049191,0,7562,8.968972508738943,48.21940360683384,23.547907623353584,2.0477149977865703,18795,2095.557766699256,0.04373503591380686,0.5018355945730247,0.0,177.3109133150938,0-300 m,0.508629884768719
89b2c1c55cfffff,0,0,0,0,0,0,0,0,0,0,21,22,9,7,9,0,0,0,0,0,0,0,0,0,0,0,0,0,0,0,0,857,1568,1253,95,2971,0,0,0,0,0,0,127.137280527635,73.74991744354881,43.54179094321935,0,3678,8.953283784502949,14.200072687039615,8.237191986609538,1.723897258935253,10422,1164.0421828289661,0.0,0.35290731145653426,0.0,3424.019889376402,Más de 2 km,0.4895590952000323
89b2c1c19d7ffff,0,0,0,1,0,0,0,0,0,0,0,0,0,0,0,5,3,171,0,0,0,0,0,0,219,0,0,0,0,0,0,0,0,0,0,0,1077,289,96240,0,0,0,103.23157421367698,46.80524775431198,37.18416904925896,0,0,8.966680964707725,11.512796610026582,5.219907782883588,2.2055555555555557,97825,10909.833904544263,0.0,0.0,0.011009455660618452,332.0354719731992,300-500 m,0.031244911456815367
89b2c1c122fffff,0,0,0,5,0,0,0,0,9,0,0,2,1,0,0,0,0,0,0,0,0,0,0,0,2230,0,0,0,0,1362,0,0,167,229,0,0,0,0,0,0,0,0,26.140722250167006,8.332153729060884,8.092322075372751,0,396,8.979217827094663,2.91124714351931,0.9279375876057632,3.1373307670732715,4384,488.2385174765826,0.0,0.09032846715328467,0.0,2205.6177746323547,Más de 2 km,0.38914829021444086
89b2c1c1bd3ffff,0,0,0,0,0,0,0,0,0,0,12,8,0,0,0,0,0,0,0,0,0,0,0,0,0,0,0,0,0,0,0,540,416,0,0,0,0,0,0,0,0,0,148.87500755964285,50.350646779873045,47.33995906480905,0,956,8.967512731023348,16.601594224071277,5.614783975235814,2.9567645518141292,1912,213.21408258338852,0.0,0.5,0.0,517.6088155124559,500-1000 m,0.3350011942749783
89b2c1c5453ffff,0,0,0,0,0,0,0,0,0,0,34,0,14,0,0,0,0,0,0,0,0,0,0,0,0,0,0,0,0,0,0,1598,0,1960,0,0,0,0,0,0,0,0,44.71420890156388,17.256394159736924,13.785576550381279,0,3558,8.957447346892117,4.991847249549053,1.9264856930165732,2.591167568824561,7116,794.4227551020965,0.0,0.5,0.0,1036.3434585828388,1-2 km,0.3355270645440608
89b2c1c185bffff,0,0,4,0,0,0,376,0,0,0,343,103,0,2,0,0,0,1,0,0,0,0,0,563,0,0,0,20296,0,0,0,16088,5871,0,32,0,0,0,78,0,0,0,1660.3577632920055,568.7322670472214,536.6832020435803,0,21959,8.970360745728406,185.09375602120025,63.4012703801289,2.9194013765252875,64887,7233.488355627004,0.0,0.651209024920246,0.0,232.8011395759477,0-300 m,0.43557620720895446
89b2c1c50dbffff,0,0,0,0,0,0,0,0,0,0,2,3,14,0,0,0,0,0,0,2,0,0,0,0,0,0,0,0,0,0,0,86,212,3465,0,0,0,0,0,0,451,0,56.605611030981365,18.424104238946896,16.232112615600307,0,3763,8.95467302232823,6.321348740466217,2.057484867734076,3.072367063106504,7977,890.8197965586874,0.0,0.4717312272784255,0.0,2017.1109934758201,Más de 2 km,0.33137991805265793
89b2c1ce50bffff,0,0,0,0,0,0,0,0,0,0,0,0,1,0,0,0,0,0,0,0,0,0,0,0,0,0,0,0,0,0,0,0,0,331,0,0,0,0,0,0,0,0,2.3983288415817987,1.1521383650736092,0.8347124889819005,0,331,8.95675452833686,0.267767619844231,0.1286334644349737,2.0816326530612246,662,73.91070034414841,0.0,0.5,0.0,1391.4632293845223,1-2 km,0.2242438242175754
89b2c1ce5cfffff,0,0,0,0,0,0,0,0,0,0,0,2,3,2,0,0,0,0,0,0,0,0,0,0,0,0,0,0,0,0,0,0,134,368,36,0,0,0,0,0,0,0,19.581326912482655,6.600707161516694,6.08170175950399,0,502,8.957899704821699,2.1859283490239085,0.736858792688177,2.9665498609975156,1040,116.09864301563985,0.0,0.4826923076923077,0.0,894.1518912737444,500-1000 m,0.355750668376104
89b2c1c018fffff,0,0,0,0,0,0,0,0,0,0,1,0,0,0,0,0,0,0,0,0,0,0,0,0,0,0,0,0,0,0,0,36,0,0,0,0,0,0,0,0,0,0,2.083046571472091,1.0696725637289115,0.6755826718287862,0,36,8.973028589650912,0.23214531756586435,0.11920975766895736,1.9473684210526316,72,8.02404665054133,0.0,0.5,0.0,1488.5629788736821,1-2 km,0.2242438242175754
89b2c1c1dcfffff,0,0,0,0,5,0,0,0,1,0,33,88,1,13,0,0,0,1,0,0,0,0,0,0,0,1801,0,0,0,486,0,1129,4984,119,176,0,0,0,115,0,0,0,365.32813150055864,115.34058006194743,110.7273125166817,1,6232,8.970048743479147,40.72755254157755,12.858411738932327,3.167385939140823,15042,1676.91396447928,0.11973141869432256,0.414306608163808,0.0,74.35366187741909,0-300 m,0.45876063698739145
89b2c1c564fffff,0,0,0,0,0,0,0,0,0,0,1,0,4,0,0,0,0,0,0,0,0,0,0,0,0,0,0,0,0,0,0,27,0,1081,0,0,0,0,0,0,0,0,2.202046870278783,1.0733420254635642,0.7721077108763681,0,1108,8.956581501863413,0.24585796152479025,0.11983835855680605,2.051579848769775,2216,247.4158248366257,0.0,0.5,0.0,1836.1136570590686,1-2 km,0.24277868276069886
89b2c1c0a7bffff,0,0,2,0,2,0,23,0,0,0,68,163,22,75,0,0,2,0,0,0,0,0,0,134,0,94,0,1264,0,0,0,2338,11925,2798,1025,0,0,440,0,0,0,0,618.7209722419354,257.9825167260265,240.3426364146747,1,17061,8.964251036391824,69.02093323024286,28.77903749891707,2.3983058235648103,37079,4136.318789988345,0.0025351277003155424,0.4942150543434289,0.0,135.25858753405032,0-300 m,0.4508996001835126
89b2c1c038bffff,0,0,0,7,0,0,0,0,0,0,147,3,0,32,0,0,0,0,0,0,0,0,0,0,7278,0,0,0,0,0,0,6584,173,0,428,0,0,0,0,0,0,0,289.489328861627,110.38522980738327,102.44869164429748,0,6757,8.97386625443158,32.25915348567491,12.300743812943672,2.6225368137274474,21220,2364.644111953517,0.0,0.31842601319509894,0.0,295.90358835548886,0-300 m,0.39225258103788135
89b2c1c0943ffff,0,0,0,0,0,0,0,3,10,0,252,97,0,11,0,0,0,0,0,0,0,0,0,0,0,0,0,0,2248,9057,0,11090,7045,0,131,0,0,0,0,0,0,0,600.8034707467586,187.8580954526359,175.38570336844987,0,18135,8.961021916756346,67.04631194164445,20.963914294345972,3.1981771629226246,47706,5323.723169429354,0.0,0.3801408627845554,0.0,189.3384475932634,0-300 m,0.47391944399355196
89b2c1c1c53ffff,0,0,0,0,0,0,0,0,0,0,0,0,1,0,0,0,0,0,0,0,0,0,0,0,0,0,0,0,0,0,0,0,0,130,0,0,0,0,0,0,0,0,15.213809630096726,5.038380697417015,4.488730690254278,0,130,8.974216225456344,1.6952800387114693,0.5614284936800495,3.019583184314807,260,28.97188940717537,0.0,0.5,0.0,921.3945048944337,500-1000 m,0.2242438242175754
89b2c1c5517ffff,0,0,0,0,0,0,0,0,0,0,1,0,0,0,0,0,0,0,0,0,0,0,0,0,0,0,0,0,0,0,0,50,0,0,0,0,0,0,0,0,0,0,8.722807146207728,3.2012646062088517,2.7622222629657807,0,50,8.95206931195037,0.9743900367888582,0.35760051611032473,2.7248004208367678,100,11.170601624644169,0.0,0.5,0.0,4273.533916644094,Más de 2 km,0.2242438242175754
89b2c1c54d3ffff,0,0,0,0,0,0,0,0,0,0,18,9,5,2,0,0,0,0,0,0,0,0,0,0,0,0,0,0,0,0,0,859,648,893,8,0,0,0,0,0,0,0,180.0102477726297,86.71565034922135,63.20061351933327,0,2400,8.958521803592486,20.09374445016623,9.6796829042094,2.0758680474365616,4808,536.6956854502412,0.0,0.49916805324459235,0.0,1455.311243288283,1-2 km,0.40373313604549776
89b2c1c18dbffff,0,0,0,0,0,0,0,0,0,0,56,6,0,1,0,0,0,0,0,0,0,0,0,0,0,0,0,0,0,0,0,2636,372,0,13,0,0,0,0,0,0,0,615.7168238233729,201.52941562691763,191.71721667053873,0,3008,8.97143775354224,68.6307859161444,22.463446903741456,3.05522060840598,6029,672.0216051902648,0.0,0.4989218775916404,0.0,321.1628033267533,300-500 m,0.28913492336951246
89b2c1c515bffff,0,0,0,0,0,0,1,0,0,0,7,12,25,5,0,0,0,0,0,0,0,0,0,0,0,0,0,200,0,0,0,242,850,5539,54,0,0,0,0,0,0,0,72.06795736691022,23.91492755673254,20.36000589289392,0,6631,8.949470373087207,8.05276227112082,2.6722170765154285,3.0135135135135136,13516,1510.2569690207852,0.0,0.5054010062148565,0.0,4396.075026315592,Más de 2 km,0.3381878285058053
89b2c1c1563ffff,0,0,0,0,0,0,0,0,0,0,1,0,0,1,0,0,0,0,0,0,0,0,0,0,0,0,0,0,0,0,0,50,0,0,18,0,0,0,0,0,0,0,209.88953669138579,6.139778967536777,5.17322886910202,0,50,8.979947239213107,23.373136957292182,0.683721051358292,34.18519425555014,118,13.140389008604028,0.0,0.423728813559322,0.0,3093.6094243134116,Más de 2 km,0.328208602729159
89b2c1ce58bffff,0,0,0,0,0,0,0,3,0,0,0,0,0,0,0,0,0,0,0,0,0,0,0,0,0,0,0,0,695,0,0,0,0,0,0,0,0,0,0,0,0,0,2.4085266994369476,1.1554189063245845,0.8378388108732724,0,0,8.95783052796449,0.2688738854701511,0.1289842337067671,2.084548457925558,695,77.5857500128356,0.0,0.0,0.0,1253.8944510480299,1-2 km,-0.0
89b2c1c1c97ffff,0,0,0,0,0,0,0,0,0,0,0,13,0,0,0,0,0,1,0,0,0,0,0,0,0,0,0,0,0,0,0,0,832,0,0,0,0,0,84,0,0,0,28.12586071766465,18.44199789395721,9.642483073875432,0,832,8.974041714823015,3.134135277219329,2.055038128861754,1.5250983586155,1748,194.78402881866634,0.0,0.4759725400457666,0.0,846.6753766154774,500-1000 m,0.2758246809234455
89b2c1c0e73ffff,0,0,0,0,23,0,0,0,0,0,0,8,0,0,0,0,0,0,0,0,0,0,0,0,0,28749,0,0,0,0,0,0,591,0,0,0,0,0,0,0,0,0,197.54116945175318,61.615180951669814,58.932743416589666,3,591,8.968103270842802,22.02708460037489,6.870480757284964,3.20604705529798,29931,3337.4950194108496,0.9605091710935151,0.019745414453242457,0.0,53.92811854320125,0-300 m,0.0626635009689147
89b2c1c730fffff,0,0,0,0,0,0,0,0,4,0,396,11,0,289,0,0,0,0,0,0,0,0,0,0,0,0,0,0,0,641,0,9590,754,0,3368,0,0,0,0,0,0,0,749.724166352812,255.49637435827867,230.0910647284074,0,10344,8.955431654464368,83.71725621724413,28.529766539049103,2.9343827998963508,24697,2757.7676825536723,0.0,0.4188362959063854,0.0,3953.684647253803,Más de 2 km,0.38977816199463433
89b2c1ca817ffff,0,0,0,4,7,0,0,0,0,0,31,2,1,7,0,0,0,1,0,0,0,0,0,0,485,1356,0,0,0,0,0,928,156,117,93,0,0,0,8,0,0,0,179.32755722426046,55.56007837778377,54.566105963119945,0,1201,8.973689798284605,19.98370361080906,6.1914418290238356,3.2276332658300624,4344,484.0818100075614,0.31215469613259667,0.2764732965009208,0.0,324.8877292151471,300-500 m,0.5189502234381146
89b2c1c5553ffff,0,0,0,0,7,0,0,0,0,0,308,24,5,34,0,0,0,1,0,0,0,0,0,0,0,521,0,0,0,0,0,8704,1688,647,435,0,0,0,90,0,0,0,530.7842053513518,204.28917569464525,176.88596152482552,0,11039,8.953318838877154,59.28351429266402,22.817145169406857,2.5982003380576786,23124,2582.7294231487467,0.02253070403044456,0.47738280574295106,0.0,3205.1609121742076,Más de 2 km,0.38617841164400557
89b2c1c195bffff,0,0,0,0,2,0,0,0,0,0,149,316,0,62,0,0,0,0,0,0,0,0,0,0,0,46,0,0,0,0,0,5435,21404,0,905,0,0,0,0,0,0,0,1200.347418066869,376.133299687064,359.55257522016575,5,26839,8.966229048430543,133.87427552689823,41.94999900798906,3.1912819712201395,54629,6092.750888352814,0.00084204360321441,0.4912958318841641,0.0,75.8427791458384,0-300 m,0.3299105376441446
89b2c1c51dbffff,0,0,0,0,0,0,0,0,0,0,3,0,8,2,0,0,0,0,0,0,0,0,0,0,0,0,0,0,0,0,0,108,0,1564,23,0,0,0,0,0,0,0,45.62629485883359,14.876794694733764,13.173603003923203,0,1672,8.950545212060668,5.0975995068270405,1.6621104460416112,3.0669439079497978,3367,376.17820146453647,0.0,0.4965844965844966,0.0,4005.873270234234,Más de 2 km,0.2743977842578962
89b2c1c738fffff,0,0,0,0,0,0,0,0,0,0,0,2,0,0,0,0,0,0,0,0,0,0,0,0,0,0,0,0,0,0,0,0,196,0,0,0,0,0,0,0,0,0,28.096671825162915,11.19534406600791,9.670764674998885,0,196,8.95650518453034,3.137012846672767,1.249967909954933,2.5096747057977433,392,43.767071187215045,0.0,0.5,0.0,4450.960903153921,Más de 2 km,0.2242438242175754
89b2c1c0803ffff,0,0,1,0,5,0,60,0,3,0,577,108,0,84,0,0,0,1,0,0,0,0,0,90,0,153,0,3420,0,3075,0,13539,5792,0,1043,0,0,0,63,0,0,0,1308.5117671913924,467.6474053261215,425.9144520141272,1,19331,8.964492105346519,145.96607948496958,52.16663697514013,2.7980734037835204,46506,5187.800876333342,0.0032898980776673976,0.48920569388896057,0.0,96.43388529639245,0-300 m,0.4788456777694967
89b2c1ce48fffff,0,0,34,305,30,0,302,0,0,150,6,14,9,4,0,0,70,0,6,0,0,0,0,22856,1823,1359,0,31818,0,0,1842,199,873,1513,68,0,0,1796,0,445,0,0,202.5383635896864,92.90368148111217,77.30691923116268,2,2585,8.961370137035097,22.60127195869816,10.367129139902898,2.180089748444076,67177,7496.286725438814,0.02023013829137949,0.5121246855322507,0.0,148.33652498853425,0-300 m,0.45864498537510245
89b2c1c1d53ffff,0,0,0,1,5,0,0,0,0,0,56,39,1,10,0,17,0,1,0,0,6,0,0,0,600,547,0,0,0,0,0,2073,2370,180,149,0,13109,0,119,0,0,374,298.51279315221495,120.55802135882118,97.19615899115698,2,4623,8.970083562199477,33.27870817281653,13.440010956738533,2.4760923395029897,24144,2691.613721609507,0.022655732273028497,0.19147614314115308,0.5429506295559974,40.77667014143205,0-300 m,0.46037280652871637
89b2c1c55d3ffff,0,0,0,1,0,3,0,0,0,0,14,23,2,4,0,0,0,0,0,0,0,0,0,0,60,0,466,0,0,0,0,498,1593,326,44,0,0,0,0,0,0,0,129.61648188975087,50.867050991619216,46.357331098157964,0,2417,8.95439302445071,14.475183469814466,5.6806810749452845,2.5481422524593826,5404,603.5026590014456,0.0,0.4472612879348631,0.0,3319.4999617944604,Más de 2 km,0.4560077381247703
89b2c1c19dbffff,0,0,0,0,1,0,0,0,0,0,98,60,18,20,0,0,0,1,0,0,0,0,0,0,0,214,0,0,0,0,0,4559,4595,2677,257,0,0,0,72,0,0,0,606.664102892515,233.57850700030306,211.2351158831844,3,11831,8.967305785110534,67.65288453749734,26.047791008548046,2.5972599563354852,24205,2699.249984336476,0.008841148523032432,0.4887833092336294,0.0,118.22152304071071,0-300 m,0.4304855386571751
89b2c1c1663ffff,0,0,0,0,0,0,0,0,0,0,0,0,1,0,0,0,0,0,0,0,0,0,0,0,0,0,0,0,0,0,0,0,0,514,0,0,0,0,0,0,0,0,3.3411014714259983,1.5034956621416993,1.1067398624098619,0,514,8.98432651853175,0.37188112704212056,0.16734650716895424,2.2222222222222223,1028,114.42148700624021,0.0,0.5,0.0,4096.409460897779,Más de 2 km,0.2242438242175754
89b2c1c1bd7ffff,0,0,0,0,0,0,0,0,1,0,57,31,0,5,0,0,0,0,0,0,0,0,0,0,0,0,0,0,0,347,0,2366,1648,0,79,0,0,0,0,0,0,0,393.43463414671726,133.33003543329275,128.43823891886257,0,4014,8.966922527386448,43.87621649959655,14.869096395790308,2.950832742736045,8454,942.7983763861126,0.0,0.47480482611781405,0.0,306.0506073212347,300-500 m,0.38935723001960676
89b2c1c5457ffff,0,0,0,0,0,0,0,0,0,0,10,10,36,0,0,0,0,0,0,0,0,0,0,0,0,0,0,0,0,0,0,470,618,4843,0,0,0,0,0,0,0,0,45.92488725153826,22.82334036007261,12.864819397385974,0,5931,8.956857497082167,5.127343743773862,2.548141506941208,2.0121895623955086,11862,1324.348411690621,0.0,0.5,0.0,1341.8858394532324,1-2 km,0.32162596514660746
89b2c1c0e37ffff,0,0,0,0,5,0,215,2,7,0,450,14,1,39,0,0,3,1,0,0,0,0,0,0,0,117,0,8600,707,1969,0,13080,839,110,538,0,0,89,60,0,0,0,1511.797468314312,513.5039203029899,482.07359656771746,5,14029,8.966852715527946,168.59844989940834,57.26690697325188,2.9440816487287678,40138,4476.263999573988,0.0029149434451143557,0.5637799591409637,0.0,55.79583602032662,0-300 m,0.4778417033013197
89b2c1c0883ffff,0,0,0,0,0,0,0,0,0,0,86,26,0,11,0,0,0,0,0,0,0,0,0,0,0,0,0,0,0,0,0,3380,1429,0,133,0,0,0,0,0,0,0,506.74829908859226,172.76349204828838,157.37757944538964,0,4809,8.965566909970253,56.52161254020172,19.269667359926224,2.9331908789326464,9751,1087.6055131724352,0.0,0.49318018664752333,0.0,189.37213024382632,0-300 m,0.3415949258084527
89b2c1c1dd3ffff,0,0,3,0,4,5,144,0,0,0,278,17,2,400,0,0,0,1,2,0,0,0,0,941,0,135,157,6768,0,0,0,9099,1021,415,6609,0,0,0,72,412,0,0,1379.1530815882245,488.0306153029468,453.867399318919,9,10535,8.97115964214881,153.73186261323556,54.39994769573085,2.8259560739485785,36164,4031.139946511736,0.003732994137816613,0.4784592412343767,0.0,10.539936266242957,0-300 m,0.5452832313502395
89b2c1c1a5bffff,0,0,0,0,11,0,0,0,0,0,0,0,0,0,0,0,0,0,0,0,0,0,0,0,0,1699,0,0,0,0,0,0,0,0,0,0,0,0,0,0,0,0,2.77068803920269,1.1820409899917916,0.8939570212313489,0,0,8.97060128774292,0.308863135293779,0.13176831207590137,2.3439864291186128,1699,189.3964457345181,1.0,0.0,0.0,1811.0329285429054,1-2 km,-0.0
89b2c1c038fffff,0,0,5,4,17,1,402,0,0,2,0,8,0,3,0,7,0,0,0,0,0,0,0,3036,294,10376,315,18350,0,0,12,0,504,0,37,0,1310,0,0,0,0,0,229.15881776482462,122.59759606265675,95.30647826904372,0,504,8.973275821984629,25.537921970857386,13.66252397617058,1.8691950341971382,34738,3871.272954174829,0.2986930738672347,0.5427485750474984,0.0377108641833151,207.6093856193942,0-300 m,0.4045808256954328
89b2c1c0017ffff,0,0,0,0,0,0,0,0,0,0,84,2,0,9,0,0,0,0,0,0,0,0,0,0,0,0,0,0,0,0,0,4035,120,0,130,0,0,0,0,0,0,0,228.4653861406104,81.3675788369091,78.284104412211,0,4155,8.976606890339026,25.451196530227225,9.064402600104954,2.8078184137510105,8440,940.221634199383,0.0,0.49229857819905215,0.0,335.24945433359784,300-500 m,0.2673664503175504
89b2c1c0c7bffff,0,0,0,0,0,0,0,0,0,0,134,77,0,0,0,0,0,0,0,0,0,0,0,0,0,0,0,0,0,0,0,4464,4013,0,0,0,0,0,0,0,0,0,277.2497201459401,101.55076958833853,89.25990263419438,0,8477,8.967892441323645,30.915816838791002,11.323816632812983,2.7301587301587302,16954,1890.5222281521499,0.0,0.5,0.0,520.6684791727048,500-1000 m,0.33613669765209664
89b2c1c54d7ffff,0,0,0,0,5,0,0,0,0,0,199,184,1,54,0,0,0,1,0,0,0,0,0,0,0,219,0,0,0,0,0,8468,9957,114,653,0,0,0,73,0,0,0,581.1889340311125,241.83418552700476,197.67193107704804,0,18539,8.957931915048658,64.8798114947445,26.996653671897345,2.403253835947909,38023,4244.618106119359,0.0057596717776082895,0.48757331089077666,0.0,1673.9071913598596,1-2 km,0.3767422748404575
89b2c1c0903ffff,0,0,0,0,11,0,0,0,0,0,37,90,63,9,0,0,2,0,0,3,0,0,0,0,0,1473,0,0,0,0,0,1458,6936,7420,100,0,0,180,0,0,435,0,501.68234446558296,178.53447408280016,158.28362530208858,0,15814,8.960361843349746,55.989072008060084,19.92491789997364,2.8100026453877716,33816,3773.954734327806,0.043559261887863736,0.4676484504376626,0.0,272.42612027730166,0-300 m,0.44849532006379134
89b2c1ce58fffff,0,0,0,0,0,0,0,0,0,0,0,0,0,0,0,0,0,5,0,0,0,0,0,0,0,0,0,0,0,0,0,0,0,0,0,0,0,0,422,0,0,0,2.3984590136517423,1.1522008987150527,0.834757793967028,0,0,8.957240666541397,0.2677676198442309,0.12863346443497367,2.0816326530612246,422,47.112723182299426,0.0,0.0,0.0,1566.9268700105306,1-2 km,-0.0
89b2c1c08c3ffff,0,0,0,0,6,0,423,0,0,0,81,64,0,43,0,0,2,0,0,0,0,0,0,0,0,489,0,16920,0,0,0,3345,3566,0,684,0,0,212,0,0,0,0,1305.5706331950041,506.1294790372374,447.7659649961223,2,6911,8.966227415475634,145.60980585230305,56.44843205333629,2.5795190504976486,32127,3583.1123293336354,0.015220842282192549,0.7417748311389174,0.0,46.876968157902446,0-300 m,0.42916420437328096
89b2c1c0e77ffff,0,0,4,0,19,0,216,0,0,0,417,8,0,45,0,0,0,2,0,0,0,0,0,48,0,514,0,8640,0,0,0,13414,491,0,674,0,0,0,135,0,0,0,1183.9420156727144,424.3856217065793,396.4539441019146,4,13905,8.967513042913497,132.0256809225736,47.3247844386406,2.7897788122786435,37821,4217.557289184846,0.013590333412654346,0.5960974062029032,0.0,71.51485476958212,0-300 m,0.41667908960438454
89b2c1c56d3ffff,0,0,0,0,2,0,0,0,8,0,40,128,0,1,0,0,3,0,0,0,0,0,0,0,0,76,0,0,0,2503,0,1334,8337,0,2,0,0,142,0,0,0,0,206.64207814507844,80.5875241186389,72.53196579153494,0,9671,8.958766986963846,23.065906105803304,8.995381198763631,2.5641944011192757,22065,2462.9505413085753,0.0034443689100385226,0.438295943802402,0.0,369.5109798459018,300-500 m,0.38778476661187516
89b2c1c5497ffff,0,0,1,0,0,0,0,0,0,0,28,72,49,4,0,0,0,2,0,0,0,0,0,16,0,0,0,0,0,0,0,955,4648,7453,34,0,0,0,80,0,0,0,240.96748477392572,113.35559907540515,77.95550716832906,0,13056,8.957271658492964,26.901884185398018,12.655148062627468,2.1257660560166243,26242,2929.686739501562,0.0,0.4975230546452252,0.0,2566.1944706473355,Más de 2 km,0.37617608274860154
89b2c1c7313ffff,0,0,0,0,0,0,0,0,0,0,1,82,14,0,0,0,0,0,0,0,0,0,0,0,0,0,0,0,0,0,0,24,7742,1427,0,0,0,0,0,0,0,0,191.89114843924892,75.4862780758212,65.0520045924051,0,9193,8.95654058620802,21.424694790613454,8.428061855942557,2.542066628937598,18386,2052.8015055625606,0.0,0.5,0.0,4118.459327705542,Más de 2 km,0.29693197905073576
89b2c1ce413ffff,0,0,2,0,0,0,0,0,0,0,118,31,26,230,0,0,0,0,0,0,0,0,0,8,0,0,0,0,0,0,0,3487,2049,2986,2316,0,0,0,0,0,0,0,526.3385306123761,180.6374436350128,164.91415781125463,0,8522,8.961404750661409,58.73393125932951,20.157268716345015,2.913784207862629,19368,2161.2682987642665,0.0,0.4400041305245766,0.0,173.90716592738974,0-300 m,0.47006562628729176
89b2c1ca81bffff,0,0,0,0,6,0,0,0,0,0,22,4,0,2,0,0,0,0,0,0,0,0,0,0,0,2636,0,0,0,0,0,922,242,0,29,0,0,0,0,0,0,0,69.06782900204384,22.494153908413026,21.2415195691664,0,1164,8.974314304613397,7.696167824937707,2.5065039115968477,3.070479080176108,4993,556.3656264449379,0.5279391147606649,0.23312637692769878,0.0,858.6828279141814,500-1000 m,0.37697599042168023
89b2c1c5557ffff,0,0,0,0,0,0,0,0,0,0,30,42,8,9,0,0,0,0,0,0,0,0,0,0,0,0,0,0,0,0,0,1223,3088,1089,110,0,0,0,0,0,0,0,203.2221744134609,78.46035797757943,66.55486861626746,0,5400,8.952729136003478,22.699466422613092,8.763848071986276,2.5901255060744557,10910,1218.6228170497575,0.0,0.49495875343721357,0.0,3517.143847120975,Más de 2 km,0.3969606748905725
89b2c1c1c17ffff,0,0,6,0,3,0,533,0,3,142,184,31,0,2,0,0,0,0,0,0,0,0,0,7907,0,350,0,27725,0,103,1890,9195,1810,0,25,0,0,0,0,0,0,0,427.95429562804617,150.94937422274228,131.01598792304955,1,11005,8.972965674082898,47.693740416742,16.822684907704208,2.8350849271925624,60010,6687.866885898174,0.005832361273121147,0.6453924345942343,0.0,89.87866895714913,0-300 m,0.4791140394327929
89b2c1c0807ffff,0,0,3,0,8,0,150,0,0,0,220,4,0,51,0,0,0,0,0,0,0,0,0,1367,0,250,0,8095,0,0,0,6544,212,0,854,0,0,0,0,0,0,0,597.7270062479564,209.18343595563707,190.4767688918382,3,6756,8.963902005056564,66.68156411245647,23.33620289887552,2.8574299084308015,24078,2686.1070085792467,0.010382922169615416,0.6167871085638342,0.0,146.42591991931096,0-300 m,0.46829561025264893
89b2c1ce493ffff,0,0,5,0,14,0,272,0,1,0,80,119,3,105,0,0,0,0,0,0,0,0,0,425,0,5718,0,15806,0,67,0,2526,8300,325,1309,0,0,0,0,0,0,0,865.133684889743,374.631851650905,346.70275948373256,3,11151,8.962480829464681,96.5283721495465,41.80001706885451,2.3092902567609355,45627,5090.88955035737,0.12532053389440462,0.590812457536108,0.0,80.31950674530509,0-300 m,0.5280832076597911
89b2c1c034fffff,0,0,0,0,0,0,0,0,0,0,0,1,1,0,0,0,0,0,0,0,0,0,0,0,0,0,0,0,0,0,0,0,84,150,0,0,0,0,0,0,0,0,11.383415503955568,6.790168341782865,4.06464541465225,0,234,8.97286086006937,1.2686495067156947,0.7567450836109778,1.6764555650127924,468,52.157278185675764,0.0,0.5,0.0,493.859517284124,300-500 m,0.32984344049057
89b2c1ca523ffff,0,0,0,0,0,0,0,0,0,0,0,2,0,0,0,0,0,0,0,0,0,0,0,0,0,0,0,0,0,0,0,0,160,0,0,0,0,0,0,0,0,0,3.3409461974381967,1.5034257888471885,1.1066884279014026,0,160,8.983908981914505,0.3718811270421206,0.16734650716895427,2.2222222222222223,320,35.61923886853613,0.0,0.5,0.0,4494.388116161371,Más de 2 km,0.2242438242175754
89b2c1c1d57ffff,0,0,0,0,15,0,0,0,0,0,97,57,2,24,0,0,0,2,0,0,0,0,0,0,0,8185,0,0,0,0,0,3629,3420,274,302,0,0,0,437,0,0,0,433.16233052470795,163.1138576084598,138.26085181187042,5,7323,8.969493265241502,48.292843053162734,18.185403877893204,2.65558265174793,23570,2627.7961645100117,0.3472634705133644,0.3106915570640645,0.0,33.32961263100818,0-300 m,0.4788645730232259
89b2c1c55d7ffff,0,0,0,0,0,0,0,0,0,0,0,1,0,2,0,0,0,7,0,0,0,0,0,0,0,0,0,0,0,0,0,0,60,0,16,0,0,0,1405,0,0,0,62.35243363541156,25.98480240675115,20.849853632691875,0,60,8.95380328299974,6.963793112787932,2.902096638205973,2.399573129684899,1541,172.10563503509627,0.0,0.03893575600259572,0.0,3615.7772332126465,Más de 2 km,0.12436693342385693
89b2c1c0a03ffff,0,0,0,0,11,0,0,0,0,0,47,36,36,63,0,0,4,0,0,0,0,0,0,0,0,4286,0,0,0,0,0,1657,2781,4947,738,0,0,629,0,0,0,0,207.71568562006507,76.27721495437163,68.73884835350535,0,9385,8.96473683291603,23.17030488361807,8.508583840888985,2.723168193074679,24423,2724.3409879390447,0.17549031650493388,0.3842689268312656,0.0,173.8474215588279,0-300 m,0.526118557348882
89b2c1c0313ffff,0,0,0,0,2,0,0,0,0,0,27,73,0,19,0,0,0,0,0,0,0,0,0,0,0,128,0,0,0,0,0,1109,4666,0,235,0,0,0,0,0,0,0,234.76040500142722,82.90886121102217,76.67185105486828,0,5775,8.973310989037651,26.162071646488677,9.239494910218617,2.831547817354623,11913,1327.6036030127177,0.01074456476118526,0.48476454293628807,0.0,544.0778557530066,500-1000 m,0.34464301571512984
89b2c1c545bffff,0,0,0,0,0,0,0,0,0,0,0,0,14,0,0,0,0,0,0,0,0,0,0,0,0,0,0,0,0,0,0,0,0,2011,0,0,0,0,0,0,0,0,83.27634888598837,29.497697350444476,25.545707939918696,0,2011,8.957482370873368,9.296847645134555,3.2930790292550034,2.8231474442439333,4022,449.010093849378,0.0,0.5,0.0,818.9415379732333,500-1000 m,0.2242438242175754
89b2c1c1863ffff,0,0,0,0,0,0,0,0,0,0,317,55,0,15,0,0,0,0,0,0,0,0,0,0,0,0,0,0,0,0,0,13803,4156,0,251,0,0,0,0,0,0,0,282.6065231595991,102.42608928275251,93.65534909697325,0,17959,8.968034123501155,31.5126502941169,11.421242144288916,2.7591263626149893,36169,4033.1024059350348,0.0,0.49653017777654895,0.0,415.26353584929444,300-500 m,0.32298480719309225
89b2c1c0887ffff,0,0,0,0,0,0,0,1,0,0,1,0,0,0,0,0,0,0,0,0,0,0,0,0,0,0,0,0,81,0,0,45,0,0,0,0,0,0,0,0,0,0,180.22555462987052,64.255881808966,60.067041119670364,0,45,8.964976771115415,20.10329298460045,7.167434277799175,2.804810229913032,171,19.074226778919396,0.0,0.2631578947368421,0.0,348.4408695513035,300-500 m,0.3418186001497161
89b2c1ce513ffff,0,0,0,0,0,0,0,4,0,0,2,1,3,0,0,0,0,0,0,0,0,0,0,0,0,0,0,0,513,0,0,55,80,795,0,0,0,0,0,0,0,0,2.3984682801055768,1.1522053502467966,0.8347610190563527,0,930,8.957275272868475,0.26776761984423103,0.12863346443497373,2.0816326530612246,2373,264.9243132214325,0.0,0.3919089759797724,0.0,1387.5444866792611,1-2 km,0.40961070355871976
89b2c1c050fffff,0,0,0,0,0,0,0,0,0,0,56,2,0,2,0,0,0,1,0,0,0,0,0,0,0,0,0,0,0,0,0,1966,134,0,33,0,0,0,60,0,0,0,52.85701895218841,17.22753544316359,16.28673166415211,0,2100,8.975838788160305,5.8888110849216835,1.9193231796774013,3.0681706693666206,4293,478.2839912034446,0.0,0.4891684136967156,0.0,1805.8927650349437,1-2 km,0.29529041054785754
89b2c1c7253ffff,0,0,0,0,0,0,0,1,0,0,475,0,2,3,0,0,0,0,0,0,0,0,0,0,0,0,0,0,476,0,0,22395,0,570,35,0,0,0,0,0,0,0,133.86945426541874,113.12716777800757,47.812930935720566,0,22965,8.961330600662992,14.93856886113705,12.623925265031291,1.183353715069702,46441,5182.377714818838,0.0,0.49449839581404365,0.0,2045.1622380589613,Más de 2 km,0.2608552928443514
89b2c1c1dd7ffff,0,0,0,0,5,0,0,0,0,0,40,127,0,20,0,0,0,0,0,0,0,0,0,0,0,273,0,0,0,0,0,1736,7301,0,227,0,0,0,0,0,0,0,542.3653179613783,184.41551332359515,177.80375923476842,5,9037,8.970569306614953,60.46052367729156,20.55783830660625,2.940996167766462,18574,2070.548631323033,0.014697964897168084,0.4865403251857435,0.0,126.70887533570175,0-300 m,0.34128903869077903
89b2c1c5613ffff,0,0,0,0,0,0,0,0,0,0,0,9,0,0,0,0,0,0,0,0,0,0,0,0,0,0,0,0,0,0,0,0,719,0,0,0,0,0,0,0,0,0,9.451991330628164,4.531358781768919,3.0705607703202977,0,719,8.95703223310799,1.0552592739022029,0.5058995729656527,2.0859066310653875,1438,160.5442475337649,0.0,0.5,0.0,999.1598173828244,500-1000 m,0.2242438242175754
89b2c1c0a83ffff,0,0,0,0,7,1,123,0,0,0,308,56,2,73,0,0,0,0,0,0,0,0,0,0,0,199,593,5451,0,0,0,11157,3628,247,975,0,0,0,0,0,0,0,1241.1817959818895,416.7499149172141,408.1321610228293,3,15032,8.965812448993864,138.43494976533597,46.482113839441446,2.978241270255438,37282,4158.240004695142,0.00533769647551097,0.5494072206426693,0.0,87.69023388121208,0-300 m,0.4715065871894307
89b2c1c0393ffff,0,0,0,0,10,0,0,0,3,0,289,183,0,163,0,0,0,1,0,0,0,0,0,0,0,310,0,0,0,69,0,12515,11141,0,1109,0,0,0,72,0,0,0,1081.420894962462,393.6412492704665,371.3380676698205,6,23656,8.974386255517725,120.5008191281684,43.86274872317245,2.7472245273244464,48872,5445.7205884081495,0.0063431003437551155,0.48403994107055165,0.0,56.254447746819245,0-300 m,0.3798062117570435
89b2c1c1c5bffff,0,0,0,0,0,0,0,0,0,0,0,0,2,0,0,0,0,0,0,0,0,0,0,0,0,0,0,0,0,0,0,0,0,312,0,0,0,0,0,0,0,0,1.8648634613419783,0.6922216976446725,0.56741635865647,0,312,8.974251013532253,0.20780157124309925,0.07713420279874865,2.694026303548838,624,69.53226503906251,0.0,0.5,0.0,1105.1735243361268,1-2 km,0.2242438242175754
89b2c1c0907ffff,0,0,1,0,0,0,0,0,1,0,23,95,138,5,0,0,0,0,0,0,0,0,0,6,0,0,0,0,0,126,0,829,7369,15998,39,0,0,0,0,0,0,0,462.9625674426519,168.77747975384935,153.32476881008222,0,24196,8.959771889768698,51.67124488641458,18.83725186648769,2.7430351971000624,48563,5420.115667839138,0.0,0.4982394003665342,0.0,426.0009835194098,300-500 m,0.352889062250618
89b2c1c1d93ffff,0,0,11,0,17,0,175,3,0,0,76,145,3,106,0,0,1,0,0,0,0,0,0,966,0,767,0,8521,200,0,0,2308,9590,330,1407,0,0,50,0,0,0,0,641.2476903200973,302.26077563192257,269.3748103077961,1,12228,8.970499401071127,71.48405697942846,33.69497751661752,2.1215048131186407,36367,4054.066376244067,0.02109054912420601,0.5705447246129733,0.0,127.78766763634209,0-300 m,0.5230927446947315
89b2c1c156bffff,0,0,0,0,4,0,0,0,0,0,0,0,0,0,0,0,0,0,0,0,0,0,0,0,0,243,0,0,0,0,0,0,0,0,0,0,0,0,0,0,0,0,45.56508808113628,14.935255546386303,13.662538600407062,0,0,8.979982227922429,5.0740733026682205,1.66317206062463,3.050840873771396,243,27.060187184381483,1.0,0.0,0.0,3092.970980081258,Más de 2 km,-0.0
89b2c1ce593ffff,0,0,0,0,2,0,0,0,0,0,0,0,0,0,0,0,0,0,0,0,0,0,0,0,0,555,0,0,0,0,0,0,0,0,0,0,0,0,0,0,0,0,24.008773372414037,7.383763854577957,6.405842250141823,0,0,8.9583510800058,2.680043811410715,0.8242324718728457,3.251563002997248,555,61.953365640994804,1.0,0.0,0.0,1339.5887517113638,1-2 km,-0.0
89b2c1c0153ffff,0,0,0,0,0,0,0,0,0,0,0,191,0,0,0,0,3,2,0,0,0,0,0,0,0,0,0,0,0,0,0,0,10634,0,0,0,0,305,206,0,0,0,152.17592563243835,57.8462391281741,52.820807907808614,0,10634,8.973725202336265,16.957943574293996,6.446179019735763,2.6306969636392634,21779,2426.9742508194863,0.0,0.48826851554249506,0.0,362.27179351007214,300-500 m,0.26008391801626296
89b2c1c0e7bffff,0,0,11,23,1,0,381,0,0,0,34,134,1,58,0,0,0,0,0,0,0,0,0,810,61,41,0,20090,0,0,0,973,9629,140,670,0,0,0,0,0,0,0,1041.1791598500697,486.29287082364834,413.86601966042304,0,10742,8.968138276248576,116.09758098930662,54.22450634058103,2.14105371951391,43156,4812.147033269474,0.0009500417091482065,0.7144313652794513,0.0,199.75822190813264,0-300 m,0.4192884509937787
89b2c1c56d7ffff,0,0,0,0,6,0,0,0,0,0,222,86,0,0,0,0,0,0,0,0,0,0,0,0,0,311,0,0,0,0,0,9187,6028,0,0,0,0,0,0,0,0,0,284.49384326523705,126.57355358982484,102.38932111906223,0,15215,8.958177090809063,31.758006163678424,14.129387296851627,2.2476562851918485,30741,3431.6133392294446,0.010116782147620441,0.49494160892618977,0.0,500.9614999383996,500-1000 m,0.34777707768839305
89b2c1c0b03ffff,0,0,0,0,0,0,0,0,0,0,3,39,18,8,0,0,0,0,0,0,3,0,0,0,0,0,0,0,0,0,0,85,3098,2946,82,0,0,0,0,0,0,240,216.854557435285,86.02753363771345,76.63646395274682,0,6129,8.96060651865064,24.20087936948499,9.60063735179705,2.520757579178331,12580,1403.922823060687,0.0,0.4872019077901431,0.0,414.3542261173627,300-500 m,0.3809379721899424
89b2c1ce417ffff,0,0,0,0,3,0,0,0,0,0,21,99,1,7,0,0,0,0,0,0,0,0,0,0,0,101,0,0,0,0,0,733,6152,200,92,0,0,0,0,0,0,0,439.6566557497128,157.85927455757707,145.62109585308838,1,7085,8.96081476230501,49.06436160238391,17.61662066954396,2.7851176751059623,14363,1602.8676388245499,0.00703195711202395,0.4932813479078187,0.0,48.50583785757099,0-300 m,0.32038401868832417
89b2c1ce4cfffff,0,0,0,0,4,0,0,0,0,0,33,28,11,4,0,9,4,2,0,0,0,0,0,0,0,642,0,0,0,0,0,1156,1943,1338,61,0,3431,256,247,0,0,0,171.7438187127763,86.69765553737575,65.21489858111954,0,4437,8.962029336424571,19.16349659945367,9.673886603451361,1.9809511300883649,13511,1507.5826570983145,0.04751683813189253,0.32839908222929465,0.2539412330693509,293.73117136978874,0-300 m,0.5659678263050806
89b2c1c555bffff,0,0,0,0,0,0,0,0,0,0,3,4,4,1,0,0,0,0,0,0,0,0,0,0,0,0,0,0,0,0,0,91,357,586,20,0,0,0,0,0,0,0,36.135410341380116,16.496691104465533,12.314875670940832,0,1034,8.953353855365808,4.035963609293059,1.8425152597514003,2.1904641429333984,2088,233.20869852012459,0.0,0.4952107279693487,0.0,3009.169944349303,Más de 2 km,0.3842338035120166
89b2c1c1963ffff,0,0,0,8,9,0,0,0,0,0,0,3,1,2,0,6,2,4,0,0,0,0,0,0,1389,3239,0,0,0,0,0,0,246,131,22,0,1092,453,662,0,0,0,29.796879044854922,18.760286523321113,10.57503766707101,3,377,8.963903004547904,3.3240965492082246,2.0928703170709166,1.5882955203170326,7611,849.0721057711693,0.4255682564708974,0.04953356983313625,0.1434765471028774,66.13886682701927,0-300 m,0.5433507911684752
89b2c1c0987ffff,0,0,0,0,0,0,20,0,0,0,4,0,9,1,0,0,0,0,0,0,0,0,0,0,0,0,0,1330,0,0,0,161,0,1408,12,0,0,0,0,0,0,0,10.090369694238122,3.6766529250260365,2.859618941686917,0,1569,8.960846385438309,1.1260509621764445,0.4103019700238057,2.7444444444444445,4480,499.95277313091293,0.0,0.6470982142857142,0.0,1153.7186222739706,1-2 km,0.3970015729114419
89b2c1c0297ffff,0,0,0,0,0,0,0,0,0,0,0,1,0,0,0,0,0,0,0,0,0,0,0,0,0,0,0,0,0,0,0,0,56,0,0,0,0,0,0,0,0,0,8.351007947726526,2.423951784530208,2.377786641838734,0,56,8.977929399816894,0.9301708195540996,0.26999006971247125,3.445203820068993,112,12.475036838926831,0.0,0.5,0.0,1611.7503164608981,1-2 km,0.2242438242175754
89b2c1c0843ffff,0,0,0,0,10,0,0,5,0,0,169,15,1,39,0,0,0,1,0,0,1,0,0,0,0,925,0,0,4011,0,0,7037,1029,191,525,0,0,0,105,0,0,112,383.30398257138796,143.96209642897747,129.99422262704638,2,8257,8.965152340442806,42.754876661968225,16.057964322541217,2.6625340424969974,22192,2475.3622869172455,0.04168168709444845,0.37207101658255226,0.0,83.60463847869158,0-300 m,0.4845054225494275
89b2c1c0b83ffff,0,0,6,88,0,0,250,0,0,23,1,62,0,0,0,0,0,0,0,0,0,0,0,1993,360,0,0,14498,0,0,136,30,4557,0,0,0,0,0,0,0,0,0,323.8292713175664,178.94468255851876,131.6607174411346,0,4587,8.961681863947305,36.13487693870568,19.967756641575306,1.809661324871541,26161,2919.206505783837,0.0,0.7295210427735943,0.0,316.3739696406294,300-500 m,0.39696085780428897
89b2c1c080bffff,0,0,5,0,3,2,60,0,0,0,25,15,3,8,0,0,0,2,0,0,0,0,0,991,0,294,655,3120,0,0,0,944,1065,341,104,0,0,0,451,0,0,0,315.1303542959584,133.85453195627088,113.33067400977498,5,2350,8.964527180191501,35.15303684864577,14.931577456984348,2.3542748212582656,10315,1150.6462965266674,0.028502181289384393,0.5302956858943286,0.0,95.25604352865147,0-300 m,0.630655752753558
89b2c1c5417ffff,0,0,0,1,4,0,0,0,4,0,54,27,29,17,0,0,0,0,0,0,0,0,0,0,129,98,0,0,0,180,0,1970,1943,4625,216,0,0,0,0,0,0,0,127.67466252939474,50.499816755766524,45.81078604637933,0,8538,8.95619751081477,14.255454100384151,5.638533171559368,2.528220313092833,17699,1976.1734797192826,0.005537035990733939,0.4824001356008814,0.0,2166.6410049118444,Más de 2 km,0.4381476233157275
89b2c1c5067ffff,0,0,0,1,0,0,0,0,0,0,3,2,8,0,0,0,0,0,0,0,0,0,0,0,14,0,0,0,0,0,0,113,151,1629,0,0,0,0,0,0,0,0,18.440348573639543,5.9009115435646535,5.716508057828258,0,1893,8.950684272985146,2.0602166282745547,0.6592693210478575,3.125,3800,424.5485466925827,0.0,0.49815789473684213,0.0,3860.475465544811,Más de 2 km,0.3117386113369199
89b2c1ce497ffff,0,0,9,100,3,0,100,2,2,144,68,44,45,40,0,0,0,0,0,0,0,0,0,5693,676,281,0,11802,2687,138,1863,2396,3869,5269,463,0,0,0,0,0,0,0,281.9271235888088,126.13467768902366,106.70975815433206,2,11534,8.96189080239962,31.45844217531868,14.07456087896653,2.235127791612396,46671,5207.71799490164,0.00602086949069015,0.5000107132909087,0.0,81.73575912144312,0-300 m,0.6479730199260171
89b2c1c73cfffff,0,0,0,0,5,0,47,0,0,0,227,20,1,63,0,0,0,1,0,0,0,0,0,0,0,241,0,2444,0,0,0,6953,1244,102,889,0,0,0,102,0,0,0,605.1770963081237,217.08103692369653,198.50459868632072,0,8299,8.957165791078166,67.56345817679446,24.235460410917177,2.7877934659066606,20274,2263.4391807500124,0.011887146098451219,0.5298905001479728,0.0,3561.9954410790037,Más de 2 km,0.4535668719865256
89b2c1c0bbbffff,0,0,0,0,0,0,0,0,0,0,7,5,95,3,0,0,0,0,0,0,0,0,0,0,0,0,0,0,0,0,0,226,406,11409,36,0,0,0,0,0,0,0,175.03000156612987,63.46484111283262,56.0474731742527,0,12041,8.96053680095241,19.533428125369234,7.082705257801853,2.7579049832480984,24118,2691.5798166730942,0.0,0.49925366945849575,0.0,542.0911437700274,500-1000 m,0.2662975129958692
89b2c1ca527ffff,0,0,0,0,0,0,0,0,0,0,1,0,1,0,0,0,0,0,0,0,0,0,0,0,0,0,0,0,0,0,0,45,0,140,0,0,0,0,0,0,0,0,3.3407264962422483,1.5033269233090119,1.1066156518802448,0,185,8.98331819851634,0.3718811270421205,0.16734650716895424,2.222222222222222,370,41.1874534357592,0.0,0.5,0.0,4180.83298289505,Más de 2 km,0.3139853290205931
89b2c1c1d5bffff,0,0,0,0,3,0,0,0,0,0,215,59,5,58,0,0,0,1,0,0,0,0,0,0,0,206,0,0,0,0,0,8369,4043,671,864,0,0,0,115,0,0,0,752.7994583960344,280.3702972417324,256.5482360828412,1,13083,8.970118343118003,83.92302415648646,31.256031026261354,2.685018583644681,27351,3049.123651861746,0.007531717304668934,0.47833717231545464,0.0,165.71759551389627,0-300 m,0.4068594883741839
89b2c1c1b97ffff,0,0,0,0,8,0,0,0,1,0,529,15,0,561,0,0,0,0,0,0,0,0,0,0,0,189,0,0,0,460,0,23883,950,0,8399,0,0,0,0,0,0,0,1725.5807569645383,535.0518756202191,514.3534991145775,5,24833,8.966263518437446,192.45260340789716,59.673895878699625,3.225071877309629,58714,6548.324157467113,0.003218993766393024,0.4229485301631638,0.0,122.55139390853573,0-300 m,0.36596119083592626
89b2c1c55dbffff,0,0,0,0,10,1,0,0,19,0,23,51,19,16,0,0,1,1,0,0,0,0,0,0,0,739,205,0,0,9269,0,806,3649,2536,202,0,0,54,85,0,0,0,169.13889237373456,95.42597923788395,60.39013792174709,0,6991,8.95442815672952,18.88885469996447,10.656847937985686,1.7724616894115843,24536,2740.096806914517,0.030119008803390936,0.2849282686664493,0.0,3055.3317137995496,Más de 2 km,0.5091357985958557
89b2c1c0a07ffff,0,0,0,0,39,0,0,0,0,0,59,91,2,79,0,8,0,1,0,0,0,0,0,0,0,8888,0,0,0,0,0,2053,6305,222,1059,0,1268,0,350,0,0,0,287.3565745692414,119.22975139535379,103.66471764626164,2,8580,8.96414672518573,32.05621052161968,13.30073626086073,2.410107973943484,28725,3204.4321540715123,0.30941688424717145,0.29869451697127936,0.044142732811140124,73.7306670036827,0-300 m,0.5163351005618028
89b2c1ce693ffff,0,0,0,0,0,0,0,0,0,0,332,198,0,49,0,0,0,5,0,0,0,0,0,0,0,0,0,0,0,0,0,9184,11214,0,364,0,0,0,344,0,0,0,551.4061519569618,161.77290255163612,158.24007846214397,4,20398,8.962722873166344,61.52216907295288,18.049526337132537,3.408519864944372,41504,4630.735613198481,0.0,0.49147070161912104,0.0,96.94627448258163,0-300 m,0.36160085945477877
89b2c1c0317ffff,0,0,5,0,0,0,240,0,4,41,58,181,0,31,0,0,0,0,0,0,0,0,0,1846,0,0,0,11520,0,824,533,1820,11338,0,376,0,0,0,0,0,0,0,706.9390099727229,300.98642964561566,269.116103299195,0,13158,8.97272057636295,78.78758777299153,33.544611925006485,2.348740475791815,41415,4615.656940114743,0.0,0.5958710612097067,0.0,319.86964309146225,300-500 m,0.4941662778075906
89b2c1c1867ffff,0,0,0,0,0,0,0,0,24,0,259,29,0,8,0,0,0,0,0,0,0,0,0,0,0,0,0,0,0,3822,0,11375,1693,0,104,0,0,0,0,0,0,0,730.5015783032635,257.1524402284187,243.2718147406036,3,13068,8.967443900862666,81.46151638963579,28.676225139661113,2.84073360398364,30062,3352.348822289041,0.0,0.43470161665890494,0.0,110.93319909593124,0-300 m,0.3797139552552354
89b2c1c088bffff,0,0,0,0,12,0,180,0,0,0,365,70,0,49,0,0,2,1,0,0,2,0,0,0,0,1272,0,7740,0,0,0,16140,3914,0,548,0,0,148,77,0,0,213,808.6062373622968,287.0533312301051,271.0941582056053,2,20054,8.965602100772038,90.1898420511732,32.017183899493666,2.816919886967308,50106,5588.693256383229,0.025386181295653214,0.554704027461781,0.0,147.82733051626414,0-300 m,0.4568342251463039
89b2c1ca5a7ffff,0,0,0,0,10,0,0,0,0,0,0,0,0,0,0,0,0,0,0,0,0,0,0,0,0,973,0,0,0,0,0,0,0,0,0,0,0,0,0,0,0,0,3.341127287864998,1.503507279539249,1.1067484141052806,0,0,8.984395939744934,0.37188112704212056,0.16734650716895424,2.2222222222222223,973,108.2988780242496,1.0,0.0,0.0,4314.460915495161,Más de 2 km,-0.0
89b2c1c1ddbffff,0,0,0,0,0,0,0,2,0,0,351,0,0,398,0,0,0,0,0,0,0,0,0,0,0,0,0,0,616,0,0,11231,0,0,6468,0,0,0,0,0,0,0,1127.5920092767626,349.97160803798477,333.5378709441975,3,11231,8.97119453901789,125.69028621245396,39.01059179085614,3.221952819539514,29546,3293.4298628234305,0.0,0.38011913626209975,0.0,45.22245291667619,0-300 m,0.3715889264085251
89b2c1c565bffff,0,0,0,0,2,0,0,0,0,0,0,0,0,0,0,0,0,0,0,0,0,0,0,0,0,543,0,0,0,0,0,0,0,0,0,0,0,0,0,0,0,0,0.9216627807077395,0.4426667710288841,0.2598732885418862,0,0,8.957726478581101,0.10289025713293831,0.049417312762043863,2.0820690438668614,543,60.61805987248797,1.0,0.0,0.0,1462.9246678521417,1-2 km,-0.0
89b2c1c0a87ffff,0,0,0,0,22,2,93,0,0,0,328,41,0,63,0,0,2,0,0,0,0,0,0,0,0,895,123,3906,0,0,0,11958,2579,0,883,0,0,135,0,0,0,0,1154.137081667883,405.5197679109018,395.4527787363475,5,14537,8.965222302686936,128.73490948707212,45.232539051414804,2.846068608723071,35016,3905.7592570242764,0.0255597441169751,0.5267020790495773,0.0,111.95121653713913,0-300 m,0.45177465408926354
89b2c1c1373ffff,0,0,0,0,0,0,0,0,0,0,1,1,0,0,0,0,0,0,0,0,0,0,0,0,0,0,0,0,0,0,0,40,56,0,0,0,0,0,0,0,0,0,25.41078772189773,8.8565823587584,8.326327865017364,0,96,8.976855480025767,2.8307003246781455,0.9866018650367064,2.8691414693127806,192,21.388335862955085,0.0,0.5,0.0,996.6408958499642,500-1000 m,0.3341085828289631
89b2c1c0397ffff,0,0,0,0,13,0,0,1,4,0,41,219,0,189,0,0,0,0,0,0,0,0,0,0,0,624,0,0,496,123,0,1207,13660,0,1850,0,0,0,0,0,0,0,687.6688377103314,229.64419451472227,219.25321910001492,6,14867,8.973795804289866,76.63076503051204,25.59053042024227,2.9944969397702135,32827,3658.095271602599,0.01900874280318031,0.4528893898315411,0.0,40.24127766339722,0-300 m,0.3774536939738491
89b2c1c3263ffff,0,0,0,0,0,1,0,0,4,0,1,0,2,2,0,0,2,0,0,0,0,0,0,0,0,0,89,0,0,1748,0,45,0,255,32,0,0,63,0,0,0,0,14.653810297237412,4.774524134482221,4.293537113611867,0,300,8.98797237793952,1.6303799879497156,0.5312125954237494,3.069166661323529,2532,281.7098110152912,0.0,0.11848341232227488,0.0,6362.882742847075,Más de 2 km,0.3481568318801929
89b2c1c090bffff,0,0,0,0,9,0,0,0,3,0,25,170,37,28,0,0,1,0,0,0,0,0,0,0,0,734,0,0,0,144,0,831,13790,4171,338,0,0,72,0,0,0,0,577.4286333564769,198.56669507813595,182.52289805559906,3,18792,8.960396910646601,64.44230530350562,22.160479837919027,2.9079833006701294,38872,4338.200683254657,0.018882486108252727,0.48343280510393083,0.0,35.28365520147843,0-300 m,0.3847703064452357
89b2c1c156fffff,0,0,0,0,0,0,0,0,0,0,1,2,0,0,0,0,0,0,0,0,0,0,0,0,0,0,0,0,0,0,0,36,124,0,0,0,0,0,0,0,0,0,147.45174353473155,10.84435198178684,9.655464581785735,0,160,8.9793915807467,16.421128559633424,1.2076934037534262,13.597100479805315,320,35.63715838900855,0.0,0.5,0.0,2903.9429012527544,Más de 2 km,0.3104871949868823
89b2c1ce597ffff,0,0,0,0,2,0,0,0,3,0,1,0,1,0,0,0,0,0,0,0,0,0,0,0,0,835,0,0,0,2321,0,28,0,107,0,0,0,0,0,0,0,0,7.320199641885683,2.5638876521952607,2.100021207967666,0,135,8.95776119961464,0.8171907554535609,0.28621969207055425,2.8551171638187642,3426,382.4616356313881,0.24372446001167541,0.03940455341506129,0.0,1617.2893941138168,1-2 km,0.28561463772685375
89b2c1c56dbffff,0,0,0,0,0,0,0,0,0,0,0,47,0,0,0,0,0,0,0,0,0,0,0,0,0,0,0,0,0,0,0,0,3810,0,0,0,0,0,0,0,0,0,123.60442913449593,52.2753909778303,44.9470651398167,0,3810,8.958801861596543,13.796982123731047,5.835087301340799,2.364485981308411,7620,850.5601661606617,0.0,0.5,0.0,602.7104984800604,500-1000 m,0.2242438242175754
89b2c1c0b07ffff,0,0,0,0,0,0,0,0,0,0,4,4,46,2,0,0,0,0,0,0,0,0,0,0,0,0,0,0,0,0,0,137,264,7368,20,0,0,0,0,0,0,0,95.24381236559837,38.996530064166016,29.93770335684321,0,7769,8.960016557584911,10.629870129533606,4.352283259025268,2.4423663389763512,15558,1736.380719835803,0.0,0.4993572438616789,0.0,726.1808096511284,500-1000 m,0.2653279393759448
89b2c1c731bffff,0,0,0,0,0,0,0,0,0,0,366,15,0,86,0,0,0,0,0,0,0,0,0,0,0,0,0,0,0,0,0,11157,1044,0,1303,0,0,0,0,0,0,0,810.1333164368249,260.068494722801,248.09922201057287,0,12201,8.956575950008402,90.45123057724587,29.036597933673196,3.11507673122929,25705,2869.958357242076,0.0,0.47465473643260064,0.0,3787.52084613851,Más de 2 km,0.32261910538314
89b2c1c199bffff,0,0,0,0,113,0,0,0,6,1,54,71,59,50,0,10,13,15,2,1,3,0,0,0,0,13806,0,0,0,422,475,1760,5027,9973,658,0,2850,1514,2285,172,17,207,304.5667730413327,135.81169817571595,132.92638338840578,2,16760,8.96664630399923,33.96663175009951,15.146320438126608,2.2425665618824526,55926,6237.114535794319,0.24686192468619247,0.29968172227586454,0.05096019740371205,26.5286197487838,0-300 m,0.6114437579893623
89b2c1c5593ffff,0,0,0,0,0,0,0,0,0,0,1,1,0,0,0,0,0,0,0,0,0,0,0,0,0,0,0,0,0,0,0,34,52,0,0,0,0,0,0,0,0,0,43.02067964339687,14.23284324832727,13.147809647169842,0,86,8.953732907081125,4.804775850458265,1.5895988182840615,3.022634261671709,172,19.20986495632146,0.0,0.5,0.0,4168.1249720160995,Más de 2 km,0.3327963052142236
89b2c1ce41bffff,0,0,0,0,2,0,0,1,0,0,55,26,10,125,0,17,0,0,0,0,0,0,0,0,0,588,0,0,30,0,0,1672,1813,1374,1323,0,5705,0,0,0,0,0,258.39438902116683,91.75255010245293,83.56861658986648,0,4859,8.961439326217814,28.83402761710406,10.238595248200738,2.81620934494614,17364,1937.6351686273701,0.033863165169315826,0.2798318359824925,0.3285533287261,241.8411898576381,0-300 m,0.5518727109123903
89b2c1c107bffff,0,0,0,0,0,0,0,3,0,0,0,0,0,0,0,0,0,0,0,0,0,0,0,0,0,0,0,0,100,0,0,0,0,0,0,0,0,0,0,0,0,0,0.40127678666751854,0.16084751677262307,0.12049530336879412,0,0,8.980782035766698,0.04468171981787343,0.01791019046359601,2.494765195752264,100,11.134887763865311,0.0,0.0,0.0,2394.967269589871,Más de 2 km,-0.0
89b2c1c1967ffff,0,0,0,68,0,0,0,0,0,0,0,1,0,0,0,0,0,0,0,0,0,0,0,0,39902,0,0,0,0,0,0,0,93,0,0,0,0,0,0,0,0,0,95.1525193718929,25.268917178553195,25.595448316127577,0,93,8.963312928456931,10.61577567707142,2.819149278870858,3.765595442793761,40088,4472.453468931973,0.0,0.002319896228297745,0.0,194.63182232533254,0-300 m,0.01060324266730108
89b2c1c1d13ffff,0,0,0,0,14,0,7,0,2,3,81,135,37,78,0,18,2,2,0,0,0,0,0,0,0,1425,0,587,0,474,455,2647,8995,5118,977,0,2781,591,439,0,0,0,437.22732077938554,192.37421915219056,166.31526876320942,3,16760,8.969423591773579,48.74642348036658,21.447779468084107,2.272795817996212,41249,4598.846244460129,0.03454629203132197,0.4205435283279595,0.0674198162379694,122.30196731406893,0-300 m,0.5793071692597499
89b2c1c029bffff,0,0,0,1,0,0,0,0,0,0,0,0,0,0,0,0,0,1,0,0,0,0,0,0,73,0,0,0,0,0,0,0,0,0,0,0,0,0,40,0,0,0,10.056455425035017,2.731382954947782,2.731382954947782,0,0,8.978555249652775,1.1200527418288067,0.30421185580535487,3.681818181818182,113,12.585543760436293,0.0,0.0,0.0,2165.540403130092,Más de 2 km,0.21024526687903544
89b2c1c0b87ffff,0,0,0,0,19,1,0,0,15,0,0,0,0,0,0,0,0,0,0,0,0,0,0,0,0,22044,207,0,0,2317,0,0,0,0,0,0,0,0,0,0,0,0,78.30951149509222,28.36898299240815,26.313873010189926,0,0,8.961091864052941,8.738835923469066,3.1657953542702963,2.76039192226414,24568,2741.630191132572,0.8972647346141323,0.0,0.0,416.9045613353378,300-500 m,0.11652812590311204
89b2c1c080fffff,0,0,5,0,10,0,279,0,0,0,110,140,0,24,1,0,0,1,0,0,0,0,0,1206,0,249,0,15903,0,0,0,4413,7866,0,337,57,0,0,107,0,0,0,880.1772569660078,302.6765985150729,278.70083073376657,5,12279,8.963937078796452,98.19092316567057,33.76603336842163,2.9079792137355347,42417,4731.960926001407,0.005870287856284037,0.6644034231558101,0.0,22.415365301701513,0-300 m,0.4750380249312015
89b2c1ce49bffff,0,0,2,0,27,0,32,0,0,0,14,37,14,12,0,0,2,0,0,0,0,0,0,170,0,3257,0,2294,0,0,0,402,2660,1659,173,0,0,79,0,0,0,0,262.042959024751,138.5444445683773,93.77288915409162,5,4721,8.96251552089392,29.23765748732727,15.458209723084405,1.8913999752290478,15415,1719.9412334699657,0.21128770677911127,0.45507622445669804,0.0,62.07141543470793,0-300 m,0.5628113583084656
89b2c1ca8a3ffff,0,0,0,0,0,0,0,0,0,0,1,1,0,0,0,0,0,0,0,0,0,0,0,0,0,0,0,0,0,0,0,25,56,0,0,0,0,0,0,0,0,0,8.63916368685182,2.682366420142136,2.5643208004087965,0,81,8.973065276597783,0.9627884586310995,0.29893535123809767,3.2207246638563416,162,18.05403114836402,0.0,0.5,0.0,204.8480705755349,0-300 m,0.3242116793251241
89b2c1ce44fffff,0,0,0,0,0,0,0,0,0,0,0,0,0,0,0,0,0,1,0,0,0,0,0,0,0,0,0,0,0,0,0,0,0,0,0,0,0,0,68,0,0,0,46.416898633239335,16.785842043304143,15.15599114264078,1,0,8.960952833291623,5.179906589932249,1.8732206669966598,2.765240999736143,68,7.588478732682001,0.0,0.0,0.0,147.72765480280117,0-300 m,-0.0
89b2c1c0a0bffff,0,0,15,48,17,0,730,0,0,253,19,32,30,18,0,0,8,0,0,0,0,0,0,16428,240,9926,0,33290,0,0,3293,657,2537,4059,211,0,0,962,0,0,0,0,1275.7218293304622,745.8455291780188,599.9501908487872,2,7253,8.964771642229056,142.30388460996636,83.19738181223398,1.7104370535496933,78856,8796.208442002518,0.1258750126813432,0.5141396976767779,0.0,153.945350903336,0-300 m,0.5481077923025054
89b2c1c166fffff,0,0,0,0,0,0,0,0,0,0,0,0,2,2,0,0,0,0,0,0,0,0,0,0,0,0,0,0,0,0,0,0,0,538,27,0,0,0,0,0,0,0,4.450649278049806,2.138958495209862,1.524185991521644,0,538,8.983770448001607,0.4954099510679093,0.2380914013320167,2.0807553246203283,1103,122.77695722349591,0.0,0.4877606527651859,0.0,3889.88936314344,Más de 2 km,0.2559561235174614
89b2c1ce697ffff,0,0,0,0,5,0,0,0,6,0,125,62,5,372,0,0,0,1,0,0,0,0,0,0,0,253,0,0,0,1404,0,4346,4080,556,5773,0,0,0,87,0,0,0,908.4790057446489,296.90420685505416,260.0219959851669,3,8982,8.962132838943395,101.36861638526611,33.12874426106567,3.059838778869711,25481,2843.1848152570033,0.009928966681056474,0.3524979396413014,0.0,46.29326750430876,0-300 m,0.5199780217278483
89b2c1c5463ffff,0,0,0,0,0,0,0,0,0,0,6,4,35,1,0,0,0,0,0,0,0,0,0,0,0,0,0,0,0,0,0,196,362,4552,13,0,0,0,0,0,0,0,49.33047423022013,51.51646437307775,14.659470723596272,0,5110,8.955158075127837,5.508610101169647,5.752714127532846,0.9575671550938187,10233,1142.6933968280534,0.0,0.49936480015635687,0.0,1910.733399950063,1-2 km,0.29425447317933806
89b2c1c186bffff,0,0,0,0,0,0,0,0,0,0,217,0,0,10,0,0,0,1,0,0,0,0,0,0,0,0,0,0,0,0,0,9208,0,0,200,0,0,0,90,0,0,0,217.80371869663733,74.53155510790664,67.67287511320674,0,9208,8.968068558521262,24.2865804688441,8.310769997079069,2.9223020824039097,18706,2085.8448926804836,0.0,0.49224847642467656,0.0,561.9157625708699,500-1000 m,0.24974829814726368
89b2c1c088fffff,0,0,0,0,0,0,312,0,0,0,683,14,3,6,0,0,0,2,0,0,0,0,0,0,0,0,0,14976,0,0,0,19477,840,467,55,0,0,0,230,0,0,0,1785.698800523632,590.6142065873911,549.7504393843376,2,20784,8.96501196081231,199.1853227111402,65.8799128399463,3.0234606289637367,56829,6338.976484182045,0.0,0.6292561896214961,0.0,46.88588080626773,0-300 m,0.39374387605874195
89b2c1c5397ffff,0,0,0,0,0,0,0,0,0,0,4,8,18,1,0,0,0,0,0,0,0,0,0,0,0,0,0,0,0,0,0,128,549,4209,8,0,0,0,0,0,0,0,81.29849948419495,25.970477151717816,22.259332147686496,0,4886,8.949505079449663,9.084133565204288,2.9018897605134195,3.1304199383497835,9780,1092.7978601249542,0.0,0.4995910020449898,0.0,4376.76987577965,Más de 2 km,0.30209288951807806
89b2c1ca5abffff,0,0,0,0,0,0,0,0,0,0,0,1,0,0,0,0,0,0,0,0,0,0,0,0,0,0,0,0,0,0,0,0,54,0,0,0,0,0,0,0,0,0,2.4436447549622007,1.1116071082779184,0.8094573250812289,0,54,8.98502141626293,0.27196871790858423,0.12371780286087071,2.1982989644136506,108,12.020004738610806,0.0,0.5,0.0,4770.949072341849,Más de 2 km,0.2242438242175754
89b2c1c0e03ffff,0,0,0,0,0,0,0,0,5,0,37,23,3,34,2,0,0,0,0,0,0,0,0,0,0,0,0,0,0,243,0,1258,1620,823,530,365,0,0,0,0,0,0,524.241257795736,176.5336925462118,162.01004996204907,4,3701,8.968623392755385,58.45281208030256,19.68347703046724,2.9696385445430122,8540,952.2085637912263,0.0,0.43337236533957846,0.0,137.2877252545193,0-300 m,0.5156280392472078
89b2c1c0a8bffff,0,0,0,0,19,2,0,0,0,0,130,83,7,50,0,8,3,0,0,0,0,0,0,0,0,1320,204,0,0,0,0,4941,5535,953,643,0,1560,175,0,0,0,0,630.9791099739645,206.88199276103245,218.81638122596922,5,11429,8.965847374273883,70.37584777368191,23.074449533308858,3.0499469845246647,26760,2984.6593281058626,0.04932735426008968,0.42709267563527653,0.05829596412556054,42.04231692687423,0-300 m,0.5156099017213565
89b2c1c734fffff,0,0,0,1,0,0,0,0,0,0,111,28,20,22,0,0,0,3,0,2,0,0,0,0,85,0,0,0,0,0,0,4765,1991,2649,244,0,0,0,267,0,66,0,224.66279297704185,85.05015107422079,73.81888143547563,0,9405,8.956091990749835,25.084913510165084,9.49634630395306,2.64153314414439,19472,2174.162572259347,0.0,0.4830012325390304,0.0,3065.6488537584946,Más de 2 km,0.43907642670908065
89b2c1c039bffff,0,0,0,0,0,0,0,0,0,0,204,5,0,21,0,0,0,0,0,0,0,0,0,0,0,0,0,0,0,0,0,9189,299,0,288,0,0,0,0,0,0,0,377.68930756656135,125.50233222967474,116.85740910774848,3,9488,8.974421500610264,42.08508677031476,13.98444815870756,3.009420628736791,19264,2146.5450445680585,0.0,0.4925249169435216,0.0,63.911004167947276,0-300 m,0.2683219048708373
89b2c1c0023ffff,0,0,0,0,9,0,0,0,0,0,50,454,0,75,0,0,0,3,0,0,0,0,0,0,0,325,0,0,0,0,0,1528,25222,0,1048,0,0,0,1010,0,0,0,1372.7597435237583,475.66532614940854,442.77949485824996,6,26750,8.974906120989983,152.95533179040484,52.99947651117491,2.8859781616551308,55883,6226.583236264068,0.005815722133743715,0.47867866793121344,0.0,84.43050012465672,0-300 m,0.3193638628791271
89b2c1c1c63ffff,0,0,0,0,6,0,0,0,0,0,0,0,0,0,0,0,0,0,0,0,0,0,0,0,0,7177,0,0,0,0,0,0,0,0,0,0,0,0,0,0,0,0,6.5341852373047775,2.450519115158794,2.3877262457792354,0,0,8.971924108286414,0.7282925221435884,0.27313194868595797,2.6664494053054395,7177,799.9398917531377,1.0,0.0,0.0,428.76372550604964,300-500 m,-0.0
89b2c1c090fffff,0,0,0,0,0,0,0,0,0,0,22,156,81,6,0,0,0,0,0,0,0,0,0,0,0,0,0,0,0,0,0,820,13284,9185,81,0,0,0,0,0,0,0,584.6249387079804,211.90094963816307,190.4676736592508,2,23289,8.959806956033452,65.24972486313439,23.650169102747345,2.758953840019461,46659,5207.589876540839,0.0,0.4991320002571851,0.0,84.74739783126769,0-300 m,0.35797542928426823
89b2c1ce59bffff,0,0,0,0,0,0,0,6,0,0,0,0,0,0,0,0,0,0,0,0,0,0,0,0,0,0,0,0,6723,0,0,0,0,0,0,0,0,0,0,0,0,0,2.398765633710716,1.1523481965865205,0.8348645097718669,0,0,8.958385764141891,0.2677676198442309,0.1286334644349737,2.081632653061224,6723,750.4700262976435,0.0,0.0,0.0,1142.4710822793215,1-2 km,-0.0
89b2c1c0e83ffff,0,0,0,1,0,0,0,0,0,0,0,1,0,0,0,0,0,2,0,2,0,0,0,0,117,0,0,0,0,0,0,0,80,0,0,0,0,0,120,0,311,0,67.57622795693497,23.31764598591189,22.00388323116373,0,80,8.969698467338699,7.533834967028136,2.599601990057779,2.898072472571345,708,78.93241925333784,0.0,0.11299435028248588,0.0,470.02926352741326,300-500 m,0.46989120870544154
89b2c1c0b0bffff,0,0,0,0,0,1,0,0,10,0,17,151,1,20,0,0,2,0,0,0,0,0,0,0,0,0,252,0,0,9398,0,525,11415,170,275,0,0,145,0,0,0,0,313.26780787101393,120.50922537725361,110.1027269643326,0,12110,8.960641320779663,34.96042265909563,13.448727726417705,2.5995338273093234,34290,3826.735026262209,0.0,0.3531641878098571,0.0,294.6160670810015,0-300 m,0.4130354941141628
89b2c1c5563ffff,0,0,0,0,3,0,0,0,0,0,38,21,2,11,0,0,0,0,0,0,0,0,0,0,0,108,0,0,0,0,0,1465,1555,223,159,0,0,0,0,0,0,0,183.76591573203845,76.89484351674585,62.74698739874602,0,3243,8.95103014011045,20.530141542990144,8.590613852608143,2.389834055543902,6753,754.4383042281513,0.015992892047978675,0.48023100844069305,0.0,4086.8755581208716,Más de 2 km,0.41699230148423616
89b2c1c024fffff,0,0,0,0,0,0,0,0,0,0,0,2,1,1,0,0,0,0,0,0,0,0,0,0,0,0,0,0,0,0,0,0,129,141,4,0,0,0,0,0,0,0,10.757871074577842,3.3719777936758883,3.167575725683687,0,270,8.97699421654784,1.1983823109462635,0.375624369620303,3.190374235190435,544,60.599348387371315,0.0,0.4963235294117647,0.0,1639.16586793173,1-2 km,0.347790018417376
89b2c1c098fffff,0,0,0,0,0,0,0,0,0,0,0,44,0,0,0,0,0,0,0,0,0,0,0,0,0,0,0,0,0,0,0,0,3572,0,0,0,0,0,0,0,0,0,,,,0,3572,8.960881567437461,,,,7144,797.2429884533075,0.0,0.5,0.0,824.0523984155171,500-1000 m,0.2242438242175754
89b2c1c0b8bffff,0,0,11,41,26,0,165,0,0,33,70,47,3,30,0,0,2,0,0,0,0,0,0,1630,137,19865,0,10166,0,0,508,2908,3222,502,340,0,0,277,0,0,0,0,421.8189432630801,192.90322295361844,165.10689359791465,3,6632,8.961716781851292,47.06898840156625,21.525253213120276,2.1866868619634316,46187,5153.811610464529,0.43009937861302966,0.363695412128954,0.0,23.15673104578645,0-300 m,0.529096589421708
89b2c1c0813ffff,0,0,0,0,5,2,0,0,17,0,136,78,0,75,0,0,0,0,0,0,0,0,0,0,0,174,510,0,0,1601,0,4714,6107,0,888,0,0,0,0,0,0,0,519.402425731063,181.44711789914416,168.95601917246915,11,10821,8.965047112604328,57.936385521143976,20.23939368305608,2.8625553921433373,24815,2767.972068446977,0.007011887970985291,0.4360668950231715,0.0,82.56079822725651,0-300 m,0.46362808345402107
89b2c1c1d63ffff,1,0,3,17,334,0,3,0,0,4,0,0,3,1,13,5,11,0,0,0,7,150,0,1977,571,46113,0,318,0,0,1808,0,0,527,18,3969,1071,2135,0,0,0,1024,58.24602677964387,31.880758804478354,22.714271258193683,4,527,8.967792015215872,6.495024269164183,3.5550287908534774,1.8269962498967225,60208,6713.804233845255,0.7658948976880149,0.014034679776773851,0.01778833377624236,69.39906924865713,0-300 m,0.33404221520679106
89b2c1c0a0fffff,0,0,2,4,1,0,165,0,0,1,89,58,3,106,0,0,3,1,0,0,0,0,0,1289,972,60,0,3930,0,0,13,3244,4072,424,1338,0,0,385,36,0,0,0,349.04979353674855,158.83459927024458,126.66915440567499,0,7740,8.964181533523597,38.93827810507824,17.718806639094318,2.1975677537541287,23503,2621.8790764226696,0.0025528655916266007,0.4965323575713739,0.0,301.9591813256242,300-500 m,0.6033946631582563
89b2c1c7223ffff,0,0,0,0,4,3,0,0,0,0,14,59,28,5,0,0,0,0,0,0,0,0,0,0,0,252,104,0,0,0,0,522,4018,4770,63,0,0,0,0,0,0,0,187.68237437210314,70.02771681824876,57.659804915993966,0,9310,8.958380865424795,20.95047946626943,7.817005982467585,2.6801155727983743,19039,2125.272444430414,0.013235989285151531,0.48899627081254265,0.0,2815.285640227226,Más de 2 km,0.3973205478586034
89b2c1c186fffff,0,0,0,0,2,0,0,0,0,0,362,31,0,28,0,0,0,0,0,0,0,0,0,0,0,105,0,0,0,0,0,16371,1622,0,331,0,0,0,0,0,0,0,859.1935368129649,284.1244606288275,273.9862775993623,0,17993,8.967478334877056,95.81216756011762,31.683874777125162,3.0240041104218482,36422,4061.565430088028,0.002882872988852891,0.49401460655647683,0.0,248.65420948162958,0-300 m,0.29309076738762146
89b2c1c191bffff,0,0,0,0,14,7,0,0,0,0,71,91,43,47,0,0,2,5,0,0,0,0,0,0,0,798,275,0,0,0,0,2387,6777,6013,628,0,0,55,795,0,0,0,338.88410616445947,130.63020768176756,114.93579798881768,0,15177,8.965569837843546,37.79839009608005,14.570206918736973,2.5942246604248376,32905,3670.151545873688,0.02425163349035101,0.4612368940890442,0.0,402.52384970005426,300-500 m,0.4819262586883854
89b2c1c5513ffff,0,0,0,0,0,0,0,0,0,0,2,1,0,5,0,0,0,0,0,0,0,0,0,0,0,0,0,0,0,0,0,69,60,0,41,0,0,0,0,0,0,0,19.864676925206243,9.656034745337651,7.006378423765786,0,129,8.952658991628452,2.218857765472975,1.0785661281600158,2.057229230124484,299,33.39789891244513,0.0,0.431438127090301,0.0,3967.0572051991326,Más de 2 km,0.41921365154912504
89b2c1c0893ffff,0,0,0,0,2,0,0,1,0,0,5,301,0,4,0,0,1,0,0,0,0,0,0,0,0,76,0,0,75,0,0,170,16555,0,38,0,0,75,0,0,0,0,897.8251844595484,309.0830371407903,295.1901436116239,4,16725,8.966121839835319,100.13528708372301,34.47232177546086,2.9048025176825876,33714,3760.1541226233467,0.0022542563920033222,0.49608471258231,0.0,59.3026605517978,0-300 m,0.24983220937823103
89b2c1c0e07ffff,0,0,1,0,0,4,244,2,0,0,14,20,0,7,0,0,0,2,0,0,0,0,0,39,0,0,913,11516,907,0,0,533,1349,0,78,0,0,0,387,0,0,0,920.0303233939802,354.56813669463793,322.40305208466043,0,1882,8.968033146162641,102.58997802518769,39.536889629623545,2.5947913198594352,17604,1962.9722273643279,0.0,0.7610770279481935,0.0,254.4080821974491,0-300 m,0.4034649800939758
89b2c1c0a8fffff,0,0,18,0,5,0,303,0,0,0,29,11,0,12,0,0,0,0,0,0,0,0,0,1872,0,950,0,14861,0,0,0,1036,730,0,121,0,0,0,0,0,0,0,748.8736739434477,351.187728320249,297.0779605490189,5,1766,8.965257226849833,83.53064000223708,39.17207498168433,2.1324027394845295,21336,2379.853634996811,0.04452568428946382,0.7792932133483315,0.0,67.73040572169867,0-300 m,0.35647786692421396
89b2c1c1c93ffff,0,0,0,0,0,0,0,0,0,0,0,25,0,0,0,0,0,0,0,0,0,0,0,0,0,0,0,0,0,0,0,0,1600,0,0,0,0,0,0,0,0,0,27.967403900943864,15.870021193161397,9.227718159308907,0,1600,8.974632173498236,3.1162729970739744,1.7683199585633154,1.762278925814881,3200,356.5605740867558,0.0,0.5,0.0,847.3075576475602,500-1000 m,0.2242438242175754
89b2c1c0027ffff,0,0,0,0,9,0,0,0,0,0,34,408,0,49,0,0,0,3,0,0,0,0,0,0,0,1049,0,0,0,0,0,1081,23250,0,596,0,0,0,269,0,0,0,1078.3221943694477,363.0112652015508,348.20315951034775,2,24331,8.97431565120265,120.15648170620582,40.45002196383672,2.9704923723806274,50576,5635.638634264252,0.020741062954761153,0.48107798165137616,0.0,54.16854499783093,0-300 m,0.30800337626018404
89b2c1c0053ffff,0,0,0,0,0,0,0,0,0,0,14,4,0,1,0,5,0,0,0,0,0,0,0,0,0,0,0,0,0,0,0,505,276,0,12,0,4592,0,0,0,0,0,22.244288606829524,7.4148602815329845,7.414801833979099,0,781,8.977858782456538,2.4776830584923726,0.825905203145122,2.9999605875554853,6166,686.800733828523,0.0,0.12666234187479727,0.7447291599091793,1195.9412127188925,1-2 km,0.2708931891051627
89b2c1c1c67ffff,0,0,0,0,11,0,0,0,0,0,0,0,0,0,0,0,0,0,0,0,0,0,0,0,0,30438,0,0,0,0,0,0,0,0,0,0,0,0,0,0,0,0,47.199185520921574,17.059946573827073,16.49128168803284,0,0,8.971333746559967,5.2611113190410475,1.90160650085821,2.766666666666667,30438,3392.8065614180687,1.0,0.0,0.0,380.57176751556744,300-500 m,-0.0
89b2c1c0913ffff,0,0,0,0,0,0,0,0,0,0,36,266,0,4,0,0,0,0,0,0,0,0,0,0,0,0,0,0,0,0,0,1494,20822,0,47,0,0,0,0,0,0,0,369.78101937978875,143.90341766354692,126.46833387142073,0,22316,8.960916711673477,41.26598106844038,16.059006270651135,2.5696472355114905,44679,4985.985411715324,0.0,0.4994740258286891,0.0,509.99539223456753,500-1000 m,0.2663789914499442
89b2c1c0223ffff,0,0,0,0,0,0,0,0,0,0,239,4,0,54,0,0,0,1,0,0,0,0,0,0,0,0,0,0,0,0,0,7078,226,0,951,0,0,0,120,0,0,0,289.3075313539967,93.13993767597988,85.95147755545223,0,7304,8.975152578540657,32.23427443960374,10.377532511110163,3.106159812565636,15679,1746.934089732141,0.0,0.465846036099241,0.0,1408.637248834716,1-2 km,0.31810866226163514
89b2c1c0e87ffff,0,0,0,0,0,0,0,0,0,0,0,1,0,0,0,0,0,0,0,0,0,0,0,0,0,0,0,0,0,0,0,0,60,0,0,0,0,0,0,0,0,0,63.3752717469817,23.418050624630478,21.452420492909837,0,60,8.969108182132057,7.065950199289122,2.6109675732625344,2.7062573551841798,120,13.379256617626687,0.0,0.5,0.0,411.96747443396515,300-500 m,0.2242438242175754
89b2c1ce423ffff,0,0,0,0,0,0,0,0,0,0,1,1,1,0,0,0,0,0,0,0,0,0,0,0,0,0,0,0,0,0,0,45,95,156,0,0,0,0,0,0,0,0,15.03632195768193,5.034125228843616,4.779213319202392,0,296,8.959114028334252,1.6783268870256358,0.5618998946684463,2.986878806973165,592,66.0779624109851,0.0,0.5,0.0,440.63387470297636,300-500 m,0.3841712537039269
89b2c1c0993ffff,0,0,0,0,0,0,0,0,0,0,3,1,1,0,0,0,0,0,0,0,0,0,0,0,0,0,0,0,0,0,0,112,52,200,0,0,0,0,0,0,0,0,2.581395929283895,0.9600336241740713,0.7322462225522726,0,364,8.961991168708327,0.2880382139068707,0.1071228040846685,2.6888599151979715,728,81.23194793383456,0.0,0.5,0.0,1368.4140477584267,1-2 km,0.38109726430036933
89b2c1c0b8fffff,0,0,2,31,10,0,0,0,3,69,25,11,1,4,0,0,62,0,0,0,0,0,0,1730,159,1570,0,0,0,90,952,1072,862,117,57,0,0,3726,0,0,0,0,232.1745693698748,87.93703200983137,80.06171047833348,0,2051,8.961126780884713,25.909082088330045,9.813166821544458,2.6402365881977645,12386,1382.192251360733,0.126756014855482,0.16559018246407234,0.0,302.83777511647537,300-500 m,0.6311306030378704
89b2c1c0817ffff,0,0,0,0,0,0,160,0,1,0,54,252,0,34,0,0,1,2,0,0,0,0,0,0,0,0,0,7712,0,413,0,2053,13834,0,599,0,0,18,148,0,0,0,1083.3195687935724,379.5544610070672,332.8981633101548,5,15887,8.9644569925332,120.84608913801537,42.33992770819369,2.854187422588089,40664,4536.136436804864,0.0,0.5803413338579579,0.0,110.86369345711269,0-300 m,0.4311377977899091
89b2c1c5073ffff,0,0,0,0,0,0,0,0,0,0,2,0,8,2,0,6,0,0,0,0,0,0,0,0,0,0,0,0,0,0,0,68,0,1414,33,0,1157,0,0,0,0,0,40.730316081221446,15.901763250247555,11.613672226371644,0,1482,8.951828840114478,4.549943571161999,1.7763703411072143,2.561371053023781,4154,464.0392565802093,0.0,0.3567645642753972,0.27852672123254696,3337.2254910133847,Más de 2 km,0.38701847538668527
89b2c1c5317ffff,0,0,0,0,0,0,0,0,0,0,0,0,10,0,0,0,0,1,0,0,0,0,0,0,0,0,0,0,0,0,0,0,0,2351,0,0,0,0,18,0,0,0,20.156961686669977,6.418468005023863,5.4094294620308485,0,2351,8.94842985598233,2.25256966988397,0.7172730979986282,3.140463062352686,4720,527.4668378659212,0.0,0.49809322033898307,0.0,4909.87962018143,Más de 2 km,0.23149101223916763
89b2c1ce4a3ffff,0,0,1,0,0,0,0,0,0,0,49,19,75,27,0,0,0,0,0,0,0,0,0,188,0,0,0,0,0,0,0,1648,1291,13773,296,0,0,0,0,0,0,0,179.80639364208432,62.99150683512588,59.045458227972716,4,16712,8.960190183480226,20.067251917664738,7.030152881270581,2.854454555480154,33908,3784.2946751862137,0.0,0.49286304117022534,0.0,5.822020413967776,0-300 m,0.3417176259400058
89b2c1c0abbffff,0,0,2,0,0,0,108,0,0,0,49,17,1,4,0,0,1,0,0,0,0,0,0,208,0,0,0,4832,0,0,0,2015,1073,105,54,0,0,300,0,0,0,0,311.2913400936885,146.43694569710286,129.10404310324483,3,3193,8.964667100400476,34.72424983631375,16.33490056653204,2.12577050560436,11780,1314.047679413969,0.0,0.681239388794567,0.0,38.34824563361626,0-300 m,0.47594484558283806
89b2c1ca533ffff,0,0,0,0,0,0,0,0,0,0,2,2,4,0,0,0,0,0,0,0,0,0,0,0,0,0,0,0,0,0,0,75,167,697,0,0,0,0,0,0,0,0,3.341153047726122,1.503518871476755,1.106756947059278,0,939,8.984465208818438,0.37188112704212056,0.16734650716895424,2.2222222222222223,1878,209.02746644916652,0.0,0.5,0.0,4624.114402754425,Más de 2 km,0.3423589593111143
89b2c1c1d67ffff,0,0,7,24,234,2,13,0,22,0,7,3,11,2,2,0,73,4,1,0,9,0,0,671,1248,33814,359,1327,0,5856,0,212,239,2064,30,566,0,29155,145,37,0,2099,139.27331171530324,57.88124544369937,60.63711425883413,3,2515,8.967201799693251,15.531412677705935,6.45477226192003,2.406190652044163,80337,8958.982054217644,0.42090195053337814,0.04782354332374871,0.0,64.6652072709984,0-300 m,0.4862771762835549
89b2c1c1a97ffff,0,0,0,4,2,0,0,0,0,0,16,6,0,0,0,15,0,2,0,0,0,0,0,0,1719,176,0,0,0,0,0,752,407,0,0,0,49948,0,567,0,0,0,51.88567496640365,18.30819480374703,17.058243281811638,2,1159,8.970395222789707,5.784101333081253,2.0409574326484754,2.834013703840671,54728,6100.957498612878,0.00321590410758661,0.021177459435755008,0.9126589679871364,139.06702292381146,0-300 m,0.14069951244756626
89b2c1c568fffff,0,0,0,0,0,0,0,0,0,0,89,40,0,0,0,0,0,0,0,0,0,0,0,0,0,0,0,0,0,0,0,3382,2603,0,0,0,0,0,0,0,0,0,65.07607254466379,31.610431244933142,21.912581143959805,0,5985,8.956997361677303,7.265389272424384,3.5291325841156347,2.0586898052868188,11970,1336.3853439562113,0.0,0.5,0.0,981.6298858132706,500-1000 m,0.33499164837726136
89b2c1c0a13ffff,0,0,0,0,8,0,0,1,5,0,12,10,10,13,0,9,0,0,0,0,0,0,0,0,0,542,0,0,133,6288,0,496,887,1120,153,0,2209,0,0,0,0,0,99.36884167077429,39.254655590254316,35.22907778425619,1,2503,8.965292113169259,11.083726042212259,4.378513839230351,2.5313899759559835,14331,1598.4978313142713,0.0378201102505059,0.17465633940408903,0.15414137185123158,151.28633903887012,0-300 m,0.5364012699898681
89b2c1c7227ffff,0,0,2,0,0,0,10,0,7,0,67,96,11,46,0,0,0,2,0,0,0,0,0,35,0,0,0,1064,0,5366,0,2633,6703,1655,396,0,0,0,130,0,0,0,419.47331473879257,155.43601741089486,141.03084515132065,0,10991,8.95779098124467,46.82776318593085,17.35204781361144,2.698687998611773,28973,3234.391164145499,0.0,0.41607703724156975,0.0,3012.529843253501,Más de 2 km,0.5216777973931968
89b2c1c0323ffff,0,0,2,0,14,0,32,0,0,0,61,149,5,130,0,0,4,1,0,0,0,0,0,196,0,862,0,2540,0,0,0,1921,10458,603,1419,0,0,110,155,0,0,0,641.1935356312125,232.17388475081788,221.62810976612724,0,12982,8.971019675046902,71.47387463820942,25.880434238330217,2.761695340194603,31246,3482.9931414498474,0.027587531203994112,0.4967675862510401,0.0,164.1919096001497,0-300 m,0.48540983246957287
89b2c1c0e33ffff,0,0,0,0,0,0,0,1,0,0,141,2,0,5,0,0,0,0,0,0,0,0,0,0,0,0,0,0,797,0,0,3993,160,0,89,0,0,0,0,0,0,0,801.8239696476375,272.20918489291574,256.5651577656584,0,4153,8.967442920315136,89.41500679431807,30.35527377333445,2.9456168790302453,9192,1025.041372627658,0.0,0.4518059181897302,0.0,176.34226877956777,0-300 m,0.3392346294791002
89b2c1c546bffff,0,0,0,0,0,0,0,0,0,0,2,1,95,2,0,0,0,0,0,0,0,0,0,0,0,0,0,0,0,0,0,82,81,12554,34,0,0,0,0,0,0,0,245.0342216809717,85.76468450870749,74.25954932255546,0,12717,8.955193019089375,27.362249050203996,9.577089441387454,2.857052679487137,25468,2843.936467445317,0.0,0.4993324956808544,0.0,1802.1873909738404,1-2 km,0.23974841647711356
89b2c1c1873ffff,0,0,0,0,2,0,0,0,0,0,129,298,0,2,0,0,0,0,1,0,0,0,0,0,0,120,0,0,0,0,0,6106,16394,0,32,0,0,0,0,61,0,0,657.168819114856,268.34589469036126,237.62824145214591,0,22500,8.968589892883664,73.27448650944581,29.920633889535583,2.448961702481603,45213,5041.260726602663,0.002654103908168005,0.4976444827815009,0.0,502.4558389940825,500-1000 m,0.32846825644328614
89b2c1c0e0bffff,0,0,0,0,11,0,0,0,0,0,4,0,0,3,0,0,5,0,0,0,0,0,0,0,0,7180,0,0,0,0,0,164,0,0,42,0,0,1361,0,0,0,0,225.44236787014376,78.25681183998043,72.3539708562867,2,164,8.968658475177625,25.136687777118066,8.725587227629442,2.8808018442040346,8911,993.5711148621385,0.8057457075524632,0.01840421950398384,0.0,88.79179650769497,0-300 m,0.2048927905050032
89b2c1c0a93ffff,0,0,0,0,19,5,156,0,0,0,240,56,2,38,0,0,0,0,0,0,0,0,0,0,0,1060,502,8112,0,0,0,8626,3608,226,502,0,0,0,0,0,0,0,1097.2511469140761,349.97313640341304,343.6742448476572,6,12460,8.96636765208619,122.37409723644117,39.031762914828214,3.135243916691017,35096,3914.1825722297117,0.030202872122179165,0.5861636653749716,0.0,79.9142357778724,0-300 m,0.49972955540447567
89b2c1c72a7ffff,0,0,0,0,0,0,0,0,0,0,55,6,9,4,0,0,0,1,0,0,0,0,0,0,0,0,0,0,0,0,0,2563,469,1316,59,0,0,0,70,0,0,0,224.71093084833677,75.61191457376714,70.91932425064907,0,4348,8.958864665793884,25.08252320255629,8.439899183036362,2.971898438428091,8825,985.0578537808483,0.0,0.49269121813031164,0.0,3664.0815264515295,Más de 2 km,0.3945062975655075
89b2c1c03a3ffff,0,0,8,121,0,0,129,0,0,0,26,141,0,101,0,0,0,1,0,0,0,0,0,1306,440,0,0,9100,0,0,0,759,10758,0,1066,0,0,0,98,0,0,0,609.2187704950048,265.48402289634373,231.02858111561102,2,11517,8.97209501976991,67.90150674425519,29.58997004728023,2.294747397032136,35044,3905.8881925326186,0.0,0.5883175436593996,0.0,134.85084527418883,0-300 m,0.4728561268774505
89b2c1c002bffff,0,0,0,0,14,0,41,0,0,0,333,77,0,73,0,0,0,0,0,0,0,0,0,0,0,576,0,1343,0,0,0,14155,4758,0,1013,0,0,0,0,0,0,0,1034.889401334868,356.5255607896826,337.93856498714194,5,18913,8.974941443168891,115.3087636156729,39.724555647217656,2.9027074497622287,40758,4541.310966549224,0.01413219490652142,0.49698218754600326,0.0,62.46897461368451,0-300 m,0.40076568580949623
89b2c1c0917ffff,0,0,0,0,7,1,0,0,0,0,2,66,59,6,0,0,1,0,1,0,0,0,0,0,0,1186,28,0,0,0,0,81,4799,7055,78,0,0,168,0,110,0,0,84.07556500426814,31.523094964551476,26.29734578479472,0,11935,8.960326738094453,9.383091427550784,3.5180742718379183,2.667110101302339,25440,2839.1821798018714,0.04661949685534591,0.4691430817610063,0.0,613.6694906886198,500-1000 m,0.4103960164770725
89b2c1c157bffff,0,0,0,0,0,0,0,0,0,0,3,1,3,1,0,0,0,0,0,0,0,0,0,0,0,0,0,0,0,0,0,126,79,367,18,0,0,0,0,0,0,0,137.4928644572542,11.597755122139827,10.373168982707853,0,572,8.980537906201736,15.310092323345692,1.2914321216918092,11.855127393988836,1162,129.39091312086683,0.0,0.49225473321858865,0.0,3396.6215402105436,Más de 2 km,0.38858535509428027
89b2c1ce5a3ffff,0,0,0,0,0,0,0,0,0,0,0,0,1,1,0,0,0,0,0,0,0,0,0,0,0,0,0,0,0,0,0,0,0,449,16,0,0,0,0,0,0,0,2.3981431389045853,1.1520491549639673,0.8346478571677722,0,449,8.9560610065536,0.267767619844231,0.1286334644349737,2.0816326530612246,914,102.05379344012734,0.0,0.4912472647702407,0.0,2192.952976595228,Más de 2 km,0.24884113825729617
89b2c1c189bffff,0,0,0,0,3,0,0,0,0,0,1,2,10,0,0,0,3,0,0,0,0,0,0,0,0,484,0,0,0,0,0,48,167,1841,0,0,0,390,0,0,0,0,50.1392556802285,17.991330032791094,17.047186767195218,3,2056,8.970778111767359,5.589175772217425,2.0055484383446163,2.7868565352780714,4986,555.804628971889,0.09707180104292018,0.41235459286000803,0.0,137.3796766892978,0-300 m,0.42618311039950096
89b2c1c5493ffff,0,0,0,0,0,0,0,0,0,0,6,65,22,3,0,0,0,0,0,0,0,0,0,0,0,0,0,0,0,0,0,213,4771,3321,43,0,0,0,0,0,0,0,229.24701741943488,101.8985454620125,75.20328880208014,0,8305,8.957861523916447,25.591712576419276,11.375320459013041,2.24975750517359,16653,1859.037444990462,0.0,0.49870894133189214,0.0,2339.378086916343,Más de 2 km,0.3551467485718303
89b2c1c0e8bffff,0,0,0,0,5,3,0,0,4,0,66,6,5,77,3,8,0,1,0,0,0,0,0,0,0,921,430,0,0,2263,0,2102,434,607,1313,592,1359,0,40,0,0,0,359.1744007739804,127.67758795640131,117.12198162405797,0,3143,8.969733665803716,40.04292815775565,14.234267450232148,2.813135856675405,13204,1472.0615451871258,0.0697515904271433,0.23803392911239019,0.1029233565586186,242.4595933196124,0-300 m,0.6819415950706947
89b2c1c0b13ffff,0,0,0,0,0,0,0,0,0,0,74,195,0,111,0,0,0,0,0,0,0,0,0,0,0,0,0,0,0,0,0,2829,14891,0,992,0,0,0,0,0,0,0,646.9294550398362,241.81642705794746,229.68497614978176,0,17720,8.961161659780858,72.19258837203664,26.984941934845196,2.6752915958220234,36432,4065.5443326631084,0.0,0.48638559508124724,0.0,319.7570865619401,300-500 m,0.32766079974796236
89b2c1c00abffff,0,0,0,0,0,0,0,1,0,0,47,10,0,3,0,0,1,1,0,0,2,0,0,0,0,0,0,0,270,0,0,2009,660,0,29,0,0,44,63,0,0,60,257.9470628593022,81.64569204218064,76.04349322501642,2,2669,8.97601636022195,28.73736549795281,9.095982980155998,3.1593468853940134,5804,646.6120121751298,0.0,0.459855272226051,0.0,116.36979381391996,0-300 m,0.41223886031039286
89b2c1c1c13ffff,0,0,0,0,0,0,0,0,6,0,31,1,0,0,0,0,0,0,0,0,0,0,0,0,0,0,0,0,0,553,0,1525,52,0,0,0,0,0,0,0,0,0,69.83216443835477,23.529282983260302,19.199139837430618,1,1577,8.973556094111576,7.781994529925372,2.6220689698145594,2.9678832324825297,3707,413.1026720201285,0.0,0.42541138386835714,0.0,93.82352567217539,0-300 m,0.34702878375168067
89b2c1c1973ffff,0,0,0,4,0,0,0,0,0,0,31,16,0,3,0,0,0,0,0,0,0,0,0,0,816,0,0,0,0,0,0,1462,1060,0,30,0,0,0,0,0,0,0,136.73546639339926,57.19622633471797,49.817112431509024,1,2522,8.96445863472773,15.253064570312695,6.3803324512138975,2.390637899661593,5890,657.0391185902206,0.0,0.42818336162988113,0.0,157.66878163972308,0-300 m,0.4265338978149725
89b2c1c0997ffff,0,0,0,0,0,0,0,0,0,0,15,18,36,12,0,0,0,0,0,0,0,0,0,0,0,0,0,0,0,0,0,609,1363,6187,145,0,0,0,0,0,0,0,29.952054596853273,10.913704104116576,8.488436525424005,0,8159,8.9614011565502,3.3423405641159443,1.217856885710263,2.744444444444445,16463,1837.101108677254,0.0,0.4955961853854097,0.0,1395.1075998162464,1-2 km,0.35121262317815344
89b2c1c1283ffff,0,0,0,0,0,0,0,0,0,0,0,0,1,0,0,0,0,0,0,0,0,0,0,0,0,0,0,0,0,0,0,0,0,110,0,0,0,0,0,0,0,0,4.816522552151646,1.9895219333182126,1.4226919922256862,0,110,8.982588910116375,0.5362064990781422,0.22148647268913446,2.4209446860022483,220,24.49182548610585,0.0,0.5,0.0,3289.7608869749442,Más de 2 km,0.2242438242175754
89b2c1c02a7ffff,0,0,0,0,0,0,0,0,3,0,2,1,1,0,0,0,0,0,0,0,0,0,0,0,0,0,0,0,0,1556,0,48,88,107,0,0,0,0,0,0,0,0,5.001707697142834,1.75735675845559,1.5545848247876375,0,243,8.975637676778838,0.5572537436624602,0.19579185588140488,2.8461538461538467,2042,227.5047270772665,0.0,0.11900097943192949,0.0,925.1049891825609,500-1000 m,0.2713042065048801
89b2c1c0b93ffff,0,0,10,1,0,0,87,0,0,0,17,60,7,9,0,0,4,0,0,1,0,0,0,2136,6,0,0,3720,0,0,0,606,4857,1157,91,0,0,188,0,0,1,0,386.3622524092274,215.88785567552677,155.4477989283794,0,6620,8.962236927865732,43.11002437437634,24.088612855600807,1.7896432904957782,19382,2162.629726930867,0.0,0.5334846765039728,0.0,352.82566641029484,300-500 m,0.5251658075213307
89b2c1c081bffff,0,0,0,0,23,4,0,0,5,0,315,145,0,243,0,0,0,1,0,0,0,0,0,0,0,3823,303,0,0,129,0,10964,10920,0,2946,0,0,0,16,0,0,0,786.4507170903526,264.0163029024184,253.8651105626811,9,21884,8.965082226489702,87.72375949509713,29.449401158007507,2.9787960381409793,50985,5687.0644029735,0.07498283808963421,0.42922428165146614,0.0,83.70615097194185,0-300 m,0.46284517832441485
89b2c1c5077ffff,0,0,0,0,0,0,0,0,0,0,1,1,3,0,0,0,0,0,0,0,0,0,0,0,0,0,0,0,0,0,0,42,95,593,0,0,0,0,0,0,0,0,25.32052113254187,9.015731322336165,7.626831900429556,0,730,8.951239191807998,2.8287168502563,1.007204827079941,2.808482221493352,1460,163.10590843513197,0.0,0.5,0.0,3590.354132835734,Más de 2 km,0.32105511508419243
89b2c1ce4a7ffff,0,0,2,0,0,0,16,1,0,0,15,10,37,3,0,0,0,0,0,0,0,0,0,680,0,0,0,2208,966,0,0,520,794,7793,54,0,0,0,0,0,0,0,135.4619408781657,42.75937467873027,41.42455844723959,0,9107,8.959600238196616,15.11919474941121,4.772464567831751,3.168005657144194,22122,2469.0833755829162,0.0,0.5114817828406112,0.0,314.7452390412519,300-500 m,0.462289541962324
89b2c1ca537ffff,0,0,0,0,0,0,0,0,0,0,1,1,9,0,0,0,0,0,0,0,0,0,0,0,0,0,0,0,0,0,0,41,88,1264,0,0,0,0,0,0,0,0,3.340933339145635,1.5034200026155355,1.1066841685919915,0,1393,8.98387440556301,0.37188112704212073,0.1673465071689543,2.2222222222222223,2786,310.11119192348104,0.0,0.5,0.0,4310.71562588705,Más de 2 km,0.283515911792695
89b2c1c1327ffff,0,0,0,0,3,0,0,0,0,0,186,1,0,196,0,0,0,0,0,0,0,0,0,0,0,86,0,0,0,0,0,5777,61,0,3649,0,0,0,0,0,0,0,569.1202500446665,176.1593191628979,169.50254201032882,0,5838,8.975049415462482,63.41137788769933,19.627671225899366,3.2307132699484953,15411,1717.0936099192356,0.005580429563298943,0.37882032314580494,0.0,159.5711433290746,0-300 m,0.3647614232086323
89b2c1c1d6bffff,0,0,0,4,39,4,0,0,0,0,13,68,14,9,3,0,0,0,0,0,0,0,0,0,685,4654,1374,0,0,0,0,438,4165,2770,96,253,0,0,0,0,0,0,243.49899963140663,104.77832861072959,89.63360300729434,0,7373,8.96782671599224,27.152509447710134,11.68380388348488,2.3239443008873466,21808,2431.804347993255,0.2134079236977256,0.33808694057226707,0.0,193.22509728946517,0-300 m,0.5536929868963504
89b2c1c0a17ffff,0,0,0,0,0,0,9,3,0,0,33,24,39,54,0,0,0,0,0,0,0,0,0,0,0,0,0,423,848,0,0,1262,2018,5288,531,0,0,0,0,0,0,0,93.84905001235632,35.785206178736935,32.827407158075914,0,8568,8.964701985628368,10.46873060173211,3.991789825931243,2.622565580413509,18938,2112.507479931868,0.0,0.47475974231703455,0.0,170.00446254670754,0-300 m,0.47179547689428813
89b2c1c722bffff,0,0,1,0,0,0,0,0,0,0,3,31,69,0,0,0,0,0,0,0,0,0,0,7,0,0,0,0,0,0,0,146,2237,9880,0,0,0,0,0,0,0,0,174.3287583496525,71.83036048327958,58.861149399637036,0,12263,8.958416156790832,19.459774506847893,8.018198666605741,2.4269509045584163,24533,2738.542122917902,0.0,0.49985733501813884,0.0,2474.746813829851,Más de 2 km,0.311899132250479
89b2c1c0327ffff,0,0,0,0,38,12,0,0,7,0,177,96,13,132,0,0,0,0,0,0,0,0,0,0,0,1792,1149,0,0,317,0,6491,7061,1584,1808,0,0,0,0,0,0,0,518.9538897448706,196.5864408681981,191.4193456755468,5,15136,8.970429343738404,57.85162224226359,21.914942232438474,2.6398254500818017,35338,3939.387809198548,0.050710283547456,0.42832078782047656,0.0,132.09831934914723,0-300 m,0.5151511606373154
89b2c1c1877ffff,0,0,0,0,9,0,0,0,0,0,23,80,0,0,0,0,0,0,0,0,0,0,0,0,0,10146,0,0,0,0,0,1061,4320,0,0,0,0,0,0,0,0,0,413.4820725173824,166.53981110828002,149.85564643634626,0,5381,8.967999650429737,46.10638811717268,18.570452453162126,2.4827821634104454,20908,2331.4006261137743,0.4852687966328678,0.2573656016835661,0.0,252.3883771141437,0-300 m,0.3808649358275501
89b2c1c089bffff,0,0,0,0,0,0,0,0,0,0,48,197,0,4,0,0,0,0,0,0,0,0,0,0,0,0,0,0,0,0,0,2346,10636,0,71,0,0,0,0,0,0,0,292.785414910511,176.84417254966306,105.10656591318246,2,12982,8.966157069663055,32.65450433621656,19.723519360152007,1.6556124563747683,26035,2903.696622501661,0.0,0.49863645093143844,0.0,130.99427935138095,0-300 m,0.30594007394937983
89b2c1c724fffff,0,0,0,0,0,0,0,0,0,0,1,3,53,2,0,0,6,2,0,0,0,0,0,0,0,0,0,0,0,0,0,40,239,7750,15,0,0,993,90,0,0,0,180.8744740737389,54.89179070576176,52.63410312353049,0,8029,8.960221195103946,20.186384926811016,6.126164690639087,3.2951097376889416,17156,1914.6848751205384,0.0,0.467999533690837,0.0,1637.6433214216615,1-2 km,0.3191845667488431
89b2c1c0a3bffff,0,0,0,0,20,9,3,0,13,0,111,133,1,162,0,0,2,3,0,0,0,0,0,0,0,3154,1217,99,0,1281,0,3636,9868,102,2086,0,0,94,322,0,0,0,519.05181056643,174.40503113804883,168.7449923820914,0,13606,8.963591445724441,57.906678780413785,19.457048237203914,2.9761286539697296,35465,3956.561408978151,0.08893275059918229,0.3864373325814183,0.0,203.96582379032833,0-300 m,0.5390390317652162
89b2c1c0e0fffff,0,0,0,0,4,0,0,0,0,0,231,3,1,21,0,0,0,1,0,0,0,0,0,0,0,233,0,0,0,0,0,6982,209,142,326,0,0,0,74,0,0,0,738.0315166598467,246.8917989194932,233.07193769954773,0,7333,8.968068227455817,82.29548414901183,27.530098194796498,2.98929134094286,15299,1705.9415263102017,0.015229753578665272,0.4793123733577358,0.0,212.3404955828,0-300 m,0.3183712239637127
89b2c1c0a97ffff,0,0,0,0,6,5,0,0,9,0,280,25,0,47,0,0,1,0,0,0,0,0,0,0,0,309,847,0,0,2803,0,10173,1700,0,662,0,0,108,0,0,0,0,909.2099749417509,295.72533526454015,290.1748292507806,7,11873,8.965777485847674,101.40893819603747,32.983791504009275,3.0745082227345186,28475,3175.9655027070767,0.010851624231782266,0.4169622475856014,0.0,86.07828295032263,0-300 m,0.4500671729106471
89b2c1c72abffff,0,0,0,0,0,0,0,0,0,0,0,0,5,0,0,0,0,0,0,0,0,0,0,0,0,0,0,0,0,0,0,0,0,1203,0,0,0,0,0,0,0,0,14.197042910031621,6.193731017907348,4.586598218081278,0,1203,8.959489995774703,1.5845815907743577,0.691303971635474,2.2921632968860055,2406,268.54207115970553,0.0,0.5,0.0,3156.641205448429,Más de 2 km,0.2242438242175754
89b2c1c03a7ffff,0,0,8,20,25,0,128,0,0,0,29,119,1,8,0,0,0,0,0,0,0,0,0,2139,46,4105,0,7771,0,0,0,785,9417,115,122,0,0,0,0,0,0,0,551.4388710724899,212.35070055988072,188.91472132184103,0,10317,8.971504649960876,61.465594968497804,23.66946335593849,2.5968309481370877,34817,3880.8428862768114,0.1179021742252348,0.5195163282304621,0.0,386.40365475658797,300-500 m,0.5193087789942163
89b2c1c002fffff,0,0,0,0,2,0,0,0,0,0,64,334,0,81,0,0,2,1,0,0,0,0,0,0,0,107,0,0,0,0,0,2422,20080,0,1011,0,0,79,72,0,0,0,999.6753231266684,352.62817422430925,332.26857424317893,5,22502,8.974350972359606,111.39249247166741,39.29288873483778,2.8349275418099973,46273,5156.138883192524,0.0023123635813541376,0.4862879000713159,0.0,73.29916974756469,0-300 m,0.31891719042000627
89b2c1c1c6fffff,0,0,0,0,9,0,0,0,0,0,0,0,0,0,0,0,2,0,0,0,0,0,0,0,0,15048,0,0,0,0,0,0,0,0,0,0,0,673,0,0,0,0,18.01633295955971,6.596220352977323,6.37940759304373,0,0,8.971368453566892,2.0082034366113524,0.7352524185264909,2.7313115686663973,15721,1752.3525069076331,0.9571910183830545,0.0,0.0,194.3953428195718,0-300 m,0.05718806286931191
89b2c1c1d8fffff,0,0,0,0,14,0,0,0,0,0,107,218,14,153,0,0,3,0,0,0,0,0,0,0,0,579,0,0,0,0,0,3311,14188,1525,2095,0,0,320,0,0,0,0,616.3020948963363,250.5698986278245,226.06823978380143,4,19024,8.969388698113884,68.7117166664808,27.93611772901706,2.45960148553893,41042,4575.785639508573,0.014107499634520735,0.4635251693387262,0.0,107.0188128379656,0-300 m,0.42019673448143
89b2c1c091bffff,0,0,0,0,0,0,0,0,0,0,126,182,26,4,0,0,0,1,0,0,0,0,0,0,0,0,0,0,0,0,0,5548,15513,3232,60,0,0,0,9,0,0,0,418.296646215225,136.638677637109,124.48805101800295,0,24293,8.960951817976923,46.67993475604493,15.248232599911171,3.0613341218520542,48655,5429.668743714396,0.0,0.4992909259068955,0.0,272.3363301935867,0-300 m,0.37165824650122287
89b2c1cad27ffff,0,0,0,2,0,0,0,0,0,0,0,1,0,0,0,0,0,0,0,0,0,0,0,0,556,0,0,0,0,0,0,0,70,0,0,0,0,0,0,0,0,0,7.7871051010762296,3.0082439784328785,2.359281440724999,0,70,8.971157370565246,0.8680156616833027,0.3353239558925871,2.588588278379223,696,77.5819630902481,0.0,0.10057471264367816,0.0,1573.530625674677,1-2 km,0.2075086024378959
89b2c1c014fffff,0,0,0,0,23,0,0,0,2,0,138,3,0,34,0,0,0,0,0,0,0,0,0,0,0,33825,0,0,0,1868,0,5100,240,0,424,0,0,0,0,0,0,0,342.4637590011944,120.12678202000973,110.38315410939423,3,5340,8.97261496476865,38.16766464914551,13.38815746487424,2.8508526844925353,46797,5215.536405356786,0.722802743765626,0.11410987883838708,0.0,119.1029010912992,0-300 m,0.2983198912719585
89b2c1c022bffff,0,0,0,0,0,0,0,0,0,0,0,13,0,0,0,0,0,0,0,0,0,0,0,0,0,0,0,0,0,0,0,0,832,0,0,0,0,0,0,0,0,0,17.784014388469814,9.010034108677672,5.635497322939171,0,832,8.975187634726609,1.9814643562057996,1.0038825343122897,1.9738010060740852,1664,185.40002367880152,0.0,0.5,0.0,1154.6439162348056,1-2 km,0.2242438242175754
89b2c1c0e8fffff,0,0,0,1,0,0,0,0,0,0,38,19,7,7,1,0,0,0,0,0,0,0,0,0,96,0,0,0,0,0,0,1427,1405,921,89,703,0,0,0,0,0,0,197.05997081123996,71.21259193924344,66.05370723428068,0,3753,8.969143379511564,21.97087976778127,7.9397316918710565,2.7672068302101116,8394,935.8753277570098,0.0,0.44710507505360975,0.0,191.006540779258,0-300 m,0.48845167363871617
89b2c1c0b17ffff,0,0,0,0,0,0,0,0,0,0,16,17,116,10,0,0,0,0,0,0,0,0,0,0,0,0,0,0,0,0,0,582,1283,16226,129,0,0,0,0,0,0,0,251.86830172914568,83.04904161468468,73.8290249337221,0,18091,8.960571678861545,28.108508112637068,9.268274903776698,3.0327659035214016,36311,4052.308413051317,0.0,0.4982236787750268,0.0,527.4820630608923,500-1000 m,0.2948749644283296
89b2c1c732bffff,0,0,0,0,0,0,0,0,0,0,28,8,0,33,0,0,0,0,0,0,0,0,0,0,0,0,0,0,0,0,0,955,497,0,367,0,0,0,0,0,0,0,136.8071078693432,48.49882765666406,44.283137674600084,0,1452,8.95428740069989,15.278391428295011,5.416268820327709,2.820833295968238,3271,365.29986738468216,0.0,0.44390094772240907,0.0,4179.554450678059,Más de 2 km,0.40494046630410285
89b2c1ce42bffff,0,0,0,0,0,0,0,0,0,0,1,0,0,0,0,0,0,0,0,0,0,0,0,0,0,0,0,0,0,0,0,42,0,0,0,0,0,0,0,0,0,0,2.7993301679948317,0.9331100559982772,0.9331100559982772,0,42,8.959148524172818,0.3124549348012164,0.1041516449337388,3.0,84,9.375890998274924,0.0,0.5,0.0,730.64842006834,500-1000 m,0.2242438242175754
89b2c1ce4cbffff,0,0,0,0,0,0,0,0,0,0,213,15,6,7,0,9,0,0,0,0,0,0,0,0,0,0,0,0,0,0,0,8958,1186,1135,103,0,1007,0,0,0,0,0,250.34118626895466,132.12313347340302,84.45657059003057,0,11279,8.962619367731433,27.93169898191488,14.741575877816762,1.8947566537948441,23668,2640.7458611054135,0.0,0.4765506168666554,0.04254689876626669,340.2918535681775,300-500 m,0.3799998942313064
89b2c1c1977ffff,0,0,0,15,16,0,0,0,0,0,48,94,6,50,0,0,1,0,2,0,0,0,0,0,3303,4035,0,0,0,0,0,1501,6772,850,656,0,0,684,0,878,0,0,258.64757027232076,93.57707751994481,81.11832989192358,1,9123,8.963868538649834,28.854458223823872,10.439362995615694,2.7640056424843276,27802,3101.5626657313323,0.14513344363714842,0.3281418602978203,0.0,119.59901059807747,0-300 m,0.5809572802935382
89b2c1c5413ffff,0,0,0,0,0,0,0,0,0,0,1,3,6,2,0,0,0,0,0,0,0,0,0,0,0,0,0,0,0,0,0,48,281,754,26,0,0,0,0,0,0,0,54.57697044105145,18.397210428596622,17.025706717231778,0,1083,8.956787337444942,6.093364549684659,2.0539965654520835,2.966589454030325,2192,244.73060679202203,0.0,0.49406934306569344,0.0,1881.2366598939411,1-2 km,0.36073877885505806
89b2c1c02abffff,0,0,0,0,0,0,0,0,0,0,2,4,1,0,0,0,0,0,0,0,0,0,0,0,0,0,0,0,0,0,0,71,276,115,0,0,0,0,0,0,0,0,355.7383140501755,109.33734070426932,104.1949234383333,0,462,8.97626336505523,39.631002298247154,12.18071888687243,3.2535848389834205,924,102.93815615940484,0.0,0.5,0.0,1494.3583161883857,1-2 km,0.3765771936646236
89b2c1c73cbffff,0,0,0,0,4,2,0,0,0,0,224,80,4,105,0,0,0,0,0,0,0,0,0,0,0,160,225,0,0,0,0,7440,5715,443,1055,0,0,0,0,0,0,0,639.0910673038271,232.2591816885461,213.6068348355824,0,13598,8.95775565314206,71.34499890937043,25.92827831903161,2.7516288598692844,28636,3196.7828894680238,0.0055873725380639755,0.4748568235787121,0.0,3350.54112033224,Más de 2 km,0.41365352007777495
89b2c1c0bb7ffff,0,0,0,0,13,0,0,3,0,0,209,15,1,44,0,0,0,2,0,0,0,0,0,0,0,2125,0,0,1063,0,0,6689,940,138,570,0,0,0,189,0,0,0,499.68504040579313,173.0716737566073,168.71171886938177,0,7767,8.959911927295352,55.768967871610386,19.316224887140258,2.8871566880927375,19481,2174.2401217866163,0.10908064267748062,0.3986961654945845,0.0,163.1728403281136,0-300 m,0.473524666676077
89b2c1c507bffff,0,0,0,0,0,0,0,0,0,0,0,0,1,0,0,0,0,0,0,0,0,0,0,0,0,0,0,0,0,0,0,0,0,140,0,0,0,0,0,0,0,0,39.102840793433806,15.474741250167423,11.148469502808787,0,140,8.951863550651451,4.36812296927696,1.728661430394712,2.5268817204301075,280,31.278403476069926,0.0,0.5,0.0,3336.179141865101,Más de 2 km,0.2242438242175754
89b2c1c1b93ffff,0,0,0,0,0,0,0,0,2,0,176,163,0,17,0,0,2,0,0,0,0,0,0,0,0,0,0,0,0,552,0,8271,10153,0,220,0,0,233,0,0,0,0,945.433748201927,301.67646446667044,287.49076924411304,5,18424,8.966853699203721,105.43650871496698,33.643513609847346,3.133932737753825,37853,4221.436110122042,0.0,0.48672496235437085,0.0,60.283335800871804,0-300 m,0.37484891717404445
89b2c1ce4abffff,0,0,0,0,0,0,6,0,0,0,24,2,72,19,0,0,0,1,0,0,0,0,0,0,0,0,0,653,0,0,0,801,145,11521,269,0,0,0,45,0,0,0,133.49324993204627,43.95240295451768,38.7623805709822,1,12467,8.96022479497609,14.8984264331063,4.905279048262423,3.037223017594424,25901,2890.6640840665555,0.0,0.5065441488745608,0.0,149.31658195520498,0-300 m,0.32354459323261336
89b2c1ca8b3ffff,0,0,0,0,0,0,0,0,0,0,1,3,1,0,0,0,0,0,0,0,0,0,0,0,0,0,0,0,0,0,0,39,247,141,0,0,0,0,0,0,0,0,31.03037353862153,9.444466170202599,9.149332014863079,1,427,8.973621555986044,3.4579543325985327,1.0524698541474002,3.285561404891546,854,95.16781988987726,0.0,0.5,0.0,143.06449184646775,0-300 m,0.3700052669926406
89b2c1c1d6fffff,0,0,0,9,147,5,0,0,0,0,16,24,50,9,0,6,0,12,0,3,0,0,0,0,2416,22972,1175,0,0,0,0,557,1907,9580,92,0,884,0,5486,0,738,0,308.08031037574113,116.74161539343642,121.9820055015293,0,12044,8.967236499473945,34.35621558479186,13.01868367141705,2.6389930389215976,57851,6451.374400953268,0.3970890736547337,0.20819000535859364,0.015280634734058184,249.54232075868407,0-300 m,0.5543006257498307
89b2c1c0a1bffff,0,0,0,0,6,1,0,0,13,0,153,100,5,81,0,0,3,35,4,0,0,0,0,0,0,377,104,0,0,5267,0,5607,7063,753,1060,0,0,187,14794,230,0,0,473.47423347671185,190.52120055095872,180.47373705130926,1,13423,8.965326961558109,52.81170843036666,21.250892618627656,2.4851524770340276,48865,5450.442600646393,0.00771513353115727,0.2746955898905147,0.0,109.02494715777057,0-300 m,0.5594629052766038
89b2c1c722fffff,0,0,0,0,0,0,0,0,0,0,13,9,30,4,0,0,0,0,0,0,0,0,0,0,0,0,0,0,0,0,0,497,662,5168,59,0,0,0,0,0,0,0,119.69145348709057,43.930538612663184,38.042909039949784,0,6327,8.95782627154721,13.361662735887963,4.904151663690999,2.7245614842652746,12713,1419.2059116373318,0.0,0.4976795406277039,0.0,2675.3548426801694,Más de 2 km,0.32958082019792406
89b2c1c032bffff,0,0,6,0,6,1,335,0,0,0,60,116,10,83,0,0,7,3,0,0,0,0,0,684,0,250,215,22153,0,0,0,2025,8022,1099,1005,0,0,887,84,0,0,0,294.4432321136328,119.51149662623983,110.86273149075511,4,11146,8.971054723797124,32.821473191170725,13.321900301111409,2.4637230762365427,47570,5302.609499618049,0.0052554130754677315,0.7,0.0,101.70776997584468,0-300 m,0.48443718783206724
89b2c1c5473ffff,0,0,0,0,3,0,0,0,0,0,42,53,108,1,0,0,0,0,0,0,0,0,0,0,0,128,0,0,0,0,0,1275,4740,13806,11,0,0,0,0,0,0,0,286.77975268863077,150.18171209811175,87.25032432644345,0,19821,8.955712881102798,32.021990487631285,16.76937549159331,1.9095517602121976,39781,4441.96911269239,0.003217616450064101,0.49825293481812927,0.0,1757.5650634256856,1-2 km,0.3554993673432508
89b2c1c187bffff,0,0,0,0,0,0,0,0,0,0,568,10,0,2,0,0,0,0,0,0,0,0,0,0,0,0,0,0,0,0,0,23374,544,0,17,0,0,0,0,0,0,0,637.9907724444042,241.31498540624193,215.25650829567618,0,23918,8.968624366950959,71.13585610691602,26.906577367146575,2.6438091748441486,47853,5335.600872786745,0.0,0.4998223726830084,0.0,562.5093029487616,500-1000 m,0.24274217029752226
89b2c1c0e13ffff,0,0,0,0,10,0,192,2,2,0,141,7,0,135,0,0,0,2,0,0,0,0,0,0,0,750,0,9984,118,2258,0,4655,467,0,2138,0,0,0,127,0,0,0,517.435909178301,177.72741956185922,165.64184884767343,5,5122,8.969178538908116,57.69044589018654,19.815350847447316,2.9114016872236417,25619,2856.337387963156,0.029275147351575003,0.5896405011905227,0.0,14.79807935891958,0-300 m,0.5330727196054326
89b2c1c0a9bffff,0,0,0,3,9,1,0,0,12,0,113,83,5,40,0,2,0,8,0,0,0,0,0,0,442,704,250,0,0,3152,0,4114,5712,636,530,0,404,0,1226,0,0,0,587.5479659158506,188.2675970730865,182.252810811525,2,10462,8.966402616311496,65.5277251154209,20.997004610365583,3.1208130079217042,27632,3081.7264383970924,0.025477707006369428,0.37861899247249564,0.014620729588882456,132.54918458435003,0-300 m,0.5789834457456847
89b2c1c72afffff,0,0,0,0,0,0,0,0,0,0,226,11,13,5,0,0,0,2,0,0,0,0,0,0,0,0,0,0,0,0,0,10592,680,2295,70,0,0,0,140,0,0,0,640.0346957461375,210.63461488288488,202.08209923998592,0,13567,8.958900071977842,71.44121383249652,23.511213786357526,3.038601685207361,27344,3052.160396958564,0.0,0.49616003510825046,0.0,3322.860627889796,Más de 2 km,0.3420272299287728
89b2c1c03abffff,0,0,10,2,7,0,272,0,0,0,14,140,0,79,0,4,0,0,1,0,0,0,0,6981,307,1033,0,15017,0,0,0,426,10410,0,862,0,983,0,0,180,0,0,493.49856165384426,230.63461814555413,206.98595022059123,3,10836,8.972130184478253,55.00349989432773,25.7056700475157,2.139741924355848,47035,5242.3447980469955,0.021962368449027322,0.5496545125970023,0.020899330285957265,21.16248533220443,0-300 m,0.5352225234384537
89b2c1c0033ffff,0,0,0,0,2,4,0,1,4,0,376,194,0,47,0,0,0,0,0,0,0,0,0,0,0,97,1113,0,544,121,0,16504,11265,0,614,0,0,0,0,0,0,0,1468.332478931898,513.6163194075702,481.318931460619,9,27769,8.975461250297377,163.59409705916218,57.224504132370136,2.8588119642022733,58027,6465.0716416471005,0.0016716356179020111,0.47855308735588603,0.0,48.7682648780955,0-300 m,0.39463145417615403
89b2c1c09bbffff,0,0,0,0,0,0,0,0,0,0,7,36,48,30,0,0,0,1,0,0,0,0,0,0,0,0,0,0,0,0,0,236,3317,5389,230,0,0,0,224,0,0,0,150.0782409417204,49.47239523446574,46.2592989777398,0,8942,8.960291595010068,16.749258587220314,5.52129299698423,3.0335753955402986,18338,2046.585181470246,0.0,0.4876213327516632,0.0,954.9830684018597,500-1000 m,0.3830855148351774
89b2c1c1997ffff,0,0,6,5,52,5,16,0,26,0,12,18,31,15,0,6,39,1,0,0,0,0,0,139,162,5006,2524,916,0,16483,0,366,1333,5592,208,0,640,7291,143,0,0,0,195.24322067144342,84.87671232743249,62.80963722637273,2,7291,8.966021431621762,21.77590385662597,9.466485550445546,2.3003155437765472,48094,5364.029114449799,0.10408782800349316,0.17064498690065288,0.013307273256539277,130.64065229670172,0-300 m,0.6229952246319489
89b2c1c1583ffff,0,0,0,0,0,0,0,0,0,0,0,0,0,0,0,4,0,0,0,0,0,0,0,0,0,0,0,0,0,0,0,0,0,0,0,0,1211,0,0,0,0,0,1.4012834784827908,0.4990872663089392,0.4031089458649124,0,0,8.98209927529104,0.15600846033149485,0.05556465710436803,2.8076923076923075,1211,134.82371580231293,0.0,0.0,1.0,4002.664311571495,Más de 2 km,-0.0
89b2c1c022fffff,0,0,0,0,0,0,0,0,0,0,0,71,0,0,0,0,0,0,0,0,0,0,0,0,0,0,0,0,0,0,0,0,4134,0,0,0,0,0,0,0,0,0,33.89792526719576,21.19845267062104,11.324335934334144,0,4134,8.974597156278843,3.7770971417340955,2.362050608120064,1.5990754511141718,8268,921.2669778961064,0.0,0.5,0.0,1119.0783447120873,1-2 km,0.2242438242175754
89b2c1c0e93ffff,0,0,0,0,0,0,0,0,0,0,0,8,0,0,0,0,0,0,0,0,0,0,0,0,0,0,0,0,0,0,0,0,499,0,0,0,0,0,0,0,0,0,195.6128570649272,75.15239517348797,66.44168817018064,0,499,8.970253535913384,21.806837039975502,8.377956639977588,2.6028825377203,998,111.25661008402925,0.0,0.5,0.0,762.2284465847687,500-1000 m,0.2242438242175754
89b2c1c0b1bffff,0,0,0,0,0,0,0,0,0,0,26,221,19,31,0,0,0,0,0,0,0,0,0,0,0,0,0,0,0,0,0,847,16976,2583,391,0,0,0,0,0,0,0,574.1226056876548,237.1158920231132,217.99931515178434,2,20406,8.961196500795454,64.06762820530628,26.460293779080196,2.421274258714348,41203,4597.935107922536,0.0,0.49525519986408756,0.0,109.89400101730851,0-300 m,0.32707883393748977
89b2c1c1d0fffff,0,0,0,3,86,0,0,0,0,0,18,28,41,8,16,2,10,1,0,0,3,0,0,0,777,12689,0,0,0,0,0,600,1899,6711,106,1170,266,1926,51,0,0,143,207.11992299642796,84.74269358821896,75.47984786118799,4,9210,8.968312734131635,23.09463654274346,9.449123385907912,2.444103606180652,35548,3963.733319056917,0.35695397772026555,0.259086305839991,0.007482840103521998,48.16750708525175,0-300 m,0.5490706707337224
89b2c1c5573ffff,0,0,0,0,0,1,0,0,0,0,28,30,3,8,0,0,1,0,0,0,0,0,0,0,0,0,79,0,0,0,0,1022,2015,423,146,0,0,44,0,0,0,0,159.05666007712878,66.94201969715114,53.72770865730826,0,3460,8.95158480661124,17.768547526875537,7.478231077888102,2.376036169758675,7189,803.0980161960289,0.0,0.48129086103769647,0.0,3947.7768410488366,Más de 2 km,0.4245765951850696
89b2c1c0627ffff,0,0,0,0,0,0,0,0,0,0,10,3,4,0,0,1,3,0,0,0,0,0,0,0,0,0,0,0,0,0,0,402,214,555,0,0,74,394,0,0,0,0,12.078777482585911,4.258158227085636,4.15877291298978,0,1171,8.978449377326736,1.3453077446856725,0.4742643242873047,2.836620162622011,2810,312.9716370731107,0.0,0.41672597864768685,0.026334519572953737,1508.4992855240205,1-2 km,0.4951863952980586
89b2c1ce44bffff,0,0,0,0,2,0,0,0,2,0,74,26,2,59,0,0,0,0,0,0,0,0,0,0,0,112,0,0,0,677,0,2426,1757,266,791,0,0,0,0,0,0,0,278.164817875194,97.57835462505795,87.69267332124073,4,4449,8.961542825622546,31.039835805936715,10.888566458229175,2.85068157732352,10478,1169.2183147350086,0.010689062798243939,0.42460393204810076,0.0,57.07402577200563,0-300 m,0.4903524889222517
89b2c1c0b9bffff,0,0,0,0,4,2,0,0,0,0,31,95,27,20,0,0,0,1,0,0,0,0,0,0,0,551,106,0,0,0,0,1194,6495,3622,228,0,0,0,190,0,0,0,385.1195962274544,183.8587576763802,140.9982205342223,0,11311,8.962271884743503,42.97120207690244,20.514748943218674,2.0946491812227097,23697,2644.084034131955,0.02325188842469511,0.4773178039414272,0.0,267.3907430676105,0-300 m,0.4336551614550959
89b2c1c0823ffff,0,0,0,0,0,1,0,0,0,0,339,10,0,28,0,0,0,2,0,0,0,0,0,0,0,0,131,0,0,0,0,11586,679,0,283,0,0,0,150,0,0,0,636.3029601371419,220.92104970389244,204.04798491879825,3,12265,8.962756938976806,70.99411090465013,24.64878286982899,2.8802278505828176,25094,2799.808158455399,0.0,0.4887622539252411,0.0,67.19364330240923,0-300 m,0.29537111173364805
89b2c1ce4afffff,0,0,1,0,0,0,30,0,0,0,28,7,125,18,0,0,0,0,0,0,0,0,0,1255,0,0,0,2923,0,0,0,979,554,17399,176,0,0,0,0,0,0,0,433.5396260228003,150.9846127156082,141.37899854802856,0,18932,8.95963484863112,48.388090959871846,16.851648004234914,2.8714159557398573,42218,4712.022388551939,0.0,0.5176701880714387,0.0,186.59204021794767,0-300 m,0.3821829114200218
89b2c1c1d73ffff,0,0,11,4,407,2,50,0,0,0,8,15,19,5,0,3,6,1,0,0,0,0,0,6763,394,41257,465,2080,0,0,0,326,1121,2781,85,0,352,470,18,0,0,0,128.3888879872374,55.268388385840375,43.243549040095274,4,4228,8.968347511767428,14.31577978203649,6.162605576258319,2.323007631250748,60340,6728.106813526961,0.6837421279416639,0.1045409347033477,0.00583360954590653,22.424982447201586,0-300 m,0.38870673577813625
89b2c1c5393ffff,0,0,0,0,0,0,0,0,0,0,5,7,32,4,0,0,0,0,0,0,0,0,0,0,0,0,0,0,0,0,0,191,421,6339,49,0,0,0,0,0,0,0,60.336953925092466,20.754776429775493,19.260289840488525,0,6951,8.950094665740838,6.741487791861038,2.3189449056020157,2.9071358166273025,13951,1558.754462497656,0.0,0.49824385348720523,0.0,4114.8342105315505,Más de 2 km,0.2878550367900611
89b2c1c7233ffff,0,0,1,0,0,0,0,0,0,0,96,17,26,0,0,0,0,2,0,0,0,0,0,53,0,0,0,0,0,0,0,4512,1049,4315,0,0,0,0,104,0,0,0,322.8509269040016,108.03870832401792,101.73227893629969,0,9876,8.958935440224113,36.03675113612888,12.059324352192816,2.988289400274412,19909,2222.250638241229,0.0,0.49605705962127683,0.0,2981.66185755671,Más de 2 km,0.3927175964025376
89b2c1c130bffff,0,0,0,0,0,0,0,0,0,0,1,3,0,1,0,0,0,0,0,0,0,0,0,0,0,0,0,0,0,0,0,35,233,0,12,0,0,0,0,0,0,0,37.5869926635286,12.518716240929582,12.070908318927556,0,268,8.977411508337372,4.18684078685948,1.39446835307743,3.0024638261740457,548,61.04209431539028,0.0,0.48905109489051096,0.0,1049.0748495386736,1-2 km,0.31472287273194105
89b2c1c032fffff,3,0,0,0,0,0,0,0,11,0,77,135,11,74,0,0,0,0,7,0,0,3445,0,0,0,0,0,0,0,2750,0,2432,8882,1231,945,0,0,0,0,291,0,0,395.42283537464147,141.68955825940333,136.35657918177364,0,12545,8.970464391368493,44.08053118800883,15.795119636809329,2.790769060418035,32521,3625.341853125482,0.0,0.38575074567202733,0.0,206.66670339878397,0-300 m,0.5278146456678259
89b2c1c734bffff,0,0,0,0,0,0,0,0,0,0,47,81,18,10,0,0,0,0,0,0,0,0,0,0,0,0,0,0,0,0,0,1495,4788,2866,133,0,0,0,0,0,0,0,268.316967274295,122.702753542342,83.0068736939157,0,9149,8.956681814169166,29.957184238679407,13.699577152359081,2.1867232766027924,18431,2057.7933192672745,0.0,0.49639194834789213,0.0,2809.602630723271,Más de 2 km,0.3968133396971182
89b2c1c0b37ffff,0,0,0,0,0,0,0,0,0,0,0,100,0,1,0,0,0,0,0,0,0,0,0,0,0,0,0,0,0,0,0,0,6250,0,13,0,0,0,0,0,0,0,221.29866506611813,70.02287908667383,65.00988329374059,0,6250,8.958836698330353,24.701718818846345,7.816068251330432,3.1603765505299517,12513,1396.7215188029973,0.0,0.4994805402381523,0.0,886.6871852804039,500-1000 m,0.22665569341966302
89b2c1c5477ffff,0,0,0,0,0,0,0,0,0,0,5,2,2,0,0,0,0,0,0,0,0,0,0,0,0,0,0,0,0,0,0,187,180,217,0,0,0,0,0,0,0,0,17.140701462865923,9.085486905069404,5.082167661051608,0,584,8.955123093195912,1.9140665387267988,1.0145574561641193,1.8866024068893847,1168,130.4281345822532,0.0,0.5,0.0,2070.474110742756,Más de 2 km,0.40141144042784366
89b2c1c08a3ffff,0,0,0,0,0,0,0,0,0,0,630,0,0,0,0,0,0,2,0,0,0,0,0,0,0,0,0,0,0,0,0,16223,0,0,0,0,0,0,144,0,0,0,684.8435576170172,225.35071817422,208.26755364643674,0,16223,8.963831743731278,76.40075998703928,25.139998676549865,3.0390120926420146,32590,3635.7219693231445,0.0,0.4977907333537895,0.0,269.1011552052931,0-300 m,0.2324297741256489
89b2c1c0e17ffff,0,0,2,0,0,0,96,0,5,0,165,42,9,20,0,0,2,3,0,0,0,0,0,88,0,0,0,5184,0,244,0,6422,2922,1044,256,0,0,86,296,0,0,0,1049.4924092032845,374.2135832969281,341.84425016157564,5,10388,8.968588272405704,117.01868536348499,41.724914995629554,2.8045278312907778,26930,3002.702229386252,0.0,0.5782398811734125,0.0,101.89693992962403,0-300 m,0.5069394371142332
89b2c1c0eafffff,0,0,0,0,4,0,126,0,1,0,1,0,0,0,0,0,0,5,0,0,0,0,0,0,0,95,0,6012,0,212,0,25,0,0,0,0,0,0,526,0,0,0,912.8264323778476,330.3596102573994,303.45966800309833,6,25,8.967407802148621,101.79379063804049,36.840034215712166,2.763129644288597,6895,768.8955551177158,0.013778100072516316,0.8755620014503264,0.0,13.714145649261663,0-300 m,0.16908260024262164
89b2c1c03afffff,0,0,0,0,15,0,0,2,0,0,83,149,6,138,0,0,0,0,0,0,0,0,0,0,0,817,0,0,783,0,0,2989,10855,675,1271,0,0,0,0,0,0,0,564.0220315191109,191.85462248722524,184.04106492135037,0,14519,8.971539813695204,62.86791824276608,21.384804222164405,2.9398407200570142,31909,3556.691567181186,0.025604061550032906,0.45501269234385283,0.0,224.21056295041808,0-300 m,0.4340536909616532
89b2c1c0037ffff,0,0,0,0,0,0,0,0,0,0,19,143,1,19,0,0,0,0,0,0,0,0,0,0,0,0,0,0,0,0,0,558,8809,104,248,0,0,0,0,0,0,0,408.8892359008769,133.84966162514908,131.2960207508397,2,9471,8.974870760809534,45.55934528732924,14.913826080886745,3.054839518728006,19190,2138.1923496655522,0.0,0.4935383011985409,0.0,160.64544550593942,0-300 m,0.28898961815393337
89b2c1c0923ffff,0,0,3,0,0,0,0,0,0,0,218,120,0,0,0,0,0,0,0,0,0,0,0,37,0,0,0,0,0,0,0,9713,6360,0,0,0,0,0,0,0,0,0,155.44525170321126,66.39733835782513,53.5416620194331,0,16073,8.958627109473166,17.35145908002332,7.411552858095217,2.341136791741465,32183,3592.4031223454504,0.0,0.49942516235279494,0.0,456.5504308969763,300-500 m,0.3353264973006389
89b2c1c120fffff,0,0,0,0,0,0,0,0,0,0,2,0,0,0,0,0,0,0,0,0,0,0,0,0,0,0,0,0,0,0,0,72,0,0,0,0,0,0,0,0,0,0,8.026864073910817,3.090375679749921,2.798341928544003,0,72,8.980955272680163,0.8937650650959518,0.344103225761603,2.597374852031053,144,16.03392908970879,0.0,0.5,0.0,2926.946777429413,Más de 2 km,0.2242438242175754
89b2c1c0233ffff,0,0,0,0,3,0,0,0,0,0,171,5,3,12,0,0,0,1,0,0,0,0,0,0,0,4060,0,0,0,0,0,4976,292,538,140,0,0,0,100,0,0,0,475.5720624856818,145.78908002821092,138.64950562763894,0,5806,8.97570798143124,52.98435103610049,16.242627359292033,3.2620554460845503,15912,1772.7849472062169,0.2551533433886375,0.3648818501759678,0.0,1521.9242849394568,1-2 km,0.4339278205211887
89b2c1c0e97ffff,0,0,0,0,0,0,0,0,0,0,4,9,5,0,0,0,0,0,0,0,0,0,0,0,0,0,0,0,0,0,0,142,614,658,0,0,0,0,0,0,0,0,49.51987489804341,17.07599459665601,16.01722623402678,0,1414,8.969663230945882,5.520817629718454,1.9037498016361187,2.8999701667591817,2828,315.28496970134046,0.0,0.5,0.0,701.693420754182,500-1000 m,0.37775422923160634
89b2c1c5003ffff,0,0,0,0,0,0,0,0,0,0,6,1,10,1,0,0,0,0,0,0,0,0,0,0,0,0,0,0,0,0,0,212,70,3334,12,0,0,0,0,0,0,0,21.291680415830726,7.544745522341548,6.235678960052534,0,3616,8.95234897263003,2.378334499797279,0.8427671380336109,2.8220541505053642,7244,809.1731032991501,0.0,0.4991717283268912,0.0,3074.557340844628,Más de 2 km,0.2791166187622286
89b2c1ce433ffff,0,0,0,0,0,0,0,0,0,0,1,1,28,3,0,0,0,0,0,0,0,0,0,0,0,0,0,0,0,0,0,45,95,3614,19,0,0,0,0,0,0,0,113.91442350915844,37.70387209088832,35.22816388708978,1,3754,8.959669421174823,12.714132425459686,4.208176699218491,3.0212924347546655,7527,840.0979596647924,0.0,0.49873787697621896,0.0,159.6945172401709,0-300 m,0.25885098275305696
89b2c1c093bffff,0,0,0,0,0,0,0,0,5,0,130,104,15,1,0,0,2,0,0,0,0,0,0,0,0,0,0,0,0,122,0,5077,8426,1533,14,0,0,50,0,0,0,0,464.9858671381319,173.5953450434244,153.78955242075193,0,15036,8.959217022283875,51.90027945317013,19.376173678084612,2.678561841746488,30258,3377.304057345701,0.0,0.4969264326789609,0.0,263.76095219718854,0-300 m,0.3851466490899705
89b2c1c1917ffff,2,0,1,0,37,3,0,0,6,0,65,139,45,100,0,0,7,1,0,0,0,214,0,570,0,3846,892,0,0,834,0,2208,8854,6010,1247,0,0,782,216,0,0,0,535.2052942005893,201.21917911157269,177.20351313201172,2,17072,8.964945120137209,59.699784775971715,22.445109971681905,2.659812531606775,42745,4768.015802348357,0.08997543572347642,0.39939174172417824,0.0,37.92457287438445,0-300 m,0.576808078150872
89b2c1c550fffff,0,0,0,0,3,1,0,0,0,0,19,15,2,6,0,0,0,1,0,0,0,0,0,0,0,165,36,0,0,0,0,696,918,332,56,0,0,0,60,0,0,0,57.987402901433285,24.45512839616908,20.736997206366393,0,1946,8.951549793297513,6.477917705920761,2.7319435137901924,2.371175565388447,4209,470.1979095453946,0.039201710620099785,0.46234259919220716,0.0,4141.4797739475625,Más de 2 km,0.4763737840953481
89b2c1c5577ffff,0,0,0,0,6,0,0,0,0,0,26,6,0,7,0,0,0,0,0,0,0,0,0,0,0,999,0,0,0,0,0,918,388,0,89,0,0,0,0,0,0,0,86.04762106247357,33.96675858679314,27.407759454492638,0,1306,8.950995165843928,9.613190429464469,3.79474661280198,2.533289152175102,3700,413.36185881529883,0.27,0.352972972972973,0.0,4260.622195598942,Más de 2 km,0.45067906718249445
89b2c1c09a3ffff,0,0,0,2,0,0,2,0,0,0,3,4,62,2,0,0,0,0,0,0,0,0,0,0,542,0,0,445,0,0,0,121,233,8675,14,0,0,0,0,0,0,0,217.62755832113172,72.6640464765344,66.76940863334029,0,9029,8.959701643631183,24.289598803306998,8.110096671375896,2.9949826478685138,19059,2127.1913684254982,0.0,0.4970879899260192,0.0,1108.6575471134827,1-2 km,0.32106273766240034
89b2c1c1c8fffff,0,0,0,0,0,0,0,0,0,0,26,4,0,0,0,0,0,0,0,0,0,0,0,0,0,0,0,0,0,0,0,1300,252,0,0,0,0,0,0,0,0,0,37.57827369087515,24.53302520563372,12.567934741691804,0,1552,8.973521193074124,4.187684286061367,2.733935171910957,1.5317423503989938,3104,345.9065770520168,0.0,0.5,0.0,276.89264302684614,0-300 m,0.2959964665533499
89b2c1c1803ffff,0,0,0,0,0,0,0,1,1,0,67,199,0,2,0,0,0,1,0,0,0,0,0,0,0,0,0,0,612,96,0,2700,10874,0,26,0,0,0,18,0,0,0,501.8411719394317,165.35798886488607,157.2827895413887,0,13574,8.969111092324908,55.95216368418825,18.436385407957207,3.0348770893040182,27900,3110.676154281858,0.0,0.48652329749103945,0.0,200.6306374917792,0-300 m,0.34238176325220643
89b2c1c0827ffff,0,0,0,0,0,0,0,0,0,0,90,0,0,2,0,0,0,0,0,0,0,0,0,0,0,0,0,0,0,0,0,4275,0,0,29,0,0,0,0,0,0,0,199.7634120039329,66.69001575092152,62.64203521983471,0,4275,8.96216690049585,22.28963310121803,7.441282503590929,2.995402081625278,8579,957.2461766501301,0.0,0.4983098263200839,0.0,276.8068018337052,0-300 m,0.23079985559011873
89b2c1c004fffff,0,0,0,0,0,0,0,0,0,0,1,3,1,0,0,0,0,0,0,0,0,0,0,0,0,0,0,0,0,0,0,50,204,120,0,0,0,0,0,0,0,0,67.35104634092238,22.797617086490384,21.479453222448306,0,374,8.976748268361414,7.502833356517462,2.5396297640249843,2.954302025751361,748,83.32638697648781,0.0,0.5,0.0,1003.5754885379926,1-2 km,0.380238404159948
89b2c1ce4b3ffff,0,0,1,14,5,0,0,0,0,0,28,3,39,16,0,0,2,1,110,0,0,0,0,4265,171,146,0,0,0,0,0,1101,167,6699,212,0,0,285,72,4383,0,0,127.44433989549157,48.69202775875037,41.69204576694361,4,7967,8.960745499418275,14.222515292256114,5.433925978805159,2.61735536106501,25468,2842.1742366919543,0.005732684152662164,0.31282393591958535,0.0,98.98042236114959,0-300 m,0.5356063534281709
89b2c1ca8bbffff,0,0,0,0,0,0,0,0,0,0,33,21,6,3,0,0,1,0,0,0,0,0,0,0,0,0,0,0,0,0,0,1179,1391,977,44,0,0,60,0,0,0,0,218.4742672862992,65.95881228314316,64.71383486304595,1,3547,8.973655696111688,24.346183393348237,7.3502722320540235,3.312283222269814,7198,802.125715957535,0.0,0.4927757710475132,0.0,57.814738724773036,0-300 m,0.42214057489461637
89b2c1c1d77ffff,0,0,6,35,307,0,9,0,1,38,13,6,17,3,0,0,88,0,0,0,2,0,0,1343,589,40933,0,897,0,181,3665,476,470,2998,42,0,0,12974,0,0,0,254,104.64993539197532,48.8923175313752,31.549673500137057,2,3944,8.967757276465496,11.6695771490842,5.452011693011093,2.1404167500307043,68766,7668.137961368091,0.5952505598697031,0.07039816188232557,0.0,96.4029161678528,0-300 m,0.44121869872829056
89b2c1c0a23ffff,0,0,8,0,10,7,208,1,15,0,32,109,3,40,0,0,5,0,0,0,0,0,0,668,0,577,1718,11327,705,5591,0,954,7598,434,584,0,0,200,0,0,0,0,724.8181017667775,339.3120580035454,304.18052664341474,3,8986,8.963001378820053,80.86778871635042,37.856968180921406,2.136140124319437,39342,4389.3778810485055,0.014666259976615323,0.5163184383102029,0.0,110.91078844100274,0-300 m,0.6016732189578003
89b2c1c7237ffff,0,0,0,0,0,0,0,0,0,0,541,113,0,28,0,0,0,3,0,0,0,0,0,0,0,0,0,0,0,0,0,15050,6563,0,437,0,0,0,283,0,0,0,691.2338763899884,261.3570348026715,222.50637568903835,0,21613,8.958345536199086,77.16088574579254,29.17469902746819,2.64478772079688,43946,4905.593317697113,0.0,0.4918081281572839,0.0,3155.991535827796,Más de 2 km,0.3488521992037117
89b2c1c130fffff,0,0,0,0,0,0,0,0,0,0,0,1,2,2,0,0,0,0,0,0,0,0,0,0,0,0,0,0,0,0,0,0,87,210,28,0,0,0,0,0,0,0,37.60328823962045,12.769867229909277,12.142091208346738,0,297,8.976820953902497,4.188931519601397,1.4225378110452152,2.9446890529563947,622,69.28956288580065,0.0,0.477491961414791,0.0,737.8299698948671,500-1000 m,0.3669570137438863
89b2c1c0333ffff,0,0,9,0,10,9,143,0,0,0,37,132,0,101,0,0,0,0,0,0,0,0,0,816,0,360,735,11944,0,0,0,1047,9313,0,1168,0,0,0,0,0,0,0,719.051150966749,262.0831501565372,241.03312252999513,4,10360,8.971574939511767,80.14770603988065,29.21261338433403,2.7435993139477817,35743,3984.0273576252525,0.010071902190638726,0.6240102957222393,0.0,12.310119840265703,0-300 m,0.4863548740127955
89b2c1c547bffff,0,0,0,0,0,0,0,0,0,0,2,3,149,9,0,0,0,0,0,0,0,0,0,0,0,0,0,0,0,0,0,77,222,18875,132,0,0,0,0,0,0,0,342.59167223808885,137.69363676970372,104.00536146147363,0,19174,8.955747864039783,38.253831778103645,15.374889831656393,2.488071927471003,38480,4296.681928095543,0.0,0.49828482328482326,0.0,1602.952771453519,1-2 km,0.24526821717552402
89b2c1c1883ffff,0,0,0,0,19,0,0,0,0,0,223,11,10,129,0,1,3,0,0,1,3,0,0,0,0,1740,0,0,0,0,0,6797,817,1658,2171,0,427,598,0,0,169,272,200.0469964157974,65.85972135507183,62.666732242127175,2,9272,8.970187790796851,22.30131643632252,7.342067177527984,3.0374710414773394,23921,2666.7223204114234,0.07273943397015174,0.3876092136616362,0.017850424313364827,28.19269860559188,0-300 m,0.5446767859799635
89b2c1c0e1bffff,0,0,0,0,2,0,0,0,0,0,155,0,1,183,0,0,0,1,0,0,0,0,0,0,0,49,0,0,0,0,0,4957,0,101,3011,0,0,0,70,0,0,0,448.4802963306296,137.28325849720056,130.7892856640307,0,5058,8.969213660364238,50.00218673711658,15.306052871041263,3.266824383686776,13246,1476.8295752096158,0.0036992299562131964,0.38185112486788464,0.0,183.9821079770709,0-300 m,0.3745641287284932
89b2c1c0aa3ffff,0,0,0,0,33,0,0,0,10,0,127,64,8,36,0,0,6,2,0,0,0,0,0,0,0,1928,0,0,0,675,0,5120,4238,1039,450,0,0,488,64,0,0,0,375.2508621095543,140.58346152019578,134.07151631188896,4,10397,8.964076994801362,41.861628623580295,15.682982375288157,2.669239027491487,24399,2721.864171196877,0.07901963195212919,0.42612402147629,0.0,37.82327208225141,0-300 m,0.5166155331230475
89b2c1c72cbffff,0,0,0,0,0,0,0,0,0,0,14,0,0,0,0,0,0,0,0,0,0,0,0,0,0,0,0,0,0,0,0,661,0,0,0,0,0,0,0,0,0,0,39.94782131605666,16.255002345501335,13.169161393392647,0,661,8.961885274712326,4.457524292213055,1.8137927285643718,2.457570935208905,1322,147.51360450130687,0.0,0.5,0.0,2286.355979014308,Más de 2 km,0.2242438242175754
89b2c1c0ab7ffff,0,0,0,1,4,9,0,0,0,0,156,99,26,37,0,0,2,2,0,0,0,0,0,0,197,598,487,0,0,0,0,5828,6936,3404,466,0,0,234,106,0,0,0,826.2194616721483,276.25904378951105,247.56944607354853,4,16168,8.96404207264911,92.17041318816331,30.818579559373845,2.990741770255552,34424,3840.2318642650903,0.017371601208459216,0.46967232163606787,0.0,19.001505982269627,0-300 m,0.477959124871009
89b2c1c1a93ffff,0,0,0,0,0,0,0,0,0,0,0,1,0,0,0,0,0,0,0,0,0,0,0,0,0,0,0,0,0,0,0,0,70,0,0,0,0,0,0,0,0,0,33.948759291112616,12.277094512984492,11.561906636562552,2,70,8.970985549871498,3.784284246405781,1.368533528978915,2.7652112032865555,140,15.605866180667896,0.0,0.5,0.0,66.06333554191737,0-300 m,0.2242438242175754
89b2c1c568bffff,0,0,0,0,0,0,0,0,0,0,98,102,0,0,0,0,1,0,0,0,0,0,0,0,0,0,0,0,0,0,0,3724,7679,0,0,0,0,43,0,0,0,0,52.0436306360459,42.14942658811714,23.840913073923947,0,11403,8.957587215781595,5.810005460438581,4.705444175174507,1.2347411305167828,22849,2550.7984962450973,0.0,0.49905903978292265,0.0,713.6610199806858,500-1000 m,0.3302457728297319
89b2c1c03b3ffff,0,0,2,0,7,1,200,0,0,0,171,69,1,98,0,0,0,0,0,0,0,0,0,466,0,1122,300,11372,0,0,0,6072,4551,103,917,0,0,0,0,0,0,0,720.557810478464,324.2863056133927,273.61369073040225,4,10726,8.97265020657881,80.30601816508415,36.14164133754191,2.221980385867721,35629,3970.8446422971624,0.031491200987959246,0.6202250975329086,0.0,34.854757243996886,0-300 m,0.51997158689593
89b2c1c003bffff,0,0,0,0,0,0,0,2,8,0,43,283,2,27,0,0,0,0,0,0,0,0,0,0,0,0,0,0,901,1358,0,1681,15956,251,345,0,0,0,0,0,0,0,875.8456447234225,312.1518029477122,291.42468282150554,3,17888,8.975496611615362,97.58185899039546,34.77822079992215,2.805832407350001,38380,4276.086512063489,0.0,0.46607608129233974,0.0,66.80088010037964,0-300 m,0.3685701359515333
89b2c1c1903ffff,0,0,0,0,18,0,0,0,4,0,105,132,41,82,0,0,0,0,0,0,0,0,0,0,0,1313,0,0,0,189,0,3378,9603,5911,1139,0,0,0,0,0,0,0,502.4524082510013,190.42004818087685,186.18973179916074,1,18892,8.964979701883845,56.04612893272018,21.24043271853289,2.6386528784707064,40425,4509.212663527319,0.03247990105132962,0.46733457019171304,0.0,151.77404199651335,0-300 m,0.4601897329665854
89b2c1c0e2fffff,0,0,0,3,9,3,178,0,0,0,254,10,0,35,0,0,0,0,0,0,0,0,0,0,240,1931,86,8678,0,0,0,9387,632,0,499,0,0,0,0,0,0,0,1213.541157003921,444.879783708562,410.48961988618476,4,10019,8.966332649816701,135.34420419130103,49.6166940357334,2.727795690979081,31472,3510.0192273865036,0.06135612608032537,0.5940836298932385,0.0,56.531993244604955,0-300 m,0.46883855781135214
89b2c1c0927ffff,0,0,0,0,0,0,0,0,0,0,14,10,0,0,0,0,0,0,0,0,0,0,0,0,0,0,0,0,0,0,0,535,525,0,0,0,0,0,0,0,0,0,176.0842167158919,72.6962443102132,60.92965057415414,0,1060,8.958037217717301,19.656562306710523,8.115197843388483,2.422191385355427,2120,236.65898549818942,0.0,0.5,0.0,737.0613718694916,500-1000 m,0.33635853802954685
89b2c1c158bffff,0,0,0,0,6,0,0,0,0,0,0,0,0,0,0,0,0,0,0,0,0,0,0,0,0,1049,0,0,0,0,0,0,0,0,0,0,0,0,0,0,0,0,1.4012889732893736,0.49908922336333855,0.4031105265626965,0,0,8.982134496500011,0.15600846033149487,0.05556465710436804,2.8076923076923075,1049,116.78738504848202,1.0,0.0,0.0,4004.6736622904195,Más de 2 km,-0.0
89b2c1ce5b3ffff,0,0,0,0,0,0,0,0,0,0,0,0,1,0,0,0,0,0,0,0,0,0,0,0,0,0,0,0,0,0,0,0,0,325,0,0,0,0,0,0,0,0,2.398291797141233,1.1521205692149061,0.8346995960638606,0,325,8.956616182854361,0.26776761984423086,0.12863346443497367,2.081632653061224,650,72.57205028438018,0.0,0.5,0.0,2068.3567936272,Más de 2 km,0.2242438242175754
89b2c1c0237ffff,0,0,0,0,0,0,0,0,0,0,2,0,0,0,0,0,0,0,0,0,0,0,0,0,0,0,0,0,0,0,0,59,0,0,0,0,0,0,0,0,0,0,24.934290127816816,7.937634198558606,7.532661089515455,0,59,8.975117484322764,2.7781575195389525,0.8844044896820151,3.141274780884288,118,13.147460209419636,0.0,0.5,0.0,1277.6314447469306,1-2 km,0.2242438242175754
89b2c1c01cbffff,0,0,0,0,0,0,0,0,0,0,0,195,0,7,0,0,0,0,0,0,0,0,0,0,0,0,0,0,0,0,0,0,10744,0,74,0,0,0,0,0,0,0,367.4742079947861,146.1136150399118,134.90774940461563,0,10744,8.974280292117621,40.94748503872224,16.281374136291213,2.514989502480028,21562,2402.6439222027143,0.0,0.49828401818013174,0.0,350.9150547105515,300-500 m,0.23088310880864396
89b2c1c0e9bffff,0,0,2,0,0,1,424,0,0,0,1,17,0,0,0,0,0,1,0,0,0,0,0,156,0,0,60,23920,0,0,0,50,1012,0,0,0,0,0,108,0,0,0,282.3477987334508,110.23273602256708,96.53277856099803,0,1062,8.970288773468006,31.475887328016558,12.28864965290855,2.5613788509762467,26368,2939.4817341879016,0.0,0.947436286407767,0.0,549.7352348943484,500-1000 m,0.13635715368605172
89b2c1c5007ffff,0,0,0,0,0,0,0,0,0,0,9,7,17,2,0,0,0,0,0,0,0,0,0,0,0,0,0,0,0,0,0,340,537,4628,19,0,0,0,0,0,0,0,40.22674613107687,13.703079232418453,12.131309974046035,0,5505,8.951759305470459,4.493725172714836,1.5307694012778519,2.935599032070784,11029,1232.0483185087573,0.0,0.4991386345090217,0.0,3353.132691026587,Más de 2 km,0.31595022284665353
89b2c1ce437ffff,0,0,0,0,0,0,0,0,0,0,1,0,67,6,0,0,0,0,0,0,0,0,0,0,0,0,0,0,0,0,0,28,0,8258,20,0,0,0,0,0,0,0,211.30661645704097,69.95011221910087,64.70696674141098,0,8286,8.959079494757933,23.585750810747808,7.807734294581216,3.0208188343597926,16592,1851.975976963725,0.0,0.49939729990356796,0.0,295.7771180177283,0-300 m,0.23063574660419947
89b2c1c557bffff,0,0,0,0,0,0,0,0,0,0,35,18,3,6,0,0,0,0,0,0,0,0,0,0,0,0,0,0,0,0,0,1326,1239,412,106,0,0,0,0,0,0,0,102.88110232715181,43.23083097988652,36.05818630402334,0,2977,8.951619782068315,11.493015211977719,4.829386416354005,2.3798085763148538,6060,676.972452755339,0.0,0.49125412541254126,0.0,3775.036667852266,Más de 2 km,0.4075578588318146
89b2c1c1983ffff,0,0,0,3,30,0,0,0,0,1,120,128,77,57,0,0,13,6,0,0,0,0,0,0,454,3598,0,0,0,0,28,4201,9716,11090,727,0,0,1049,1009,0,0,0,479.01597015244636,228.02370759123167,187.71572639345186,1,25007,8.96605612936541,53.4254931310975,25.431884911406467,2.100728802336456,56879,6343.814847836082,0.06325708961128008,0.43965259586139,0.0,71.03334023331452,0-300 m,0.5150970457874289
89b2c1c09a7ffff,0,0,0,0,0,0,0,0,0,0,0,1,2,0,0,0,0,0,0,0,0,0,0,0,0,0,0,0,0,0,0,0,82,420,0,0,0,0,0,0,0,0,30.98095652646494,13.579377944477468,10.063196952762583,0,502,8.959111713134805,3.4580388679654788,1.515705839962791,2.281470966721597,1004,112.06468142684864,0.0,0.5,0.0,1276.6429905037128,1-2 km,0.2962547883640219
89b2c1c062fffff,0,0,0,0,0,0,0,0,0,0,0,0,1,0,0,0,0,0,0,0,0,0,0,0,0,0,0,0,0,0,0,0,0,473,0,0,0,0,0,0,0,0,3.1659743614560663,1.489870287744031,1.3036365017760272,0,473,8.978484706071953,0.35261789323035625,0.16593783210840293,2.125,946,105.36299063473828,0.0,0.5,0.0,1695.958078439909,1-2 km,0.2242438242175754
89b2c1c02b7ffff,0,0,0,0,4,0,0,2,0,0,2,4,4,2,6,0,0,0,0,0,0,0,0,0,0,447,0,0,30,0,0,96,327,550,20,4886,0,0,0,0,0,0,5.745308776334769,2.0004147671939916,1.7936949103834328,0,973,8.976192982273359,0.6400607459845056,0.2228578163531591,2.872058770288819,7329,816.4931407417021,0.06099058534588621,0.13276026743075453,0.0,961.7815076985366,500-1000 m,0.367986318760681
89b2c1c0ba3ffff,0,0,0,0,0,0,0,2,0,0,39,35,80,13,0,0,0,0,0,0,0,0,0,0,0,0,0,0,200,0,0,1487,2625,11256,160,0,0,0,0,0,0,0,319.6747831426336,110.81815340786669,100.6730156355414,0,15368,8.959946842012473,35.678200862052456,12.368170856577994,2.8846788482936474,31096,3470.556304440708,0.0,0.4942114741445845,0.0,425.4295147093193,300-500 m,0.3655023026538076
89b2c1c08bbffff,0,0,3,0,0,2,312,0,0,0,149,31,0,1,0,0,0,4,0,0,0,0,0,560,0,0,144,17604,0,0,0,4663,1743,0,18,0,0,0,270,0,0,0,1660.353496062725,586.0290809114445,530.0335282960089,0,6406,8.964421841761904,185.2159040896264,65.37276929353693,2.8332271386266292,31408,3503.6280704330334,0.0,0.7644549159449822,0.0,214.95920946483002,0-300 m,0.3992352855125334
89b2c1c1807ffff,0,0,0,0,0,0,0,0,8,0,129,316,0,23,0,0,0,1,0,0,0,0,0,0,0,0,0,0,0,549,0,5074,17057,0,312,0,0,0,120,0,0,0,1071.3955771810163,340.155927498822,327.4278826785878,5,22131,8.968520830906602,119.46179279517958,37.927762438439544,3.149718968765366,45243,5044.644579972115,0.0,0.48915854386313906,0.0,51.24283051043398,0-300 m,0.3450333366219662
89b2c1c1897ffff,0,0,0,2,5,0,0,0,0,0,290,7,2,158,0,0,0,1,0,0,0,0,0,0,396,152,0,0,0,0,0,10675,459,548,2541,0,0,0,232,0,0,0,556.4322243212886,191.0576468871745,182.56790374439564,2,11682,8.970153085877932,62.03151930565175,21.299262683483533,2.91237871598973,26685,2974.865617623768,0.005696083942289676,0.43777403035413154,0.0,37.95866572197209,0-300 m,0.3995113765450538
89b2c1c548fffff,0,0,0,0,16,0,0,1,0,0,136,28,11,87,0,0,2,0,0,0,0,0,0,0,0,599,0,0,91,0,0,4628,1996,1792,1332,0,0,426,0,0,0,0,234.0647525233222,87.86215562780464,79.51163337987768,0,8416,8.95675220088968,26.13277081619746,9.809599914919744,2.663999657769046,19280,2152.565971188184,0.031068464730290457,0.43651452282157677,0.0,2181.2140720402854,Más de 2 km,0.5053225199178749
89b2c1c082bffff,0,0,0,3,0,3,0,1,0,0,239,24,4,139,0,0,0,3,0,0,0,0,0,0,254,0,210,0,480,0,0,7635,1467,456,2152,0,0,0,932,0,0,0,874.0145624851202,306.32000215873387,294.7665842843807,3,9558,8.962791972769578,97.51588178555508,34.176850594031855,2.853272905215668,23144,2582.231080484211,0.0,0.4129796059453854,0.0,117.55450274265135,0-300 m,0.4872396962571518
89b2c1ce4b7ffff,0,0,0,0,0,0,0,0,0,0,3,3,24,4,0,0,0,0,0,0,0,0,0,0,0,0,0,0,0,0,0,120,237,4142,44,0,0,0,0,0,0,0,134.92210180146662,54.2236619566669,47.71218092204419,0,4499,8.960155534117323,15.05800890260528,6.051642937469226,2.4882513820127135,9042,1009.1342684366405,0.0,0.4975669099756691,0.0,207.06513969678767,0-300 m,0.28587974986548265
89b2c1c0c33ffff,0,0,0,0,0,0,0,0,0,0,4,6,2,0,0,0,0,0,0,0,0,0,0,0,0,0,0,0,0,0,0,136,415,259,0,0,0,0,0,0,0,0,24.279634855997987,8.008636653540202,7.565891129463063,0,810,8.967196296218892,2.707606040277688,0.8931037516059644,3.0316814092527498,1620,180.65847411894944,0.0,0.5,0.0,896.9225005155545,500-1000 m,0.3871044234138172
89b2c1c1d7bffff,0,0,0,0,52,0,0,0,0,0,2,21,2,2,0,18,4,3,0,0,0,0,0,0,0,13027,0,0,0,0,0,46,1234,488,29,0,21596,1604,350,0,0,0,351.3192163625567,161.83044347979157,134.19841572431727,3,1768,8.968382251566371,39.17308679624991,18.044552399796196,2.170909309819863,40142,4475.946594826398,0.32452294355039607,0.04404364506003687,0.5379901350206766,83.86264417271393,0-300 m,0.38171758933895056
89b2c1c1c0fffff,0,0,0,4,2,0,0,0,0,0,0,9,0,0,0,0,0,0,3,0,0,0,0,0,539,120,0,0,0,0,0,0,514,0,0,0,0,0,0,89007,0,0,107.17334921882156,5.253119983272653,4.6273184081559045,2,514,8.972444958778453,11.944720721185966,0.5854725225294484,20.40184681866973,90694,10108.058663683067,0.0013231305268264714,0.005667409089906719,0.0,105.99264420096897,0-300 m,0.03762256156162458
89b2c1c0a27ffff,0,0,0,0,34,0,0,0,0,0,78,206,16,175,0,0,0,1,0,0,0,0,0,0,0,1988,0,0,0,0,0,2449,13682,1948,2082,0,0,0,72,0,0,0,618.499479989494,231.81493467103127,214.2978774415533,2,18079,8.96241133284452,69.01038760884373,25.865241625487535,2.6680743450252984,40300,4496.557734670437,0.049330024813895784,0.4486104218362283,0.0,62.05801619715646,0-300 m,0.4386301255788792
89b2c1c723bffff,0,0,0,0,0,0,0,0,0,0,0,0,15,0,0,0,0,0,0,0,0,0,0,0,0,0,0,0,0,0,0,0,0,2139,0,0,0,0,0,0,0,0,27.242031159116763,10.231325917932526,9.053275723551328,0,2139,8.958970770536338,3.040754552823024,1.1420202364741077,2.6626100446443055,4278,477.51020843479023,0.0,0.5,0.0,2640.4940975929,Más de 2 km,0.2242438242175754
89b2c1c168bffff,0,0,0,0,0,0,0,0,0,0,0,0,1,0,0,0,0,0,0,0,0,0,0,0,0,0,0,0,0,0,0,0,0,106,0,0,0,0,0,0,0,0,0.9037938974044546,0.41342069863795833,0.39418257360582387,0,106,8.98651568256356,0.10057222724910793,0.04600455985851269,2.186136060390936,212,23.590900799443475,0.0,0.5,0.0,5024.382400883123,Más de 2 km,0.2242438242175754
89b2c1c06afffff,0,0,0,0,0,0,0,0,0,0,0,4,1,0,0,0,0,0,0,0,0,0,0,0,0,0,0,0,0,0,0,0,251,208,0,0,0,0,0,0,0,0,27.461956984985775,9.124959644473453,8.684707291579054,0,459,8.97955985328258,3.058274284451341,1.016192307147184,3.0095428423749966,918,102.23218231174378,0.0,0.5,0.0,1853.7485850277849,1-2 km,0.3356548771042343
89b2c1c0337ffff,0,0,0,0,41,0,0,0,5,0,125,107,8,86,0,9,0,0,0,0,0,0,0,0,0,3186,0,0,0,1229,0,4134,7302,1053,1028,0,1130,0,0,0,0,0,497.8822150870666,173.71513404854912,163.43202333617765,3,12489,8.970984588344802,55.499171822669325,19.36411018632689,2.866084281107717,31551,3517.005261718027,0.10097936673956451,0.395835314253114,0.03581502963455992,73.3541209422035,0-300 m,0.5415817905997364
89b2c1c1887ffff,0,0,0,3,16,0,0,0,0,0,112,166,3,55,0,0,0,0,2,0,0,0,0,0,1155,1259,0,0,0,0,0,4071,10012,402,751,0,0,0,0,1716,0,0,768.5396661853354,258.15333995862613,240.53635488856014,6,14485,8.969597490801617,85.68273737739938,28.780928043132832,2.9770665229762594,33851,3773.970909476644,0.03719240199698679,0.4279046409264128,0.0,65.72319638978647,0-300 m,0.4866421264686004
89b2c1c08abffff,0,0,2,0,0,0,458,0,3,0,508,47,0,122,0,0,1,3,0,0,0,0,0,185,0,0,0,20656,0,342,0,13177,2608,0,1976,0,0,73,184,0,0,0,1925.7096090036741,686.1568221354291,623.2672369156995,4,15785,8.963866893394625,214.83023252193854,76.54696687219335,2.8065152846699966,54986,6134.183009847969,0.0,0.6627323318662932,0.0,83.56116808818636,0-300 m,0.45653358815941053
89b2c1c1323ffff,0,0,0,0,0,0,0,0,3,0,218,0,1,224,0,0,0,0,0,0,0,0,0,0,0,0,0,0,0,370,0,6756,0,116,4210,0,0,0,0,0,0,0,568.3047543180786,171.96012885265876,167.36123667108762,1,6872,8.975639907353894,63.31634960672351,19.158536954202997,3.304863505917824,18324,2041.5257507140896,0.0,0.3750272866186422,0.0,147.50162195255388,0-300 m,0.3831861807143752
89b2c1c0aa7ffff,0,0,0,0,33,4,0,0,0,0,116,121,24,68,0,0,4,2,0,1,0,0,0,0,0,3505,549,0,0,0,0,4191,8440,2893,850,0,0,294,226,0,68,0,658.9605491468694,221.18109866059285,206.47658314598186,1,15524,8.963486910080077,73.51609432327297,24.675787545565445,2.9792805675409837,36540,4076.5385576575313,0.09592227695675971,0.4248494800218938,0.0,174.55084645202393,0-300 m,0.5204419102677119
89b2c1c03b7ffff,0,0,2,0,0,3,326,0,0,0,319,112,2,81,0,0,0,0,0,0,0,0,0,154,0,0,222,14406,0,0,0,11365,8522,226,941,0,0,0,0,0,0,0,873.8740803844638,329.44975547726386,296.62068554667877,0,20113,8.972059816957247,97.39949333962716,36.719522851887575,2.65252611621614,55949,6235.914733231722,0.0,0.6169726000464709,0.0,278.6282770047219,0-300 m,0.4712578430823565
89b2c1c0ca3ffff,0,0,0,0,0,0,0,0,0,0,0,2,0,0,0,0,0,0,0,0,0,0,0,0,0,0,0,0,0,0,0,0,152,0,0,0,0,0,0,0,0,0,16.044966252458945,4.781886241001745,3.9717301414656325,0,152,8.967715706552855,1.7891921173119514,0.5332334785666257,3.3553634368971785,304,33.89937972474554,0.0,0.5,0.0,1472.582638987128,1-2 km,0.2242438242175754
89b2c1c1907ffff,0,0,0,0,4,0,0,0,0,0,13,30,1,16,0,4,0,10,0,0,0,0,0,0,0,536,0,0,0,0,0,371,1764,106,226,0,613,0,5991,0,0,0,58.03544131194438,21.697549180540506,19.120436998171854,0,2241,8.964389586980007,6.473998117644931,2.4204156869815545,2.674746388591832,11848,1321.6739282737317,0.04523970290344362,0.18914584740040513,0.05173869007427414,227.19341116524606,0-300 m,0.4732397868560005
89b2c1ce5b7ffff,0,0,0,0,0,0,0,0,0,0,0,1,1,0,0,0,0,0,0,0,0,0,0,0,0,0,0,0,0,0,0,0,52,265,0,0,0,0,0,0,0,0,2.398133862866752,1.1520446988281456,0.8346446287428402,0,317,8.956026364434296,0.2677676198442309,0.12863346443497367,2.081632653061224,634,70.79032309660316,0.0,0.5,0.0,2144.1614648438876,Más de 2 km,0.29643715743794957
89b2c1c1217ffff,0,0,0,0,0,0,0,0,0,0,0,0,2,0,0,0,0,0,0,0,0,0,0,0,0,0,0,0,0,0,0,0,0,298,0,0,0,0,0,0,0,0,4.8918366049048085,2.0142856608431563,1.4387754720308261,0,298,8.981476790271312,0.5446583807023384,0.22427109793625696,2.428571428571429,596,66.35879754714549,0.0,0.5,0.0,2904.06801260413,Más de 2 km,0.2242438242175754
89b2c1c0a37ffff,0,0,3,0,12,0,48,0,9,0,62,142,8,168,0,0,0,1,0,0,0,0,0,252,0,568,0,2358,0,5141,0,1927,10995,945,2099,0,0,0,100,0,0,0,458.20389387018696,192.1677528429484,172.57789935587095,0,13867,8.96296657261159,51.121901455075665,21.440195194988373,2.3843953373626636,38252,4267.783405205125,0.014848896789710343,0.42416082819198997,0.0,213.42322870405295,0-300 m,0.5435336071448811
89b2c1c023bffff,0,0,0,0,0,0,0,0,0,0,1,0,2,2,0,0,0,0,0,0,0,0,0,0,0,0,0,0,0,0,0,45,0,262,28,0,0,0,0,0,0,0,55.39969077430691,16.085233617337323,14.936428185142338,0,307,8.975743076710343,6.172156477835726,1.7920782134544615,3.444133426485945,642,71.5261114888436,0.0,0.4781931464174455,0.0,1464.5598575314816,1-2 km,0.33692755430565396
89b2c1c733bffff,0,0,0,0,0,0,0,0,0,0,1,1,0,1,0,0,0,0,0,0,0,0,0,0,0,0,0,0,0,0,0,27,94,0,13,0,0,0,0,0,0,0,19.725488309782705,8.048646606726715,7.346053689650011,0,121,8.954841875307984,2.202773492201311,0.8988038782594245,2.4507832525901914,255,28.476214717217413,0.0,0.4745098039215686,0.0,4214.277479457669,Más de 2 km,0.35945726060210914
89b2c1c5383ffff,0,0,0,0,0,0,0,0,0,0,5,4,23,6,0,0,0,0,0,0,0,0,0,0,0,0,0,0,0,0,0,151,310,4920,82,0,0,0,0,0,0,0,81.49197901130859,25.963789475417748,22.670048450238838,0,5381,8.949539748001914,9.105717311273196,2.9011312543993624,3.138678161308632,10844,1211.682422263228,0.0,0.49621910734046476,0.0,4384.015966589376,Más de 2 km,0.2925743520591085
89b2c1c500bffff,0,0,0,0,0,0,0,0,0,0,6,2,35,5,0,0,0,0,0,0,0,0,0,0,0,0,0,0,0,0,0,223,141,5433,69,0,0,0,0,0,0,0,91.32288210565204,26.673925309436136,23.981004099322163,0,5797,8.952383759934627,10.200957036086544,2.9795332756859967,3.4236761573800227,11663,1302.781506328675,0.0,0.4970419274629169,0.0,3065.880430249377,Más de 2 km,0.2791049393036181
89b2c1c1d8bffff,0,0,0,0,19,0,0,1,0,0,7,6,7,2,0,4,3,3,0,0,0,0,0,0,0,1337,0,0,174,0,0,235,466,930,21,0,227,143,176,0,0,0,67.93399538040649,31.820175546394225,28.313748645264994,2,1631,8.969978991951434,7.573484334953535,3.547408034617001,2.1349346511730536,5340,595.3191200103663,0.25037453183520597,0.3054307116104869,0.04250936329588015,114.36811733179142,0-300 m,0.5954769973151034
89b2c1c1987ffff,0,0,1,0,22,0,4,0,44,1,4,3,9,9,0,0,2,0,1,0,0,0,0,54,0,3109,0,206,0,19795,448,135,267,1205,113,0,0,272,0,129,0,0,60.32230391455326,22.88189322169305,20.863386071527195,0,1607,8.96546597564028,6.728295448162165,2.5522257609213574,2.636246193884212,27340,3049.478975692335,0.11371616678858815,0.0663130943672275,0.0,162.7350640429275,0-300 m,0.34517677969021265
89b2c1c09abffff,0,0,1,0,0,0,0,0,0,0,25,161,22,1,0,0,0,0,0,0,0,0,0,6,0,0,0,0,0,0,0,1103,10691,2892,18,0,0,0,0,0,0,0,102.27384696301007,36.99236740859866,31.06032840277164,0,14686,8.959736785645292,11.414827177386124,4.128733722163069,2.764728351482504,29396,3280.8999531209847,0.0,0.49959178119472036,0.0,767.3268601476275,500-1000 m,0.3468516662878264
89b2c1c014bffff,0,0,0,0,9,0,0,0,12,0,41,231,1,245,0,0,0,0,0,0,0,0,0,0,0,334,0,0,0,1482,0,1292,15205,105,2282,0,0,0,0,0,0,0,702.0036377027044,242.99478990780185,226.79734737730237,4,16602,8.97320537412886,78.2333189126251,27.08004328179019,2.8889658003328456,37302,4157.042934462132,0.00895394348828481,0.44506996943863597,0.0,109.20335598891594,0-300 m,0.3883523578023409
89b2c1c0633ffff,0,0,0,0,0,0,0,0,0,0,2,0,0,0,0,0,0,0,0,0,0,0,0,0,0,0,0,0,0,0,0,66,0,0,0,0,0,0,0,0,0,0,46.454898745335896,15.662683527017991,14.866080753054579,0,66,8.979595260331397,5.173384478758951,1.744252727760466,2.965960377428402,132,14.699994395418715,0.0,0.5,0.0,1984.14176704438,1-2 km,0.2242438242175754
89b2c1c1297ffff,0,0,0,0,0,0,0,0,0,0,13,0,1,1,0,0,0,0,0,0,0,0,0,0,0,0,0,0,0,0,0,382,0,201,10,0,0,0,0,0,0,0,49.94701994254348,13.507092610076704,13.357245396380467,0,583,8.98255418357535,5.5604473874337295,1.5037028816118356,3.697836491124779,1176,130.9204460074755,0.0,0.4957482993197279,0.0,3220.6715540441046,Más de 2 km,0.3415008313601367
89b2c1c1b83ffff,0,0,0,0,0,0,0,0,0,0,274,27,0,208,0,0,0,0,0,0,0,0,0,0,0,0,0,0,0,0,0,12742,1730,0,3098,0,0,0,0,0,0,0,911.947730179075,295.7913134936305,268.3258796305913,3,14472,8.966297950495273,101.70839015322947,32.98923537080227,3.0830781317001477,32042,3573.604198400533,0.0,0.4516571999250983,0.0,68.00936167986873,0-300 m,0.35883676011921445
89b2c1c0ba7ffff,0,0,0,0,0,0,0,0,3,0,29,203,12,3,0,0,1,0,0,0,0,0,0,0,0,0,0,0,0,121,0,1155,17832,1440,26,0,0,82,0,0,0,0,377.72443989867,135.74587434277936,125.95345375675137,0,20427,8.95935690396803,42.15977150451265,15.15129666088629,2.7825850452357566,41083,4585.485369134547,0.0,0.49721295913151425,0.0,311.28690995788986,300-500 m,0.3111484431187024
89b2c1c180bffff,0,0,0,0,1,0,0,0,0,0,0,174,0,4,0,0,0,0,0,0,0,0,0,0,0,71,0,0,0,0,0,0,10557,0,50,0,0,0,0,0,0,0,481.1620271254369,163.26622027431713,155.25440656919395,0,10557,8.969145643274112,53.646361232438714,18.20309612173029,2.947100914794234,21235,2367.5610637367618,0.0033435366140805276,0.4971509300682835,0.0,503.4644603276791,500-1000 m,0.23558026437122756
89b2c1ca8cfffff,0,0,0,0,0,0,0,0,0,0,1,0,0,0,0,0,0,0,0,0,0,0,0,0,0,0,0,0,0,0,0,42,0,0,0,0,0,0,0,0,0,0,0.6975233325871608,0.29747124707518735,0.2334292316157876,0,42,8.974904767743785,0.07771930183527867,0.033144780337314834,2.3448428695054964,84,9.35943078771151,0.0,0.5,0.0,1109.1386106370007,1-2 km,0.2242438242175754
89b2c1ce4c7ffff,0,0,0,3,8,2,0,0,5,0,90,68,24,37,0,0,4,0,0,0,0,0,0,0,1157,929,131,0,0,2310,0,3170,4968,3221,448,0,0,152,0,0,0,0,574.5005051167625,203.03047640524784,185.92098081376136,6,11359,8.961994759836985,64.10408848835485,22.654607801727934,2.8296269372390297,27845,3107.009181124146,0.033363260908601186,0.4079367929610343,0.0,140.38060320872614,0-300 m,0.5636973076546005
89b2c1c1493ffff,0,0,0,0,0,0,0,0,0,0,1,1,0,0,0,0,0,0,0,0,0,0,0,0,0,0,0,0,0,0,0,40,59,0,0,0,0,0,0,0,0,0,7.840408204004179,2.3288341200012415,2.2512063160012,0,99,8.986790539410057,0.8724369584026008,0.25913969061463393,3.3666666666666663,198,22.032337254518655,0.0,0.5,0.0,6044.149824108121,Más de 2 km,0.3333681645715757
89b2c1ce4bbffff,0,0,0,0,11,1,0,0,0,0,7,17,12,2,0,0,0,0,8,0,0,0,0,0,0,922,70,0,0,0,0,253,1082,1973,23,0,0,0,0,15855,0,0,159.10426789375708,46.752315680064186,42.45620567773489,1,3308,8.960780149780787,17.755626768462715,5.217438091169765,3.4031312797967197,23486,2620.9771479076576,0.03925742995827301,0.14084986800647195,0.0,135.8520372167256,0-300 m,0.3530241769328378
89b2c1c0a2bffff,0,0,10,0,18,0,158,0,2,0,94,158,2,142,0,0,0,0,0,0,0,0,0,832,0,817,0,9171,0,82,0,2891,11130,239,1924,0,0,0,0,0,0,0,731.6226547440594,294.68648461889507,272.24608179870893,3,14260,8.963036147119112,81.62665448796797,32.877975697287894,2.48271533623347,41346,4612.945805567166,0.01976007352585498,0.5667053644850771,0.0,73.07322534600937,0-300 m,0.511633397607023
89b2c1c083bffff,0,0,0,0,0,0,0,0,0,0,494,0,0,113,0,0,0,4,0,0,0,0,0,0,0,0,0,0,0,0,0,20474,0,0,1378,0,0,0,300,0,0,0,1263.083678648099,427.84218880257896,393.8504391795107,0,20474,8.96334699848405,140.91652134651503,47.73241389348632,2.9522186257113816,42626,4755.589625974453,0.0,0.48031717730962326,0.0,194.8007565985474,0-300 m,0.27507477407224057
89b2c1c1817ffff,0,0,0,0,8,1,0,0,3,0,217,310,0,125,0,0,0,0,0,0,0,0,0,0,0,176,119,0,0,144,0,7381,17174,0,1896,0,0,0,0,0,0,0,1100.0168782023618,366.2887596944955,346.28537365537164,1,24555,8.96907650335394,122.6455006589604,40.83907184396563,3.0031412351278126,51445,5735.819064623031,0.0034211293614539798,0.477305860627855,0.0,144.20677489102394,0-300 m,0.3783200529464596
89b2c1c540fffff,0,0,0,0,0,0,0,0,0,0,0,0,52,0,0,0,0,0,0,0,0,0,0,0,0,0,0,0,0,0,0,0,0,6340,0,0,0,0,0,0,0,0,120.28253161242336,60.13615492674802,36.3808575319415,0,6340,8.95567786027538,13.4308684936022,6.714863560858238,2.0001699769288503,12680,1415.8615570848706,0.0,0.5,0.0,1959.9896908559117,1-2 km,0.2242438242175754
89b2c1c033bffff,0,0,12,0,6,0,177,0,7,0,8,39,14,22,0,0,0,0,0,0,0,0,0,1111,0,324,0,13974,0,943,0,251,2649,1842,286,0,0,0,0,0,0,0,443.63420563042865,187.44201915672133,159.82639355755921,2,4742,8.971610027154936,49.4486724554069,20.89279611902198,2.366780979133092,26122,2911.6290076067617,0.012403338182375009,0.7164841895720083,0.0,59.335590903556096,0-300 m,0.4743381437837792
89b2c1c1c03ffff,0,0,2,7,5,0,328,0,0,1,0,0,0,0,0,0,3,0,0,0,0,0,0,3885,2280,3370,0,14691,0,0,14,0,0,0,0,0,0,211,0,0,0,0,84.0509485969403,4.766689270130945,4.183727889555392,0,0,8.973000536130805,9.367095015597027,0.531225786841016,17.632982523870567,24451,2724.9524728707274,0.13782667375567462,0.6008343217046338,0.0,271.2543134397251,0-300 m,0.36816924497709713
89b2c1c73c7ffff,0,0,0,0,4,0,0,0,0,0,42,64,24,7,0,0,0,0,0,0,0,0,0,0,0,449,0,0,0,0,0,1188,5683,2609,102,0,0,0,0,0,0,0,312.5437276536035,108.32225612008985,96.7009273533593,0,9480,8.9571304261889,34.893287557785996,12.093410608756653,2.885314051316533,19511,2178.264586050198,0.02301265952539593,0.4858797601353083,0.0,3897.16512720968,Más de 2 km,0.4088284114998844
89b2c1c0bb3ffff,0,0,0,3,16,0,0,0,7,0,35,83,9,11,0,0,2,0,0,0,0,0,0,0,744,4949,0,0,0,2224,0,1292,5588,1213,146,0,0,691,0,0,0,0,197.64615369238294,70.1663150320626,65.23659924324869,0,8093,8.960501885237324,22.057486982733685,7.830623321185117,2.8168239076267327,24940,2783.3262376842245,0.19843624699278267,0.3244987971130714,0.0,204.77912212043293,0-300 m,0.5731001105795376
89b2c1c5483ffff,0,0,0,0,0,0,0,0,0,0,56,1,0,0,0,0,0,0,0,0,0,0,0,0,0,0,0,0,0,0,0,2795,72,0,0,0,0,0,0,0,0,0,179.02885046285405,67.50606411195692,56.678610547906715,0,2867,8.957306871941178,19.986906000023634,7.5364241816276385,2.6520410102111676,5734,640.147767847699,0.0,0.5,0.0,2239.8970813015144,Más de 2 km,0.2432215453362237
89b2c1c188bffff,4,0,0,0,0,0,0,0,0,0,0,0,0,0,0,0,0,0,0,0,0,6341,0,0,0,0,0,0,0,0,0,0,0,0,0,0,0,0,0,0,0,0,38.6556237988473,6.859960555707226,5.89451606614436,0,0,8.970222457743231,4.309327219134815,0.7647480971651494,5.6349629833785695,6341,706.8943975326223,0.0,0.0,0.0,201.88109247417904,0-300 m,-0.0
89b2c1c08afffff,0,0,0,0,0,0,92,0,0,0,478,0,0,17,0,0,0,1,0,0,0,0,0,0,0,0,0,3956,0,0,0,13900,0,0,184,0,0,0,120,0,0,0,947.2818159739306,278.3314093819204,264.5120572207602,1,13900,8.963276815133161,105.68476635403985,31.052417003567175,3.4034312479411577,32060,3576.8169009208164,0.0,0.5569557080474111,0.0,74.69395209606861,0-300 m,0.33431806939459996
89b2c1ce53bffff,0,0,0,0,0,0,0,0,0,0,0,1,0,0,0,0,0,0,0,0,0,0,0,0,0,0,0,0,0,0,0,0,70,0,0,0,0,0,0,0,0,0,2.3980129764265206,1.1519866259303873,0.8346025555209948,0,70,8.955574904170719,0.267767619844231,0.1286334644349737,2.0816326530612246,140,15.632720567699156,0.0,0.5,0.0,1995.7200638870243,1-2 km,0.2242438242175754
89b2c1c119bffff,3,0,0,0,0,0,0,0,0,0,0,0,0,0,0,0,0,0,0,0,0,48937,0,0,0,0,0,0,0,0,0,0,0,0,0,0,0,0,0,0,0,0,216.16778531263776,5.6637847680167095,4.719820640013925,0,0,8.978800954221345,24.075351086940778,0.6307952249853479,38.16666666666667,48937,5450.28230935362,0.0,0.0,0.0,2596.7000979154145,Más de 2 km,-0.0
89b2c1c0e23ffff,0,0,0,0,0,0,0,0,0,0,362,5,0,28,0,0,0,0,0,0,0,0,0,0,0,0,0,0,0,0,0,12754,294,0,393,0,0,0,0,0,0,0,1135.9917017375424,371.46079858222436,350.10455679154944,7,13048,8.96688779468915,126.68740010445543,41.42583325311941,3.058173853266204,26489,2954.090717594206,0.0,0.49258182641851334,0.0,109.85691180501202,0-300 m,0.26305990797085377
89b2c1c0aabffff,0,0,0,0,3,0,0,0,4,0,84,151,11,55,0,0,0,1,0,0,0,0,0,0,0,1228,0,0,0,217,0,3133,10086,1227,670,0,0,0,75,0,0,0,451.7361645360595,182.59593980293243,168.1311651303624,2,14446,8.964111878937464,50.393856149596026,20.369663193513816,2.4739660970753126,31082,3467.381980476154,0.03950839714304099,0.46477060678206034,0.0,144.60519190974065,0-300 m,0.433441770483541
89b2c1c5307ffff,0,0,0,0,0,0,0,0,0,0,1,0,3,1,0,0,0,0,0,0,0,0,0,0,0,0,0,0,0,0,0,31,0,849,16,0,0,0,0,0,0,0,2.100625629761303,0.8591863149667985,0.6178767410785263,0,880,8.947874881779184,0.23476251707976692,0.09602127056072102,2.4449011735510213,1776,198.48288263579994,0.0,0.4954954954954955,0.0,5176.664089668243,Más de 2 km,0.2632917869165402
89b2c1c03bbffff,0,0,29,19,11,0,1155,0,0,0,0,0,0,0,0,11,0,4,0,0,0,0,0,13150,469,11137,0,53621,0,0,0,0,0,0,0,0,3700,0,799,0,0,0,1551.201121594354,1058.7581898011954,685.319292392723,1,0,8.972685410477757,172.88036419765209,117.99791716366673,1.4651136931329196,82876,9236.47673005703,0.13438148559293403,0.647002751098026,0.044645011824895026,168.15010608497056,0-300 m,0.3417479940105701
89b2c1c1c83ffff,0,0,0,0,0,0,0,0,0,0,16,47,0,0,0,0,0,0,0,0,0,0,0,0,0,0,0,0,0,0,0,800,2831,0,0,0,0,0,0,0,0,0,35.26386912877254,21.19388998782559,11.591609266276066,0,3631,8.974076692947158,3.929526160221794,2.361679169120779,1.663869593973979,7262,809.2197390855039,0.0,0.5,0.0,546.8947346505674,500-1000 m,0.3095417418617559
89b2c1c5503ffff,0,0,0,0,0,0,0,0,0,0,0,1,0,0,0,0,0,0,0,0,0,0,0,0,0,0,0,0,0,0,0,0,58,0,0,0,0,0,0,0,0,0,26.750889495883175,11.049651832370353,8.607739877112698,0,58,8.952104401996435,2.98822358348696,1.2343077489027203,2.4209712578920795,116,12.957847092816579,0.0,0.5,0.0,4043.1085920742908,Más de 2 km,0.2242438242175754
89b2c1c190bffff,0,0,0,0,4,0,0,0,0,0,221,148,6,76,0,0,0,2,0,0,0,0,0,0,0,181,0,0,0,0,0,9557,9612,697,937,0,0,0,175,0,0,0,656.8763869446383,246.49120651327576,235.01314640657145,0,19866,8.965014245712272,73.27109237543095,27.494792507570857,2.6649079950414363,41025,4576.122120455209,0.00441194393662401,0.4842413162705667,0.0,291.6774049440095,0-300 m,0.39899653666362334
89b2c1c0ea3ffff,0,0,0,0,0,0,0,1,0,0,0,0,0,0,0,0,0,2,0,0,0,0,0,0,0,0,0,0,1188,0,0,0,0,0,0,0,0,0,111,0,0,0,275.55592277728584,103.10261617334417,95.23882118429626,5,0,8.967962869671483,30.7267020149226,11.496771080757279,2.672637543105596,1299,144.8489494077918,0.0,0.0,0.0,144.80178944293698,0-300 m,0.09442874080724072
89b2c1c5387ffff,0,0,0,0,0,0,0,0,0,0,3,5,22,5,0,0,0,0,0,0,0,0,0,0,0,0,0,0,0,0,0,103,321,4370,64,0,0,0,0,0,0,0,59.63864413762059,18.782003171724984,15.76048772882718,0,4794,8.94895018173365,6.664317369802029,2.098794025031259,3.175307957960654,9652,1078.562267527357,0.0,0.49668462494819726,0.0,4639.303399534616,Más de 2 km,0.29156684635952934
89b2c1c500fffff,0,0,0,0,0,0,0,0,0,0,14,7,15,5,0,0,0,0,0,0,0,0,0,0,0,0,0,0,0,0,0,443,532,4169,78,0,0,0,0,0,0,0,33.50924606015407,12.354791853515911,10.035349078056665,0,5144,8.951794091676112,3.7432994679036327,1.380147010419297,2.712246912570854,10366,1157.9801650753896,0.0,0.4962377001736446,0.0,3327.7387788748583,Más de 2 km,0.33580090192085743
89b2c1ca847ffff,0,0,0,0,2,0,0,0,0,0,4,8,0,2,0,0,0,0,0,0,0,0,0,0,0,157,0,0,0,0,0,163,472,0,19,0,0,0,0,0,0,0,22.043843420041156,6.874402613040576,6.701526109677094,0,635,8.973791876742656,2.4564692075344543,0.7660532701741102,3.206655859554184,1446,161.13589660437668,0.10857538035961273,0.4391424619640387,0.0,1346.0553756731126,1-2 km,0.4111506409160981
89b2c1c1d03ffff,0,0,0,0,34,6,0,0,11,0,39,65,81,68,0,0,6,0,0,0,2,0,0,0,0,5371,1952,0,0,1390,0,1312,5045,10729,900,0,0,571,0,0,0,141,357.1243897023479,135.3515736665923,127.22813595796244,2,17086,8.96886817254044,39.818222637694554,15.091265816682624,2.638494551840545,44497,4961.2726092055145,0.12070476661347956,0.38398094253545184,0.0,150.5265213350332,0-300 m,0.5548035438608039
89b2c1c09b7ffff,0,0,0,1,0,0,0,0,0,0,11,52,17,3,0,0,0,0,0,0,0,0,0,0,15,0,0,0,0,0,0,373,3401,3237,43,0,0,0,0,0,0,0,219.88523104340862,79.42020612771081,68.27388784394395,0,7011,8.959666463676163,24.541675958012107,8.86419226091644,2.768630827900705,14080,1571.487070091553,0.0,0.4979403409090909,0.0,1449.9891007688943,1-2 km,0.3718846762362254
89b2c1c0d27ffff,0,0,0,0,0,0,0,0,0,0,10,0,0,0,0,0,0,0,0,0,0,0,0,0,0,0,0,0,0,0,0,470,0,0,0,0,0,0,0,0,0,0,32.75693491074734,12.087790065102327,9.512085889072475,0,470,8.96192061064608,3.655124424092152,1.348794593286505,2.7099192436603623,940,104.88823108780404,0.0,0.5,0.0,1968.7767820571687,1-2 km,0.2242438242175754
89b2c1c1993ffff,0,0,21,132,91,2,142,0,11,195,26,27,56,26,0,7,115,22,0,0,0,0,0,6881,626,12984,4010,9179,0,1934,3278,864,2162,9851,334,0,1089,13021,990,0,0,0,347.71322173193556,206.04525603472027,172.8880989519995,1,12877,8.96661160525279,38.77866434275344,22.979165944247605,1.6875575221850443,80080,8930.909860430198,0.16213786213786213,0.27542457542457544,0.0135989010989011,146.69709919684414,0-300 m,0.7414169015075597
89b2c1c558bffff,0,0,0,0,0,0,0,0,0,0,1,2,0,0,0,0,0,0,0,0,0,0,0,0,0,0,0,0,0,0,0,40,146,0,0,0,0,0,0,0,0,0,48.47690505496217,23.520061474968468,17.189002216222526,0,186,8.953213562253215,5.4144698680416825,2.626996587474373,2.0610875148670145,372,41.54932722350705,0.0,0.5,0.0,3914.629782129148,Más de 2 km,0.30845101481432335
89b2c1c198bffff,0,0,0,5,15,5,0,0,3,6,91,116,72,73,0,0,2,10,0,0,0,0,0,0,327,1071,354,0,0,359,404,2931,8193,10880,1039,0,0,205,3156,0,0,0,496.1773225966442,207.61376284049663,184.646153157858,0,22004,8.96609078900698,55.339315011731806,23.155438387378904,2.389905735574198,50923,5679.509743804398,0.021031753824401547,0.43210337175735913,0.0,287.14099635492124,0-300 m,0.5325230293382652
89b2c1c09afffff,0,0,0,0,0,0,0,0,0,0,0,0,24,0,0,0,0,1,0,0,0,0,0,0,0,0,0,0,0,0,0,0,0,3272,0,0,0,0,108,0,0,0,27.037109980048513,12.685498289999813,8.38937220211626,0,3272,8.959146854033431,3.017821944494228,1.4159270404512645,2.131340004307305,6652,742.4814112746966,0.0,0.49188214070956104,0.0,936.3374241708156,500-1000 m,0.24745586763843644
89b2c1c0d2fffff,0,0,0,0,0,0,0,0,0,0,1,0,5,1,0,0,0,0,0,0,0,0,0,0,0,0,0,0,0,0,0,25,0,686,11,0,0,0,0,0,0,0,33.41524452272305,12.175595170222973,9.469907354617868,0,711,8.96195590861063,3.728566047799649,1.3585868190363093,2.7444444444444445,1433,159.89813101213502,0.0,0.4961618981158409,0.0,1660.6602905617633,1-2 km,0.26152805107437294
89b2c1c0637ffff,0,0,0,0,5,0,0,0,0,0,1,3,2,1,0,0,0,0,0,0,0,0,0,0,0,394,0,0,0,0,0,33,200,650,17,0,0,0,0,0,0,0,32.16345076806046,10.913806864358909,10.415521837117899,0,883,8.97900462499182,3.5820730817464925,1.2154807041731368,2.947042326092123,2177,242.45449144113604,0.18098300413412954,0.4056040422599908,0.0,1677.8229332874444,1-2 km,0.4390079834970571
89b2c1c129bffff,0,0,0,0,0,0,0,0,0,0,0,1,0,0,0,0,0,0,0,0,0,0,0,0,0,0,0,0,0,0,0,0,88,0,0,0,0,0,0,0,0,0,5.580231554849337,2.7729138109466365,1.9405216636070353,0,88,8.9831796686805,0.6211866800688172,0.3086784316041558,2.0124071411164124,176,19.592171869123028,0.0,0.5,0.0,3588.65944879734,Más de 2 km,0.2242438242175754
89b2c1c1d0bffff,0,0,0,2,62,3,0,0,0,0,15,20,21,15,2,0,29,1,0,3,0,0,0,0,1179,13131,627,0,0,0,0,547,1490,2994,206,323,0,5986,36,0,354,0,189.19290229191097,76.7903810481498,74.23637948728825,4,5031,8.968902989239728,21.094319173581383,8.561847657431194,2.4637578262996445,31904,3557.179739626599,0.4115784854563691,0.1576918254764293,0.0,26.93512184945468,0-300 m,0.5633148057373139
89b2c1c1b87ffff,0,0,0,0,0,0,0,0,0,0,141,23,0,120,0,0,0,0,0,0,0,0,0,0,0,0,0,0,0,0,0,5973,1334,0,1896,0,0,0,0,0,0,0,679.5406517464857,222.6035576347662,210.50947802159092,0,7307,8.965707789672305,75.79330797834565,24.82833066355181,3.052694480568154,16510,1841.4608625788637,0.0,0.442580254391278,0.0,209.71990759157913,0-300 m,0.3818784962384144
89b2c1c0babffff,0,0,0,0,0,0,0,0,0,0,24,18,93,8,0,0,0,1,0,0,0,0,0,0,0,0,0,0,0,0,0,868,1366,14671,118,0,0,0,84,0,0,0,273.2491464048648,91.37064489611811,80.02923955576225,0,16905,8.959981718782966,30.49661874109049,10.197637424256818,2.9905572705055277,34012,3795.9898878699773,0.0,0.49703045983770433,0.0,741.2618537283089,500-1000 m,0.31296188468566777
89b2c1c5407ffff,0,0,0,0,9,0,0,0,0,0,1,3,19,2,0,0,0,2,0,0,0,0,0,0,0,1036,0,0,0,0,0,29,202,3143,20,0,0,0,326,0,0,0,36.88389382032464,19.184559925695105,11.946481840609806,0,3374,8.955642801696909,4.118508814725828,2.142175648414654,1.9225822204513374,8130,907.8075331967833,0.12742927429274292,0.4150061500615006,0.0,2197.050275532462,Más de 2 km,0.4045840577520596
89b2c1c180fffff,0,0,0,0,5,0,0,0,0,0,39,377,0,2,0,0,0,0,0,0,0,0,0,0,0,200,0,0,0,0,0,1248,24614,0,28,0,0,0,0,0,0,0,920.5530643258744,310.9660643817307,298.05193820436637,0,25862,8.968555380887265,102.64229022743721,34.67292681767068,2.9603007201320746,51952,5792.683190730362,0.0038497074222359103,0.4978056667693255,0.0,197.28953522385197,0-300 m,0.2640512404686428
89b2c1c0833ffff,0,0,0,0,3,0,0,0,0,0,718,21,0,26,0,0,0,2,0,0,0,0,0,0,0,74,0,0,0,0,0,20404,1319,0,421,0,0,0,180,0,0,0,953.1900342819397,313.42023461142884,285.87351076933186,8,21723,8.963311925797287,106.34350808863024,34.967011882000314,3.041252379456874,44121,4922.399261038261,0.0016772058656875412,0.49235058135581694,0.0,23.29854397325992,0-300 m,0.2872807312825619
89b2c1c10a7ffff,0,0,0,0,0,0,0,0,0,0,0,1,1,0,0,0,0,0,0,0,0,0,0,0,0,0,0,0,0,0,0,0,60,200,0,0,0,0,0,0,0,0,1.8745214137366712,0.6249714628641398,0.5660722122010656,0,260,8.980017178572144,0.20874363338742824,0.06959579814116933,2.999371211520687,520,57.906348023566025,0.0,0.5,0.0,2858.5249366085745,Más de 2 km,0.3116260181764366
89b2c1ca8c7ffff,0,0,0,0,0,0,0,0,0,0,3,1,0,0,0,0,0,0,0,0,0,0,0,0,0,0,0,0,0,0,0,126,62,0,0,0,0,0,0,0,0,0,46.234782002581106,15.081767454313107,14.225748133846684,0,188,8.974870701662768,5.151581960285536,1.6804439813844805,3.0656076711591793,376,41.89475397459918,0.0,0.5,0.0,813.1049117781098,500-1000 m,0.3268027287333091
89b2c1c0143ffff,0,0,0,0,2,0,0,0,0,0,4,40,0,37,0,0,0,0,0,0,0,0,0,0,0,107,0,0,0,0,0,122,2663,0,327,0,0,0,0,0,0,0,178.23098322893452,60.17249458934516,56.33357800159435,0,2785,8.973170093167322,19.862655157361793,6.705823467579634,2.9620009016627034,6004,669.1057828683961,0.01782145236508994,0.4638574283810793,0.0,200.09236410636456,0-300 m,0.33204100185744284
89b2c1c1d83ffff,0,0,0,4,32,0,0,0,4,0,80,150,7,101,0,0,12,0,0,0,0,0,0,0,120,1408,0,0,0,216,0,2373,10086,813,1290,0,0,575,0,0,0,0,394.7240157897619,147.9692314254269,139.8235618230522,4,13272,8.9699440592149,44.005181435246364,16.496115298892732,2.6676087453268535,30153,3361.559425671509,0.04669518787516996,0.4401552084369714,0.0,88.50795349194306,0-300 m,0.4645033891324984
89b2c1c0a2fffff,0,0,0,0,7,0,0,0,0,0,102,149,26,176,0,0,0,0,0,0,0,0,0,0,0,439,0,0,0,0,0,3373,11016,3150,2300,0,0,0,0,0,0,0,506.6223876306672,189.20432987490403,180.34573671388455,0,17539,8.962446100141895,56.52724512593122,21.110791380035025,2.6776469014510926,37817,4219.495389701844,0.011608535843668192,0.4637861279318825,0.0,198.22244193966515,0-300 m,0.44005805293700917
89b2c1c7243ffff,0,0,0,0,0,0,0,0,0,0,56,93,31,5,0,0,0,1,0,0,0,0,0,0,0,0,0,0,0,0,0,2645,5835,4448,59,0,0,0,6,0,0,0,218.713555417107,89.72894655111213,68.3857542907206,0,12928,8.960775907523711,24.40788137927533,10.013524216778288,2.4374916214191993,25921,2892.718249793081,0.0,0.4987461903475946,0.0,1825.9738949636258,1-2 km,0.39914544458444934
89b2c1c5017ffff,0,0,0,0,0,0,0,0,0,0,2,4,7,2,0,0,0,0,0,0,0,0,0,0,0,0,0,0,0,0,0,65,302,1395,32,0,0,0,0,0,0,0,18.845878435895326,6.298085394055131,5.585448498601137,0,1762,8.952314147461413,2.105140427990835,0.7035147885020394,2.9923186582519614,3556,397.2157300811843,0.0,0.4955005624296963,0.0,3120.748952846522,Más de 2 km,0.3364529456947729
89b2c1c06b7ffff,0,0,0,0,0,0,0,0,0,0,1,1,1,2,0,0,0,0,0,0,0,0,0,0,0,0,0,0,0,0,0,32,78,140,27,0,0,0,0,0,0,0,1.7442953039058484,0.4973253935646395,0.4811541500491082,0,250,8.980079577972777,0.1942405174431224,0.05538095617599294,3.5073521812417465,527,58.68544876736699,0.0,0.47438330170777987,0.0,1948.8537053340879,1-2 km,0.4241337239639431
89b2c1c1c07ffff,0,0,0,0,7,0,0,0,0,0,226,129,1,36,0,0,0,0,0,0,0,0,0,0,0,409,0,0,0,0,0,11098,7390,107,377,0,0,0,0,0,0,0,882.3534510104339,309.2227302671569,283.18124468572427,6,18595,8.972410135802912,98.34073985199907,34.46373110311298,2.853455987042458,37976,4232.530549229251,0.010769959974720876,0.48965135875289656,0.0,69.2291832823145,0-300 m,0.36841996376693426
89b2c1c0c2bffff,0,0,0,0,0,0,0,0,0,0,0,29,0,0,0,0,0,0,0,0,0,0,0,0,0,0,0,0,0,0,0,0,1595,0,0,0,0,0,0,0,0,0,181.62757630018538,69.31566658249898,61.95420179264313,0,1595,8.966676750580497,20.255840748182088,7.730363044258457,2.6202961791330917,3190,355.76168169477967,0.0,0.5,0.0,321.2915062202495,300-500 m,0.2242438242175754
89b2c1c5487ffff,0,0,0,1,7,0,0,0,0,0,61,42,12,33,0,0,0,0,0,0,0,0,0,0,84,194,0,0,0,0,0,1917,3137,1794,560,0,0,0,0,0,0,0,224.06510719637672,94.13556999574723,77.13451601126546,0,6848,8.956717026516893,25.01643253136374,10.510052926429772,2.3802384922776727,14534,1622.692774257714,0.013348011559102793,0.47117104719966973,0.0,2491.846815101924,Más de 2 km,0.4606172042352135
89b2c1c188fffff,0,0,0,0,10,0,0,0,0,0,36,170,1,31,0,0,0,1,0,0,0,0,0,0,0,403,0,0,0,0,0,1131,10527,109,370,0,0,0,95,0,0,0,449.9919098400305,153.74974588812972,150.5536412826895,1,11767,8.969632156635614,50.16837948110642,17.141142825393093,2.9267814866338075,24402,2720.512901072284,0.016515039750840094,0.48221457257601835,0.0,66.39269695953952,0-300 m,0.33445558171541023
89b2c1c053bffff,0,0,0,0,0,0,0,0,0,0,13,3,1,1,0,0,0,0,0,0,0,0,0,0,0,0,0,0,0,0,0,494,209,341,18,0,0,0,0,0,0,0,31.92769559461057,10.34839997352243,9.749152609625215,0,1044,8.975248284523065,3.5573049995359733,1.1529931702688636,3.0852784658789036,2106,234.64531935362615,0.0,0.49572649572649574,0.0,1985.382269033677,1-2 km,0.4052870700807896
89b2c1c538fffff,0,0,0,0,0,0,0,0,0,0,4,1,13,6,0,0,0,0,0,0,0,0,0,0,0,0,0,0,0,0,0,152,72,2842,81,0,0,0,0,0,0,0,58.94948121275654,18.439689765212098,15.789770396804505,0,3066,8.948984811482314,6.587281401698135,2.0605342565284497,3.19688031432987,6213,694.2686942577207,0.0,0.49348140994688555,0.0,4648.839749654711,Más de 2 km,0.2928846225684563
89b2c1c0e27ffff,0,0,0,0,14,4,0,0,3,0,266,12,0,22,0,0,0,1,0,0,0,0,0,0,0,602,429,0,0,904,0,10826,817,0,271,0,0,0,105,0,0,0,910.0787675363318,297.3231826233665,286.23383036505595,6,11643,8.966297609667954,101.49995094463907,33.160084080052876,3.0609075266396975,25597,2854.801514997663,0.0235183810602805,0.45485799117084036,0.0,11.654818456548302,0-300 m,0.38100841619750025
89b2c1c5683ffff,0,0,0,0,0,0,0,0,0,0,35,13,0,0,0,0,0,0,0,0,0,0,0,0,0,0,0,0,0,0,0,1344,741,0,0,0,0,0,0,0,0,0,35.533699746427985,20.69648968048029,12.427997872076453,0,2085,8.95755230534805,3.9668983819623147,2.310507265263032,1.716895004660683,4170,465.528959011529,0.0,0.5,0.0,750.2796752311745,500-1000 m,0.32950328811016044
89b2c1c7347ffff,0,0,0,0,4,0,0,0,0,0,314,12,3,9,0,0,0,0,0,0,0,0,0,0,0,242,0,0,0,0,0,11115,836,396,121,0,0,0,0,0,0,0,267.9890247606724,99.45647904076941,80.18988728352902,0,12347,8.956056741647883,29.922658206759348,11.10494070211415,2.694535613419592,25057,2797.7714660380325,0.009657979806042223,0.4927565151454683,0.0,3381.132705927026,Más de 2 km,0.3102118013599757
89b2c1c0b33ffff,0,0,0,0,0,0,0,0,0,0,9,47,20,7,0,0,0,0,0,0,0,0,0,0,0,0,0,0,0,0,0,318,2999,3720,96,0,0,0,0,0,0,0,108.36215429847485,37.491674442792295,32.1449948200759,0,7037,8.959426617478638,12.09476442243244,4.184606453458872,2.8902991373143982,14170,1581.5744249030663,0.0,0.49661256175017643,0.0,970.9504566149432,500-1000 m,0.37087869702194654
89b2c1c0aafffff,0,0,0,0,60,0,0,0,0,1,22,36,4,31,0,0,2,0,0,0,0,0,0,0,0,96816,0,0,0,0,1371,746,2543,525,447,0,0,116,0,0,0,0,149.86320811781596,62.033637527336055,54.68578206439201,7,3814,8.963521793259918,16.719232861184647,6.920676823029758,2.415837827529886,106378,11867.879886228478,0.9101129932880859,0.035853277933407285,0.0,28.898868950271677,0-300 m,0.14293422700399286
89b2c1c0cabffff,0,0,0,0,0,0,0,0,0,0,1,3,0,0,0,0,0,0,0,0,0,0,0,0,0,0,0,0,0,0,0,24,215,0,0,0,0,0,0,0,0,0,9.354923382617086,3.2546688407386055,3.0537529673630273,0,239,8.967751129418005,1.0431738400867294,0.3629303259835032,2.8743088284503027,478,53.30210362684558,0.0,0.5,0.0,1179.4777283827716,1-2 km,0.27697706029357344
89b2c1c5507ffff,0,0,0,0,0,0,0,0,0,0,5,2,1,2,0,0,0,1,0,0,0,0,0,0,0,0,0,0,0,0,0,178,154,108,24,0,0,0,30,0,0,0,29.343832987461333,14.300560699840622,9.957120015804232,0,440,8.951514742300105,3.2780857577989524,1.5975576325941536,2.0519358368786453,934,104.33988290120463,0.0,0.47109207708779444,0.0,4353.3479584320785,Más de 2 km,0.45994010293999243
89b2c1c190fffff,0,0,0,9,16,0,0,0,0,0,71,78,1,26,0,2,10,0,0,0,0,0,0,0,2545,5700,0,0,0,0,0,2941,4866,105,347,0,576,3015,0,0,0,0,391.3730466047649,148.41875829896279,142.70664514603232,2,7912,8.964424129774752,43.65847052069355,16.556418588674262,2.636951360396201,28007,3124.2386119345438,0.20352054843432,0.2825008033705859,0.020566286999678652,27.47500759614522,0-300 m,0.5936339978376254
89b2c1c0eabffff,0,0,10,0,0,0,754,1,0,0,0,0,0,0,0,0,0,1,0,0,0,0,0,710,0,0,0,34960,594,0,0,0,0,0,0,0,0,0,100,0,0,0,1805.370813170604,705.5934967082522,638.2831755072824,5,0,8.967998026862528,201.31257921364826,78.67904236762031,2.5586556871528057,36364,4054.862622747701,0.0,0.961390386096139,0.0,72.38828757947016,0-300 m,0.0640977009265295
89b2c1c0933ffff,0,0,1,0,0,0,0,0,0,0,17,194,16,0,0,0,0,0,0,0,0,0,0,17,0,0,0,0,0,0,0,749,15514,1630,0,0,0,0,0,0,0,0,266.2510666012111,104.55682856818328,90.47216295663561,0,17893,8.95918195700145,29.718234084211268,11.670354399541342,2.5464722892544915,35803,3996.2353897746834,0.0,0.49976258972711785,0.0,597.197412334876,500-1000 m,0.3022310456633426
89b2c1c0ea7ffff,0,0,0,0,0,0,227,1,4,0,195,0,0,24,0,0,1,2,0,0,0,0,0,0,0,0,0,10825,576,1200,0,8549,0,0,329,0,0,129,210,0,0,0,830.3131384338053,294.3736064819072,273.16864736927363,8,8549,8.967372646044554,92.59268809354663,32.8271856318755,2.820610000865815,30367,3386.387652061574,0.0,0.6379951921493727,0.0,38.57376908452729,0-300 m,0.4499757219361058
89b2c1c0b2fffff,0,0,0,0,0,0,0,0,0,0,0,0,0,0,0,0,6,0,0,0,0,0,0,0,0,0,0,0,0,0,0,0,0,0,0,0,0,383,0,0,0,0,17.234175916238968,6.042874725217681,4.971061812544704,0,0,8.958316357900882,1.9238186315042451,0.674554735934069,2.8519829882156205,383,42.75356938719953,0.0,0.0,0.0,1397.2760449633367,1-2 km,-0.0
89b2c1c7343ffff,0,0,0,0,1,0,0,0,0,0,326,36,7,15,0,0,0,4,0,0,0,0,0,0,0,46,0,0,0,0,0,10846,2232,1184,220,0,0,0,301,0,0,0,293.96485866273605,109.9873188107088,92.72194876948339,0,14262,8.9566465639726,32.82086175479854,12.279966394244479,2.6727159261756137,29091,3247.979005559541,0.001581245058609192,0.4902547179540064,0.0,3132.314225792843,Más de 2 km,0.3684981862378694
89b2c1c141bffff,0,0,0,0,0,0,0,0,0,0,3,0,0,1,0,0,0,0,0,0,0,0,0,0,0,0,0,0,0,0,0,134,0,0,18,0,0,0,0,0,0,0,4.370046453014509,1.2666801313085532,1.2033461247431256,0,134,8.98574961866069,0.48633076131336234,0.14096543806184414,3.45,286,31.828173734783828,0.0,0.46853146853146854,0.0,5127.7338433200475,Más de 2 km,0.2861481738676567
89b2c1c1d07ffff,0,0,0,0,20,0,0,0,2,0,25,62,29,58,0,0,5,0,1,0,0,0,0,0,0,2782,0,0,0,151,0,794,4621,3949,700,0,0,550,0,134,0,0,307.6359753970617,138.169580987675,128.17976672515272,3,9364,8.968277918408354,34.30268087094021,15.406478506209881,2.2265101565626333,23045,2569.6126067522573,0.1207203297895422,0.4063354306791061,0.0,97.2731915220298,0-300 m,0.524049327193791
89b2c1ce5c3ffff,0,0,0,0,0,0,0,0,0,0,3,10,2,1,0,0,0,0,0,0,0,0,0,0,0,0,0,0,0,0,0,85,641,417,13,0,0,0,0,0,0,0,17.336682564709225,6.016068571159849,5.374787823211791,0,1143,8.958455018758974,1.9352313014248854,0.6715520208074073,2.8817295480671117,2299,256.6290722212594,0.0,0.49717268377555457,0.0,767.0234033538201,500-1000 m,0.3766915447732248
89b2c1c198fffff,0,0,4,0,33,8,18,0,17,0,25,35,35,24,0,1,10,0,0,0,0,0,0,183,0,2478,853,1650,0,11727,0,847,3091,4889,338,0,39,731,0,0,0,0,235.72385414780484,101.96866760374532,91.26816575188838,0,8827,8.965500634259097,26.292324741694127,11.373449377060018,2.3117282954391247,35653,3976.688135379998,0.06950326760721398,0.2938602642133902,0.0010938770930917455,305.88573354838877,300-500 m,0.601706549845744
89b2c1c159bffff,0,0,0,0,0,0,0,0,0,0,0,3,1,0,0,0,0,0,0,0,0,0,0,0,0,0,0,0,0,0,0,0,228,112,0,0,0,0,0,0,0,0,1.4013756395173893,0.49912009078701536,0.4031354579433586,0,340,8.982690019116099,0.15600846033149493,0.05556465710436805,2.807692307692308,680,75.70115394752455,0.0,0.5,0.0,4274.896266547242,Más de 2 km,0.32675960701493323
89b2c1c09b3ffff,0,0,0,0,5,0,0,0,0,0,1,1,4,2,0,0,0,0,0,0,0,0,0,0,0,3659,0,0,0,0,0,29,57,808,20,0,0,0,0,0,0,0,23.457999980376165,8.511357940952577,6.9678473862471035,0,894,8.960256414072603,2.6180054338103553,0.9499011576928752,2.7560819487460995,5467,610.1387892665392,0.6692884580208524,0.16352661423083958,0.0,1296.310787669017,1-2 km,0.30518114640006233
89b2c1c1b8bffff,0,0,0,0,0,0,0,0,0,0,0,2,0,0,0,0,0,0,0,0,0,0,0,0,0,0,0,0,0,0,0,0,128,0,0,0,0,0,0,0,0,0,0.0,2.949855239363456,0.0,0,128,8.966332344570706,0.0,0.32899240469818775,0.0,256,28.551250406752224,0.0,0.5,0.0,285.7195675666497,0-300 m,0.2242438242175754
89b2c1c0bafffff,0,0,0,0,0,0,0,0,0,0,14,64,52,3,0,0,0,0,0,0,0,0,0,0,0,0,0,0,0,0,0,460,4067,8238,34,0,0,0,0,0,0,0,314.0983239168358,98.80555769663212,89.29989302395109,0,12765,8.959391779706694,35.05799630598568,11.028154603131636,3.1789540106764878,25564,2853.31868820641,0.0,0.4993350023470505,0.0,635.0700546724761,500-1000 m,0.35109790560842696
89b2c1c73c3ffff,0,0,0,0,0,0,0,0,0,0,9,3,1,0,0,0,0,0,0,0,0,0,0,0,0,0,0,0,0,0,0,296,249,112,0,0,0,0,0,0,0,0,40.42411742407888,17.0219871579544,13.59468725273874,0,657,8.957720287134228,4.512768442004059,1.900258839562416,2.374817760638988,1314,146.68910815258081,0.0,0.5,0.0,3689.158597473153,Más de 2 km,0.3906165348889038
89b2c1c540bffff,0,0,0,0,0,0,0,0,0,0,0,0,3,0,0,0,0,0,0,0,0,0,0,0,0,0,0,0,0,0,0,0,0,382,0,0,0,0,0,0,0,0,58.41657704432091,20.30401220341826,16.460572834366463,0,382,8.956267668212353,6.5224242070894585,2.26701712762353,2.877095248912737,764,85.30339068712674,0.0,0.5,0.0,1650.2070804349034,1-2 km,0.2242438242175754
89b2c1c1913ffff,0,0,0,2,10,5,0,0,0,1,87,85,109,66,0,7,3,6,0,0,0,0,0,0,62,1189,743,0,0,0,270,2959,6308,15138,894,0,505,319,820,0,0,0,521.3687819656385,219.9866051037411,182.5429802611994,0,24405,8.965535255073508,58.15255499336764,24.536918192280027,2.3700023995541537,53612,5979.787985291954,0.022177870625979257,0.4552152503170932,0.00941953294038648,272.1318952476163,0-300 m,0.4891100888537872
89b2c1c550bffff,0,0,0,0,0,0,0,0,0,0,11,18,10,12,0,0,0,0,0,0,0,0,0,0,0,0,0,0,0,0,0,469,1286,1580,103,0,0,0,0,0,0,0,76.68395361391148,35.34233641917974,27.006651814759287,0,3335,8.952139454226467,8.565991850999104,3.947920673029058,2.1697477128958655,6773,756.578920003569,0.0,0.4923962793444559,0.0,3829.261301444543,Más de 2 km,0.40516921628354424
89b2c1c1813ffff,0,0,0,0,0,0,0,0,0,0,3,7,0,0,0,0,0,0,0,0,0,0,0,0,0,0,0,0,0,0,0,105,428,0,0,0,0,0,0,0,0,0,28.054416214316046,1.4236569422190233,1.172423364180372,1,533,8.969666784592706,3.1276988195933235,0.15871904457637762,19.705882352941174,1066,118.84499453548038,0.0,0.5,0.0,175.8042255704975,0-300 m,0.3045100580678208
89b2c1c0837ffff,0,0,0,0,0,0,0,2,0,0,46,0,0,0,0,0,0,0,0,0,0,0,0,0,0,0,0,0,480,0,0,1380,0,0,0,0,0,0,0,0,0,0,273.26511242779844,88.95640886339737,82.43066689967549,0,1380,8.962721867422003,30.489076473640388,9.925155569843024,3.071899101136467,3240,361.49732725466566,0.0,0.42592592592592593,0.0,268.92590072657134,0-300 m,0.3267318692355038
89b2c1c149bffff,0,0,0,0,0,0,0,0,0,0,1,0,0,0,0,0,0,0,0,0,0,0,0,0,0,0,0,0,0,0,0,40,0,0,0,0,0,0,0,0,0,0,4.888780537315433,1.425438879739696,1.359963655310015,0,40,8.986825807385888,0.5439941356488243,0.15861427719764956,3.4296668954393814,80,8.901919511364227,0.0,0.5,0.0,5886.193578665191,Más de 2 km,0.2242438242175754
89b2c1ce4c3ffff,0,0,0,6,5,7,0,0,0,0,50,71,35,26,0,4,9,1,0,0,0,0,0,0,832,326,1231,0,0,0,0,1832,5201,4620,334,0,420,609,61,0,0,0,436.3277055513838,163.42437518375846,143.54275332608574,2,11653,8.96258479001254,48.683244373610364,18.234067404960058,2.6699059125100892,27119,3025.801220895569,0.01202109222316457,0.42969873520410046,0.015487296729230429,133.3760453228403,0-300 m,0.5439246486409023
89b2c1c0cafffff,0,0,0,0,0,0,0,0,0,0,0,2,1,0,0,0,0,0,0,0,0,0,0,0,0,0,0,0,0,0,0,0,170,233,0,0,0,0,0,0,0,0,13.536988640631638,4.018260795426833,3.3316465053486026,0,403,8.967160912403944,1.5096181247184288,0.44810847431861295,3.368867609598171,806,89.88352142594985,0.0,0.5,0.0,1210.429174824963,1-2 km,0.3343810640367019
89b2c1c1d87ffff,3,0,0,0,9,3,0,3,0,0,133,213,4,158,0,0,2,0,0,0,0,4756,0,0,0,6619,640,0,409,0,0,4206,13845,500,2165,0,0,104,0,0,0,0,582.7582248679828,233.53825322097845,215.67836630365215,2,18551,8.969353766536408,64.97215295957936,26.037355566493755,2.4953437684427895,51795,5774.663520714389,0.1277922579399556,0.3581619847475625,0.0,148.57415315820091,0-300 m,0.5464112408145679
89b2c1c0a33ffff,0,0,13,0,9,0,208,0,0,0,63,83,2,51,0,0,5,0,0,0,0,0,0,1092,0,520,0,10169,0,0,0,2010,7288,335,722,0,0,332,0,0,0,0,542.411122456444,241.25438179663524,221.43734019855174,5,9633,8.963556638412097,60.51293524849447,26.915028434446718,2.2482954233497323,32101,3581.2793174570406,0.016198872309273856,0.6168655182081555,0.0,57.49719917226453,0-300 m,0.5168162170231996
89b2c1c7247ffff,0,0,0,0,0,0,0,0,0,0,209,32,0,7,0,0,0,0,0,0,0,0,0,0,0,0,0,0,0,0,0,9891,2000,0,100,0,0,0,0,0,0,0,340.75875282641744,116.79333811891343,109.37983493316999,0,11891,8.960185938352371,38.030321599450794,13.034700275471044,2.917621486933382,23882,2665.346474315633,0.0,0.4979063730005862,0.0,1978.9777765433207,1-2 km,0.30504558705179163
89b2c1c004bffff,0,0,0,0,0,0,0,0,0,0,0,0,0,0,0,4,0,0,0,0,0,0,0,0,0,0,0,0,0,0,0,0,0,0,0,0,1815,0,0,0,0,0,27.59406023387316,9.715123080511242,9.085009056337919,0,0,8.97733882369719,3.0737461040274003,1.0821829577008442,2.8403201899960973,1815,202.1757266428447,0.0,0.0,1.0,1309.324297783741,1-2 km,-0.0
89b2c1c1c0bffff,0,0,0,5,106,0,0,0,0,0,0,0,0,32,0,0,0,0,0,0,0,0,0,0,1566,6685,0,0,0,0,0,0,0,0,512,0,0,0,0,0,0,0,6.511621453268157,2.250361710013327,2.0512915842390544,0,0,8.973035360177374,0.7256877067672047,0.2507915794024959,2.8935888058767203,8763,976.5926075462137,0.7628665981969646,0.0,0.0,318.0489255491805,300-500 m,0.2200400003633929
89b2c1c548bffff,0,0,1,0,11,0,0,5,6,0,132,16,3,34,0,0,0,6,0,0,0,0,0,30,0,571,0,0,2563,4586,0,5526,1112,339,430,0,0,0,907,0,0,0,273.87000580946267,98.48459123644852,93.79516417661249,0,6977,8.957342047491847,30.574918804864577,10.994845425605385,2.7808411688681014,23041,2572.3032432876366,0.024781910507356453,0.30280803784557964,0.0,1918.8265036584824,1-2 km,0.575876366255358
89b2c1c1893ffff,0,0,0,0,0,0,0,0,0,0,201,0,0,30,0,0,0,0,0,0,0,0,0,0,0,0,0,0,0,0,0,5738,0,0,464,0,0,0,0,0,0,0,162.56511000061715,56.30386815181174,52.777859988004785,0,5738,8.970743405808824,18.121698798713986,6.276388210519243,2.887281377583045,11940,1330.9933703229651,0.0,0.48056951423785593,0.0,340.78439843181184,300-500 m,0.2686854112257801
89b2c1c03c3ffff,0,0,0,0,0,0,0,0,0,0,0,1,1,0,0,0,0,0,0,0,0,0,0,0,0,0,0,0,0,0,0,0,70,143,0,0,0,0,0,0,0,0,5.0010691958451075,1.7571324201617946,1.5543863716815876,0,213,8.974491876853781,0.55725374366246,0.1957918558814049,2.846153846153846,426,47.46786847049265,0.0,0.5,0.0,728.930388788275,500-1000 m,0.3266704739230997
89b2c1c0e2bffff,0,0,1,0,3,2,336,0,0,0,300,12,1,35,0,0,0,0,0,0,0,0,0,68,0,103,253,15750,0,0,0,10592,828,107,480,0,0,0,0,0,0,0,1627.4607369839464,567.9331990753335,535.1803143188772,5,11527,8.966922835942755,181.49601226191885,63.3364655262613,2.865584789960609,39708,4428.274975316571,0.0025939357308350963,0.6869396595144556,0.0,67.40946489123753,0-300 m,0.4163390121636825
89b2c1c0ab3ffff,0,0,0,0,5,14,30,0,7,0,235,46,2,40,0,0,0,0,0,0,0,0,0,0,0,296,1041,1260,0,2630,0,9523,3141,219,528,0,0,0,0,0,0,0,781.7751794737287,274.78186156039504,250.90605902970566,2,12883,8.964632177169749,87.20660971062232,30.651772000214653,2.8450756357580764,31521,3516.150956006272,0.0093905650201453,0.4486850036483614,0.0,132.50018897206166,0-300 m,0.5022660848627509
