{
"type": "FeatureCollection",
"name": "celdas_accesibilidades_auto",
"crs": { "type": "name", "properties": { "name": "urn:ogc:def:crs:OGC:1.3:CRS84" } },
"features": [
{ "type": "Feature", "properties": { "h3": "89b2c1c1337ffff", "acc_auto_m2_comercio": 9618.3367683435426, "acc_auto_m2_departamento": 6740.2622094669432, "acc_auto_n_deporte_y_recreacion": 0.55645795626294992, "acc_auto_n_educacion_y_cultura": 7.4866261971366228, "acc_auto_m2_habitacional": 36375.7717999097, "acc_auto_m2_industria": 3605.5503312570968, "acc_auto_m2_oficina": 1385.7521128337917, "acc_auto_n_salud": 1.6167787296676668, "acc_auto_n_paraderos": 7.5188305119195382 }, "geometry": { "type": "Polygon", "coordinates": [ [ [ -70.803012906687357, -34.156502263351662 ], [ -70.804189791438262, -34.157929189155553 ], [ -70.803285357579028, -34.159318256655766 ], [ -70.801204047191433, -34.159280394539529 ], [ -70.800027198653154, -34.157853479841094 ], [ -70.800931624288495, -34.156464416153653 ], [ -70.803012906687357, -34.156502263351662 ] ] ] } },
{ "type": "Feature", "properties": { "h3": "89b2c1c42cbffff", "acc_auto_m2_comercio": 3292.5335396801702, "acc_auto_m2_departamento": 2032.9320961484552, "acc_auto_n_deporte_y_recreacion": 1.0475149079485837, "acc_auto_n_educacion_y_cultura": 5.1309089178568827, "acc_auto_m2_habitacional": 36044.234972132632, "acc_auto_m2_industria": 765.40572055271014, "acc_auto_m2_oficina": 472.14038544057507, "acc_auto_n_salud": 1.3580377004273034, "acc_auto_n_paraderos": 0.84192560542659023 }, "geometry": { "type": "Polygon", "coordinates": [ [ [ -70.629095430165293, -34.193943315558528 ], [ -70.63026999866797, -34.195370327738388 ], [ -70.62936558597022, -34.196756312288052 ], [ -70.627286613310986, -34.196715280826901 ], [ -70.626112081339173, -34.195288279879712 ], [ -70.62701648549438, -34.193902299161209 ], [ -70.629095430165293, -34.193943315558528 ] ] ] } },
{ "type": "Feature", "properties": { "h3": "89b2c1c1c23ffff", "acc_auto_m2_comercio": 105206.42278212968, "acc_auto_m2_departamento": 68676.371791168669, "acc_auto_n_deporte_y_recreacion": 6.5291538769600432, "acc_auto_n_educacion_y_cultura": 48.608492763818326, "acc_auto_m2_habitacional": 245456.92135693939, "acc_auto_m2_industria": 24147.031871864434, "acc_auto_m2_oficina": 18553.750384463008, "acc_auto_n_salud": 31.461629491961968, "acc_auto_n_paraderos": 67.190070903968149 }, "geometry": { "type": "Polygon", "coordinates": [ [ [ -70.762569608256555, -34.157165873326882 ], [ -70.76374591752429, -34.158592964668287 ], [ -70.762841516771729, -34.159981516200681 ], [ -70.760760815047632, -34.159942972571343 ], [ -70.759584542064403, -34.158515892367824 ], [ -70.760488934519415, -34.157127344655954 ], [ -70.762569608256555, -34.157165873326882 ] ] ] } },
{ "type": "Feature", "properties": { "h3": "89b2c1c54a3ffff", "acc_auto_m2_comercio": 23376.814784951504, "acc_auto_m2_departamento": 15808.303637479374, "acc_auto_n_deporte_y_recreacion": 9.7229677562816068, "acc_auto_n_educacion_y_cultura": 42.328976810605035, "acc_auto_m2_habitacional": 301737.83508985001, "acc_auto_m2_industria": 2104.6598581838612, "acc_auto_m2_oficina": 4549.9929725098427, "acc_auto_n_salud": 7.2973295605180937, "acc_auto_n_paraderos": 5.0734455879125244 }, "geometry": { "type": "Polygon", "coordinates": [ [ [ -70.652422474843249, -34.177551276529115 ], [ -70.653597300667414, -34.178978481659364 ], [ -70.652692926102205, -34.180365163190878 ], [ -70.650613734210523, -34.180324635758858 ], [ -70.649438944871278, -34.178897441848356 ], [ -70.65034331093743, -34.177510764150341 ], [ -70.652422474843249, -34.177551276529115 ] ] ] } },
{ "type": "Feature", "properties": { "h3": "89b2c1c18abffff", "acc_auto_m2_comercio": 82736.33092208067, "acc_auto_m2_departamento": 36526.049315225893, "acc_auto_n_deporte_y_recreacion": 6.6593619028575475, "acc_auto_n_educacion_y_cultura": 76.26197948117472, "acc_auto_m2_habitacional": 372525.56207591185, "acc_auto_m2_industria": 18290.849049965022, "acc_auto_m2_oficina": 17798.836735249941, "acc_auto_n_salud": 20.3522006235277, "acc_auto_n_paraderos": 78.619712863050069 }, "geometry": { "type": "Polygon", "coordinates": [ [ [ -70.763929218522819, -34.171242904751352 ], [ -70.765105614685268, -34.172669737721527 ], [ -70.764201160884411, -34.174057956121239 ], [ -70.762120319215796, -34.17401933773651 ], [ -70.760943959339599, -34.172592515898046 ], [ -70.761848404844429, -34.171204301312805 ], [ -70.763929218522819, -34.171242904751352 ] ] ] } },
{ "type": "Feature", "properties": { "h3": "89b2c1c08cfffff", "acc_auto_m2_comercio": 87407.415383177722, "acc_auto_m2_departamento": 171202.50799297242, "acc_auto_n_deporte_y_recreacion": 17.726757905005375, "acc_auto_n_educacion_y_cultura": 92.400502519035186, "acc_auto_m2_habitacional": 457452.33996806579, "acc_auto_m2_industria": 5678.9263406421569, "acc_auto_m2_oficina": 11017.930261817466, "acc_auto_n_salud": 20.647492492854656, "acc_auto_n_paraderos": 124.44989047851925 }, "geometry": { "type": "Polygon", "coordinates": [ [ [ -70.709658025863774, -34.157580249596144 ], [ -70.710833578562699, -34.159007564328689 ], [ -70.709929224123286, -34.160395451255084 ], [ -70.707849325377396, -34.160356019618369 ], [ -70.70667380905661, -34.158928716066377 ], [ -70.707578155102254, -34.157540832970724 ], [ -70.709658025863774, -34.157580249596144 ] ] ] } },
{ "type": "Feature", "properties": { "h3": "89b2c1ce55bffff", "acc_auto_m2_comercio": 11733.913026402983, "acc_auto_m2_departamento": 7688.2577011195908, "acc_auto_n_deporte_y_recreacion": 5.1334331994627007, "acc_auto_n_educacion_y_cultura": 12.981260904564335, "acc_auto_m2_habitacional": 35327.068440044706, "acc_auto_m2_industria": 723.63700829032655, "acc_auto_m2_oficina": 1695.2392783492228, "acc_auto_n_salud": 11.426043699597125, "acc_auto_n_paraderos": 5.3071888041874864 }, "geometry": { "type": "Polygon", "coordinates": [ [ [ -70.719967773203521, -34.199914574951691 ], [ -70.721143676602239, -34.201341085724131 ], [ -70.720239156754715, -34.202728047426682 ], [ -70.718158741885034, -34.202688494545782 ], [ -70.716982874858786, -34.201261994930235 ], [ -70.717887386328385, -34.1998750370389 ], [ -70.719967773203521, -34.199914574951691 ] ] ] } },
{ "type": "Feature", "properties": { "h3": "89b2c1c0a4bffff", "acc_auto_m2_comercio": 176109.82110128566, "acc_auto_m2_departamento": 94865.762845462319, "acc_auto_n_deporte_y_recreacion": 13.411913600802512, "acc_auto_n_educacion_y_cultura": 190.68904487841172, "acc_auto_m2_habitacional": 277996.20321817807, "acc_auto_m2_industria": 11394.71223883333, "acc_auto_m2_oficina": 61283.048026049517, "acc_auto_n_salud": 47.306476870713787, "acc_auto_n_paraderos": 57.238758831589031 }, "geometry": { "type": "Polygon", "coordinates": [ [ [ -70.739233172617006, -34.173592254877555 ], [ -70.740409226200669, -34.175019153746227 ], [ -70.739504785865549, -34.176407008462974 ], [ -70.73742430028652, -34.176367960492904 ], [ -70.736248283033476, -34.174941072775077 ], [ -70.737152715027491, -34.173553221876659 ], [ -70.739233172617006, -34.173592254877555 ] ] ] } },
{ "type": "Feature", "properties": { "h3": "89b2c1c0e43ffff", "acc_auto_m2_comercio": 118143.28140527086, "acc_auto_m2_departamento": 121597.51976795444, "acc_auto_n_deporte_y_recreacion": 18.730029061633797, "acc_auto_n_educacion_y_cultura": 123.96207211237366, "acc_auto_m2_habitacional": 358009.29262990062, "acc_auto_m2_industria": 11495.447182430573, "acc_auto_m2_oficina": 23712.783827930634, "acc_auto_n_salud": 40.83801409881859, "acc_auto_n_paraderos": 74.027486879483973 }, "geometry": { "type": "Polygon", "coordinates": [ [ [ -70.73407592925966, -34.152419438991522 ], [ -70.735251807522587, -34.15384673985632 ], [ -70.734347449821101, -34.155235057118141 ], [ -70.732267222204371, -34.155196069687229 ], [ -70.73109138027489, -34.153768779985086 ], [ -70.731995729627343, -34.152380466551399 ], [ -70.73407592925966, -34.152419438991522 ] ] ] } },
{ "type": "Feature", "properties": { "h3": "89b2c1c1aa7ffff", "acc_auto_m2_comercio": 57147.583318670535, "acc_auto_m2_departamento": 37826.529081599452, "acc_auto_n_deporte_y_recreacion": 4.0038858434071232, "acc_auto_n_educacion_y_cultura": 41.98509428858609, "acc_auto_m2_habitacional": 207150.20224851544, "acc_auto_m2_industria": 24139.184351449181, "acc_auto_m2_oficina": 10646.925035136661, "acc_auto_n_salud": 9.6995063490698055, "acc_auto_n_paraderos": 39.176336792960917 }, "geometry": { "type": "Polygon", "coordinates": [ [ [ -70.78048890266669, -34.181383882975979 ], [ -70.781665584473984, -34.182810461348581 ], [ -70.780761078671659, -34.184198632163437 ], [ -70.778679899327258, -34.184160220798873 ], [ -70.777503253779855, -34.182733653540943 ], [ -70.778407751315612, -34.181345486533111 ], [ -70.78048890266669, -34.181383882975979 ] ] ] } },
{ "type": "Feature", "properties": { "h3": "89b2c1c0acbffff", "acc_auto_m2_comercio": 224583.48936483904, "acc_auto_m2_departamento": 143768.08044881621, "acc_auto_n_deporte_y_recreacion": 21.943240575446293, "acc_auto_n_educacion_y_cultura": 196.3534609657209, "acc_auto_m2_habitacional": 438212.25892943813, "acc_auto_m2_industria": 15100.95356688806, "acc_auto_m2_oficina": 60160.506138244076, "acc_auto_n_salud": 86.086395077425479, "acc_auto_n_paraderos": 99.588159544443982 }, "geometry": { "type": "Polygon", "coordinates": [ [ [ -70.735433599665299, -34.166496347105976 ], [ -70.736609564793696, -34.167923389786857 ], [ -70.735705154027144, -34.169311373941625 ], [ -70.733624786478401, -34.169272311593716 ], [ -70.732448857685242, -34.167845280069329 ], [ -70.733353260104266, -34.166457299736557 ], [ -70.735433599665299, -34.166496347105976 ] ] ] } },
{ "type": "Feature", "properties": { "h3": "89b2c1c336fffff", "acc_auto_m2_comercio": 1650.8467646901156, "acc_auto_m2_departamento": 1597.1802615444315, "acc_auto_n_deporte_y_recreacion": 0.21826960274542534, "acc_auto_n_educacion_y_cultura": 1.4107631398083964, "acc_auto_m2_habitacional": 5361.8867664394356, "acc_auto_m2_industria": 595.08923315063169, "acc_auto_m2_oficina": 175.97915730574451, "acc_auto_n_salud": 0.21313454616465372, "acc_auto_n_paraderos": 0.71545198217627659 }, "geometry": { "type": "Polygon", "coordinates": [ [ [ -70.789427217036049, -34.112669697603231 ], [ -70.790603697668644, -34.114097468382667 ], [ -70.789699436943224, -34.115487456932506 ], [ -70.787618703829537, -34.115449670869531 ], [ -70.786442259420738, -34.114021911222231 ], [ -70.787346511900466, -34.112631926505969 ], [ -70.789427217036049, -34.112669697603231 ] ] ] } },
{ "type": "Feature", "properties": { "h3": "89b2c1c1ca3ffff", "acc_auto_m2_comercio": 32683.013609301957, "acc_auto_m2_departamento": 28138.995320519749, "acc_auto_n_deporte_y_recreacion": 2.2460701557177676, "acc_auto_n_educacion_y_cultura": 16.639746341064093, "acc_auto_m2_habitacional": 105490.9389099344, "acc_auto_m2_industria": 7363.484774615572, "acc_auto_m2_oficina": 5929.2291380580473, "acc_auto_n_salud": 10.020789260115752, "acc_auto_n_paraderos": 21.095964437755296 }, "geometry": { "type": "Polygon", "coordinates": [ [ [ -70.7587689729136, -34.150068498823686 ], [ -70.759945193766441, -34.151495733993528 ], [ -70.759040822529897, -34.152884414942449 ], [ -70.756960238743162, -34.1528458568975 ], [ -70.755784054179443, -34.151418632871184 ], [ -70.756688417111988, -34.150029955746476 ], [ -70.7587689729136, -34.150068498823686 ] ] ] } },
{ "type": "Feature", "properties": { "h3": "89b2c1c5523ffff", "acc_auto_m2_comercio": 7864.2306756580601, "acc_auto_m2_departamento": 5058.8834654200018, "acc_auto_n_deporte_y_recreacion": 2.6067057810941594, "acc_auto_n_educacion_y_cultura": 12.768095076219771, "acc_auto_m2_habitacional": 84230.123263718007, "acc_auto_m2_industria": 1904.68651234243, "acc_auto_m2_oficina": 1174.9055434697277, "acc_auto_n_salud": 3.3794313549009907, "acc_auto_n_paraderos": 2.0951036842183206 }, "geometry": { "type": "Polygon", "coordinates": [ [ [ -70.635332457895004, -34.194066157931168 ], [ -70.636507116801965, -34.195493140992227 ], [ -70.635602697665632, -34.196879199839536 ], [ -70.633523628152275, -34.196838271796054 ], [ -70.632349005765249, -34.195411299962558 ], [ -70.633253416370337, -34.194025244945195 ], [ -70.635332457895004, -34.194066157931168 ] ] ] } },
{ "type": "Feature", "properties": { "h3": "89b2c1c192bffff", "acc_auto_m2_comercio": 150649.66773833305, "acc_auto_m2_departamento": 77261.438884238669, "acc_auto_n_deporte_y_recreacion": 12.168357519283752, "acc_auto_n_educacion_y_cultura": 96.561318038671189, "acc_auto_m2_habitacional": 325852.48792763345, "acc_auto_m2_industria": 12574.231918459858, "acc_auto_m2_oficina": 25238.062625066221, "acc_auto_n_salud": 33.134129061560614, "acc_auto_n_paraderos": 61.79977606284519 }, "geometry": { "type": "Polygon", "coordinates": [ [ [ -70.746833291297619, -34.187781955918233 ], [ -70.748009521793236, -34.189208567016067 ], [ -70.747105022339554, -34.190596162815233 ], [ -70.745024300717162, -34.190557143705782 ], [ -70.743848106542927, -34.189130543747517 ], [ -70.744752597668366, -34.187742951759333 ], [ -70.746833291297619, -34.187781955918233 ] ] ] } },
{ "type": "Feature", "properties": { "h3": "89b2c1c094fffff", "acc_auto_m2_comercio": 51345.176173173408, "acc_auto_m2_departamento": 32720.293655694648, "acc_auto_n_deporte_y_recreacion": 10.829877754070875, "acc_auto_n_educacion_y_cultura": 57.570223566160848, "acc_auto_m2_habitacional": 336363.29224537581, "acc_auto_m2_industria": 2298.1157622748542, "acc_auto_m2_oficina": 4901.6794682424952, "acc_auto_n_salud": 10.458570142684302, "acc_auto_n_paraderos": 30.943094232975888 }, "geometry": { "type": "Polygon", "coordinates": [ [ [ -70.692566124664268, -34.174112883538399 ], [ -70.693741511109735, -34.175539976339692 ], [ -70.69283711155019, -34.176927240684549 ], [ -70.690757333969827, -34.176887408401065 ], [ -70.689581983937543, -34.175460326788198 ], [ -70.690486375071131, -34.174073066270566 ], [ -70.692566124664268, -34.174112883538399 ] ] ] } },
{ "type": "Feature", "properties": { "h3": "89b2c1c113bffff", "acc_auto_m2_comercio": 15601.497751213805, "acc_auto_m2_departamento": 14990.946575678323, "acc_auto_n_deporte_y_recreacion": 1.1267947147338349, "acc_auto_n_educacion_y_cultura": 6.9633377839237269, "acc_auto_m2_habitacional": 37794.512268130246, "acc_auto_m2_industria": 5406.107186305876, "acc_auto_m2_oficina": 2024.8791673096516, "acc_auto_n_salud": 3.1745661563009975, "acc_auto_n_paraderos": 8.297187843097662 }, "geometry": { "type": "Polygon", "coordinates": [ [ [ -70.786451276090844, -34.146361050161936 ], [ -70.787627875429877, -34.147788230537138 ], [ -70.786723493353634, -34.149177345577812 ], [ -70.784642520190388, -34.149139276423206 ], [ -70.783465957090385, -34.147712107170463 ], [ -70.784370330913248, -34.146322995950051 ], [ -70.786451276090844, -34.146361050161936 ] ] ] } },
{ "type": "Feature", "properties": { "h3": "89b2c1c0ec3ffff", "acc_auto_m2_comercio": 102954.57877345773, "acc_auto_m2_departamento": 118920.69285087145, "acc_auto_n_deporte_y_recreacion": 12.942969817218955, "acc_auto_n_educacion_y_cultura": 102.41124257002119, "acc_auto_m2_habitacional": 309530.33319513447, "acc_auto_m2_industria": 12052.118349062457, "acc_auto_m2_oficina": 17777.032765204451, "acc_auto_n_salud": 23.42208544093376, "acc_auto_n_paraderos": 66.008918332696339 }, "geometry": { "type": "Polygon", "coordinates": [ [ [ -70.730276974932536, -34.145321461019833 ], [ -70.731452764749179, -34.146748905575869 ], [ -70.730548436621916, -34.148137352236354 ], [ -70.728468327032132, -34.148098350509194 ], [ -70.727292573553598, -34.146670917121433 ], [ -70.728196893325389, -34.145282474292763 ], [ -70.730276974932536, -34.145321461019833 ] ] ] } },
{ "type": "Feature", "properties": { "h3": "89b2c1c0b4bffff", "acc_auto_m2_comercio": 145363.79922364044, "acc_auto_m2_departamento": 101675.82642876559, "acc_auto_n_deporte_y_recreacion": 15.793133276696617, "acc_auto_n_educacion_y_cultura": 110.84421903167849, "acc_auto_m2_habitacional": 398054.99846532143, "acc_auto_m2_industria": 6592.9525793763023, "acc_auto_m2_oficina": 19434.455306863529, "acc_auto_n_salud": 103.62423062246947, "acc_auto_n_paraderos": 70.856443171808067 }, "geometry": { "type": "Polygon", "coordinates": [ [ [ -70.718339613796289, -34.183031255507693 ], [ -70.719515412946365, -34.184458076279959 ], [ -70.718610956805833, -34.185845437835184 ], [ -70.716530709893604, -34.185805974799813 ], [ -70.715354947113866, -34.184379165191871 ], [ -70.716259394874655, -34.182991807455174 ], [ -70.718339613796289, -34.183031255507693 ] ] ] } },
{ "type": "Feature", "properties": { "h3": "89b2c1c502fffff", "acc_auto_m2_comercio": 5740.5900730091198, "acc_auto_m2_departamento": 5443.5402598663686, "acc_auto_n_deporte_y_recreacion": 1.0756557849835469, "acc_auto_n_educacion_y_cultura": 6.1987762519224221, "acc_auto_m2_habitacional": 82608.181505935572, "acc_auto_m2_industria": 2032.1042537217763, "acc_auto_m2_oficina": 605.60560166201537, "acc_auto_n_salud": 2.5606913026599236, "acc_auto_n_paraderos": 2.113803285746092 }, "geometry": { "type": "Polygon", "coordinates": [ [ [ -70.658381796140887, -34.207152130846069 ], [ -70.659556849441444, -34.208578779591974 ], [ -70.658652360121948, -34.209964798566823 ], [ -70.656572825990906, -34.209924164975838 ], [ -70.655397809173593, -34.208497527434048 ], [ -70.65630229000277, -34.207111512279305 ], [ -70.658381796140887, -34.207152130846069 ] ] ] } },
{ "type": "Feature", "properties": { "h3": "89b2c1c1d23ffff", "acc_auto_m2_comercio": 232295.23544433789, "acc_auto_m2_departamento": 74137.706767800119, "acc_auto_n_deporte_y_recreacion": 9.6964720425840696, "acc_auto_n_educacion_y_cultura": 113.60893455025573, "acc_auto_m2_habitacional": 223085.7228218836, "acc_auto_m2_industria": 12747.346591398809, "acc_auto_m2_oficina": 63007.693992801382, "acc_auto_n_salud": 80.455041617267767, "acc_auto_n_paraderos": 52.867918241236225 }, "geometry": { "type": "Polygon", "coordinates": [ [ [ -70.741674810566678, -34.166613282001229 ], [ -70.742850865723696, -34.168040295336866 ], [ -70.74194644889235, -34.169428353759649 ], [ -70.739865985238879, -34.169389395026251 ], [ -70.738689966406142, -34.167962392842021 ], [ -70.739594374901259, -34.166574338239975 ], [ -70.741674810566678, -34.166613282001229 ] ] ] } },
{ "type": "Feature", "properties": { "h3": "89b2c1ce4dbffff", "acc_auto_m2_comercio": 184801.88718154881, "acc_auto_m2_departamento": 98964.286059660764, "acc_auto_n_deporte_y_recreacion": 15.63993756772124, "acc_auto_n_educacion_y_cultura": 120.97063047070571, "acc_auto_m2_habitacional": 405571.22554390592, "acc_auto_m2_industria": 17002.151069550695, "acc_auto_m2_oficina": 32004.529008528312, "acc_auto_n_salud": 45.248992800682664, "acc_auto_n_paraderos": 73.023938014585511 }, "geometry": { "type": "Polygon", "coordinates": [ [ [ -70.737063027253171, -34.183384733835773 ], [ -70.738239096634885, -34.184811466551075 ], [ -70.737334622183425, -34.186199050913544 ], [ -70.735254086694624, -34.186159898746183 ], [ -70.734078053650279, -34.18473317717995 ], [ -70.734982519756031, -34.183345596632194 ], [ -70.737063027253171, -34.183384733835773 ] ] ] } },
{ "type": "Feature", "properties": { "h3": "89b2c1c55a3ffff", "acc_auto_m2_comercio": 1350.6461975830268, "acc_auto_m2_departamento": 1628.0994816733639, "acc_auto_n_deporte_y_recreacion": 0.67763801490547226, "acc_auto_n_educacion_y_cultura": 2.7420820189878072, "acc_auto_m2_habitacional": 20237.478683580794, "acc_auto_m2_industria": 152.12366214410861, "acc_auto_m2_oficina": 274.92281670845136, "acc_auto_n_salud": 0.43339828823357651, "acc_auto_n_paraderos": 0.27612155845287678 }, "geometry": { "type": "Polygon", "coordinates": [ [ [ -70.631538442685098, -34.18697171005919 ], [ -70.632713012996049, -34.188398836610865 ], [ -70.63180862364915, -34.189785024898029 ], [ -70.629729672527574, -34.189744082800111 ], [ -70.628555138741078, -34.188316967481676 ], [ -70.62945951955038, -34.18693078302811 ], [ -70.631538442685098, -34.18697171005919 ] ] ] } },
{ "type": "Feature", "properties": { "h3": "89b2c1c50abffff", "acc_auto_m2_comercio": 1658.4124475302474, "acc_auto_m2_departamento": 1656.3994840279827, "acc_auto_n_deporte_y_recreacion": 0.40286538206070693, "acc_auto_n_educacion_y_cultura": 2.1147059874804528, "acc_auto_m2_habitacional": 40991.27251288078, "acc_auto_m2_industria": 511.64807861773954, "acc_auto_m2_oficina": 198.94767682051344, "acc_auto_n_salud": 0.68900848419049443, "acc_auto_n_paraderos": 0.5195228403858847 }, "geometry": { "type": "Polygon", "coordinates": [ [ [ -70.657570144628153, -34.198713418091351 ], [ -70.658745145833223, -34.200140221690397 ], [ -70.657840688394231, -34.201526440602066 ], [ -70.655761238240018, -34.201485852091125 ], [ -70.65458627351714, -34.200059059699932 ], [ -70.655490722464947, -34.198672844612013 ], [ -70.657570144628153, -34.198713418091351 ] ] ] } },
{ "type": "Feature", "properties": { "h3": "89b2c1c19abffff", "acc_auto_m2_comercio": 169147.90144794685, "acc_auto_m2_departamento": 90909.319483624262, "acc_auto_n_deporte_y_recreacion": 16.063799091443219, "acc_auto_n_educacion_y_cultura": 135.66356410411836, "acc_auto_m2_habitacional": 400611.19951060042, "acc_auto_m2_industria": 16693.174563379103, "acc_auto_m2_oficina": 37715.549094955735, "acc_auto_n_salud": 42.02238873419514, "acc_auto_n_paraderos": 69.209529884098714 }, "geometry": { "type": "Polygon", "coordinates": [ [ [ -70.743033069825088, -34.180687457884673 ], [ -70.744209211864501, -34.18211421289233 ], [ -70.743304741966995, -34.1835019381572 ], [ -70.741224138363407, -34.183462904599935 ], [ -70.740048032650009, -34.182036160737496 ], [ -70.740952494212848, -34.180648439287303 ], [ -70.743033069825088, -34.180687457884673 ] ] ] } },
{ "type": "Feature", "properties": { "h3": "89b2c1c09cfffff", "acc_auto_m2_comercio": 27998.477639417364, "acc_auto_m2_departamento": 18809.067719983774, "acc_auto_n_deporte_y_recreacion": 5.5273554976653276, "acc_auto_n_educacion_y_cultura": 35.881574363406024, "acc_auto_m2_habitacional": 193155.74389312224, "acc_auto_m2_industria": 1163.984094451085, "acc_auto_m2_oficina": 2688.6597306052208, "acc_auto_n_salud": 5.9676079211389688, "acc_auto_n_paraderos": 15.983137340174636 }, "geometry": { "type": "Polygon", "coordinates": [ [ [ -70.688769179581058, -34.16701679088046 ], [ -70.689944477514061, -34.168444027308531 ], [ -70.689040107620301, -34.169831421076907 ], [ -70.686960448224568, -34.169791574586526 ], [ -70.685785186709325, -34.168364349352544 ], [ -70.686689548170733, -34.166976959415052 ], [ -70.688769179581058, -34.16701679088046 ] ] ] } },
{ "type": "Feature", "properties": { "h3": "89b2c1c3273ffff", "acc_auto_m2_comercio": 84.202568751740557, "acc_auto_m2_departamento": 81.464039000776623, "acc_auto_n_deporte_y_recreacion": 0.011132821923020423, "acc_auto_n_educacion_y_cultura": 2.4522885394579403, "acc_auto_m2_habitacional": 2190.7060076652988, "acc_auto_m2_industria": 30.352474085453554, "acc_auto_m2_oficina": 46.466041324436084, "acc_auto_n_salud": 0.010870908812998221, "acc_auto_n_paraderos": 0.036491565531139449 }, "geometry": { "type": "Polygon", "coordinates": [ [ [ -70.809777842084586, -34.097563555150288 ], [ -70.810954541367764, -34.098991507063033 ], [ -70.8100503184736, -34.100382121745326 ], [ -70.807969404502586, -34.100344780679322 ], [ -70.806792741402688, -34.098916839887629 ], [ -70.807696956089174, -34.09752622904108 ], [ -70.809777842084586, -34.097563555150288 ] ] ] } },
{ "type": "Feature", "properties": { "h3": "89b2c1c084fffff", "acc_auto_m2_comercio": 116808.27457665255, "acc_auto_m2_departamento": 121919.95080037232, "acc_auto_n_deporte_y_recreacion": 15.600565807195832, "acc_auto_n_educacion_y_cultura": 105.72024041970275, "acc_auto_m2_habitacional": 426038.26585396903, "acc_auto_m2_industria": 6093.5827498309181, "acc_auto_m2_oficina": 15357.251125309343, "acc_auto_n_salud": 30.217573792935873, "acc_auto_n_paraderos": 106.21495274994139 }, "geometry": { "type": "Polygon", "coordinates": [ [ [ -70.713456005437777, -34.164677148573276 ], [ -70.714631646616965, -34.16610431963958 ], [ -70.713727262557498, -34.167492077152282 ], [ -70.711647245704839, -34.167452659771797 ], [ -70.710471640899186, -34.166025499880426 ], [ -70.711376016571293, -34.164637746194785 ], [ -70.713456005437777, -34.164677148573276 ] ] ] } },
{ "type": "Feature", "properties": { "h3": "89b2c1c12bbffff", "acc_auto_m2_comercio": 317.23193580296078, "acc_auto_m2_departamento": 257.07513671192402, "acc_auto_n_deporte_y_recreacion": 0.43727382229540473, "acc_auto_n_educacion_y_cultura": 0.11941214010313402, "acc_auto_m2_habitacional": 1404.3230047945433, "acc_auto_m2_industria": 318.0168473241618, "acc_auto_m2_oficina": 34.724030676341798, "acc_auto_n_salud": 0.054439659598026331, "acc_auto_n_paraderos": 0.14228592492948211 }, "geometry": { "type": "Polygon", "coordinates": [ [ [ -70.826354202902024, -34.140054213766952 ], [ -70.827531342374257, -34.141481331767352 ], [ -70.826626948935981, -34.142871095962846 ], [ -70.824545424204416, -34.142833738343299 ], [ -70.823368320898567, -34.141406631435416 ], [ -70.824272706156535, -34.140016871054776 ], [ -70.826354202902024, -34.140054213766952 ] ] ] } },
{ "type": "Feature", "properties": { "h3": "89b2c1c0bcbffff", "acc_auto_m2_comercio": 146195.38983361042, "acc_auto_m2_departamento": 109012.03160501234, "acc_auto_n_deporte_y_recreacion": 19.443372767133212, "acc_auto_n_educacion_y_cultura": 123.19140266587809, "acc_auto_m2_habitacional": 457110.21576818038, "acc_auto_m2_industria": 6457.9359629928667, "acc_auto_m2_oficina": 17314.331596596981, "acc_auto_n_salud": 58.758188444201501, "acc_auto_n_paraderos": 89.186859806858138 }, "geometry": { "type": "Polygon", "coordinates": [ [ [ -70.714541074440348, -34.175936153374522 ], [ -70.71571678510287, -34.177363117919526 ], [ -70.71481235857668, -34.178750608922599 ], [ -70.712732229772769, -34.178711131558728 ], [ -70.711556555485203, -34.177284178183719 ], [ -70.712460973625241, -34.175896691002812 ], [ -70.714541074440348, -34.175936153374522 ] ] ] } },
{ "type": "Feature", "properties": { "h3": "89b2c1c182bffff", "acc_auto_m2_comercio": 47073.354347473163, "acc_auto_m2_departamento": 20638.444654364237, "acc_auto_n_deporte_y_recreacion": 4.2956203802431885, "acc_auto_n_educacion_y_cultura": 50.290299654977474, "acc_auto_m2_habitacional": 275688.82686703978, "acc_auto_m2_industria": 11120.771393363948, "acc_auto_m2_oficina": 10295.158402787511, "acc_auto_n_salud": 9.0986265662903172, "acc_auto_n_paraderos": 54.252447072568593 }, "geometry": { "type": "Polygon", "coordinates": [ [ [ -70.767730472556664, -34.178338207713068 ], [ -70.768906957142889, -34.179764896733964 ], [ -70.7680024738317, -34.181152985677805 ], [ -70.76592151422247, -34.181114381790209 ], [ -70.76474506591785, -34.179687703895418 ], [ -70.765649540939449, -34.178299618762338 ], [ -70.767730472556664, -34.178338207713068 ] ] ] } },
{ "type": "Feature", "properties": { "h3": "89b2c1c5423ffff", "acc_auto_m2_comercio": 2431.8991545642129, "acc_auto_m2_departamento": 1499.1365247916972, "acc_auto_n_deporte_y_recreacion": 0.83326038321255702, "acc_auto_n_educacion_y_cultura": 3.9284118199187148, "acc_auto_m2_habitacional": 41216.0738288543, "acc_auto_m2_industria": 526.27170002148353, "acc_auto_m2_oficina": 441.2415983774091, "acc_auto_n_salud": 0.93725138291068755, "acc_auto_n_paraderos": 0.60873046792798124 }, "geometry": { "type": "Polygon", "coordinates": [ [ [ -70.656217526860857, -34.184646531902729 ], [ -70.657392441249058, -34.186073593502755 ], [ -70.656488036940047, -34.187460145604142 ], [ -70.654408726734161, -34.187419632275834 ], [ -70.653233848826318, -34.185992581889863 ], [ -70.654138244642652, -34.18460603361833 ], [ -70.656217526860857, -34.184646531902729 ] ] ] } },
{ "type": "Feature", "properties": { "h3": "89b2c1c5427ffff", "acc_auto_m2_comercio": 3074.4801397391257, "acc_auto_m2_departamento": 1942.123837508276, "acc_auto_n_deporte_y_recreacion": 0.98502819833870503, "acc_auto_n_educacion_y_cultura": 4.9585275115564436, "acc_auto_m2_habitacional": 43259.557600610686, "acc_auto_m2_industria": 732.48323011747482, "acc_auto_m2_oficina": 522.51420575403847, "acc_auto_n_salud": 1.250387454682014, "acc_auto_n_paraderos": 0.83508366073308848 }, "geometry": { "type": "Polygon", "coordinates": [ [ [ -70.653233848826318, -34.185992581889863 ], [ -70.654408726734161, -34.187419632275834 ], [ -70.65350432029193, -34.188806113914467 ], [ -70.651425044438724, -34.188765541337482 ], [ -70.65025020301691, -34.187338502167528 ], [ -70.651154600960922, -34.185952024358741 ], [ -70.653233848826318, -34.185992581889863 ] ] ] } },
{ "type": "Feature", "properties": { "h3": "89b2c1c182fffff", "acc_auto_m2_comercio": 56350.901642946745, "acc_auto_m2_departamento": 24625.113242436699, "acc_auto_n_deporte_y_recreacion": 5.9215501102831176, "acc_auto_n_educacion_y_cultura": 57.047236929162771, "acc_auto_m2_habitacional": 307941.63582291204, "acc_auto_m2_industria": 13106.05288944425, "acc_auto_m2_oficina": 12500.633104432791, "acc_auto_n_salud": 11.164910089651539, "acc_auto_n_paraderos": 61.706696478883138 }, "geometry": { "type": "Polygon", "coordinates": [ [ [ -70.76474506591785, -34.179687703895418 ], [ -70.76592151422247, -34.181114381790209 ], [ -70.765017028590179, -34.182502400287056 ], [ -70.762936102946981, -34.182463737078521 ], [ -70.761759690929651, -34.181037070311739 ], [ -70.762664168266838, -34.179649055625688 ], [ -70.76474506591785, -34.179687703895418 ] ] ] } },
{ "type": "Feature", "properties": { "h3": "89b2c1c0853ffff", "acc_auto_m2_comercio": 82350.167042536807, "acc_auto_m2_departamento": 125869.28294045344, "acc_auto_n_deporte_y_recreacion": 14.915585456194172, "acc_auto_n_educacion_y_cultura": 81.656292977906915, "acc_auto_m2_habitacional": 369269.32709940756, "acc_auto_m2_industria": 5606.999053606186, "acc_auto_m2_oficina": 11520.428515232279, "acc_auto_n_salud": 20.531006085517713, "acc_auto_n_paraderos": 100.54881792009969 }, "geometry": { "type": "Polygon", "coordinates": [ [ [ -70.71291351145878, -34.159046936695837 ], [ -70.714089117899007, -34.160474210996448 ], [ -70.713184755071623, -34.161862101752348 ], [ -70.711104794190661, -34.161822714378296 ], [ -70.709929224123286, -34.160395451255084 ], [ -70.710833578562699, -34.159007564328689 ], [ -70.71291351145878, -34.159046936695837 ] ] ] } },
{ "type": "Feature", "properties": { "h3": "89b2c1c50afffff", "acc_auto_m2_comercio": 1606.9855451279889, "acc_auto_m2_departamento": 1229.7445130929491, "acc_auto_n_deporte_y_recreacion": 0.4562841614925755, "acc_auto_n_educacion_y_cultura": 2.3542172508777108, "acc_auto_m2_habitacional": 30894.464048189879, "acc_auto_m2_industria": 472.24239509814947, "acc_auto_m2_oficina": 225.01996962039055, "acc_auto_n_salud": 0.77163510203031305, "acc_auto_n_paraderos": 0.53184450902674907 }, "geometry": { "type": "Polygon", "coordinates": [ [ [ -70.65458627351714, -34.200059059699932 ], [ -70.655761238240018, -34.201485852091125 ], [ -70.654856778665319, -34.202872000536544 ], [ -70.652777362863077, -34.20283135276722 ], [ -70.651602434628003, -34.201404571585805 ], [ -70.652506885706018, -34.200018426964128 ], [ -70.65458627351714, -34.200059059699932 ] ] ] } },
{ "type": "Feature", "properties": { "h3": "89b2c1c73dbffff", "acc_auto_m2_comercio": 6166.5261621959817, "acc_auto_m2_departamento": 4955.1121022826856, "acc_auto_n_deporte_y_recreacion": 2.1646523360568564, "acc_auto_n_educacion_y_cultura": 12.471309881973109, "acc_auto_m2_habitacional": 123313.21586074277, "acc_auto_m2_industria": 370.95826390220014, "acc_auto_m2_oficina": 959.273941862225, "acc_auto_n_salud": 1.1392444489425686, "acc_auto_n_paraderos": 1.7375524618784988 }, "geometry": { "type": "Polygon", "coordinates": [ [ [ -70.6478166103972, -34.162012130001671 ], [ -70.6489912955834, -34.163439633274749 ], [ -70.64808698264288, -34.164826644082915 ], [ -70.6460079930212, -34.164786147777306 ], [ -70.64483334432343, -34.163358655733319 ], [ -70.645737648757589, -34.161971648766034 ], [ -70.6478166103972, -34.162012130001671 ] ] ] } },
{ "type": "Feature", "properties": { "h3": "89b2c1c0bc7ffff", "acc_auto_m2_comercio": 82437.78764157898, "acc_auto_m2_departamento": 63316.494170672224, "acc_auto_n_deporte_y_recreacion": 11.097721817439462, "acc_auto_n_educacion_y_cultura": 75.76177892626815, "acc_auto_m2_habitacional": 309190.32910558936, "acc_auto_m2_industria": 3406.4869631781562, "acc_auto_m2_oficina": 9383.9813680165262, "acc_auto_n_salud": 29.202861049401697, "acc_auto_n_paraderos": 44.129675844450325 }, "geometry": { "type": "Polygon", "coordinates": [ [ [ -70.708300868283203, -34.175817662693177 ], [ -70.709476488819348, -34.177244656530704 ], [ -70.708572068453492, -34.178632073258399 ], [ -70.706492035947591, -34.178592492325294 ], [ -70.705316451797373, -34.177165509662828 ], [ -70.706220863765779, -34.175778096758599 ], [ -70.708300868283203, -34.175817662693177 ] ] ] } },
{ "type": "Feature", "properties": { "h3": "89b2c1c1da3ffff", "acc_auto_m2_comercio": 134128.51266114417, "acc_auto_m2_departamento": 99824.053321407089, "acc_auto_n_deporte_y_recreacion": 18.410410959504162, "acc_auto_n_educacion_y_cultura": 123.71326745757658, "acc_auto_m2_habitacional": 313687.07603843661, "acc_auto_m2_industria": 10736.3561416334, "acc_auto_m2_oficina": 33333.653835313016, "acc_auto_n_salud": 52.167756542296573, "acc_auto_n_paraderos": 65.427052033767211 }, "geometry": { "type": "Polygon", "coordinates": [ [ [ -70.73787520780165, -34.159516712721818 ], [ -70.739051174511403, -34.160943869846463 ], [ -70.738146787241888, -34.1623320576957 ], [ -70.73606644160391, -34.162293084596058 ], [ -70.734890511223043, -34.160865938628447 ], [ -70.735794890149947, -34.159477754603621 ], [ -70.73787520780165, -34.159516712721818 ] ] ] } },
{ "type": "Feature", "properties": { "h3": "89b2c1c0dc7ffff", "acc_auto_m2_comercio": 707.83899941830589, "acc_auto_m2_departamento": 1673.9702171444189, "acc_auto_n_deporte_y_recreacion": 0.18319268342458436, "acc_auto_n_educacion_y_cultura": 0.82320545527956079, "acc_auto_m2_habitacional": 5812.726376800184, "acc_auto_m2_industria": 49.920637880631297, "acc_auto_m2_oficina": 95.405185750121262, "acc_auto_n_salud": 0.17258858238170485, "acc_auto_n_paraderos": 1.2139705118759558 }, "geometry": { "type": "Polygon", "coordinates": [ [ [ -70.683618314041581, -34.145843705641568 ], [ -70.684793436648022, -34.147271343512848 ], [ -70.683889149521548, -34.148659199758427 ], [ -70.681809748227522, -34.148619414292227 ], [ -70.680634662041683, -34.147191787626817 ], [ -70.681538940727904, -34.145803935221934 ], [ -70.683618314041581, -34.145843705641568 ] ] ] } },
{ "type": "Feature", "properties": { "h3": "89b2c1c5623ffff", "acc_auto_m2_comercio": 20164.940230259432, "acc_auto_m2_departamento": 12771.64752350319, "acc_auto_n_deporte_y_recreacion": 4.3635124099831986, "acc_auto_n_educacion_y_cultura": 25.094036741272756, "acc_auto_m2_habitacional": 140162.7417682184, "acc_auto_m2_industria": 6378.5777652430543, "acc_auto_m2_oficina": 3061.3611962481596, "acc_auto_n_salud": 13.627152159093528, "acc_auto_n_paraderos": 8.5997171779574746 }, "geometry": { "type": "Polygon", "coordinates": [ [ [ -70.678999778192775, -34.194917364603562 ], [ -70.680175069349573, -34.196344143355127 ], [ -70.679270605754411, -34.197730722230894 ], [ -70.67719085945312, -34.197690518534081 ], [ -70.676015604739618, -34.196263750974374 ], [ -70.676920059882775, -34.194877175919821 ], [ -70.678999778192775, -34.194917364603562 ] ] ] } },
{ "type": "Feature", "properties": { "h3": "89b2c1c0a4fffff", "acc_auto_m2_comercio": 183347.83852495678, "acc_auto_m2_departamento": 114313.01337062866, "acc_auto_n_deporte_y_recreacion": 16.270353226657225, "acc_auto_n_educacion_y_cultura": 167.27179676582472, "acc_auto_m2_habitacional": 362566.27519445296, "acc_auto_m2_industria": 11884.164377308232, "acc_auto_m2_oficina": 51434.398291140693, "acc_auto_n_salud": 58.323624341107106, "acc_auto_n_paraderos": 73.635897590643324 }, "geometry": { "type": "Polygon", "coordinates": [ [ [ -70.736248283033476, -34.174941072775077 ], [ -70.73742430028652, -34.176367960492904 ], [ -70.736519857678459, -34.177755744760212 ], [ -70.734439406162608, -34.177716637491542 ], [ -70.733263425245894, -34.176289760926487 ], [ -70.734167859507323, -34.174901980477536 ], [ -70.736248283033476, -34.174941072775077 ] ] ] } },
{ "type": "Feature", "properties": { "h3": "89b2c1c7263ffff", "acc_auto_m2_comercio": 23802.461254709273, "acc_auto_m2_departamento": 14604.60587500564, "acc_auto_n_deporte_y_recreacion": 5.8933579796317792, "acc_auto_n_educacion_y_cultura": 32.230809854115471, "acc_auto_m2_habitacional": 303661.48283934366, "acc_auto_m2_industria": 860.71195407084758, "acc_auto_m2_oficina": 2827.8190850132241, "acc_auto_n_salud": 4.550051660749304, "acc_auto_n_paraderos": 10.355082809683855 }, "geometry": { "type": "Polygon", "coordinates": [ [ [ -70.663815725662744, -34.166536536913419 ], [ -70.664990662647071, -34.167963890054018 ], [ -70.664086317884852, -34.169350986670388 ], [ -70.662007044614583, -34.169310726310464 ], [ -70.660832144091856, -34.167883384384339 ], [ -70.661736480376419, -34.166496291603877 ], [ -70.663815725662744, -34.166536536913419 ] ] ] } },
{ "type": "Feature", "properties": { "h3": "89b2c1c1c27ffff", "acc_auto_m2_comercio": 63325.452385753757, "acc_auto_m2_departamento": 39280.536944637119, "acc_auto_n_deporte_y_recreacion": 3.9980383130824193, "acc_auto_n_educacion_y_cultura": 28.733809782422853, "acc_auto_m2_habitacional": 148484.56779956244, "acc_auto_m2_industria": 13500.04996347218, "acc_auto_m2_oficina": 11137.601663347858, "acc_auto_n_salud": 18.855149288826997, "acc_auto_n_paraderos": 40.030235055452692 }, "geometry": { "type": "Polygon", "coordinates": [ [ [ -70.759584542064403, -34.158515892367824 ], [ -70.760760815047632, -34.159942972571343 ], [ -70.75985641198308, -34.161331453661752 ], [ -70.757775744237009, -34.161292850728294 ], [ -70.756599507543953, -34.159865781664628 ], [ -70.75750390230543, -34.158477304394751 ], [ -70.759584542064403, -34.158515892367824 ] ] ] } },
{ "type": "Feature", "properties": { "h3": "89b2c1c0c4bffff", "acc_auto_m2_comercio": 46280.632499487721, "acc_auto_m2_departamento": 77619.750079881691, "acc_auto_n_deporte_y_recreacion": 7.929977061657663, "acc_auto_n_educacion_y_cultura": 44.599212657778679, "acc_auto_m2_habitacional": 171903.75313105813, "acc_auto_m2_industria": 4995.3944966817799, "acc_auto_m2_oficina": 7291.5573647758401, "acc_auto_n_salud": 10.338509450121292, "acc_auto_n_paraderos": 43.91740965225771 }, "geometry": { "type": "Polygon", "coordinates": [ [ [ -70.714541520943854, -34.143620285697132 ], [ -70.715717076909812, -34.145047829188243 ], [ -70.714812769389837, -34.146436123462728 ], [ -70.712732914286519, -34.146396870410705 ], [ -70.711557394685954, -34.144969338101227 ], [ -70.712461693821965, -34.143581047662352 ], [ -70.714541520943854, -34.143620285697132 ] ] ] } },
{ "type": "Feature", "properties": { "h3": "89b2c1c54a7ffff", "acc_auto_m2_comercio": 19935.393051766732, "acc_auto_m2_departamento": 12931.963214474268, "acc_auto_n_deporte_y_recreacion": 7.9538617326179999, "acc_auto_n_educacion_y_cultura": 34.627167061953074, "acc_auto_m2_habitacional": 254393.68651467023, "acc_auto_m2_industria": 1736.3227035738239, "acc_auto_m2_oficina": 3936.7599368048786, "acc_auto_n_salud": 5.9695714103554982, "acc_auto_n_paraderos": 4.1503258805056014 }, "geometry": { "type": "Polygon", "coordinates": [ [ [ -70.649438944871278, -34.178897441848356 ], [ -70.650613734210523, -34.180324635758858 ], [ -70.649709357518617, -34.181711246829039 ], [ -70.647630199990729, -34.181670660155362 ], [ -70.646455447142088, -34.180243477466512 ], [ -70.647359815329395, -34.178856870229858 ], [ -70.649438944871278, -34.178897441848356 ] ] ] } },
{ "type": "Feature", "properties": { "h3": "89b2c1c18afffff", "acc_auto_m2_comercio": 72557.839055780249, "acc_auto_m2_departamento": 29013.396172842473, "acc_auto_n_deporte_y_recreacion": 6.2015229363385309, "acc_auto_n_educacion_y_cultura": 69.864015402834113, "acc_auto_m2_habitacional": 290338.16963186907, "acc_auto_m2_industria": 14492.064935637989, "acc_auto_m2_oficina": 15782.167936168471, "acc_auto_n_salud": 17.56689364890736, "acc_auto_n_paraderos": 60.452561095762192 }, "geometry": { "type": "Polygon", "coordinates": [ [ [ -70.760943959339599, -34.172592515898046 ], [ -70.762120319215796, -34.17401933773651 ], [ -70.761215863100389, -34.175407485690648 ], [ -70.759135055409004, -34.175368807992044 ], [ -70.757958731824729, -34.173941997287223 ], [ -70.758863179638595, -34.172553853147591 ], [ -70.760943959339599, -34.172592515898046 ] ] ] } },
{ "type": "Feature", "properties": { "h3": "89b2c1c08d3ffff", "acc_auto_m2_comercio": 38637.435296263277, "acc_auto_m2_departamento": 90471.174826249087, "acc_auto_n_deporte_y_recreacion": 9.3384926352846023, "acc_auto_n_educacion_y_cultura": 46.485561917216167, "acc_auto_m2_habitacional": 262025.6333908723, "acc_auto_m2_industria": 2921.2101832483963, "acc_auto_m2_oficina": 5071.1981357132354, "acc_auto_n_salud": 9.8533627369458827, "acc_auto_n_paraderos": 65.285894739590972 }, "geometry": { "type": "Polygon", "coordinates": [ [ [ -70.709115649600449, -34.15194949161738 ], [ -70.710291167563781, -34.153376909555412 ], [ -70.709386834356252, -34.154764929714794 ], [ -70.707306991578434, -34.154725528103164 ], [ -70.706131509992517, -34.153298121348165 ], [ -70.70703583480568, -34.151910105021976 ], [ -70.709115649600449, -34.15194949161738 ] ] ] } },
{ "type": "Feature", "properties": { "h3": "89b2c1c1e23ffff", "acc_auto_m2_comercio": 17515.294972378684, "acc_auto_m2_departamento": 19765.373735486261, "acc_auto_n_deporte_y_recreacion": 1.1143511190697453, "acc_auto_n_educacion_y_cultura": 7.371751242816603, "acc_auto_m2_habitacional": 50243.067526598345, "acc_auto_m2_industria": 9442.699039834215, "acc_auto_m2_oficina": 2327.7814802193716, "acc_auto_n_salud": 2.7843188245885977, "acc_auto_n_paraderos": 10.562251650281627 }, "geometry": { "type": "Polygon", "coordinates": [ [ [ -70.785371350072225, -34.167423119826829 ], [ -70.786548034845083, -34.168849927268639 ], [ -70.785643576172845, -34.170238505509737 ], [ -70.783562440983118, -34.170200272497418 ], [ -70.78238579245739, -34.168773476171374 ], [ -70.783290242872894, -34.167384901742068 ], [ -70.785371350072225, -34.167423119826829 ] ] ] } },
{ "type": "Feature", "properties": { "h3": "89b2c1c0e47ffff", "acc_auto_m2_comercio": 109623.58883270076, "acc_auto_m2_departamento": 112835.53083577963, "acc_auto_n_deporte_y_recreacion": 15.175356191972657, "acc_auto_n_educacion_y_cultura": 105.91466905898325, "acc_auto_m2_habitacional": 315697.85556732106, "acc_auto_m2_industria": 10491.853866560185, "acc_auto_m2_oficina": 20956.150620004086, "acc_auto_n_salud": 27.719547402932072, "acc_auto_n_paraderos": 72.838328782000019 }, "geometry": { "type": "Polygon", "coordinates": [ [ [ -70.73109138027489, -34.153768779985086 ], [ -70.732267222204371, -34.155196069687229 ], [ -70.73136286223901, -34.156584316504627 ], [ -70.729282668697422, -34.156545269791955 ], [ -70.728106863107087, -34.1551179912544 ], [ -70.7290112147179, -34.153729748265135 ], [ -70.73109138027489, -34.153768779985086 ] ] ] } },
{ "type": "Feature", "properties": { "h3": "89b2c1c56a3ffff", "acc_auto_m2_comercio": 19794.624338941532, "acc_auto_m2_departamento": 12846.758360142621, "acc_auto_n_deporte_y_recreacion": 4.4520265677756923, "acc_auto_n_educacion_y_cultura": 26.050323265899827, "acc_auto_m2_habitacional": 211110.30987118717, "acc_auto_m2_industria": 5404.9964905936013, "acc_auto_m2_oficina": 2336.0282486950127, "acc_auto_n_salud": 6.9597790178425551, "acc_auto_n_paraderos": 9.5412186127535357 }, "geometry": { "type": "Polygon", "coordinates": [ [ [ -70.675203278360129, -34.187823213481508 ], [ -70.676378480973014, -34.189250135903592 ], [ -70.675474047076833, -34.190636844235236 ], [ -70.673394419024859, -34.190596626320101 ], [ -70.672219252859847, -34.189169715095545 ], [ -70.6731236782976, -34.187783010588788 ], [ -70.675203278360129, -34.187823213481508 ] ] ] } },
{ "type": "Feature", "properties": { "h3": "89b2c1c0acfffff", "acc_auto_m2_comercio": 194231.25430015437, "acc_auto_m2_departamento": 133922.90317384532, "acc_auto_n_deporte_y_recreacion": 15.959635408268367, "acc_auto_n_educacion_y_cultura": 169.85722688270781, "acc_auto_m2_habitacional": 374794.57810146146, "acc_auto_m2_industria": 11082.130117829985, "acc_auto_m2_oficina": 50150.678409556254, "acc_auto_n_salud": 61.092801056649527, "acc_auto_n_paraderos": 80.865059288410905 }, "geometry": { "type": "Polygon", "coordinates": [ [ [ -70.732448857685242, -34.167845280069329 ], [ -70.733624786478401, -34.169272311593716 ], [ -70.732720373445446, -34.17066022530048 ], [ -70.73064003997105, -34.170621103661041 ], [ -70.729464147518826, -34.169194083295046 ], [ -70.730368552198726, -34.167806173410305 ], [ -70.732448857685242, -34.167845280069329 ] ] ] } },
{ "type": "Feature", "properties": { "h3": "89b2c1c532bffff", "acc_auto_m2_comercio": 687.65957988558466, "acc_auto_m2_departamento": 535.09842528547631, "acc_auto_n_deporte_y_recreacion": 0.13494299820819219, "acc_auto_n_educacion_y_cultura": 0.77764789102021759, "acc_auto_m2_habitacional": 12469.196006522625, "acc_auto_m2_industria": 254.9312191660197, "acc_auto_m2_oficina": 75.974337479343902, "acc_auto_n_salud": 0.32124343743650013, "acc_auto_n_paraderos": 0.26518051311857987 }, "geometry": { "type": "Polygon", "coordinates": [ [ [ -70.663260175060458, -34.225493366235618 ], [ -70.664435386412947, -34.226919664697995 ], [ -70.663530824844159, -34.228305287559195 ], [ -70.661451060404247, -34.228264608146645 ], [ -70.66027588553186, -34.226838320877725 ], [ -70.661180438617947, -34.225452701828097 ], [ -70.663260175060458, -34.225493366235618 ] ] ] } },
{ "type": "Feature", "properties": { "h3": "89b2c1c0067ffff", "acc_auto_m2_comercio": 41429.53340320845, "acc_auto_m2_departamento": 61838.365097621681, "acc_auto_n_deporte_y_recreacion": 6.7767792764702053, "acc_auto_n_educacion_y_cultura": 52.507648678141415, "acc_auto_m2_habitacional": 215310.95653645377, "acc_auto_m2_industria": 11951.155808875908, "acc_auto_m2_oficina": 4528.9553984679014, "acc_auto_n_salud": 6.4081728567002383, "acc_auto_n_paraderos": 43.927682884742524 }, "geometry": { "type": "Polygon", "coordinates": [ [ [ -70.744384535400357, -34.130122627754972 ], [ -70.745560454708254, -34.131550282956248 ], [ -70.744656169771233, -34.132939281634961 ], [ -70.742575973853761, -34.132900621277287 ], [ -70.741400090854526, -34.131472977238353 ], [ -70.742304367462751, -34.13008398239495 ], [ -70.744384535400357, -34.130122627754972 ] ] ] } },
{ "type": "Feature", "properties": { "h3": "89b2c1c1ca7ffff", "acc_auto_m2_comercio": 51125.349376776692, "acc_auto_m2_departamento": 35574.208252277545, "acc_auto_n_deporte_y_recreacion": 4.9616544041597388, "acc_auto_n_educacion_y_cultura": 27.247105370815451, "acc_auto_m2_habitacional": 123438.17586760237, "acc_auto_m2_industria": 11316.554037956514, "acc_auto_m2_oficina": 10765.187645004175, "acc_auto_n_salud": 19.561118598327788, "acc_auto_n_paraderos": 40.120793192426 }, "geometry": { "type": "Polygon", "coordinates": [ [ [ -70.755784054179443, -34.151418632871184 ], [ -70.756960238743162, -34.1528458568975 ], [ -70.756055865201176, -34.154234467405864 ], [ -70.753975315403622, -34.154195850063886 ], [ -70.752799167134711, -34.15276863718303 ], [ -70.753703532367183, -34.151380030498892 ], [ -70.755784054179443, -34.151418632871184 ] ] ] } },
{ "type": "Feature", "properties": { "h3": "89b2c1c0ccbffff", "acc_auto_m2_comercio": 20232.207997587408, "acc_auto_m2_departamento": 35940.74626774896, "acc_auto_n_deporte_y_recreacion": 3.71202973216135, "acc_auto_n_educacion_y_cultura": 19.960940132360445, "acc_auto_m2_habitacional": 84610.34776279713, "acc_auto_m2_industria": 2201.9126787628757, "acc_auto_m2_oficina": 3196.7512161023587, "acc_auto_n_salud": 4.5005924256807663, "acc_auto_n_paraderos": 20.632647063827918 }, "geometry": { "type": "Polygon", "coordinates": [ [ [ -70.710743805646672, -34.136521360523204 ], [ -70.711919273148837, -34.137949047585174 ], [ -70.711014995241626, -34.139337471236182 ], [ -70.708935258221231, -34.139298203986108 ], [ -70.707759827089035, -34.137870528111392 ], [ -70.708664096605901, -34.136482108299681 ], [ -70.710743805646672, -34.136521360523204 ] ] ] } },
{ "type": "Feature", "properties": { "h3": "89b2c1c162fffff", "acc_auto_m2_comercio": 316.45599984846689, "acc_auto_m2_departamento": 247.81976706366231, "acc_auto_n_deporte_y_recreacion": 0.42153083402117375, "acc_auto_n_educacion_y_cultura": 0.1151129942919894, "acc_auto_m2_habitacional": 1206.8221282617046, "acc_auto_m2_industria": 306.56741851511242, "acc_auto_m2_oficina": 33.473875785060898, "acc_auto_n_salud": 0.052479691086291608, "acc_auto_n_paraderos": 0.13716326371918058 }, "geometry": { "type": "Polygon", "coordinates": [ [ [ -70.82553600552491, -34.131602857299143 ], [ -70.826713092838389, -34.133030130399852 ], [ -70.825808731196716, -34.134420094428755 ], [ -70.823727290421417, -34.13438278153864 ], [ -70.822550239273241, -34.132955519534107 ], [ -70.823454592733682, -34.131565559323718 ], [ -70.82553600552491, -34.131602857299143 ] ] ] } },
{ "type": "Feature", "properties": { "h3": "89b2c1c192fffff", "acc_auto_m2_comercio": 70837.774043276469, "acc_auto_m2_departamento": 41225.887405392983, "acc_auto_n_deporte_y_recreacion": 5.7666039536765004, "acc_auto_n_educacion_y_cultura": 50.147614704616963, "acc_auto_m2_habitacional": 181592.43524307848, "acc_auto_m2_industria": 6630.1180602132936, "acc_auto_m2_oficina": 11904.524891906178, "acc_auto_n_salud": 15.52156748368364, "acc_auto_n_paraderos": 32.177223989423197 }, "geometry": { "type": "Polygon", "coordinates": [ [ [ -70.743848106542927, -34.189130543747517 ], [ -70.745024300717162, -34.190557143705782 ], [ -70.744119798977465, -34.191944669052731 ], [ -70.742039111395954, -34.191905590630583 ], [ -70.740862953548799, -34.190479001813806 ], [ -70.741767446954725, -34.189091480277888 ], [ -70.743848106542927, -34.189130543747517 ] ] ] } },
{ "type": "Feature", "properties": { "h3": "89b2c1c0953ffff", "acc_auto_m2_comercio": 31673.598279308007, "acc_auto_m2_departamento": 21277.97313280862, "acc_auto_n_deporte_y_recreacion": 6.390180264125938, "acc_auto_n_educacion_y_cultura": 39.74363805804289, "acc_auto_m2_habitacional": 216608.28211568849, "acc_auto_m2_industria": 1316.770328942604, "acc_auto_m2_oficina": 3041.5770926434707, "acc_auto_n_salud": 6.7509247615830432, "acc_auto_n_paraderos": 18.081107047155619 }, "geometry": { "type": "Polygon", "coordinates": [ [ [ -70.692024171134705, -34.168483814537687 ], [ -70.693199522846143, -34.169911010555992 ], [ -70.692295144525858, -34.171298408154023 ], [ -70.69021542291928, -34.171258605904299 ], [ -70.689040107620301, -34.169831421076907 ], [ -70.689944477514061, -34.168444027308531 ], [ -70.692024171134705, -34.168483814537687 ] ] ] } },
{ "type": "Feature", "properties": { "h3": "89b2c1c15b7ffff", "acc_auto_m2_comercio": 2032.8841285491171, "acc_auto_m2_departamento": 2369.8383580432228, "acc_auto_n_deporte_y_recreacion": 0.29566366587944914, "acc_auto_n_educacion_y_cultura": 1.4663321309456656, "acc_auto_m2_habitacional": 6637.7934821261324, "acc_auto_m2_industria": 732.00004481168878, "acc_auto_m2_oficina": 222.90615830301755, "acc_auto_n_salud": 0.29520491351274475, "acc_auto_n_paraderos": 1.0832246107340922 }, "geometry": { "type": "Polygon", "coordinates": [ [ [ -70.77450274433761, -34.119429468518575 ], [ -70.775679043794312, -34.120857183618085 ], [ -70.774774771336737, -34.122246820029233 ], [ -70.772694207694357, -34.122208737507336 ], [ -70.771517944489858, -34.12078103354964 ], [ -70.772422208674172, -34.119391400972241 ], [ -70.77450274433761, -34.119429468518575 ] ] ] } },
{ "type": "Feature", "properties": { "h3": "89b2c1c0263ffff", "acc_auto_m2_comercio": 16818.098761656365, "acc_auto_m2_departamento": 16326.518709958147, "acc_auto_n_deporte_y_recreacion": 1.4860239747505155, "acc_auto_n_educacion_y_cultura": 7.4782228081258779, "acc_auto_m2_habitacional": 44628.936299640074, "acc_auto_m2_industria": 5790.441038613023, "acc_auto_m2_oficina": 2149.9895657943898, "acc_auto_n_salud": 3.3574425039741875, "acc_auto_n_paraderos": 8.8389754675197842 }, "geometry": { "type": "Polygon", "coordinates": [ [ [ -70.770164976765741, -34.139033825626207 ], [ -70.771341307964079, -34.140461208649633 ], [ -70.770436967213001, -34.141850304576515 ], [ -70.768356303544721, -34.14181201365367 ], [ -70.767180008612087, -34.14038464176852 ], [ -70.768084341080666, -34.138995549668138 ], [ -70.770164976765741, -34.139033825626207 ] ] ] } },
{ "type": "Feature", "properties": { "h3": "89b2c1c1ea3ffff", "acc_auto_m2_comercio": 23008.496433492473, "acc_auto_m2_departamento": 16236.560075988064, "acc_auto_n_deporte_y_recreacion": 1.3404468188099536, "acc_auto_n_educacion_y_cultura": 10.442904723533639, "acc_auto_m2_habitacional": 64699.617963637182, "acc_auto_m2_industria": 8684.779861400777, "acc_auto_m2_oficina": 3138.3286703068557, "acc_auto_n_salud": 3.8946444749520799, "acc_auto_n_paraderos": 14.501582502262293 }, "geometry": { "type": "Polygon", "coordinates": [ [ [ -70.781569270600514, -34.160326853845518 ], [ -70.782745866979084, -34.161753805256033 ], [ -70.7818414377778, -34.163142512939409 ], [ -70.779760420459752, -34.163104265396996 ], [ -70.778583860332958, -34.161677325107895 ], [ -70.779488281271071, -34.160288621239978 ], [ -70.781569270600514, -34.160326853845518 ] ] ] } },
{ "type": "Feature", "properties": { "h3": "89b2c1c0ec7ffff", "acc_auto_m2_comercio": 68391.117683373654, "acc_auto_m2_departamento": 110203.08198140447, "acc_auto_n_deporte_y_recreacion": 11.593249107036955, "acc_auto_n_educacion_y_cultura": 67.220150749529665, "acc_auto_m2_habitacional": 243700.64567120618, "acc_auto_m2_industria": 7242.0107162706154, "acc_auto_m2_oficina": 11712.085520397535, "acc_auto_n_salud": 16.316243182735672, "acc_auto_n_paraderos": 62.381632449012208 }, "geometry": { "type": "Polygon", "coordinates": [ [ [ -70.727292573553598, -34.146670917121433 ], [ -70.728468327032132, -34.148098350509194 ], [ -70.727563996647532, -34.149486726726678 ], [ -70.725483921144033, -34.1494476657248 ], [ -70.724308204009262, -34.148020243507254 ], [ -70.725212526032877, -34.146631871121599 ], [ -70.727292573553598, -34.146670917121433 ] ] ] } },
{ "type": "Feature", "properties": { "h3": "89b2c1c09cbffff", "acc_auto_m2_comercio": 36010.724805129401, "acc_auto_m2_departamento": 24191.606780499013, "acc_auto_n_deporte_y_recreacion": 7.109103583772109, "acc_auto_n_educacion_y_cultura": 43.587475689102071, "acc_auto_m2_habitacional": 238071.99102260009, "acc_auto_m2_industria": 1497.0782141317177, "acc_auto_m2_oficina": 3458.0660741764823, "acc_auto_n_salud": 7.6753418296751992, "acc_auto_n_paraderos": 20.55698769383498 }, "geometry": { "type": "Polygon", "coordinates": [ [ [ -70.691753204490567, -34.165669102695759 ], [ -70.692928538835702, -34.16709635031598 ], [ -70.692024171134705, -34.168483814537687 ], [ -70.689944477514061, -34.168444027308531 ], [ -70.688769179581058, -34.16701679088046 ], [ -70.689673538855203, -34.165629330489615 ], [ -70.691753204490567, -34.165669102695759 ] ] ] } },
{ "type": "Feature", "properties": { "h3": "89b2c1c0b4fffff", "acc_auto_m2_comercio": 98844.696473692689, "acc_auto_m2_departamento": 69560.163086462126, "acc_auto_n_deporte_y_recreacion": 10.759940152947923, "acc_auto_n_educacion_y_cultura": 76.00537003852898, "acc_auto_m2_habitacional": 277457.24207829364, "acc_auto_m2_industria": 4460.5937284858574, "acc_auto_m2_oficina": 13202.826465960092, "acc_auto_n_salud": 69.996728632211585, "acc_auto_n_paraderos": 48.395854037557605 }, "geometry": { "type": "Polygon", "coordinates": [ [ [ -70.715354947113866, -34.184379165191871 ], [ -70.716530709893604, -34.185805974799813 ], [ -70.715626251515189, -34.18719326590044 ], [ -70.713546038740958, -34.187153743574783 ], [ -70.712370312337228, -34.185726945133112 ], [ -70.713274762330386, -34.184339657851027 ], [ -70.715354947113866, -34.184379165191871 ] ] ] } },
{ "type": "Feature", "properties": { "h3": "89b2c1c19a7ffff", "acc_auto_m2_comercio": 199990.66136061639, "acc_auto_m2_departamento": 108560.85762300747, "acc_auto_n_deporte_y_recreacion": 17.747342914974222, "acc_auto_n_educacion_y_cultura": 114.87833580971591, "acc_auto_m2_habitacional": 411166.34866052167, "acc_auto_m2_industria": 15791.052488701669, "acc_auto_m2_oficina": 29650.295711433493, "acc_auto_n_salud": 48.227984635134057, "acc_auto_n_paraderos": 77.449795076109396 }, "geometry": { "type": "Polygon", "coordinates": [ [ [ -70.736791439084925, -34.180570298449219 ], [ -70.737967491089961, -34.181997082836411 ], [ -70.737063027253171, -34.183384733835773 ], [ -70.734982519756031, -34.183345596632194 ], [ -70.733806504087994, -34.181918823395286 ], [ -70.734710959578763, -34.180531176211865 ], [ -70.736791439084925, -34.180570298449219 ] ] ] } },
{ "type": "Feature", "properties": { "h3": "89b2c1c7363ffff", "acc_auto_m2_comercio": 5545.9977903929293, "acc_auto_m2_departamento": 4981.2454244062874, "acc_auto_n_deporte_y_recreacion": 3.1011969780125845, "acc_auto_n_educacion_y_cultura": 10.987305617525944, "acc_auto_m2_habitacional": 97473.358787860241, "acc_auto_m2_industria": 1022.1817798794818, "acc_auto_m2_oficina": 1073.5271531679425, "acc_auto_n_salud": 1.6294908624019924, "acc_auto_n_paraderos": 1.0849959645332179 }, "geometry": { "type": "Polygon", "coordinates": [ [ [ -70.64293133102413, -34.17596174557471 ], [ -70.644106012658511, -34.17738902017345 ], [ -70.643201652981588, -34.178775623575319 ], [ -70.641122620185115, -34.178734948542633 ], [ -70.639947975051896, -34.177307685171883 ], [ -70.640852326212652, -34.175921085606021 ], [ -70.64293133102413, -34.17596174557471 ] ] ] } },
{ "type": "Feature", "properties": { "h3": "89b2c1c53abffff", "acc_auto_m2_comercio": 1431.713492075361, "acc_auto_m2_departamento": 1119.3159513964954, "acc_auto_n_deporte_y_recreacion": 0.28095254810223874, "acc_auto_n_educacion_y_cultura": 1.6190699733185463, "acc_auto_m2_habitacional": 25764.072442705346, "acc_auto_m2_industria": 530.76911411884885, "acc_auto_m2_oficina": 158.17926078883627, "acc_auto_n_salud": 0.66883175494338287, "acc_auto_n_paraderos": 0.55210823723346969 }, "geometry": { "type": "Polygon", "coordinates": [ [ [ -70.659464092499022, -34.218402092048549 ], [ -70.660639215266499, -34.21982853426239 ], [ -70.659734683436781, -34.221214286628033 ], [ -70.657655037327373, -34.22117359296481 ], [ -70.656479951044588, -34.21974716195011 ], [ -70.657384474385182, -34.218361413399691 ], [ -70.659464092499022, -34.218402092048549 ] ] ] } },
{ "type": "Feature", "properties": { "h3": "89b2c1c5033ffff", "acc_auto_m2_comercio": 2620.1562029705192, "acc_auto_m2_departamento": 2686.138850482268, "acc_auto_n_deporte_y_recreacion": 0.55778201848536813, "acc_auto_n_educacion_y_cultura": 3.0656281721611784, "acc_auto_m2_habitacional": 53787.389816968076, "acc_auto_m2_industria": 874.43519217256437, "acc_auto_m2_oficina": 293.8276723947115, "acc_auto_n_salud": 1.132678365496699, "acc_auto_n_paraderos": 0.90046453094987566 }, "geometry": { "type": "Polygon", "coordinates": [ [ [ -70.657840688394231, -34.201526440602066 ], [ -70.659015706963999, -34.202953192587763 ], [ -70.658111238898385, -34.204339344855725 ], [ -70.656031760752555, -34.204298741315654 ], [ -70.654856778665319, -34.202872000536544 ], [ -70.655761238240018, -34.201485852091125 ], [ -70.657840688394231, -34.201526440602066 ] ] ] } },
{ "type": "Feature", "properties": { "h3": "89b2c1c1d27ffff", "acc_auto_m2_comercio": 205839.98138202366, "acc_auto_m2_departamento": 108172.43356300321, "acc_auto_n_deporte_y_recreacion": 16.938276575155317, "acc_auto_n_educacion_y_cultura": 158.52486202418052, "acc_auto_m2_habitacional": 283048.40954789182, "acc_auto_m2_industria": 11186.332056229608, "acc_auto_m2_oficina": 68375.272860322002, "acc_auto_n_salud": 71.993967398800095, "acc_auto_n_paraderos": 64.488771518687457 }, "geometry": { "type": "Polygon", "coordinates": [ [ [ -70.738689966406142, -34.167962392842021 ], [ -70.739865985238879, -34.169389395026251 ], [ -70.738961566130612, -34.170777383001798 ], [ -70.736881136529973, -34.17073836497255 ], [ -70.735705154027144, -34.169311373941625 ], [ -70.736609564793696, -34.167923389786857 ], [ -70.738689966406142, -34.167962392842021 ] ] ] } },
{ "type": "Feature", "properties": { "h3": "89b2c1c55a7ffff", "acc_auto_m2_comercio": 3174.3083026545446, "acc_auto_m2_departamento": 1311.7846546058722, "acc_auto_n_deporte_y_recreacion": 0.73982688803293828, "acc_auto_n_educacion_y_cultura": 3.5234629469806249, "acc_auto_m2_habitacional": 24616.227840465985, "acc_auto_m2_industria": 417.7237421334093, "acc_auto_m2_oficina": 315.43364738756452, "acc_auto_n_salud": 0.79383919061432873, "acc_auto_n_paraderos": 0.45025254842226453 }, "geometry": { "type": "Polygon", "coordinates": [ [ [ -70.628555138741078, -34.188316967481676 ], [ -70.629729672527574, -34.189744082800111 ], [ -70.628825281088993, -34.191130200620968 ], [ -70.626746364405733, -34.191089199289955 ], [ -70.625571867149375, -34.189662095206693 ], [ -70.626476250044831, -34.188275981219441 ], [ -70.628555138741078, -34.188316967481676 ] ] ] } },
{ "type": "Feature", "properties": { "h3": "89b2c1c19afffff", "acc_auto_m2_comercio": 84711.730496082062, "acc_auto_m2_departamento": 47481.440033818173, "acc_auto_n_deporte_y_recreacion": 6.4367033896228598, "acc_auto_n_educacion_y_cultura": 58.258169671308103, "acc_auto_m2_habitacional": 231566.18176657171, "acc_auto_m2_industria": 12043.807132163849, "acc_auto_m2_oficina": 16144.06393951786, "acc_auto_n_salud": 17.740123691551336, "acc_auto_n_paraderos": 45.295807416493901 }, "geometry": { "type": "Polygon", "coordinates": [ [ [ -70.740048032650009, -34.182036160737496 ], [ -70.741224138363407, -34.183462904599935 ], [ -70.740319666186423, -34.184850559413974 ], [ -70.738239096634885, -34.184811466551075 ], [ -70.737063027253171, -34.183384733835773 ], [ -70.737967491089961, -34.181997082836411 ], [ -70.740048032650009, -34.182036160737496 ] ] ] } },
{ "type": "Feature", "properties": { "h3": "89b2c1c09d3ffff", "acc_auto_m2_comercio": 20793.701714715393, "acc_auto_m2_departamento": 13968.978911574983, "acc_auto_n_deporte_y_recreacion": 4.1050153858307015, "acc_auto_n_educacion_y_cultura": 25.168751056282442, "acc_auto_m2_habitacional": 139359.65354998448, "acc_auto_m2_industria": 864.45907425388998, "acc_auto_m2_oficina": 1996.7938675302737, "acc_auto_n_salud": 4.4319787904410797, "acc_auto_n_paraderos": 11.870237896400035 }, "geometry": { "type": "Polygon", "coordinates": [ [ [ -70.688227343740081, -34.161387175837639 ], [ -70.68940260694248, -34.162814515453881 ], [ -70.688498258287723, -34.164202042465277 ], [ -70.686418654862166, -34.164162226027287 ], [ -70.685243428076816, -34.162734897607592 ], [ -70.686147768298625, -34.161347374429532 ], [ -70.688227343740081, -34.161387175837639 ] ] ] } },
{ "type": "Feature", "properties": { "h3": "89b2c1c0bcfffff", "acc_auto_m2_comercio": 101896.78952784176, "acc_auto_m2_departamento": 76589.275164387102, "acc_auto_n_deporte_y_recreacion": 12.770165906837887, "acc_auto_n_educacion_y_cultura": 92.1576166656548, "acc_auto_m2_habitacional": 356297.70818794728, "acc_auto_m2_industria": 4270.3145840745583, "acc_auto_m2_oficina": 11737.837612891446, "acc_auto_n_salud": 36.994675579629039, "acc_auto_n_paraderos": 59.153537748854141 }, "geometry": { "type": "Polygon", "coordinates": [ [ [ -70.711556555485203, -34.177284178183719 ], [ -70.712732229772769, -34.178711131558728 ], [ -70.711827801015232, -34.180098552108625 ], [ -70.70974770636046, -34.180059015461481 ], [ -70.708572068453492, -34.178632073258399 ], [ -70.709476488819348, -34.177244656530704 ], [ -70.711556555485203, -34.177284178183719 ] ] ] } },
{ "type": "Feature", "properties": { "h3": "89b2c1c542bffff", "acc_auto_m2_comercio": 8332.4701956357239, "acc_auto_m2_departamento": 5359.0392627021365, "acc_auto_n_deporte_y_recreacion": 3.1390321274690387, "acc_auto_n_educacion_y_cultura": 14.364282946653494, "acc_auto_m2_habitacional": 133892.47529037049, "acc_auto_m2_industria": 1322.2641051231449, "acc_auto_m2_oficina": 1594.7098943101405, "acc_auto_n_salud": 2.6198268908080484, "acc_auto_n_paraderos": 2.0103537168381065 }, "geometry": { "type": "Polygon", "coordinates": [ [ [ -70.659471785796981, -34.186114047581164 ], [ -70.660646754022736, -34.187541068800655 ], [ -70.659742341226845, -34.188927624730646 ], [ -70.65766296869073, -34.188887155612733 ], [ -70.656488036940047, -34.187460145604142 ], [ -70.657392441249058, -34.186073593502755 ], [ -70.659471785796981, -34.186114047581164 ] ] ] } },
{ "type": "Feature", "properties": { "h3": "89b2c1c1833ffff", "acc_auto_m2_comercio": 58530.745468676767, "acc_auto_m2_departamento": 25582.215190590861, "acc_auto_n_deporte_y_recreacion": 5.2228657693495713, "acc_auto_n_educacion_y_cultura": 59.42905119928465, "acc_auto_m2_habitacional": 314369.0912834286, "acc_auto_m2_industria": 12961.096614076949, "acc_auto_m2_oficina": 12493.141830934614, "acc_auto_n_salud": 13.708401324643132, "acc_auto_n_paraderos": 65.229492904653739 }, "geometry": { "type": "Polygon", "coordinates": [ [ [ -70.764201160884411, -34.174057956121239 ], [ -70.765377574427134, -34.175484737404005 ], [ -70.764473110015999, -34.176872889171364 ], [ -70.762392240356533, -34.17683425584292 ], [ -70.761215863100389, -34.175407485690648 ], [ -70.762120319215796, -34.17401933773651 ], [ -70.764201160884411, -34.174057956121239 ] ] ] } },
{ "type": "Feature", "properties": { "h3": "89b2c1c0857ffff", "acc_auto_m2_comercio": 88198.623346613895, "acc_auto_m2_departamento": 133003.59642664195, "acc_auto_n_deporte_y_recreacion": 15.866535364847623, "acc_auto_n_educacion_y_cultura": 86.416355294591057, "acc_auto_m2_habitacional": 385964.21772566787, "acc_auto_m2_industria": 5911.175719034256, "acc_auto_m2_oficina": 12483.184751891516, "acc_auto_n_salud": 22.048493301787495, "acc_auto_n_paraderos": 103.39370913064501 }, "geometry": { "type": "Polygon", "coordinates": [ [ [ -70.709929224123286, -34.160395451255084 ], [ -70.711104794190661, -34.161822714378296 ], [ -70.710200429135014, -34.163210534685291 ], [ -70.7081205024041, -34.163171088039704 ], [ -70.706944968715206, -34.161743836095823 ], [ -70.707849325377396, -34.160356019618369 ], [ -70.709929224123286, -34.160395451255084 ] ] ] } },
{ "type": "Feature", "properties": { "h3": "89b2c1c14bbffff", "acc_auto_m2_comercio": 646.48088183383868, "acc_auto_m2_departamento": 625.464777237921, "acc_auto_n_deporte_y_recreacion": 0.085475604567618213, "acc_auto_n_educacion_y_cultura": 1.1290507583873628, "acc_auto_m2_habitacional": 2879.5584910794582, "acc_auto_m2_industria": 233.04029207656885, "acc_auto_m2_oficina": 77.995688783921224, "acc_auto_n_salud": 0.08346468751728435, "acc_auto_n_paraderos": 0.28017502183729875 }, "geometry": { "type": "Polygon", "coordinates": [ [ [ -70.80163973662566, -34.110077631471995 ], [ -70.802816379474606, -34.1115053951264 ], [ -70.801912117625278, -34.112895598782245 ], [ -70.799831221148978, -34.112858034951735 ], [ -70.79865461450143, -34.111430282420507 ], [ -70.799558868127463, -34.110040082596861 ], [ -70.80163973662566, -34.110077631471995 ] ] ] } },
{ "type": "Feature", "properties": { "h3": "89b2c1c0167ffff", "acc_auto_m2_comercio": 30295.043375997546, "acc_auto_m2_departamento": 67564.993559504495, "acc_auto_n_deporte_y_recreacion": 4.057966819241754, "acc_auto_n_educacion_y_cultura": 25.656006604989315, "acc_auto_m2_habitacional": 124491.5831129703, "acc_auto_m2_industria": 4636.775551913408, "acc_auto_m2_oficina": 3667.9166740138617, "acc_auto_n_salud": 4.955036525197861, "acc_auto_n_paraderos": 24.367519104955658 }, "geometry": { "type": "Polygon", "coordinates": [ [ [ -70.723494091050995, -34.139572350247057 ], [ -70.724669756079081, -34.140999927271508 ], [ -70.723765455281452, -34.142388432875173 ], [ -70.721685497821753, -34.142349357619089 ], [ -70.720509869142035, -34.140921791770488 ], [ -70.721414161572284, -34.139533290002326 ], [ -70.723494091050995, -34.139572350247057 ] ] ] } },
{ "type": "Feature", "properties": { "h3": "89b2c1c1da7ffff", "acc_auto_m2_comercio": 137046.53427853849, "acc_auto_m2_departamento": 89547.356601002786, "acc_auto_n_deporte_y_recreacion": 16.325284165641225, "acc_auto_n_educacion_y_cultura": 117.32825976746095, "acc_auto_m2_habitacional": 284835.92259233497, "acc_auto_m2_industria": 9289.4653406245943, "acc_auto_m2_oficina": 36432.393433411431, "acc_auto_n_salud": 52.777031144482024, "acc_auto_n_paraderos": 60.40255694394093 }, "geometry": { "type": "Polygon", "coordinates": [ [ [ -70.734890511223043, -34.160865938628447 ], [ -70.73606644160391, -34.162293084596058 ], [ -70.735162052064013, -34.163681201999459 ], [ -70.733081740490036, -34.163642169611002 ], [ -70.731905846443709, -34.162215034802337 ], [ -70.732810227635454, -34.160826921223375 ], [ -70.734890511223043, -34.160865938628447 ] ] ] } },
{ "type": "Feature", "properties": { "h3": "89b2c1ce45bffff", "acc_auto_m2_comercio": 118032.04750205058, "acc_auto_m2_departamento": 75462.875734181114, "acc_auto_n_deporte_y_recreacion": 8.9907803203562082, "acc_auto_n_educacion_y_cultura": 73.510180393353167, "acc_auto_m2_habitacional": 284778.90264265257, "acc_auto_m2_industria": 11474.773643203851, "acc_auto_m2_oficina": 18655.625139596217, "acc_auto_n_salud": 27.891567170465848, "acc_auto_n_paraderos": 50.941787674408928 }, "geometry": { "type": "Polygon", "coordinates": [ [ [ -70.740862953548799, -34.190479001813806 ], [ -70.742039111395954, -34.191905590630583 ], [ -70.74113460737523, -34.193293045524555 ], [ -70.7390539538453, -34.193253907790911 ], [ -70.737877832330881, -34.191827330117562 ], [ -70.738782328012306, -34.190439879034635 ], [ -70.740862953548799, -34.190479001813806 ] ] ] } },
{ "type": "Feature", "properties": { "h3": "89b2c1c502bffff", "acc_auto_m2_comercio": 7094.3640811687092, "acc_auto_m2_departamento": 5223.988983193557, "acc_auto_n_deporte_y_recreacion": 1.3617407458234692, "acc_auto_n_educacion_y_cultura": 7.8474232317866974, "acc_auto_m2_habitacional": 87498.016606562698, "acc_auto_m2_industria": 2572.5694043438466, "acc_auto_m2_oficina": 766.67446519122086, "acc_auto_n_salud": 3.2417412084676611, "acc_auto_n_paraderos": 2.6759973804259429 }, "geometry": { "type": "Polygon", "coordinates": [ [ [ -70.66136581531245, -34.205806604526998 ], [ -70.662540905090594, -34.207233264475093 ], [ -70.661636417913371, -34.208619353917534 ], [ -70.659556849441444, -34.208578779591974 ], [ -70.658381796140887, -34.207152130846069 ], [ -70.659286274833335, -34.205766045223719 ], [ -70.66136581531245, -34.205806604526998 ] ] ] } },
{ "type": "Feature", "properties": { "h3": "89b2c1c5627ffff", "acc_auto_m2_comercio": 12803.356537382801, "acc_auto_m2_departamento": 8212.7473334683345, "acc_auto_n_deporte_y_recreacion": 2.8641180513016016, "acc_auto_n_educacion_y_cultura": 16.508958331534277, "acc_auto_m2_habitacional": 105760.83877620715, "acc_auto_m2_industria": 4915.213086128686, "acc_auto_m2_oficina": 1628.2160552484947, "acc_auto_n_salud": 6.9556158411682167, "acc_auto_n_paraderos": 5.6350253028388044 }, "geometry": { "type": "Polygon", "coordinates": [ [ [ -70.676015604739618, -34.196263750974374 ], [ -70.67719085945312, -34.197690518534081 ], [ -70.676286393686169, -34.199077026947222 ], [ -70.674206681661929, -34.199036763979628 ], [ -70.673031463397365, -34.197610007613747 ], [ -70.673935920706782, -34.19622350302182 ], [ -70.676015604739618, -34.196263750974374 ] ] ] } },
{ "type": "Feature", "properties": { "h3": "89b2c1c0a53ffff", "acc_auto_m2_comercio": 247843.68576939608, "acc_auto_m2_departamento": 156197.5551271257, "acc_auto_n_deporte_y_recreacion": 21.519621478231468, "acc_auto_n_educacion_y_cultura": 218.45227977489427, "acc_auto_m2_habitacional": 426345.34004540741, "acc_auto_m2_industria": 14787.975414136285, "acc_auto_m2_oficina": 70449.516562031087, "acc_auto_n_salud": 84.300992911780483, "acc_auto_n_paraderos": 95.205757256995994 }, "geometry": { "type": "Polygon", "coordinates": [ [ [ -70.735705154027144, -34.169311373941625 ], [ -70.736881136529973, -34.17073836497255 ], [ -70.735976715149789, -34.172126282500109 ], [ -70.733896319612683, -34.172087205176155 ], [ -70.732720373445446, -34.17066022530048 ], [ -70.733624786478401, -34.169272311593716 ], [ -70.735705154027144, -34.169311373941625 ] ] ] } },
{ "type": "Feature", "properties": { "h3": "89b2c1c7267ffff", "acc_auto_m2_comercio": 17082.745187202996, "acc_auto_m2_departamento": 10822.496199633193, "acc_auto_n_deporte_y_recreacion": 4.3626880129082419, "acc_auto_n_educacion_y_cultura": 25.299800090182401, "acc_auto_m2_habitacional": 242951.05997804439, "acc_auto_m2_industria": 640.89380087443658, "acc_auto_m2_oficina": 2053.9772334754525, "acc_auto_n_salud": 3.2507381536471822, "acc_auto_n_paraderos": 7.1705150917726828 }, "geometry": { "type": "Polygon", "coordinates": [ [ [ -70.660832144091856, -34.167883384384339 ], [ -70.662007044614583, -34.169310726310464 ], [ -70.661102697706696, -34.170697752469778 ], [ -70.659023458757844, -34.170657432867237 ], [ -70.657848594702372, -34.169230102157528 ], [ -70.658752933127133, -34.167843079834114 ], [ -70.660832144091856, -34.167883384384339 ] ] ] } },
{ "type": "Feature", "properties": { "h3": "89b2c1c52afffff", "acc_auto_m2_comercio": 1104.0459230466884, "acc_auto_m2_departamento": 831.57285241830539, "acc_auto_n_deporte_y_recreacion": 0.30077794642906236, "acc_auto_n_educacion_y_cultura": 1.4157132775652408, "acc_auto_m2_habitacional": 14793.573789591739, "acc_auto_m2_industria": 483.1700013603637, "acc_auto_m2_oficina": 132.89320561509305, "acc_auto_n_salud": 0.53019918647509701, "acc_auto_n_paraderos": 0.46973503939251876 }, "geometry": { "type": "Polygon", "coordinates": [ [ [ -70.677369616912458, -34.210328948046794 ], [ -70.67854495846926, -34.211755457414995 ], [ -70.67764043958023, -34.213141632592304 ], [ -70.675560587589061, -34.21310129458648 ], [ -70.674385282482987, -34.21167479640588 ], [ -70.675289792916004, -34.210288625043709 ], [ -70.677369616912458, -34.210328948046794 ] ] ] } },
{ "type": "Feature", "properties": { "h3": "89b2c1c42d3ffff", "acc_auto_m2_comercio": 2807.7106500942427, "acc_auto_m2_departamento": 826.72916805974262, "acc_auto_n_deporte_y_recreacion": 0.46626286220390861, "acc_auto_n_educacion_y_cultura": 2.2206004473514915, "acc_auto_m2_habitacional": 15538.056203210042, "acc_auto_m2_industria": 263.26302918714612, "acc_auto_m2_oficina": 198.79649908019593, "acc_auto_n_salud": 0.50030316433834721, "acc_auto_n_paraderos": 0.28376373627099372 }, "geometry": { "type": "Polygon", "coordinates": [ [ [ -70.625571867149375, -34.189662095206693 ], [ -70.626746364405733, -34.191089199289955 ], [ -70.625841970880515, -34.192475246643788 ], [ -70.623763088646228, -34.192434186080924 ], [ -70.622588627925666, -34.191007093234724 ], [ -70.623493012902244, -34.189621049714518 ], [ -70.625571867149375, -34.189662095206693 ] ] ] } },
{ "type": "Feature", "properties": { "h3": "89b2c1c0363ffff", "acc_auto_m2_comercio": 47270.887238242234, "acc_auto_m2_departamento": 35746.760177768236, "acc_auto_n_deporte_y_recreacion": 3.8948732280978069, "acc_auto_n_educacion_y_cultura": 23.738797716911844, "acc_auto_m2_habitacional": 111688.1075054191, "acc_auto_m2_industria": 10368.4403716327, "acc_auto_m2_oficina": 9863.2680772157019, "acc_auto_n_salud": 17.596507172215269, "acc_auto_n_paraderos": 34.397138077624419 }, "geometry": { "type": "Polygon", "coordinates": [ [ [ -70.749270864426876, -34.148486814266747 ], [ -70.750446941646075, -34.149914119281732 ], [ -70.749542584728914, -34.151302722140379 ], [ -70.74746215891237, -34.151264016157491 ], [ -70.74628611799865, -34.149836722294282 ], [ -70.747190466594645, -34.148448123262376 ], [ -70.749270864426876, -34.148486814266747 ] ] ] } },
{ "type": "Feature", "properties": { "h3": "89b2c1c54abffff", "acc_auto_m2_comercio": 17329.179043968899, "acc_auto_m2_departamento": 11029.931929679129, "acc_auto_n_deporte_y_recreacion": 6.7220087281130256, "acc_auto_n_educacion_y_cultura": 29.862662398828348, "acc_auto_m2_habitacional": 198801.23327188002, "acc_auto_m2_industria": 1504.9254819691157, "acc_auto_m2_oficina": 4434.7296472200778, "acc_auto_n_salud": 4.0611405604246231, "acc_auto_n_paraderos": 3.1013304195224896 }, "geometry": { "type": "Polygon", "coordinates": [ [ [ -70.655676526912202, -34.179018949848526 ], [ -70.656851406576806, -34.18044611461827 ], [ -70.655947023518323, -34.181832799982089 ], [ -70.653867769287146, -34.181792316744087 ], [ -70.652692926102205, -34.180365163190878 ], [ -70.653597300667414, -34.178978481659364 ], [ -70.655676526912202, -34.179018949848526 ] ] ] } },
{ "type": "Feature", "properties": { "h3": "89b2c1c18b3ffff", "acc_auto_m2_comercio": 106453.42239404983, "acc_auto_m2_departamento": 46108.279642927642, "acc_auto_n_deporte_y_recreacion": 7.2388084857688169, "acc_auto_n_educacion_y_cultura": 75.833471564077641, "acc_auto_m2_habitacional": 324313.36029703857, "acc_auto_m2_industria": 22757.803560130491, "acc_auto_m2_oficina": 23442.841929975879, "acc_auto_n_salud": 27.108068953251532, "acc_auto_n_paraderos": 74.02318311821719 }, "geometry": { "type": "Polygon", "coordinates": [ [ [ -70.760400172124506, -34.166962221380459 ], [ -70.76157649724216, -34.168389146578114 ], [ -70.760672062347723, -34.169777427792567 ], [ -70.758591310636433, -34.169738779992656 ], [ -70.75741502180999, -34.168311865931152 ], [ -70.758319448402247, -34.166923588533592 ], [ -70.760400172124506, -34.166962221380459 ] ] ] } },
{ "type": "Feature", "properties": { "h3": "89b2c1c08d7ffff", "acc_auto_m2_comercio": 59206.026474593709, "acc_auto_m2_departamento": 130417.99741283835, "acc_auto_n_deporte_y_recreacion": 13.792287589226428, "acc_auto_n_educacion_y_cultura": 66.472501506655547, "acc_auto_m2_habitacional": 366024.08144088631, "acc_auto_m2_industria": 4149.5616455633954, "acc_auto_m2_oficina": 7890.1799092497195, "acc_auto_n_salud": 14.406362981842177, "acc_auto_n_paraderos": 94.05661360219554 }, "geometry": { "type": "Polygon", "coordinates": [ [ [ -70.706131509992517, -34.153298121348165 ], [ -70.707306991578434, -34.154725528103164 ], [ -70.706402656149137, -34.15611347781504 ], [ -70.704322847532467, -34.156074016938938 ], [ -70.703147402329662, -34.154646621368897 ], [ -70.704051729359065, -34.153258675490228 ], [ -70.706131509992517, -34.153298121348165 ] ] ] } },
{ "type": "Feature", "properties": { "h3": "89b2c1c735bffff", "acc_auto_m2_comercio": 10334.97971526829, "acc_auto_m2_departamento": 8100.0891325164685, "acc_auto_n_deporte_y_recreacion": 4.8294622141069361, "acc_auto_n_educacion_y_cultura": 21.955159436872616, "acc_auto_m2_habitacional": 202245.15149307135, "acc_auto_m2_industria": 850.61555470901726, "acc_auto_m2_oficina": 1970.8169900603102, "acc_auto_n_salud": 2.234550799686255, "acc_auto_n_paraderos": 2.1732164952050583 }, "geometry": { "type": "Polygon", "coordinates": [ [ [ -70.651611161475813, -34.169108907370585 ], [ -70.652785935220379, -34.170536267205584 ], [ -70.651881592530287, -34.171923148612656 ], [ -70.649802484594247, -34.171882666347749 ], [ -70.648627747333549, -34.170455317736199 ], [ -70.649532081523674, -34.169068440166313 ], [ -70.651611161475813, -34.169108907370585 ] ] ] } },
{ "type": "Feature", "properties": { "h3": "89b2c1c0b47ffff", "acc_auto_m2_comercio": 71639.265558545347, "acc_auto_m2_departamento": 52307.446401130765, "acc_auto_n_deporte_y_recreacion": 10.786861186867515, "acc_auto_n_educacion_y_cultura": 72.323485323887596, "acc_auto_m2_habitacional": 253023.83150428763, "acc_auto_m2_industria": 3192.9977356340005, "acc_auto_m2_oficina": 8357.2622532806508, "acc_auto_n_salud": 40.709644556933704, "acc_auto_n_paraderos": 39.945652525600643 }, "geometry": { "type": "Polygon", "coordinates": [ [ [ -70.712099053299156, -34.182912807760538 ], [ -70.713274762330386, -34.184339657851027 ], [ -70.712370312337228, -34.185726945133112 ], [ -70.710290161702545, -34.185687378505129 ], [ -70.709114489052652, -34.184260539584045 ], [ -70.710018930654769, -34.182873256121738 ], [ -70.712099053299156, -34.182912807760538 ] ] ] } },
{ "type": "Feature", "properties": { "h3": "89b2c1c1e27ffff", "acc_auto_m2_comercio": 50597.786535060637, "acc_auto_m2_departamento": 57097.762991199568, "acc_auto_n_deporte_y_recreacion": 3.2191122180193359, "acc_auto_n_educacion_y_cultura": 21.295347658249998, "acc_auto_m2_habitacional": 139844.73544659448, "acc_auto_m2_industria": 27277.854645657029, "acc_auto_m2_oficina": 6724.442301551021, "acc_auto_n_salud": 8.0432770189854477, "acc_auto_n_paraderos": 30.511992813899102 }, "geometry": { "type": "Polygon", "coordinates": [ [ [ -70.78238579245739, -34.168773476171374 ], [ -70.783562440983118, -34.170200272497418 ], [ -70.782657979960192, -34.171588780296801 ], [ -70.780576878672491, -34.171550487958491 ], [ -70.779400266399591, -34.170123702750139 ], [ -70.780304719160227, -34.16873519876259 ], [ -70.78238579245739, -34.168773476171374 ] ] ] } },
{ "type": "Feature", "properties": { "h3": "89b2c1c0e4bffff", "acc_auto_m2_comercio": 139783.59312350885, "acc_auto_m2_departamento": 133339.98330907285, "acc_auto_n_deporte_y_recreacion": 23.467728629682998, "acc_auto_n_educacion_y_cultura": 135.06242061669383, "acc_auto_m2_habitacional": 386222.85571884358, "acc_auto_m2_industria": 12819.254178154746, "acc_auto_m2_oficina": 28548.753339633298, "acc_auto_n_salud": 45.761859719881549, "acc_auto_n_paraderos": 86.233119319548777 }, "geometry": { "type": "Polygon", "coordinates": [ [ [ -70.737332069203802, -34.153885668004271 ], [ -70.738508001167105, -34.155312928400562 ], [ -70.737603635122369, -34.156701249489224 ], [ -70.735523345456244, -34.156662306354924 ], [ -70.734347449821101, -34.155235057118141 ], [ -70.735251807522587, -34.15384673985632 ], [ -70.737332069203802, -34.153885668004271 ] ] ] } },
{ "type": "Feature", "properties": { "h3": "89b2c1c56a7ffff", "acc_auto_m2_comercio": 12203.732535982223, "acc_auto_m2_departamento": 7939.79453321049, "acc_auto_n_deporte_y_recreacion": 2.5756306585625772, "acc_auto_n_educacion_y_cultura": 16.290329674688991, "acc_auto_m2_habitacional": 114530.71284345601, "acc_auto_m2_industria": 3382.7671172923965, "acc_auto_m2_oficina": 1354.1005209233419, "acc_auto_n_salud": 4.2959869476655204, "acc_auto_n_paraderos": 6.1405177147821579 }, "geometry": { "type": "Polygon", "coordinates": [ [ [ -70.672219252859847, -34.189169715095545 ], [ -70.673394419024859, -34.190596626320101 ], [ -70.672489982963427, -34.191983264190497 ], [ -70.67041038919956, -34.191942987011643 ], [ -70.66923525948809, -34.190516086986541 ], [ -70.67013968708558, -34.189129452941046 ], [ -70.672219252859847, -34.189169715095545 ] ] ] } },
{ "type": "Feature", "properties": { "h3": "89b2c1c0ad3ffff", "acc_auto_m2_comercio": 165843.74460283012, "acc_auto_m2_departamento": 127299.69952104206, "acc_auto_n_deporte_y_recreacion": 19.465152541157487, "acc_auto_n_educacion_y_cultura": 157.1558300864892, "acc_auto_m2_habitacional": 369193.53185610188, "acc_auto_m2_industria": 12045.082652361421, "acc_auto_m2_oficina": 42998.505983827738, "acc_auto_n_salud": 62.348131339113273, "acc_auto_n_paraderos": 79.502733079824637 }, "geometry": { "type": "Polygon", "coordinates": [ [ [ -70.731905846443709, -34.162215034802337 ], [ -70.733081740490036, -34.163642169611002 ], [ -70.732177348684743, -34.165030216567843 ], [ -70.73009707118544, -34.164991124891728 ], [ -70.72892121347931, -34.163564001243948 ], [ -70.729825596930951, -34.16217595811159 ], [ -70.731905846443709, -34.162215034802337 ] ] ] } },
{ "type": "Feature", "properties": { "h3": "89b2c1c532fffff", "acc_auto_m2_comercio": 1054.4703888792687, "acc_auto_m2_departamento": 820.53018834310683, "acc_auto_n_deporte_y_recreacion": 0.20692418161440015, "acc_auto_n_educacion_y_cultura": 1.1924601911190815, "acc_auto_m2_habitacional": 18889.879722487727, "acc_auto_m2_industria": 390.9164209654225, "acc_auto_m2_oficina": 116.50050625342558, "acc_auto_n_salud": 0.49260084830773437, "acc_auto_n_paraderos": 0.40663288489033761 }, "geometry": { "type": "Polygon", "coordinates": [ [ [ -70.66027588553186, -34.226838320877725 ], [ -70.661451060404247, -34.228264608146645 ], [ -70.660546496689662, -34.2296501605354 ], [ -70.658466766589584, -34.229609421843833 ], [ -70.657291628202984, -34.228183145770316 ], [ -70.658196183429325, -34.226797597193155 ], [ -70.66027588553186, -34.226838320877725 ] ] ] } },
{ "type": "Feature", "properties": { "h3": "89b2c1c006bffff", "acc_auto_m2_comercio": 36255.554115728868, "acc_auto_m2_departamento": 49756.915088367627, "acc_auto_n_deporte_y_recreacion": 7.0154126259011722, "acc_auto_n_educacion_y_cultura": 37.734026207656321, "acc_auto_m2_habitacional": 121144.24153582941, "acc_auto_m2_industria": 9532.0910511098318, "acc_auto_m2_oficina": 5206.8652342840287, "acc_auto_n_salud": 7.90637549746108, "acc_auto_n_paraderos": 21.930578026998155 }, "geometry": { "type": "Polygon", "coordinates": [ [ [ -70.750625231251803, -34.130238356727759 ], [ -70.751801240531634, -34.131665982638914 ], [ -70.750896949562986, -34.133055055587931 ], [ -70.748816657630599, -34.133016498791953 ], [ -70.747640684648445, -34.131588884038024 ], [ -70.748544967299622, -34.130199814923053 ], [ -70.750625231251803, -34.130238356727759 ] ] ] } },
{ "type": "Feature", "properties": { "h3": "89b2c1c1cabffff", "acc_auto_m2_comercio": 41240.088101306254, "acc_auto_m2_departamento": 35767.883753057293, "acc_auto_n_deporte_y_recreacion": 2.8130023969949942, "acc_auto_n_educacion_y_cultura": 20.882816922808924, "acc_auto_m2_habitacional": 134076.65981514164, "acc_auto_m2_industria": 9327.0125421832599, "acc_auto_m2_oficina": 7405.2510711616296, "acc_auto_n_salud": 12.522313300691911, "acc_auto_n_paraderos": 26.641716558614071 }, "geometry": { "type": "Polygon", "coordinates": [ [ [ -70.762025811531672, -34.151534232740261 ], [ -70.763202086044657, -34.152961427399418 ], [ -70.762297706509955, -34.154350112171272 ], [ -70.760217060759103, -34.154311598461248 ], [ -70.759040822529897, -34.152884414942449 ], [ -70.759945193766441, -34.151495733993528 ], [ -70.762025811531672, -34.151534232740261 ] ] ] } },
{ "type": "Feature", "properties": { "h3": "89b2c1c1933ffff", "acc_auto_m2_comercio": 134725.43568443917, "acc_auto_m2_departamento": 74214.222038223917, "acc_auto_n_deporte_y_recreacion": 12.462755195977993, "acc_auto_n_educacion_y_cultura": 103.75407430599107, "acc_auto_m2_habitacional": 306884.94065597228, "acc_auto_m2_industria": 15272.865026629201, "acc_auto_m2_oficina": 29003.984515172571, "acc_auto_n_salud": 34.627994718162334, "acc_auto_n_paraderos": 55.727327891676318 }, "geometry": { "type": "Polygon", "coordinates": [ [ [ -70.743304741966995, -34.1835019381572 ], [ -70.744480901384222, -34.184928641486096 ], [ -70.743576420872856, -34.186316300113575 ], [ -70.74149578927728, -34.186277251598909 ], [ -70.740319666186423, -34.184850559413974 ], [ -70.741224138363407, -34.183462904599935 ], [ -70.743304741966995, -34.1835019381572 ] ] ] } },
{ "type": "Feature", "properties": { "h3": "89b2c1c0957ffff", "acc_auto_m2_comercio": 41283.922387668048, "acc_auto_m2_departamento": 27642.075294244489, "acc_auto_n_deporte_y_recreacion": 7.6771921250541251, "acc_auto_n_educacion_y_cultura": 49.073135072651318, "acc_auto_m2_habitacional": 262346.78020514513, "acc_auto_m2_industria": 1710.6076951350153, "acc_auto_m2_oficina": 3951.2928455795245, "acc_auto_n_salud": 8.7700820656514473, "acc_auto_n_paraderos": 23.489047536681344 }, "geometry": { "type": "Polygon", "coordinates": [ [ [ -70.689040107620301, -34.169831421076907 ], [ -70.69021542291928, -34.171258605904299 ], [ -70.689311042405734, -34.172645933048251 ], [ -70.687231355023911, -34.172606071535363 ], [ -70.686056076143061, -34.17117889790083 ], [ -70.686960448224568, -34.169791574586526 ], [ -70.689040107620301, -34.169831421076907 ] ] ] } },
{ "type": "Feature", "properties": { "h3": "89b2c1c025bffff", "acc_auto_m2_comercio": 8010.8653154228859, "acc_auto_m2_departamento": 7732.6018170168591, "acc_auto_n_deporte_y_recreacion": 0.61829056942470217, "acc_auto_n_educacion_y_cultura": 3.7626153055380489, "acc_auto_m2_habitacional": 23143.053113791826, "acc_auto_m2_industria": 2234.6245257225505, "acc_auto_m2_oficina": 923.83699911863243, "acc_auto_n_salud": 1.4071173817878542, "acc_auto_n_paraderos": 3.9682320301163481 }, "geometry": { "type": "Polygon", "coordinates": [ [ [ -70.778847971396374, -34.132163756893902 ], [ -70.780024393980241, -34.133591224967034 ], [ -70.779120070837521, -34.134980598803992 ], [ -70.777039333375868, -34.134942500740358 ], [ -70.775862947040309, -34.133515043800955 ], [ -70.77676726191676, -34.132125673791634 ], [ -70.778847971396374, -34.132163756893902 ] ] ] } },
{ "type": "Feature", "properties": { "h3": "89b2c1c1ea7ffff", "acc_auto_m2_comercio": 40713.905850457217, "acc_auto_m2_departamento": 28734.50966122239, "acc_auto_n_deporte_y_recreacion": 2.3722439904257575, "acc_auto_n_educacion_y_cultura": 18.234605326479187, "acc_auto_m2_habitacional": 110873.68822794955, "acc_auto_m2_industria": 15369.812920045126, "acc_auto_m2_oficina": 5554.0296143384849, "acc_auto_n_salud": 6.8925128702624336, "acc_auto_n_paraderos": 25.313366397740083 }, "geometry": { "type": "Polygon", "coordinates": [ [ [ -70.778583860332958, -34.161677325107895 ], [ -70.779760420459752, -34.163104265396996 ], [ -70.77885598891433, -34.164492902640077 ], [ -70.776775005509506, -34.164454595778729 ], [ -70.775598481640188, -34.16302766661294 ], [ -70.776502904916867, -34.161639033185374 ], [ -70.778583860332958, -34.161677325107895 ] ] ] } },
{ "type": "Feature", "properties": { "h3": "89b2c1c0ecbffff", "acc_auto_m2_comercio": 89279.742583140556, "acc_auto_m2_departamento": 101183.74253000242, "acc_auto_n_deporte_y_recreacion": 12.61966750002761, "acc_auto_n_educacion_y_cultura": 96.499043447493534, "acc_auto_m2_habitacional": 283022.88015878119, "acc_auto_m2_industria": 10636.506805285288, "acc_auto_m2_oficina": 15276.689214272141, "acc_auto_n_salud": 22.514168900580461, "acc_auto_n_paraderos": 57.537632502654866 }, "geometry": { "type": "Polygon", "coordinates": [ [ [ -70.733532908414574, -34.146787848027131 ], [ -70.734708751934477, -34.148215252134726 ], [ -70.733804415457556, -34.149603702625747 ], [ -70.731724243809026, -34.149564745178822 ], [ -70.730548436621916, -34.148137352236354 ], [ -70.731452764749179, -34.146748905575869 ], [ -70.733532908414574, -34.146787848027131 ] ] ] } },
{ "type": "Feature", "properties": { "h3": "89b2c1c0b53ffff", "acc_auto_m2_comercio": 124897.30269303963, "acc_auto_m2_departamento": 94439.981188646023, "acc_auto_n_deporte_y_recreacion": 15.129037430228772, "acc_auto_n_educacion_y_cultura": 104.92853560397918, "acc_auto_m2_habitacional": 396109.62829715927, "acc_auto_m2_industria": 5331.589649142592, "acc_auto_m2_oficina": 15056.099709196047, "acc_auto_n_salud": 61.118667947771954, "acc_auto_n_paraderos": 70.937922474928968 }, "geometry": { "type": "Polygon", "coordinates": [ [ [ -70.71481235857668, -34.178750608922599 ], [ -70.715988086611162, -34.180177521826295 ], [ -70.715083649467772, -34.18156494619717 ], [ -70.713003492674417, -34.18152545384357 ], [ -70.711827801015232, -34.180098552108625 ], [ -70.712732229772769, -34.178711131558728 ], [ -70.71481235857668, -34.178750608922599 ] ] ] } },
{ "type": "Feature", "properties": { "h3": "89b2c1c7367ffff", "acc_auto_m2_comercio": 5652.5719812223897, "acc_auto_m2_departamento": 4973.9972383734676, "acc_auto_n_deporte_y_recreacion": 2.9640749708688605, "acc_auto_n_educacion_y_cultura": 11.269585157255838, "acc_auto_m2_habitacional": 97752.992816273458, "acc_auto_m2_industria": 587.55568295606372, "acc_auto_m2_oficina": 1097.0700174396536, "acc_auto_n_salud": 1.6527396060637851, "acc_auto_n_paraderos": 1.1004761329929096 }, "geometry": { "type": "Polygon", "coordinates": [ [ [ -70.639947975051896, -34.177307685171883 ], [ -70.641122620185115, -34.178734948542633 ], [ -70.640218258397525, -34.180121481482416 ], [ -70.638139259997061, -34.180080747215634 ], [ -70.636964651370661, -34.178653495074791 ], [ -70.637869004636585, -34.177266965971029 ], [ -70.639947975051896, -34.177307685171883 ] ] ] } },
{ "type": "Feature", "properties": { "h3": "89b2c1c5037ffff", "acc_auto_m2_comercio": 2147.3374339912189, "acc_auto_m2_departamento": 2244.2669557865743, "acc_auto_n_deporte_y_recreacion": 0.40236210978458214, "acc_auto_n_educacion_y_cultura": 2.3187275387025612, "acc_auto_m2_habitacional": 41057.112370563533, "acc_auto_m2_industria": 760.13327520218184, "acc_auto_m2_oficina": 226.53413014072817, "acc_auto_n_salud": 0.95785768033687191, "acc_auto_n_paraderos": 0.79069379033311249 }, "geometry": { "type": "Polygon", "coordinates": [ [ [ -70.654856778665319, -34.202872000536544 ], [ -70.656031760752555, -34.204298741315654 ], [ -70.655127290550737, -34.205684823116677 ], [ -70.653047846756706, -34.205644160316268 ], [ -70.651872901157645, -34.2042174307457 ], [ -70.652777362863077, -34.20283135276722 ], [ -70.654856778665319, -34.202872000536544 ] ] ] } },
{ "type": "Feature", "properties": { "h3": "89b2c1ce5d7ffff", "acc_auto_m2_comercio": 50530.131603356254, "acc_auto_m2_departamento": 33215.861715862527, "acc_auto_n_deporte_y_recreacion": 10.30782734549987, "acc_auto_n_educacion_y_cultura": 50.781904967686216, "acc_auto_m2_habitacional": 147180.67151378971, "acc_auto_m2_industria": 3126.3555065735814, "acc_auto_m2_oficina": 7324.0044277842653, "acc_auto_n_salud": 49.364355649779078, "acc_auto_n_paraderos": 22.928842433857849 }, "geometry": { "type": "Polygon", "coordinates": [ [ [ -70.709928170601557, -34.192702351965863 ], [ -70.71110389536922, -34.194129035931013 ], [ -70.710199411292194, -34.195516052839444 ], [ -70.708119210841815, -34.195476381966792 ], [ -70.70694352246224, -34.194049709169263 ], [ -70.707847998143578, -34.192662696076972 ], [ -70.709928170601557, -34.192702351965863 ] ] ] } },
{ "type": "Feature", "properties": { "h3": "89b2c1c1d2bffff", "acc_auto_m2_comercio": 226478.28024775005, "acc_auto_m2_departamento": 74174.679821928818, "acc_auto_n_deporte_y_recreacion": 10.071332095947067, "acc_auto_n_educacion_y_cultura": 109.81034812960092, "acc_auto_m2_habitacional": 245906.13322364469, "acc_auto_m2_industria": 14836.252881018507, "acc_auto_m2_oficina": 66301.811324604874, "acc_auto_n_salud": 83.453093715163462, "acc_auto_n_paraderos": 56.284550806018991 }, "geometry": { "type": "Polygon", "coordinates": [ [ [ -70.74493136341934, -34.168079194773199 ], [ -70.746107472270836, -34.16950616760024 ], [ -70.745203047109129, -34.17089422984251 ], [ -70.743122521424951, -34.170855315438438 ], [ -70.74194644889235, -34.169428353759649 ], [ -70.742850865723696, -34.168040295336866 ], [ -70.74493136341934, -34.168079194773199 ] ] ] } },
{ "type": "Feature", "properties": { "h3": "89b2c1c55abffff", "acc_auto_m2_comercio": 1784.1042635366273, "acc_auto_m2_departamento": 2150.5996403152476, "acc_auto_n_deporte_y_recreacion": 0.89510996565259204, "acc_auto_n_educacion_y_cultura": 3.6220886193569766, "acc_auto_m2_habitacional": 26705.718069134993, "acc_auto_m2_industria": 200.94416635665627, "acc_auto_m2_oficina": 363.15281552695001, "acc_auto_n_salud": 0.57248725479010298, "acc_auto_n_paraderos": 0.36473626518307456 }, "geometry": { "type": "Polygon", "coordinates": [ [ [ -70.63479199854531, -34.188439719474452 ], [ -70.635966622733719, -34.189866805687828 ], [ -70.635062224854991, -34.191252997807382 ], [ -70.632983211318347, -34.191212099881355 ], [ -70.63180862364915, -34.189785024898029 ], [ -70.632713012996049, -34.188398836610865 ], [ -70.63479199854531, -34.188439719474452 ] ] ] } },
{ "type": "Feature", "properties": { "h3": "89b2c1c19b3ffff", "acc_auto_m2_comercio": 129617.64842296569, "acc_auto_m2_departamento": 64304.729065113854, "acc_auto_n_deporte_y_recreacion": 27.663267330055415, "acc_auto_n_educacion_y_cultura": 116.08470397684657, "acc_auto_m2_habitacional": 232505.07213076999, "acc_auto_m2_industria": 9544.3490832162315, "acc_auto_m2_oficina": 37883.84454900719, "acc_auto_n_salud": 37.166254967883013, "acc_auto_n_paraderos": 46.27416782119689 }, "geometry": { "type": "Polygon", "coordinates": [ [ [ -70.739504785865549, -34.176407008462974 ], [ -70.74068085682535, -34.177833855667288 ], [ -70.739776405876469, -34.179221643751717 ], [ -70.737695892307258, -34.17918258081491 ], [ -70.736519857678459, -34.177755744760212 ], [ -70.73742430028652, -34.176367960492904 ], [ -70.739504785865549, -34.176407008462974 ] ] ] } },
{ "type": "Feature", "properties": { "h3": "89b2c1c09d7ffff", "acc_auto_m2_comercio": 17529.876799391768, "acc_auto_m2_departamento": 11193.246305545465, "acc_auto_n_deporte_y_recreacion": 3.4777423660768516, "acc_auto_n_educacion_y_cultura": 20.858545126659038, "acc_auto_m2_habitacional": 157391.10220949096, "acc_auto_m2_industria": 689.386687241186, "acc_auto_m2_oficina": 1783.7498880543335, "acc_auto_n_salud": 3.6487486892116405, "acc_auto_n_paraderos": 9.7277000579322763 }, "geometry": { "type": "Polygon", "coordinates": [ [ [ -70.685243428076816, -34.162734897607592 ], [ -70.686418654862166, -34.164162226027287 ], [ -70.685514304020657, -34.165549682586011 ], [ -70.683434734830954, -34.165509806891912 ], [ -70.682259544468337, -34.164082489670697 ], [ -70.683163886871355, -34.162695036945308 ], [ -70.685243428076816, -34.162734897607592 ] ] ] } },
{ "type": "Feature", "properties": { "h3": "89b2c1c094bffff", "acc_auto_m2_comercio": 56863.759301555321, "acc_auto_m2_departamento": 39409.409427971063, "acc_auto_n_deporte_y_recreacion": 8.5492352718963662, "acc_auto_n_educacion_y_cultura": 54.574163719979623, "acc_auto_m2_habitacional": 262607.14253550861, "acc_auto_m2_industria": 2441.7224150419656, "acc_auto_m2_oficina": 5456.425358104736, "acc_auto_n_salud": 12.434638383708084, "acc_auto_n_paraderos": 31.531259667355716 }, "geometry": { "type": "Polygon", "coordinates": [ [ [ -70.69555029741116, -34.172765310567513 ], [ -70.696725720264112, -34.174192414555307 ], [ -70.695821322903882, -34.175579749354895 ], [ -70.693741511109735, -34.175539976339692 ], [ -70.692566124664268, -34.174112883538399 ], [ -70.693470513604083, -34.172725552566007 ], [ -70.69555029741116, -34.172765310567513 ] ] ] } },
{ "type": "Feature", "properties": { "h3": "89b2c1c327bffff", "acc_auto_m2_comercio": 98.15606989500229, "acc_auto_m2_departamento": 94.963728834271876, "acc_auto_n_deporte_y_recreacion": 0.012977680645663419, "acc_auto_n_educacion_y_cultura": 2.8586658204150233, "acc_auto_m2_habitacional": 2087.6081053487501, "acc_auto_m2_industria": 35.382288355145235, "acc_auto_m2_oficina": 54.166090982718877, "acc_auto_n_salud": 0.012672365001320633, "acc_auto_n_paraderos": 0.042538710041177243 }, "geometry": { "type": "Polygon", "coordinates": [ [ [ -70.813035489126406, -34.099028788829763 ], [ -70.814212241965677, -34.100456700231341 ], [ -70.813308010869704, -34.101847318748128 ], [ -70.811227035134934, -34.101810022029021 ], [ -70.8100503184736, -34.100382121745326 ], [ -70.810954541367764, -34.098991507063033 ], [ -70.813035489126406, -34.099028788829763 ] ] ] } },
{ "type": "Feature", "properties": { "h3": "89b2c1c1927ffff", "acc_auto_m2_comercio": 115912.08556436787, "acc_auto_m2_departamento": 79786.833191025042, "acc_auto_n_deporte_y_recreacion": 10.147905247814137, "acc_auto_n_educacion_y_cultura": 81.769216524564854, "acc_auto_m2_habitacional": 291626.40951229678, "acc_auto_m2_industria": 12289.640917953651, "acc_auto_m2_oficina": 21886.616760555258, "acc_auto_n_salud": 27.297324783388529, "acc_auto_n_paraderos": 51.162182517116747 }, "geometry": { "type": "Polygon", "coordinates": [ [ [ -70.740591306485925, -34.187664839774854 ], [ -70.741767446954725, -34.189091480277888 ], [ -70.740862953548799, -34.190479001813806 ], [ -70.738782328012306, -34.190439879034635 ], [ -70.737606223875915, -34.189013249676243 ], [ -70.738510708942258, -34.187625731952593 ], [ -70.740591306485925, -34.187664839774854 ] ] ] } },
{ "type": "Feature", "properties": { "h3": "89b2c1c12c3ffff", "acc_auto_m2_comercio": 64.750296370529639, "acc_auto_m2_departamento": 36.33210320505458, "acc_auto_n_deporte_y_recreacion": 0.061799355020117137, "acc_auto_n_educacion_y_cultura": 0.016876366394876906, "acc_auto_m2_habitacional": 1103.5897901605642, "acc_auto_m2_industria": 44.944917916644265, "acc_auto_m2_oficina": 4.9075032395764726, "acc_auto_n_salud": 0.0076938880837004306, "acc_auto_n_paraderos": 0.020109089409753131 }, "geometry": { "type": "Polygon", "coordinates": [ [ [ -70.838570944361337, -34.137460453709608 ], [ -70.839748245830549, -34.138887564346938 ], [ -70.838843851522356, -34.140277543637268 ], [ -70.836762163901426, -34.14024040847702 ], [ -70.83558489857613, -34.138813308923261 ], [ -70.836489284726454, -34.137423333446399 ], [ -70.838570944361337, -34.137460453709608 ] ] ] } },
{ "type": "Feature", "properties": { "h3": "89b2c1c0bd3ffff", "acc_auto_m2_comercio": 126780.12153801916, "acc_auto_m2_departamento": 83574.028707837875, "acc_auto_n_deporte_y_recreacion": 12.823102488586516, "acc_auto_n_educacion_y_cultura": 90.928199396724253, "acc_auto_m2_habitacional": 331513.44065614365, "acc_auto_m2_industria": 5054.370669755579, "acc_auto_m2_oficina": 13700.278875633801, "acc_auto_n_salud": 33.44046987198201, "acc_auto_n_paraderos": 73.20877469346911 }, "geometry": { "type": "Polygon", "coordinates": [ [ [ -70.711014084685843, -34.171655075540166 ], [ -70.712189724231564, -34.173082132182131 ], [ -70.71128531670881, -34.174469685992129 ], [ -70.709205278031263, -34.174430179335694 ], [ -70.708029674865472, -34.173003133868107 ], [ -70.708934073995934, -34.171615583882762 ], [ -70.711014084685843, -34.171655075540166 ] ] ] } },
{ "type": "Feature", "properties": { "h3": "89b2c1c542fffff", "acc_auto_m2_comercio": 7398.4606843741667, "acc_auto_m2_departamento": 4543.0029828500628, "acc_auto_n_deporte_y_recreacion": 2.4981058173311923, "acc_auto_n_educacion_y_cultura": 11.952879626706403, "acc_auto_m2_habitacional": 109280.01715296591, "acc_auto_m2_industria": 1634.1265528618424, "acc_auto_m2_oficina": 1324.3562265173969, "acc_auto_n_salud": 2.8848857825744068, "acc_auto_n_paraderos": 1.884675212265233 }, "geometry": { "type": "Polygon", "coordinates": [ [ [ -70.656488036940047, -34.187460145604142 ], [ -70.65766296869073, -34.188887155612733 ], [ -70.65675855375612, -34.190273641080005 ], [ -70.65467921556187, -34.190233112710253 ], [ -70.65350432029193, -34.188806113914467 ], [ -70.654408726734161, -34.187419632275834 ], [ -70.656488036940047, -34.187460145604142 ] ] ] } },
{ "type": "Feature", "properties": { "h3": "89b2c1c1837ffff", "acc_auto_m2_comercio": 54228.376498798905, "acc_auto_m2_departamento": 23530.562398129787, "acc_auto_n_deporte_y_recreacion": 5.1373468986721056, "acc_auto_n_educacion_y_cultura": 56.600662717032016, "acc_auto_m2_habitacional": 290077.9428325381, "acc_auto_m2_industria": 12134.753782646923, "acc_auto_m2_oficina": 12051.565969264506, "acc_auto_n_salud": 12.437837888528286, "acc_auto_n_paraderos": 60.248051785302572 }, "geometry": { "type": "Polygon", "coordinates": [ [ [ -70.761215863100389, -34.175407485690648 ], [ -70.762392240356533, -34.17683425584292 ], [ -70.761487773630307, -34.17822233716398 ], [ -70.759406937947915, -34.178183644519684 ], [ -70.758230596984063, -34.17675688549982 ], [ -70.759135055409004, -34.175368807992044 ], [ -70.761215863100389, -34.175407485690648 ] ] ] } },
{ "type": "Feature", "properties": { "h3": "89b2c1c085bffff", "acc_auto_m2_comercio": 92175.536210787905, "acc_auto_m2_departamento": 134975.29926172417, "acc_auto_n_deporte_y_recreacion": 15.324894339289935, "acc_auto_n_educacion_y_cultura": 89.323851519062501, "acc_auto_m2_habitacional": 379814.42764927493, "acc_auto_m2_industria": 6198.9236808121495, "acc_auto_m2_oficina": 13539.489042074632, "acc_auto_n_salud": 23.886126566840463, "acc_auto_n_paraderos": 104.80268389488636 }, "geometry": { "type": "Polygon", "coordinates": [ [ [ -70.716169112919317, -34.160513539097778 ], [ -70.717344773096286, -34.161940772957671 ], [ -70.716440401886786, -34.163328667541833 ], [ -70.714360378881096, -34.163289324438018 ], [ -70.713184755071623, -34.161862101752348 ], [ -70.714089117899007, -34.160474210996448 ], [ -70.716169112919317, -34.160513539097778 ] ] ] } },
{ "type": "Feature", "properties": { "h3": "89b2c1c016bffff", "acc_auto_m2_comercio": 86463.407219816523, "acc_auto_m2_departamento": 83980.569767606226, "acc_auto_n_deporte_y_recreacion": 7.4273619269543216, "acc_auto_n_educacion_y_cultura": 59.941471395311488, "acc_auto_m2_habitacional": 223861.23439712558, "acc_auto_m2_industria": 13466.531977865618, "acc_auto_m2_oficina": 8702.0256784885041, "acc_auto_n_salud": 11.203330333764415, "acc_auto_n_paraderos": 46.611621334931328 }, "geometry": { "type": "Polygon", "coordinates": [ [ [ -70.729734071826911, -34.139689323934249 ], [ -70.730909826903911, -34.141116871704213 ], [ -70.730005520000958, -34.142505451583681 ], [ -70.72792546637578, -34.142466479859138 ], [ -70.726749747636191, -34.141038943259908 ], [ -70.727654046183048, -34.139650367214685 ], [ -70.729734071826911, -34.139689323934249 ] ] ] } },
{ "type": "Feature", "properties": { "h3": "89b2c1c1dabffff", "acc_auto_m2_comercio": 133917.63074023495, "acc_auto_m2_departamento": 78637.682794590233, "acc_auto_n_deporte_y_recreacion": 15.077563033033311, "acc_auto_n_educacion_y_cultura": 106.33655689135, "acc_auto_m2_habitacional": 268321.93930853339, "acc_auto_m2_industria": 10622.861635984091, "acc_auto_m2_oficina": 35385.32285150524, "acc_auto_n_salud": 68.312003683178517, "acc_auto_n_paraderos": 59.147472434138692 }, "geometry": { "type": "Polygon", "coordinates": [ [ [ -70.741131554202681, -34.16098278365611 ], [ -70.742307574609853, -34.162409900292204 ], [ -70.741403179003541, -34.163798091964608 ], [ -70.739322771325519, -34.163759163177943 ], [ -70.738146787241888, -34.1623320576957 ], [ -70.739051174511403, -34.160943869846463 ], [ -70.741131554202681, -34.16098278365611 ] ] ] } },
{ "type": "Feature", "properties": { "h3": "89b2c1c0dcfffff", "acc_auto_m2_comercio": 1570.0823238628611, "acc_auto_m2_departamento": 3713.0916080792545, "acc_auto_n_deporte_y_recreacion": 0.40634606788028615, "acc_auto_n_educacion_y_cultura": 1.8259806754135885, "acc_auto_m2_habitacional": 11822.423529132631, "acc_auto_m2_industria": 110.73070457653412, "acc_auto_m2_oficina": 211.62156348296361, "acc_auto_n_salud": 0.38282474223764268, "acc_auto_n_paraderos": 2.6927502496380464 }, "geometry": { "type": "Polygon", "coordinates": [ [ [ -70.686872872178782, -34.147311069734641 ], [ -70.688048048562536, -34.14873866724438 ], [ -70.687143753001578, -34.150126527329419 ], [ -70.685064289490001, -34.150086786065458 ], [ -70.683889149521548, -34.148659199758427 ], [ -70.684793436648022, -34.147271343512848 ], [ -70.686872872178782, -34.147311069734641 ] ] ] } },
{ "type": "Feature", "properties": { "h3": "89b2c1c0a57ffff", "acc_auto_m2_comercio": 165446.35385132229, "acc_auto_m2_departamento": 124218.19575011218, "acc_auto_n_deporte_y_recreacion": 14.126366495701554, "acc_auto_n_educacion_y_cultura": 153.08759467287732, "acc_auto_m2_habitacional": 361017.25246238027, "acc_auto_m2_industria": 10183.851735316915, "acc_auto_m2_oficina": 42134.573079292422, "acc_auto_n_salud": 55.553321997791983, "acc_auto_n_paraderos": 72.915964699166622 }, "geometry": { "type": "Polygon", "coordinates": [ [ [ -70.732720373445446, -34.17066022530048 ], [ -70.733896319612683, -34.172087205176155 ], [ -70.732991895965569, -34.173475052254986 ], [ -70.730911534502667, -34.173435915637519 ], [ -70.729735624676707, -34.17200894691905 ], [ -70.73064003997105, -34.170621103661041 ], [ -70.732720373445446, -34.17066022530048 ] ] ] } },
{ "type": "Feature", "properties": { "h3": "89b2c1c726bffff", "acc_auto_m2_comercio": 16103.851711996631, "acc_auto_m2_departamento": 9503.4834829314914, "acc_auto_n_deporte_y_recreacion": 5.2649583409612113, "acc_auto_n_educacion_y_cultura": 23.421263900022922, "acc_auto_m2_habitacional": 201644.39009965217, "acc_auto_m2_industria": 805.53045114832219, "acc_auto_m2_oficina": 2270.9931676705173, "acc_auto_n_salud": 3.0411266024659445, "acc_auto_n_paraderos": 5.6170736487384278 }, "geometry": { "type": "Polygon", "coordinates": [ [ [ -70.667069970228127, -34.16800409117014 ], [ -70.668244961030084, -34.169431403948828 ], [ -70.667340607796049, -34.170818504399904 ], [ -70.665261272230509, -34.170778288237784 ], [ -70.664086317884852, -34.169350986670388 ], [ -70.664990662647071, -34.167963890054018 ], [ -70.667069970228127, -34.16800409117014 ] ] ] } },
{ "type": "Feature", "properties": { "h3": "89b2c1c1343ffff", "acc_auto_m2_comercio": 2702.4140406414958, "acc_auto_m2_departamento": 1870.9235032789923, "acc_auto_n_deporte_y_recreacion": 0.15445842262585821, "acc_auto_n_educacion_y_cultura": 7.5066870867870072, "acc_auto_m2_habitacional": 14060.018145140546, "acc_auto_m2_industria": 1004.4412919776425, "acc_auto_m2_oficina": 672.73688460738856, "acc_auto_n_salud": 0.44877620943117769, "acc_auto_n_paraderos": 2.1566678455631605 }, "geometry": { "type": "Polygon", "coordinates": [ [ [ -70.821473186399672, -34.154025085980734 ], [ -70.822650323081916, -34.155451974942018 ], [ -70.821745882407583, -34.156841331801537 ], [ -70.81966431323977, -34.15680379588985 ], [ -70.81848721273667, -34.155376918020011 ], [ -70.819391645220875, -34.153987564970585 ], [ -70.821473186399672, -34.154025085980734 ] ] ] } },
{ "type": "Feature", "properties": { "h3": "89b2c1c0367ffff", "acc_auto_m2_comercio": 75927.940648604213, "acc_auto_m2_departamento": 83150.951372481184, "acc_auto_n_deporte_y_recreacion": 19.278609478315001, "acc_auto_n_educacion_y_cultura": 76.344895248616922, "acc_auto_m2_habitacional": 225723.11144129414, "acc_auto_m2_industria": 9150.8739698978752, "acc_auto_m2_oficina": 15753.603288932358, "acc_auto_n_salud": 27.571478970311475, "acc_auto_n_paraderos": 48.487840625529337 }, "geometry": { "type": "Polygon", "coordinates": [ [ [ -70.74628611799865, -34.149836722294282 ], [ -70.74746215891237, -34.151264016157491 ], [ -70.746557799705826, -34.152652548574778 ], [ -70.744477407910864, -34.152613783302264 ], [ -70.743301403308251, -34.151186500592772 ], [ -70.744205754188158, -34.149797972002261 ], [ -70.74628611799865, -34.149836722294282 ] ] ] } },
{ "type": "Feature", "properties": { "h3": "89b2c1c1c2fffff", "acc_auto_m2_comercio": 108188.93089574216, "acc_auto_m2_departamento": 57484.757062382814, "acc_auto_n_deporte_y_recreacion": 7.8271194886671847, "acc_auto_n_educacion_y_cultura": 61.984984162848512, "acc_auto_m2_habitacional": 291444.40377782349, "acc_auto_m2_industria": 22805.540434673017, "acc_auto_m2_oficina": 23130.453452846104, "acc_auto_n_salud": 39.389380556268769, "acc_auto_n_paraderos": 73.748167535307061 }, "geometry": { "type": "Polygon", "coordinates": [ [ [ -70.762841516771729, -34.159981516200681 ], [ -70.764017843417506, -34.161408555876633 ], [ -70.76311343205569, -34.162797040786359 ], [ -70.761032702344011, -34.162758482201042 ], [ -70.75985641198308, -34.161331453661752 ], [ -70.760760815047632, -34.159942972571343 ], [ -70.762841516771729, -34.159981516200681 ] ] ] } },
{ "type": "Feature", "properties": { "h3": "89b2c1c54afffff", "acc_auto_m2_comercio": 20824.184452554735, "acc_auto_m2_departamento": 14354.900851752051, "acc_auto_n_deporte_y_recreacion": 9.2568017002944849, "acc_auto_n_educacion_y_cultura": 42.078310851257996, "acc_auto_m2_habitacional": 249875.07736526418, "acc_auto_m2_industria": 2332.7589774365179, "acc_auto_m2_oficina": 4544.9118964433164, "acc_auto_n_salud": 6.1795708426832121, "acc_auto_n_paraderos": 3.8467934140651177 }, "geometry": { "type": "Polygon", "coordinates": [ [ [ -70.652692926102205, -34.180365163190878 ], [ -70.653867769287146, -34.181792316744087 ], [ -70.652963384096466, -34.183178931646566 ], [ -70.650884164218283, -34.183138389163751 ], [ -70.649709357518617, -34.181711246829039 ], [ -70.650613734210523, -34.180324635758858 ], [ -70.652692926102205, -34.180365163190878 ] ] ] } },
{ "type": "Feature", "properties": { "h3": "89b2c1c03d7ffff", "acc_auto_m2_comercio": 40049.476858876602, "acc_auto_m2_departamento": 55730.394503789277, "acc_auto_n_deporte_y_recreacion": 7.0585276292514312, "acc_auto_n_educacion_y_cultura": 42.144847028224099, "acc_auto_m2_habitacional": 135772.26243526992, "acc_auto_m2_industria": 9740.4667247436391, "acc_auto_m2_oficina": 5860.5390134001, "acc_auto_n_salud": 9.0538214913228323, "acc_auto_n_paraderos": 24.744286903275501 }, "geometry": { "type": "Polygon", "coordinates": [ [ [ -70.747912364370606, -34.134405501304705 ], [ -70.749088354724478, -34.135833064446508 ], [ -70.748184050855471, -34.137222000355138 ], [ -70.746103764953915, -34.137183369289353 ], [ -70.744927810903732, -34.135755817305515 ], [ -70.745832106450052, -34.134366885229724 ], [ -70.747912364370606, -34.134405501304705 ] ] ] } },
{ "type": "Feature", "properties": { "h3": "89b2c1c18b7ffff", "acc_auto_m2_comercio": 133439.96196087098, "acc_auto_m2_departamento": 51534.84700408257, "acc_auto_n_deporte_y_recreacion": 9.9250666224314834, "acc_auto_n_educacion_y_cultura": 80.806319286650123, "acc_auto_m2_habitacional": 298027.87710189028, "acc_auto_m2_industria": 25246.644588947125, "acc_auto_m2_oficina": 30865.602752122148, "acc_auto_n_salud": 36.173848827109147, "acc_auto_n_paraderos": 68.76999927561458 }, "geometry": { "type": "Polygon", "coordinates": [ [ [ -70.75741502180999, -34.168311865931152 ], [ -70.758591310636433, -34.169738779992656 ], [ -70.757686873433457, -34.171126990762225 ], [ -70.755606155710396, -34.171088283653525 ], [ -70.754429903180849, -34.169661380730069 ], [ -70.755334332076146, -34.168273173777436 ], [ -70.75741502180999, -34.168311865931152 ] ] ] } },
{ "type": "Feature", "properties": { "h3": "89b2c1c08dbffff", "acc_auto_m2_comercio": 38240.229721197327, "acc_auto_m2_departamento": 88526.88311716239, "acc_auto_n_deporte_y_recreacion": 8.7618809090984229, "acc_auto_n_educacion_y_cultura": 45.760546717529877, "acc_auto_m2_habitacional": 230485.86915736442, "acc_auto_m2_industria": 3098.7926252679149, "acc_auto_m2_oficina": 5387.5469115698952, "acc_auto_n_salud": 9.5914391436899198, "acc_auto_n_paraderos": 64.659113786115611 }, "geometry": { "type": "Polygon", "coordinates": [ [ [ -70.712371044492102, -34.153416251901383 ], [ -70.713546616195103, -34.15484362941875 ], [ -70.712642274599034, -34.15623165341006 ], [ -70.710562369687139, -34.156192296052282 ], [ -70.709386834356252, -34.154764929714794 ], [ -70.710291167563781, -34.153376909555412 ], [ -70.712371044492102, -34.153416251901383 ] ] ] } },
{ "type": "Feature", "properties": { "h3": "89b2c1c0e4fffff", "acc_auto_m2_comercio": 90226.758703067171, "acc_auto_m2_departamento": 88815.270910115185, "acc_auto_n_deporte_y_recreacion": 13.159629461610754, "acc_auto_n_educacion_y_cultura": 84.235025060683157, "acc_auto_m2_habitacional": 247904.86328663016, "acc_auto_m2_industria": 7728.0419367727145, "acc_auto_m2_oficina": 19598.442411371143, "acc_auto_n_salud": 30.042883852199676, "acc_auto_n_paraderos": 56.432442282736261 }, "geometry": { "type": "Polygon", "coordinates": [ [ [ -70.734347449821101, -34.155235057118141 ], [ -70.735523345456244, -34.156662306354924 ], [ -70.734618977142162, -34.158050556999207 ], [ -70.732538721540323, -34.158011554580007 ], [ -70.73136286223901, -34.156584316504627 ], [ -70.732267222204371, -34.155196069687229 ], [ -70.734347449821101, -34.155235057118141 ] ] ] } },
{ "type": "Feature", "properties": { "h3": "89b2c1c56abffff", "acc_auto_m2_comercio": 24493.51814866273, "acc_auto_m2_departamento": 15935.575523508647, "acc_auto_n_deporte_y_recreacion": 5.1694230510007735, "acc_auto_n_educacion_y_cultura": 32.695528549010419, "acc_auto_m2_habitacional": 215033.25037152902, "acc_auto_m2_industria": 6789.3873891289913, "acc_auto_m2_oficina": 2717.7493104309588, "acc_auto_n_salud": 8.6222665040236954, "acc_auto_n_paraderos": 12.324334513702658 }, "geometry": { "type": "Polygon", "coordinates": [ [ [ -70.678458143302493, -34.189290294553764 ], [ -70.679633399724352, -34.19071717655379 ], [ -70.678728957375554, -34.192103888709077 ], [ -70.676649267056149, -34.192063715040895 ], [ -70.675474047076833, -34.190636844235236 ], [ -70.676378480973014, -34.189250135903592 ], [ -70.678458143302493, -34.189290294553764 ] ] ] } },
{ "type": "Feature", "properties": { "h3": "89b2c1c0ad7ffff", "acc_auto_m2_comercio": 169923.62520194842, "acc_auto_m2_departamento": 120314.76057930948, "acc_auto_n_deporte_y_recreacion": 16.681878074220847, "acc_auto_n_educacion_y_cultura": 152.46247587796941, "acc_auto_m2_habitacional": 356119.7469636139, "acc_auto_m2_industria": 12086.032918412593, "acc_auto_m2_oficina": 45274.747808650056, "acc_auto_n_salud": 66.726032084614431, "acc_auto_n_paraderos": 79.912831982367607 }, "geometry": { "type": "Polygon", "coordinates": [ [ [ -70.72892121347931, -34.163564001243948 ], [ -70.73009707118544, -34.164991124891728 ], [ -70.729192677119769, -34.16637910140124 ], [ -70.727112433705813, -34.166339950438676 ], [ -70.725936612345592, -34.164912837953715 ], [ -70.726840998052083, -34.163524865268698 ], [ -70.72892121347931, -34.163564001243948 ] ] ] } },
{ "type": "Feature", "properties": { "h3": "89b2c1c5333ffff", "acc_auto_m2_comercio": 1910.1949530083618, "acc_auto_m2_departamento": 1486.4074336216001, "acc_auto_n_deporte_y_recreacion": 0.3748474414680496, "acc_auto_n_educacion_y_cultura": 2.1601663382506389, "acc_auto_m2_habitacional": 32612.220760510823, "acc_auto_m2_industria": 708.15319448646835, "acc_auto_m2_oficina": 211.04308040810452, "acc_auto_n_salud": 0.89235664102921419, "acc_auto_n_paraderos": 0.73662389445597487 }, "geometry": { "type": "Polygon", "coordinates": [ [ [ -70.659734683436781, -34.221214286628033 ], [ -70.660909823572098, -34.222640677197923 ], [ -70.660005281114309, -34.224026362906514 ], [ -70.657925607008679, -34.223985654231392 ], [ -70.656750503358396, -34.222559274859393 ], [ -70.657655037327373, -34.22117359296481 ], [ -70.659734683436781, -34.221214286628033 ] ] ] } },
{ "type": "Feature", "properties": { "h3": "89b2c1c006fffff", "acc_auto_m2_comercio": 32253.751332374981, "acc_auto_m2_departamento": 44809.787974112485, "acc_auto_n_deporte_y_recreacion": 5.7505894974344161, "acc_auto_n_educacion_y_cultura": 33.910349889783937, "acc_auto_m2_habitacional": 111059.79878215127, "acc_auto_m2_industria": 10553.469257966515, "acc_auto_m2_oficina": 4709.383843190687, "acc_auto_n_salud": 7.2598350259099123, "acc_auto_n_paraderos": 19.869191361993849 }, "geometry": { "type": "Polygon", "coordinates": [ [ [ -70.747640684648445, -34.131588884038024 ], [ -70.748816657630599, -34.133016498791953 ], [ -70.747912364370606, -34.134405501304705 ], [ -70.745832106450052, -34.134366885229724 ], [ -70.744656169771233, -34.132939281634961 ], [ -70.745560454708254, -34.131550282956248 ], [ -70.747640684648445, -34.131588884038024 ] ] ] } },
{ "type": "Feature", "properties": { "h3": "89b2c1c1cafffff", "acc_auto_m2_comercio": 68601.630380357252, "acc_auto_m2_departamento": 54313.744780300061, "acc_auto_n_deporte_y_recreacion": 4.9043841142914095, "acc_auto_n_educacion_y_cultura": 35.45022743731159, "acc_auto_m2_habitacional": 198547.87779039957, "acc_auto_m2_industria": 15261.238274954243, "acc_auto_m2_oficina": 13239.177112427047, "acc_auto_n_salud": 22.52680583571728, "acc_auto_n_paraderos": 46.710543253572233 }, "geometry": { "type": "Polygon", "coordinates": [ [ [ -70.759040822529897, -34.152884414942449 ], [ -70.760217060759103, -34.154311598461248 ], [ -70.759312678913417, -34.155700212792603 ], [ -70.75723206714089, -34.155661639782373 ], [ -70.756055865201176, -34.154234467405864 ], [ -70.756960238743162, -34.1528458568975 ], [ -70.759040822529897, -34.152884414942449 ] ] ] } },
{ "type": "Feature", "properties": { "h3": "89b2c1c0ac7ffff", "acc_auto_m2_comercio": 122308.78172482044, "acc_auto_m2_departamento": 111905.55134656448, "acc_auto_n_deporte_y_recreacion": 14.087809757978704, "acc_auto_n_educacion_y_cultura": 99.702632132724005, "acc_auto_m2_habitacional": 339086.2018965052, "acc_auto_m2_industria": 9982.2501966963064, "acc_auto_m2_oficina": 20395.848421962706, "acc_auto_n_salud": 33.269758334242901, "acc_auto_n_paraderos": 81.98580489773525 }, "geometry": { "type": "Polygon", "coordinates": [ [ [ -70.729192677119769, -34.16637910140124 ], [ -70.730368552198726, -34.167806173410305 ], [ -70.729464147518826, -34.169194083295046 ], [ -70.7273838761175, -34.169154917347633 ], [ -70.726208037384794, -34.167727856500129 ], [ -70.727112433705813, -34.166339950438676 ], [ -70.729192677119769, -34.16637910140124 ] ] ] } },
{ "type": "Feature", "properties": { "h3": "89b2c1c1937ffff", "acc_auto_m2_comercio": 79188.339613086413, "acc_auto_m2_departamento": 54421.932826686039, "acc_auto_n_deporte_y_recreacion": 7.3488406987076775, "acc_auto_n_educacion_y_cultura": 59.49410516855751, "acc_auto_m2_habitacional": 208737.7414573977, "acc_auto_m2_industria": 8772.8598427913876, "acc_auto_m2_oficina": 15970.421057207226, "acc_auto_n_salud": 19.146180075512021, "acc_auto_n_paraderos": 37.44153834341698 }, "geometry": { "type": "Polygon", "coordinates": [ [ [ -70.740319666186423, -34.184850559413974 ], [ -70.74149578927728, -34.186277251598909 ], [ -70.740591306485925, -34.187664839774854 ], [ -70.738510708942258, -34.187625731952593 ], [ -70.737334622183425, -34.186199050913544 ], [ -70.738239096634885, -34.184811466551075 ], [ -70.740319666186423, -34.184850559413974 ] ] ] } },
{ "type": "Feature", "properties": { "h3": "89b2c1c095bffff", "acc_auto_m2_comercio": 59679.782675834438, "acc_auto_m2_departamento": 65044.708285049433, "acc_auto_n_deporte_y_recreacion": 11.122856558059635, "acc_auto_n_educacion_y_cultura": 64.062242128182902, "acc_auto_m2_habitacional": 329463.08505331539, "acc_auto_m2_industria": 3171.918473944861, "acc_auto_m2_oficina": 5988.4993636818099, "acc_auto_n_salud": 12.324294523638702, "acc_auto_n_paraderos": 53.821594821548764 }, "geometry": { "type": "Polygon", "coordinates": [ [ [ -70.695279278666774, -34.169950753541336 ], [ -70.696454684152187, -34.171377909141064 ], [ -70.69555029741116, -34.172765310567513 ], [ -70.693470513604083, -34.172725552566007 ], [ -70.692295144525858, -34.171298408154023 ], [ -70.693199522846143, -34.169911010555992 ], [ -70.695279278666774, -34.169950753541336 ] ] ] } },
{ "type": "Feature", "properties": { "h3": "89b2c1c1aa3ffff", "acc_auto_m2_comercio": 17168.092810921829, "acc_auto_m2_departamento": 7251.4379483107277, "acc_auto_n_deporte_y_recreacion": 1.4042494920581838, "acc_auto_n_educacion_y_cultura": 18.486777903439677, "acc_auto_m2_habitacional": 136768.83034915928, "acc_auto_m2_industria": 3648.5617856518384, "acc_auto_m2_oficina": 2984.3671076977425, "acc_auto_n_salud": 3.3624248374611199, "acc_auto_n_paraderos": 17.700325182784912 }, "geometry": { "type": "Polygon", "coordinates": [ [ [ -70.783474583123549, -34.180033982634889 ], [ -70.784651301185079, -34.181460572120244 ], [ -70.783746797730444, -34.182848813380488 ], [ -70.781665584473984, -34.182810461348581 ], [ -70.78048890266669, -34.181383882975979 ], [ -70.781393397860271, -34.17999564552273 ], [ -70.783474583123549, -34.180033982634889 ] ] ] } },
{ "type": "Feature", "properties": { "h3": "89b2c1c569bffff", "acc_auto_m2_comercio": 23678.524180944223, "acc_auto_m2_departamento": 15012.120509201235, "acc_auto_n_deporte_y_recreacion": 5.803383255707387, "acc_auto_n_educacion_y_cultura": 29.246834307363301, "acc_auto_m2_habitacional": 183285.83814464076, "acc_auto_m2_industria": 2919.9128288427287, "acc_auto_m2_oficina": 2326.2422737334437, "acc_auto_n_salud": 4.7596706501590544, "acc_auto_n_paraderos": 13.56946706148856 }, "geometry": { "type": "Polygon", "coordinates": [ [ [ -70.683884669668856, -34.180968936332803 ], [ -70.685059964224365, -34.182395943951647 ], [ -70.684155547475612, -34.183782930296225 ], [ -70.682075844612214, -34.183742905196119 ], [ -70.680900586487255, -34.182315908770263 ], [ -70.681804994793808, -34.180928926251731 ], [ -70.683884669668856, -34.180968936332803 ] ] ] } },
{ "type": "Feature", "properties": { "h3": "89b2c1c0ecfffff", "acc_auto_m2_comercio": 97856.141676966203, "acc_auto_m2_departamento": 108350.49297751699, "acc_auto_n_deporte_y_recreacion": 12.442579273800929, "acc_auto_n_educacion_y_cultura": 100.39437915802449, "acc_auto_m2_habitacional": 296943.78311477852, "acc_auto_m2_industria": 9697.0690314739641, "acc_auto_m2_oficina": 18650.308873487978, "acc_auto_n_salud": 25.245763028560976, "acc_auto_n_paraderos": 64.434330219393289 }, "geometry": { "type": "Polygon", "coordinates": [ [ [ -70.730548436621916, -34.148137352236354 ], [ -70.731724243809026, -34.149564745178822 ], [ -70.730819905069268, -34.150953125226884 ], [ -70.728739767496222, -34.150914108502093 ], [ -70.727563996647532, -34.149486726726678 ], [ -70.728468327032132, -34.148098350509194 ], [ -70.730548436621916, -34.148137352236354 ] ] ] } },
{ "type": "Feature", "properties": { "h3": "89b2c1c0b57ffff", "acc_auto_m2_comercio": 107149.28952222673, "acc_auto_m2_departamento": 77468.560991508682, "acc_auto_n_deporte_y_recreacion": 13.811472530130875, "acc_auto_n_educacion_y_cultura": 99.479623600066432, "acc_auto_m2_habitacional": 365104.10881461028, "acc_auto_m2_industria": 4444.1053233458742, "acc_auto_m2_oficina": 12341.468560760964, "acc_auto_n_salud": 41.394496894020719, "acc_auto_n_paraderos": 58.253733884786307 }, "geometry": { "type": "Polygon", "coordinates": [ [ [ -70.711827801015232, -34.180098552108625 ], [ -70.713003492674417, -34.18152545384357 ], [ -70.712099053299156, -34.182912807760538 ], [ -70.710018930654769, -34.182873256121738 ], [ -70.70884327537658, -34.181446365557449 ], [ -70.70974770636046, -34.180059015461481 ], [ -70.711827801015232, -34.180098552108625 ] ] ] } },
{ "type": "Feature", "properties": { "h3": "89b2c1c736bffff", "acc_auto_m2_comercio": 8137.6793655411029, "acc_auto_m2_departamento": 6437.6354666467432, "acc_auto_n_deporte_y_recreacion": 3.8792892370765308, "acc_auto_n_educacion_y_cultura": 14.839562736674917, "acc_auto_m2_habitacional": 128811.50905936664, "acc_auto_m2_industria": 720.0234035351607, "acc_auto_m2_oficina": 1566.0779435412228, "acc_auto_n_salud": 1.9124556301386659, "acc_auto_n_paraderos": 1.6896842197951181 }, "geometry": { "type": "Polygon", "coordinates": [ [ [ -70.64618507984035, -34.177429635970839 ], [ -70.647359815329395, -34.178856870229858 ], [ -70.646455447142088, -34.180243477466512 ], [ -70.644376351974756, -34.180202846609546 ], [ -70.643201652981588, -34.178775623575319 ], [ -70.644106012658511, -34.17738902017345 ], [ -70.64618507984035, -34.177429635970839 ] ] ] } },
{ "type": "Feature", "properties": { "h3": "89b2c1c503bffff", "acc_auto_m2_comercio": 1874.9602943772293, "acc_auto_m2_departamento": 1280.7966917351571, "acc_auto_n_deporte_y_recreacion": 0.40236210978458214, "acc_auto_n_educacion_y_cultura": 2.3187275387025612, "acc_auto_m2_habitacional": 26814.792821703082, "acc_auto_m2_industria": 760.13327520218184, "acc_auto_m2_oficina": 226.53413014072817, "acc_auto_n_salud": 0.95785768033687191, "acc_auto_n_paraderos": 0.79069379033311249 }, "geometry": { "type": "Polygon", "coordinates": [ [ [ -70.661095219450999, -34.202993736866304 ], [ -70.662270291863166, -34.20442044843773 ], [ -70.66136581531245, -34.205806604526998 ], [ -70.659286274833335, -34.205766045223719 ], [ -70.658111238898385, -34.204339344855725 ], [ -70.659015706963999, -34.202953192587763 ], [ -70.661095219450999, -34.202993736866304 ] ] ] } },
{ "type": "Feature", "properties": { "h3": "89b2c1c1d2fffff", "acc_auto_m2_comercio": 149918.07405630153, "acc_auto_m2_departamento": 85797.886066900333, "acc_auto_n_deporte_y_recreacion": 10.120320126656241, "acc_auto_n_educacion_y_cultura": 141.3395603620956, "acc_auto_m2_habitacional": 219602.09329936322, "acc_auto_m2_industria": 8579.2988453101152, "acc_auto_m2_oficina": 58771.861784491644, "acc_auto_n_salud": 37.06241281390006, "acc_auto_n_paraderos": 44.995795082339349 }, "geometry": { "type": "Polygon", "coordinates": [ [ [ -70.74194644889235, -34.169428353759649 ], [ -70.743122521424951, -34.170855315438438 ], [ -70.742218093980796, -34.172243307233508 ], [ -70.740137602338592, -34.172204333530452 ], [ -70.738961566130612, -34.170777383001798 ], [ -70.739865985238879, -34.169389395026251 ], [ -70.74194644889235, -34.169428353759649 ] ] ] } },
{ "type": "Feature", "properties": { "h3": "89b2c1c11b7ffff", "acc_auto_m2_comercio": 16186.150174950233, "acc_auto_m2_departamento": 15686.346754650604, "acc_auto_n_deporte_y_recreacion": 1.9121953212966905, "acc_auto_n_educacion_y_cultura": 7.184997497675373, "acc_auto_m2_habitacional": 43526.615757623527, "acc_auto_m2_industria": 4929.8487494405545, "acc_auto_m2_oficina": 2065.6872691029389, "acc_auto_n_salud": 3.2257953003795339, "acc_auto_n_paraderos": 8.4923942821194789 }, "geometry": { "type": "Polygon", "coordinates": [ [ [ -70.7764070755197, -34.139148446235154 ], [ -70.777583496609935, -34.140575799879699 ], [ -70.776679149917143, -34.141964970067079 ], [ -70.774598390403952, -34.141926782784893 ], [ -70.773422005568406, -34.140499440273537 ], [ -70.774326343990026, -34.139110273911371 ], [ -70.7764070755197, -34.139148446235154 ] ] ] } },
{ "type": "Feature", "properties": { "h3": "89b2c1c55afffff", "acc_auto_m2_comercio": 3536.3267119379789, "acc_auto_m2_departamento": 1821.6120943843803, "acc_auto_n_deporte_y_recreacion": 1.0273619242759564, "acc_auto_n_educacion_y_cultura": 4.8928630898366121, "acc_auto_m2_habitacional": 34166.515443877892, "acc_auto_m2_industria": 580.07281767626978, "acc_auto_m2_oficina": 438.02749562549496, "acc_auto_n_salud": 1.1023662043476514, "acc_auto_n_paraderos": 0.62524400240054001 }, "geometry": { "type": "Polygon", "coordinates": [ [ [ -70.63180862364915, -34.189785024898029 ], [ -70.632983211318347, -34.191212099881355 ], [ -70.632078811342453, -34.192598221534595 ], [ -70.629999832233338, -34.192557264372304 ], [ -70.628825281088993, -34.191130200620968 ], [ -70.629729672527574, -34.189744082800111 ], [ -70.63180862364915, -34.189785024898029 ] ] ] } },
{ "type": "Feature", "properties": { "h3": "89b2c1c19b7ffff", "acc_auto_m2_comercio": 127862.85136746822, "acc_auto_m2_departamento": 72239.373000584805, "acc_auto_n_deporte_y_recreacion": 17.695169293770377, "acc_auto_n_educacion_y_cultura": 104.20817684753445, "acc_auto_m2_habitacional": 289317.43854125449, "acc_auto_m2_industria": 11554.688461847696, "acc_auto_m2_oficina": 30960.479509820576, "acc_auto_n_salud": 34.821904712435547, "acc_auto_n_paraderos": 52.244130058170782 }, "geometry": { "type": "Polygon", "coordinates": [ [ [ -70.736519857678459, -34.177755744760212 ], [ -70.737695892307258, -34.17918258081491 ], [ -70.736791439084925, -34.180570298449219 ], [ -70.734710959578763, -34.180531176211865 ], [ -70.733534961286622, -34.179104351308709 ], [ -70.734439406162608, -34.177716637491542 ], [ -70.736519857678459, -34.177755744760212 ] ] ] } },
{ "type": "Feature", "properties": { "h3": "89b2c1c09dbffff", "acc_auto_m2_comercio": 23700.199646525289, "acc_auto_m2_departamento": 15921.532087196236, "acc_auto_n_deporte_y_recreacion": 4.6788054157473669, "acc_auto_n_educacion_y_cultura": 28.686783770945922, "acc_auto_m2_habitacional": 158281.62439236909, "acc_auto_m2_industria": 985.29126401619328, "acc_auto_m2_oficina": 2275.9013264066452, "acc_auto_n_salud": 5.0514710465566042, "acc_auto_n_paraderos": 13.529433664874601 }, "geometry": { "type": "Polygon", "coordinates": [ [ [ -70.691482244593232, -34.162854272634547 ], [ -70.692657561572489, -34.164281571852271 ], [ -70.691753204490567, -34.165669102695759 ], [ -70.689673538855203, -34.165629330489615 ], [ -70.688498258287723, -34.164202042465277 ], [ -70.68940260694248, -34.162814515453881 ], [ -70.691482244593232, -34.162854272634547 ] ] ] } },
{ "type": "Feature", "properties": { "h3": "89b2c1c12c7ffff", "acc_auto_m2_comercio": 497.55442340121715, "acc_auto_m2_departamento": 279.18325744331355, "acc_auto_n_deporte_y_recreacion": 0.47487879094243551, "acc_auto_n_educacion_y_cultura": 0.12968142574452232, "acc_auto_m2_habitacional": 2707.27897565174, "acc_auto_m2_industria": 345.36587432531087, "acc_auto_m2_oficina": 37.710251250964276, "acc_auto_n_salud": 0.059121398105930346, "acc_auto_n_paraderos": 0.15452232572246674 }, "geometry": { "type": "Polygon", "coordinates": [ [ [ -70.83558489857613, -34.138813308923261 ], [ -70.836762163901426, -34.14024040847702 ], [ -70.835857767153371, -34.141630317341054 ], [ -70.833776113242038, -34.141593122838046 ], [ -70.832598884066343, -34.140166034369777 ], [ -70.833503272651001, -34.138776129319247 ], [ -70.83558489857613, -34.138813308923261 ] ] ] } },
{ "type": "Feature", "properties": { "h3": "89b2c1ce557ffff", "acc_auto_m2_comercio": 12518.70916237229, "acc_auto_m2_departamento": 8177.2904727212544, "acc_auto_n_deporte_y_recreacion": 13.335202843069682, "acc_auto_n_educacion_y_cultura": 12.802827218193157, "acc_auto_m2_habitacional": 37497.180270693658, "acc_auto_m2_industria": 769.66592999858676, "acc_auto_m2_oficina": 1803.0696340744726, "acc_auto_n_salud": 12.152828627480334, "acc_auto_n_paraderos": 5.6447671413375531 }, "geometry": { "type": "Polygon", "coordinates": [ [ [ -70.713726708847929, -34.199795857585585 ], [ -70.714902522120852, -34.201222397717423 ], [ -70.713998008415828, -34.202609285149869 ], [ -70.711917689825825, -34.202569628638216 ], [ -70.710741912936356, -34.201143099668371 ], [ -70.711646418252116, -34.199756216048399 ], [ -70.713726708847929, -34.199795857585585 ] ] ] } },
{ "type": "Feature", "properties": { "h3": "89b2c1c1bb3ffff", "acc_auto_m2_comercio": 101969.53943593352, "acc_auto_m2_departamento": 49191.306195673606, "acc_auto_n_deporte_y_recreacion": 7.5979473400013919, "acc_auto_n_educacion_y_cultura": 78.016728234642997, "acc_auto_m2_habitacional": 351087.07378891006, "acc_auto_m2_industria": 21363.29474233128, "acc_auto_m2_oficina": 21783.871274146295, "acc_auto_n_salud": 20.928024658154268, "acc_auto_n_paraderos": 64.647502241281117 }, "geometry": { "type": "Polygon", "coordinates": [ [ [ -70.762303545837383, -34.186666181605339 ], [ -70.763479992617732, -34.18809274496909 ], [ -70.762575483446284, -34.189480559738548 ], [ -70.7604945357932, -34.189441807336031 ], [ -70.759318125306535, -34.188015255099742 ], [ -70.760222626177935, -34.186627444138708 ], [ -70.762303545837383, -34.186666181605339 ] ] ] } },
{ "type": "Feature", "properties": { "h3": "89b2c1c0bd7ffff", "acc_auto_m2_comercio": 87448.001351393919, "acc_auto_m2_departamento": 60166.381942527652, "acc_auto_n_deporte_y_recreacion": 9.7176227517027058, "acc_auto_n_educacion_y_cultura": 77.874110970991637, "acc_auto_m2_habitacional": 269209.12422981113, "acc_auto_m2_industria": 3452.0719510382, "acc_auto_m2_oficina": 9549.2762578403745, "acc_auto_n_salud": 26.124160636317985, "acc_auto_n_paraderos": 52.678982214795404 }, "geometry": { "type": "Polygon", "coordinates": [ [ [ -70.708029674865472, -34.173003133868107 ], [ -70.709205278031263, -34.174430179335694 ], [ -70.708300868283203, -34.175817662693177 ], [ -70.706220863765779, -34.175778096758599 ], [ -70.705045296985546, -34.174351062467316 ], [ -70.705949698335814, -34.172963582934514 ], [ -70.708029674865472, -34.173003133868107 ] ] ] } },
{ "type": "Feature", "properties": { "h3": "89b2c1c5433ffff", "acc_auto_m2_comercio": 15222.608011783914, "acc_auto_m2_departamento": 11801.517946880967, "acc_auto_n_deporte_y_recreacion": 6.7667794648788924, "acc_auto_n_educacion_y_cultura": 30.759506253226242, "acc_auto_m2_habitacional": 183434.48977007763, "acc_auto_m2_industria": 1705.2612831197559, "acc_auto_m2_oficina": 3322.358789381653, "acc_auto_n_salud": 4.5173046192296482, "acc_auto_n_paraderos": 2.8120298481817052 }, "geometry": { "type": "Polygon", "coordinates": [ [ [ -70.655947023518323, -34.181832799982089 ], [ -70.657121920544498, -34.183259913169174 ], [ -70.656217526860857, -34.184646531902729 ], [ -70.654138244642652, -34.18460603361833 ], [ -70.652963384096466, -34.183178931646566 ], [ -70.653867769287146, -34.181792316744087 ], [ -70.655947023518323, -34.181832799982089 ] ] ] } },
{ "type": "Feature", "properties": { "h3": "89b2c1c183bffff", "acc_auto_m2_comercio": 47701.262183389023, "acc_auto_m2_departamento": 20531.926779609206, "acc_auto_n_deporte_y_recreacion": 4.2753976234001003, "acc_auto_n_educacion_y_cultura": 52.764984443532903, "acc_auto_m2_habitacional": 290762.82994922355, "acc_auto_m2_industria": 10885.233581340572, "acc_auto_m2_oficina": 9861.2170076336715, "acc_auto_n_salud": 10.766086795046036, "acc_auto_n_paraderos": 58.927022402624004 }, "geometry": { "type": "Polygon", "coordinates": [ [ [ -70.767458478052959, -34.175523311415425 ], [ -70.768634945257674, -34.176950052133741 ], [ -70.767730472556664, -34.178338207713068 ], [ -70.765649540939449, -34.178299618762338 ], [ -70.764473110015999, -34.176872889171364 ], [ -70.765377574427134, -34.175484737404005 ], [ -70.767458478052959, -34.175523311415425 ] ] ] } },
{ "type": "Feature", "properties": { "h3": "89b2c1c50bbffff", "acc_auto_m2_comercio": 12059.689869682952, "acc_auto_m2_departamento": 7974.5143145221045, "acc_auto_n_deporte_y_recreacion": 3.5651061568812557, "acc_auto_n_educacion_y_cultura": 18.394314604927988, "acc_auto_m2_habitacional": 121907.45875283908, "acc_auto_m2_industria": 3650.8060954262114, "acc_auto_m2_oficina": 1758.1589430820993, "acc_auto_n_salud": 6.0290522557591109, "acc_auto_n_paraderos": 4.1554853173784876 }, "geometry": { "type": "Polygon", "coordinates": [ [ [ -70.657299607599953, -34.195900277329912 ], [ -70.658474591440751, -34.197327132537914 ], [ -70.657570144628153, -34.198713418091351 ], [ -70.655490722464947, -34.198672844612013 ], [ -70.654315775105943, -34.197246000613106 ], [ -70.655220213427043, -34.195859718884634 ], [ -70.657299607599953, -34.195900277329912 ] ] ] } },
{ "type": "Feature", "properties": { "h3": "89b2c1c14c3ffff", "acc_auto_m2_comercio": 112.81488238799709, "acc_auto_m2_departamento": 109.14329846361808, "acc_auto_n_deporte_y_recreacion": 0.014915451293483567, "acc_auto_n_educacion_y_cultura": 0.57498366789771393, "acc_auto_m2_habitacional": 879.23037229289901, "acc_auto_m2_industria": 40.665417266952709, "acc_auto_m2_oficina": 19.563156206096757, "acc_auto_n_salud": 0.014564547249327174, "acc_auto_n_paraderos": 0.048890404613155337 }, "geometry": { "type": "Polygon", "coordinates": [ [ [ -70.813853074700816, -34.107484023916832 ], [ -70.815029879678249, -34.108911780401087 ], [ -70.814125616789084, -34.110302199154383 ], [ -70.81204455712205, -34.110264857592803 ], [ -70.810867788323591, -34.108837112222773 ], [ -70.811772043011857, -34.107446697300304 ], [ -70.813853074700816, -34.107484023916832 ] ] ] } },
{ "type": "Feature", "properties": { "h3": "89b2c1c016fffff", "acc_auto_m2_comercio": 46642.784669196153, "acc_auto_m2_departamento": 89768.323618078764, "acc_auto_n_deporte_y_recreacion": 6.2589685181385786, "acc_auto_n_educacion_y_cultura": 39.571574829137887, "acc_auto_m2_habitacional": 172879.55587853919, "acc_auto_m2_industria": 7151.7174727720912, "acc_auto_m2_oficina": 5657.3589712342755, "acc_auto_n_salud": 7.6426000997305321, "acc_auto_n_paraderos": 37.584224252369772 }, "geometry": { "type": "Polygon", "coordinates": [ [ [ -70.726749747636191, -34.141038943259908 ], [ -70.72792546637578, -34.142466479859138 ], [ -70.727021157216555, -34.143854989297068 ], [ -70.724941137677973, -34.143815958301708 ], [ -70.723765455281452, -34.142388432875173 ], [ -70.724669756079081, -34.140999927271508 ], [ -70.726749747636191, -34.141038943259908 ] ] ] } },
{ "type": "Feature", "properties": { "h3": "89b2c1c08cbffff", "acc_auto_m2_comercio": 83664.050699670159, "acc_auto_m2_departamento": 177207.03711743155, "acc_auto_n_deporte_y_recreacion": 17.446687521160285, "acc_auto_n_educacion_y_cultura": 89.33422725119803, "acc_auto_m2_habitacional": 420976.73011756997, "acc_auto_m2_industria": 6169.6565778428003, "acc_auto_m2_oficina": 11953.81747866126, "acc_auto_n_salud": 20.920121858215907, "acc_auto_n_paraderos": 120.88368035757982 }, "geometry": { "type": "Polygon", "coordinates": [ [ [ -70.712642274599034, -34.15623165341006 ], [ -70.713817863670414, -34.157658979321262 ], [ -70.71291351145878, -34.159046936695837 ], [ -70.710833578562699, -34.159007564328689 ], [ -70.709658025863774, -34.157580249596144 ], [ -70.710562369687139, -34.156192296052282 ], [ -70.712642274599034, -34.15623165341006 ] ] ] } },
{ "type": "Feature", "properties": { "h3": "89b2c1c1dafffff", "acc_auto_m2_comercio": 198233.30034038995, "acc_auto_m2_departamento": 123390.76011678769, "acc_auto_n_deporte_y_recreacion": 24.777449421788617, "acc_auto_n_educacion_y_cultura": 167.03436333213031, "acc_auto_m2_habitacional": 411304.94702874508, "acc_auto_m2_industria": 15150.911851546971, "acc_auto_m2_oficina": 53163.485664446489, "acc_auto_n_salud": 90.923068113513139, "acc_auto_n_paraderos": 88.971419972290846 }, "geometry": { "type": "Polygon", "coordinates": [ [ [ -70.738146787241888, -34.1623320576957 ], [ -70.739322771325519, -34.163759163177943 ], [ -70.738418373443295, -34.165147284404547 ], [ -70.736337999818431, -34.165108296325911 ], [ -70.735162052064013, -34.163681201999459 ], [ -70.73606644160391, -34.162293084596058 ], [ -70.738146787241888, -34.1623320576957 ] ] ] } },
{ "type": "Feature", "properties": { "h3": "89b2c1c18a7ffff", "acc_auto_m2_comercio": 82028.146071877782, "acc_auto_m2_departamento": 33548.449373168965, "acc_auto_n_deporte_y_recreacion": 6.9885535676587907, "acc_auto_n_educacion_y_cultura": 75.563874466834093, "acc_auto_m2_habitacional": 317899.40031360945, "acc_auto_m2_industria": 16732.653615691048, "acc_auto_m2_oficina": 18179.335270260057, "acc_auto_n_salud": 20.761690546323859, "acc_auto_n_paraderos": 65.241671609521973 }, "geometry": { "type": "Polygon", "coordinates": [ [ [ -70.757686873433457, -34.171126990762225 ], [ -70.758863179638595, -34.172553853147591 ], [ -70.757958731824729, -34.173941997287223 ], [ -70.75587798611177, -34.173903275225996 ], [ -70.754701716203925, -34.172476423977457 ], [ -70.755606155710396, -34.171088283653525 ], [ -70.757686873433457, -34.171126990762225 ] ] ] } },
{ "type": "Feature", "properties": { "h3": "89b2c1c562fffff", "acc_auto_m2_comercio": 8328.6998705527367, "acc_auto_m2_departamento": 5342.4668330858176, "acc_auto_n_deporte_y_recreacion": 1.8631348407329138, "acc_auto_n_educacion_y_cultura": 10.739227539071322, "acc_auto_m2_habitacional": 69371.764379665226, "acc_auto_m2_industria": 3197.3908150297702, "acc_auto_m2_oficina": 1059.1693521136672, "acc_auto_n_salud": 4.5246913640814954, "acc_auto_n_paraderos": 3.665635208492652 }, "geometry": { "type": "Polygon", "coordinates": [ [ [ -70.679270605754411, -34.197730722230894 ], [ -70.680445914279318, -34.199157449351674 ], [ -70.679541440060646, -34.20054396158482 ], [ -70.677461665767453, -34.20050374287738 ], [ -70.676286393686169, -34.199077026947222 ], [ -70.67719085945312, -34.197690518534081 ], [ -70.679270605754411, -34.197730722230894 ] ] ] } },
{ "type": "Feature", "properties": { "h3": "89b2c1c0a5bffff", "acc_auto_m2_comercio": 214454.66403533542, "acc_auto_m2_departamento": 125565.64057849662, "acc_auto_n_deporte_y_recreacion": 17.915235717221325, "acc_auto_n_educacion_y_cultura": 196.17182708574074, "acc_auto_m2_habitacional": 353611.641682813, "acc_auto_m2_industria": 12577.605733084223, "acc_auto_m2_oficina": 68126.390677906646, "acc_auto_n_salud": 64.737537621995202, "acc_auto_n_paraderos": 73.443641355635123 }, "geometry": { "type": "Polygon", "coordinates": [ [ [ -70.738961566130612, -34.170777383001798 ], [ -70.740137602338592, -34.172204333530452 ], [ -70.739233172617006, -34.173592254877555 ], [ -70.737152715027491, -34.173553221876659 ], [ -70.735976715149789, -34.172126282500109 ], [ -70.736881136529973, -34.17073836497255 ], [ -70.738961566130612, -34.170777383001798 ] ] ] } },
{ "type": "Feature", "properties": { "h3": "89b2c1c726fffff", "acc_auto_m2_comercio": 27329.894922181338, "acc_auto_m2_departamento": 16893.057557849199, "acc_auto_n_deporte_y_recreacion": 9.4868607749283917, "acc_auto_n_educacion_y_cultura": 41.880624183905269, "acc_auto_m2_habitacional": 337743.62459458696, "acc_auto_m2_industria": 1453.4440144919745, "acc_auto_m2_oficina": 4070.2950598825091, "acc_auto_n_salud": 5.4079005853647777, "acc_auto_n_paraderos": 9.8829477766579537 }, "geometry": { "type": "Polygon", "coordinates": [ [ [ -70.664086317884852, -34.169350986670388 ], [ -70.665261272230509, -34.170778288237784 ], [ -70.664356916845279, -34.172165318231805 ], [ -70.662277615590369, -34.172125042823943 ], [ -70.661102697706696, -34.170697752469778 ], [ -70.662007044614583, -34.169310726310464 ], [ -70.664086317884852, -34.169350986670388 ] ] ] } },
{ "type": "Feature", "properties": { "h3": "89b2c1c42dbffff", "acc_auto_m2_comercio": 2744.4448712619442, "acc_auto_m2_departamento": 1695.2198994549215, "acc_auto_n_deporte_y_recreacion": 0.87350094983224369, "acc_auto_n_educacion_y_cultura": 4.2785584999719219, "acc_auto_m2_habitacional": 30090.777149352914, "acc_auto_m2_industria": 638.25595114360101, "acc_auto_m2_oficina": 393.70807232153197, "acc_auto_n_salud": 1.1324394643264313, "acc_auto_n_paraderos": 0.7020642956465788 }, "geometry": { "type": "Polygon", "coordinates": [ [ [ -70.628825281088993, -34.191130200620968 ], [ -70.629999832233338, -34.192557264372304 ], [ -70.629095430165293, -34.193943315558528 ], [ -70.62701648549438, -34.193902299161209 ], [ -70.625841970880515, -34.192475246643788 ], [ -70.626746364405733, -34.191089199289955 ], [ -70.628825281088993, -34.191130200620968 ] ] ] } },
{ "type": "Feature", "properties": { "h3": "89b2c1c036bffff", "acc_auto_m2_comercio": 39183.585050576454, "acc_auto_m2_departamento": 30004.660476687495, "acc_auto_n_deporte_y_recreacion": 4.8530212094727441, "acc_auto_n_educacion_y_cultura": 20.303704004759435, "acc_auto_m2_habitacional": 95493.483443055797, "acc_auto_m2_industria": 8667.6694303057884, "acc_auto_m2_oficina": 8245.3622851216915, "acc_auto_n_salud": 15.070157382526354, "acc_auto_n_paraderos": 35.013344690529252 }, "geometry": { "type": "Polygon", "coordinates": [ [ [ -70.752527401473486, -34.149952765973829 ], [ -70.753703532367183, -34.151380030498892 ], [ -70.752799167134711, -34.15276863718303 ], [ -70.750718679322489, -34.152729975516806 ], [ -70.749542584728914, -34.151302722140379 ], [ -70.750446941646075, -34.149914119281732 ], [ -70.752527401473486, -34.149952765973829 ] ] ] } },
{ "type": "Feature", "properties": { "h3": "89b2c1c1c33ffff", "acc_auto_m2_comercio": 88780.056909096267, "acc_auto_m2_departamento": 72186.005931706735, "acc_auto_n_deporte_y_recreacion": 6.2829001042673189, "acc_auto_n_educacion_y_cultura": 45.517214724332469, "acc_auto_m2_habitacional": 243413.36277613146, "acc_auto_m2_industria": 19893.453573660307, "acc_auto_m2_oficina": 16889.435823482352, "acc_auto_n_salud": 28.718820226897908, "acc_auto_n_paraderos": 60.635945557665636 }, "geometry": { "type": "Polygon", "coordinates": [ [ [ -70.762297706509955, -34.154350112171272 ], [ -70.763473998400087, -34.155777255173774 ], [ -70.762569608256555, -34.157165873326882 ], [ -70.760488934519415, -34.157127344655954 ], [ -70.759312678913417, -34.155700212792603 ], [ -70.760217060759103, -34.154311598461248 ], [ -70.762297706509955, -34.154350112171272 ] ] ] } },
{ "type": "Feature", "properties": { "h3": "89b2c1c54b3ffff", "acc_auto_m2_comercio": 19631.7668878269, "acc_auto_m2_departamento": 14360.460532624669, "acc_auto_n_deporte_y_recreacion": 8.9244755750311171, "acc_auto_n_educacion_y_cultura": 37.635324528761039, "acc_auto_m2_habitacional": 296692.4785999271, "acc_auto_m2_industria": 1648.9279657993227, "acc_auto_m2_oficina": 3835.888645163107, "acc_auto_n_salud": 4.4439349030211304, "acc_auto_n_paraderos": 4.3219570735286048 }, "geometry": { "type": "Polygon", "coordinates": [ [ [ -70.652152030319328, -34.174737271667617 ], [ -70.653326838783201, -34.176164528370485 ], [ -70.652422474843249, -34.177551276529115 ], [ -70.65034331093743, -34.177510764150341 ], [ -70.649168538958151, -34.176083518668435 ], [ -70.650072894398761, -34.174696774344532 ], [ -70.652152030319328, -34.174737271667617 ] ] ] } },
{ "type": "Feature", "properties": { "h3": "89b2c1c18bbffff", "acc_auto_m2_comercio": 68474.089580356871, "acc_auto_m2_departamento": 30066.824800135058, "acc_auto_n_deporte_y_recreacion": 5.1592987372998307, "acc_auto_n_educacion_y_cultura": 58.820977952333536, "acc_auto_m2_habitacional": 291665.00821816025, "acc_auto_m2_industria": 14984.682058798981, "acc_auto_m2_oficina": 14699.404961349535, "acc_auto_n_salud": 16.78305959645251, "acc_auto_n_paraderos": 60.988713093734646 }, "geometry": { "type": "Polygon", "coordinates": [ [ [ -70.763657282931007, -34.168427735068022 ], [ -70.764833661713595, -34.169854619721228 ], [ -70.763929218522819, -34.171242904751352 ], [ -70.761848404844429, -34.171204301312805 ], [ -70.760672062347723, -34.169777427792567 ], [ -70.76157649724216, -34.168389146578114 ], [ -70.763657282931007, -34.168427735068022 ] ] ] } },
{ "type": "Feature", "properties": { "h3": "89b2c1c1e2fffff", "acc_auto_m2_comercio": 21231.283358449818, "acc_auto_m2_departamento": 31096.439170843227, "acc_auto_n_deporte_y_recreacion": 1.3656945880853795, "acc_auto_n_educacion_y_cultura": 9.8690755760244873, "acc_auto_m2_habitacional": 72269.18932500924, "acc_auto_m2_industria": 26835.015658668923, "acc_auto_m2_oficina": 2923.3421106483265, "acc_auto_n_salud": 3.4111998691062735, "acc_auto_n_paraderos": 14.131243002067791 }, "geometry": { "type": "Polygon", "coordinates": [ [ [ -70.785643576172845, -34.170238505509737 ], [ -70.786820278329316, -34.171665261246737 ], [ -70.785915809049968, -34.173053772856676 ], [ -70.783834645869206, -34.173015524919251 ], [ -70.782657979960192, -34.171588780296801 ], [ -70.783562440983118, -34.170200272497418 ], [ -70.785643576172845, -34.170238505509737 ] ] ] } },
{ "type": "Feature", "properties": { "h3": "89b2c1c0e53ffff", "acc_auto_m2_comercio": 122965.90391394505, "acc_auto_m2_departamento": 140756.33364559399, "acc_auto_n_deporte_y_recreacion": 17.632111734032673, "acc_auto_n_educacion_y_cultura": 133.01896599671278, "acc_auto_m2_habitacional": 386781.46733314003, "acc_auto_m2_industria": 13252.189845940338, "acc_auto_m2_oficina": 22477.56367093122, "acc_auto_n_salud": 34.887802971049815, "acc_auto_n_paraderos": 81.040749661821692 }, "geometry": { "type": "Polygon", "coordinates": [ [ [ -70.733804415457556, -34.149603702625747 ], [ -70.73498027634875, -34.151031055114146 ], [ -70.73407592925966, -34.152419438991522 ], [ -70.731995729627343, -34.152380466551399 ], [ -70.730819905069268, -34.150953125226884 ], [ -70.731724243809026, -34.149564745178822 ], [ -70.733804415457556, -34.149603702625747 ] ] ] } },
{ "type": "Feature", "properties": { "h3": "89b2c1c56afffff", "acc_auto_m2_comercio": 7243.2875429560372, "acc_auto_m2_departamento": 4712.5102640907135, "acc_auto_n_deporte_y_recreacion": 1.5287153671563516, "acc_auto_n_educacion_y_cultura": 9.66880760909965, "acc_auto_m2_habitacional": 70729.726542999051, "acc_auto_m2_industria": 2007.7754776385921, "acc_auto_m2_oficina": 803.69996689090067, "acc_auto_n_salud": 2.5497993053338366, "acc_auto_n_paraderos": 3.6445845842361937 }, "geometry": { "type": "Polygon", "coordinates": [ [ [ -70.675474047076833, -34.190636844235236 ], [ -70.676649267056149, -34.192063715040895 ], [ -70.675744822536586, -34.193450356734957 ], [ -70.673665166494516, -34.193410123799886 ], [ -70.672489982963427, -34.191983264190497 ], [ -70.673394419024859, -34.190596626320101 ], [ -70.675474047076833, -34.190636844235236 ] ] ] } },
{ "type": "Feature", "properties": { "h3": "89b2c1c1ab7ffff", "acc_auto_m2_comercio": 20986.637491182511, "acc_auto_m2_departamento": 8864.3101587956917, "acc_auto_n_deporte_y_recreacion": 1.7165840936189536, "acc_auto_n_educacion_y_cultura": 22.598625864410149, "acc_auto_m2_habitacional": 169171.78627998469, "acc_auto_m2_industria": 4460.0786122815298, "acc_auto_m2_oficina": 3648.1530779014056, "acc_auto_n_salud": 4.1102987927845369, "acc_auto_n_paraderos": 21.637249529012205 }, "geometry": { "type": "Polygon", "coordinates": [ [ [ -70.780216733437243, -34.178569015434604 ], [ -70.781393397860271, -34.17999564552273 ], [ -70.78048890266669, -34.181383882975979 ], [ -70.778407751315612, -34.181345486533111 ], [ -70.777231123152148, -34.179918867560914 ], [ -70.778135610078834, -34.178530633915877 ], [ -70.780216733437243, -34.178569015434604 ] ] ] } },
{ "type": "Feature", "properties": { "h3": "89b2c1c0adbffff", "acc_auto_m2_comercio": 222903.51296951869, "acc_auto_m2_departamento": 133402.77515693792, "acc_auto_n_deporte_y_recreacion": 23.564483579372716, "acc_auto_n_educacion_y_cultura": 181.78161057247135, "acc_auto_m2_habitacional": 406574.40392116457, "acc_auto_m2_industria": 14740.461008155307, "acc_auto_m2_oficina": 62881.034941721206, "acc_auto_n_salud": 92.23360016519274, "acc_auto_n_paraderos": 91.744926642524263 }, "geometry": { "type": "Polygon", "coordinates": [ [ [ -70.735162052064013, -34.163681201999459 ], [ -70.736337999818431, -34.165108296325911 ], [ -70.735433599665299, -34.166496347105976 ], [ -70.733353260104266, -34.166457299736557 ], [ -70.732177348684743, -34.165030216567843 ], [ -70.733081740490036, -34.163642169611002 ], [ -70.735162052064013, -34.163681201999459 ] ] ] } },
{ "type": "Feature", "properties": { "h3": "89b2c1c104fffff", "acc_auto_m2_comercio": 1665.3619062009548, "acc_auto_m2_departamento": 1452.4906762196802, "acc_auto_n_deporte_y_recreacion": 2.4706245728879819, "acc_auto_n_educacion_y_cultura": 0.67468609506799959, "acc_auto_m2_habitacional": 4951.8680825888277, "acc_auto_m2_industria": 1796.8151705652565, "acc_auto_m2_oficina": 196.19295527078162, "acc_auto_n_salud": 0.30758749754673848, "acc_auto_n_paraderos": 0.80392441665394299 }, "geometry": { "type": "Polygon", "coordinates": [ [ [ -70.819837152867677, -34.137125126095789 ], [ -70.821014185229899, -34.13855232530895 ], [ -70.820109808158065, -34.139942081873471 ], [ -70.818028406914621, -34.139904635407639 ], [ -70.816851410729456, -34.138477447293319 ], [ -70.817755779609314, -34.137087694546175 ], [ -70.819837152867677, -34.137125126095789 ] ] ] } },
{ "type": "Feature", "properties": { "h3": "89b2c1c0cd7ffff", "acc_auto_m2_comercio": 9596.9223315065792, "acc_auto_m2_departamento": 17048.092353988344, "acc_auto_n_deporte_y_recreacion": 1.7607599247716139, "acc_auto_n_educacion_y_cultura": 9.468249443509027, "acc_auto_m2_habitacional": 40924.261697566704, "acc_auto_m2_industria": 1044.4563954625594, "acc_auto_m2_oficina": 1516.3433045835554, "acc_auto_n_salud": 2.1348058481889631, "acc_auto_n_paraderos": 9.7868661388097351 }, "geometry": { "type": "Polygon", "coordinates": [ [ [ -70.704233675900412, -34.133587316577469 ], [ -70.705409035928355, -34.135015084404365 ], [ -70.704504774807646, -34.136403500375536 ], [ -70.702425162059654, -34.136364144678254 ], [ -70.701249838412323, -34.134936388044942 ], [ -70.702154091131035, -34.133547975915555 ], [ -70.704233675900412, -34.133587316577469 ] ] ] } },
{ "type": "Feature", "properties": { "h3": "89b2c1c5533ffff", "acc_auto_m2_comercio": 4553.4137598188527, "acc_auto_m2_departamento": 2758.5960566264675, "acc_auto_n_deporte_y_recreacion": 1.5558068382245884, "acc_auto_n_educacion_y_cultura": 7.4096087014606509, "acc_auto_m2_habitacional": 50674.809942656568, "acc_auto_m2_industria": 878.44530255973643, "acc_auto_m2_oficina": 663.33602299386473, "acc_auto_n_salud": 1.6693911253918337, "acc_auto_n_paraderos": 0.94685122302856672 }, "geometry": { "type": "Polygon", "coordinates": [ [ [ -70.635062224854991, -34.191252997807382 ], [ -70.636236866402427, -34.192680032446788 ], [ -70.635332457895004, -34.194066157931168 ], [ -70.633253416370337, -34.194025244945195 ], [ -70.632078811342453, -34.192598221534595 ], [ -70.632983211318347, -34.191212099881355 ], [ -70.635062224854991, -34.191252997807382 ] ] ] } },
{ "type": "Feature", "properties": { "h3": "89b2c1c193bffff", "acc_auto_m2_comercio": 127546.6478916865, "acc_auto_m2_departamento": 65251.907891279436, "acc_auto_n_deporte_y_recreacion": 10.664411279405417, "acc_auto_n_educacion_y_cultura": 87.596477472186393, "acc_auto_m2_habitacional": 314815.72740935476, "acc_auto_m2_industria": 19957.755402885989, "acc_auto_m2_oficina": 24270.421750768812, "acc_auto_n_salud": 28.691803027315657, "acc_auto_n_paraderos": 57.446788321884938 }, "geometry": { "type": "Polygon", "coordinates": [ [ [ -70.746561567021004, -34.184967630691972 ], [ -70.747737780137541, -34.186394293478557 ], [ -70.746833291297619, -34.187781955918233 ], [ -70.744752597668366, -34.187742951759333 ], [ -70.743576420872856, -34.186316300113575 ], [ -70.744480901384222, -34.184928641486096 ], [ -70.746561567021004, -34.184967630691972 ] ] ] } },
{ "type": "Feature", "properties": { "h3": "89b2c1c1eafffff", "acc_auto_m2_comercio": 42235.768693023907, "acc_auto_m2_departamento": 29807.662588962139, "acc_auto_n_deporte_y_recreacion": 2.4608406156562901, "acc_auto_n_educacion_y_cultura": 18.978158575250067, "acc_auto_m2_habitacional": 119837.8334623667, "acc_auto_m2_industria": 15943.832102151375, "acc_auto_m2_oficina": 5761.456962556791, "acc_auto_n_salud": 7.1499287946478782, "acc_auto_n_paraderos": 27.008964213372874 }, "geometry": { "type": "Polygon", "coordinates": [ [ [ -70.7818414377778, -34.163142512939409 ], [ -70.783018051538306, -34.164569412659489 ], [ -70.782113611729997, -34.165958053716814 ], [ -70.780032566422733, -34.165919791239993 ], [ -70.77885598891433, -34.164492902640077 ], [ -70.779760420459752, -34.163104265396996 ], [ -70.7818414377778, -34.163142512939409 ] ] ] } },
{ "type": "Feature", "properties": { "h3": "89b2c1c0ed3ffff", "acc_auto_m2_comercio": 116590.08677769591, "acc_auto_m2_departamento": 132386.01576842286, "acc_auto_n_deporte_y_recreacion": 13.973365558828331, "acc_auto_n_educacion_y_cultura": 108.91576651243714, "acc_auto_m2_habitacional": 337148.27710135671, "acc_auto_m2_industria": 13656.917284810383, "acc_auto_m2_oficina": 18514.880738435462, "acc_auto_n_salud": 24.546374829300699, "acc_auto_n_paraderos": 70.998989069916391 }, "geometry": { "type": "Polygon", "coordinates": [ [ [ -70.730005520000958, -34.142505451583681 ], [ -70.731181292447545, -34.143932947748887 ], [ -70.730276974932536, -34.145321461019833 ], [ -70.728196893325389, -34.145282474292763 ], [ -70.727021157216555, -34.143854989297068 ], [ -70.72792546637578, -34.142466479859138 ], [ -70.730005520000958, -34.142505451583681 ] ] ] } },
{ "type": "Feature", "properties": { "h3": "89b2c1c0b5bffff", "acc_auto_m2_comercio": 142807.28118852401, "acc_auto_m2_departamento": 101471.00093766538, "acc_auto_n_deporte_y_recreacion": 14.833654041460198, "acc_auto_n_educacion_y_cultura": 104.11302454461391, "acc_auto_m2_habitacional": 392083.0905810605, "acc_auto_m2_industria": 6211.5225221157079, "acc_auto_m2_oficina": 18362.974465246363, "acc_auto_n_salud": 69.991467249213002, "acc_auto_n_paraderos": 71.91549390268537 }, "geometry": { "type": "Polygon", "coordinates": [ [ [ -70.718068277542827, -34.18021695489351 ], [ -70.71924405931972, -34.181643827317096 ], [ -70.718339613796289, -34.183031255507693 ], [ -70.716259394874655, -34.182991807455174 ], [ -70.715083649467772, -34.18156494619717 ], [ -70.715988086611162, -34.180177521826295 ], [ -70.718068277542827, -34.18021695489351 ] ] ] } },
{ "type": "Feature", "properties": { "h3": "89b2c1c736fffff", "acc_auto_m2_comercio": 6773.2900567201368, "acc_auto_m2_departamento": 5984.9959992906934, "acc_auto_n_deporte_y_recreacion": 3.5843064659490977, "acc_auto_n_educacion_y_cultura": 13.172184974586919, "acc_auto_m2_habitacional": 111156.47645960764, "acc_auto_m2_industria": 710.50147321585143, "acc_auto_m2_oficina": 1314.7031388189559, "acc_auto_n_salud": 1.9985747036648358, "acc_auto_n_paraderos": 1.3307503210530844 }, "geometry": { "type": "Polygon", "coordinates": [ [ [ -70.643201652981588, -34.178775623575319 ], [ -70.644376351974756, -34.180202846609546 ], [ -70.643471981671269, -34.181589383384114 ], [ -70.64139292088916, -34.181548693289876 ], [ -70.640218258397525, -34.180121481482416 ], [ -70.641122620185115, -34.178734948542633 ], [ -70.643201652981588, -34.178775623575319 ] ] ] } },
{ "type": "Feature", "properties": { "h3": "89b2c1c0a47ffff", "acc_auto_m2_comercio": 186611.64917271034, "acc_auto_m2_departamento": 123961.88908932496, "acc_auto_n_deporte_y_recreacion": 16.448216868777919, "acc_auto_n_educacion_y_cultura": 174.23609054288869, "acc_auto_m2_habitacional": 392841.43321603688, "acc_auto_m2_industria": 12223.559623537132, "acc_auto_m2_oficina": 48764.615769357886, "acc_auto_n_salud": 54.522010345502466, "acc_auto_n_paraderos": 77.367164477350457 }, "geometry": { "type": "Polygon", "coordinates": [ [ [ -70.732991895965569, -34.173475052254986 ], [ -70.734167859507323, -34.174901980477536 ], [ -70.733263425245894, -34.176289760926487 ], [ -70.731183035793777, -34.176250609333501 ], [ -70.730007108593654, -34.17482369226687 ], [ -70.730911534502667, -34.173435915637519 ], [ -70.732991895965569, -34.173475052254986 ] ] ] } },
{ "type": "Feature", "properties": { "h3": "89b2c1c1d33ffff", "acc_auto_m2_comercio": 197063.1935617933, "acc_auto_m2_departamento": 97017.443664366059, "acc_auto_n_deporte_y_recreacion": 15.283084476991183, "acc_auto_n_educacion_y_cultura": 130.60818592257667, "acc_auto_m2_habitacional": 314846.60665131424, "acc_auto_m2_industria": 17313.230989052994, "acc_auto_m2_oficina": 59361.143510635527, "acc_auto_n_salud": 121.84693864146605, "acc_auto_n_paraderos": 77.736359748203157 }, "geometry": { "type": "Polygon", "coordinates": [ [ [ -70.741403179003541, -34.163798091964608 ], [ -70.742579216785415, -34.165225156952665 ], [ -70.741674810566678, -34.166613282001229 ], [ -70.739594374901259, -34.166574338239975 ], [ -70.738418373443295, -34.165147284404547 ], [ -70.739322771325519, -34.163759163177943 ], [ -70.741403179003541, -34.163798091964608 ] ] ] } },
{ "type": "Feature", "properties": { "h3": "89b2c1c19bbffff", "acc_auto_m2_comercio": 142290.52112234847, "acc_auto_m2_departamento": 77013.590692153943, "acc_auto_n_deporte_y_recreacion": 14.593644227309243, "acc_auto_n_educacion_y_cultura": 132.09931575576235, "acc_auto_m2_habitacional": 334706.28170717874, "acc_auto_m2_industria": 13079.18976886284, "acc_auto_m2_oficina": 34967.377155504117, "acc_auto_n_salud": 37.038091741452256, "acc_auto_n_paraderos": 55.947751369498796 }, "geometry": { "type": "Polygon", "coordinates": [ [ [ -70.742761404446924, -34.177872859302347 ], [ -70.743937529108962, -34.179299665984352 ], [ -70.743033069825088, -34.180687457884673 ], [ -70.740952494212848, -34.180648439287303 ], [ -70.739776405876469, -34.179221643751717 ], [ -70.74068085682535, -34.177833855667288 ], [ -70.742761404446924, -34.177872859302347 ] ] ] } },
{ "type": "Feature", "properties": { "h3": "89b2c1c0667ffff", "acc_auto_m2_comercio": 8175.2025451919017, "acc_auto_m2_departamento": 10471.75870511699, "acc_auto_n_deporte_y_recreacion": 1.442206941314822, "acc_auto_n_educacion_y_cultura": 7.036540127490766, "acc_auto_m2_habitacional": 27956.509770127268, "acc_auto_m2_industria": 3251.3877476013422, "acc_auto_m2_oficina": 1044.5900114637468, "acc_auto_n_salud": 1.4110958868166932, "acc_auto_n_paraderos": 4.6831669302241306 }, "geometry": { "type": "Polygon", "coordinates": [ [ [ -70.765276535133353, -34.120666549462875 ], [ -70.766452708442955, -34.122094282746325 ], [ -70.765548439611891, -34.123483774462741 ], [ -70.763468005760004, -34.123445529060803 ], [ -70.762291868719331, -34.122017806926152 ], [ -70.763196129260223, -34.12062831904484 ], [ -70.765276535133353, -34.120666549462875 ] ] ] } },
{ "type": "Feature", "properties": { "h3": "89b2c1c12cbffff", "acc_auto_m2_comercio": 111.20458478567403, "acc_auto_m2_departamento": 62.398115186809306, "acc_auto_n_deporte_y_recreacion": 0.10613652755669034, "acc_auto_n_educacion_y_cultura": 0.028984103901142311, "acc_auto_m2_habitacional": 2926.8532819173579, "acc_auto_m2_industria": 77.190085842162276, "acc_auto_m2_oficina": 8.428329917881852, "acc_auto_n_salud": 0.01321377163803635, "acc_auto_n_paraderos": 0.034536103517317347 }, "geometry": { "type": "Polygon", "coordinates": [ [ [ -70.841829967150346, -34.138924640163296 ], [ -70.843007322147059, -34.140351710162811 ], [ -70.842102919686837, -34.141741693265367 ], [ -70.840021170380538, -34.141704602556388 ], [ -70.838843851522356, -34.140277543637268 ], [ -70.839748245830549, -34.138887564346938 ], [ -70.841829967150346, -34.138924640163296 ] ] ] } },
{ "type": "Feature", "properties": { "h3": "89b2c1c1bb7ffff", "acc_auto_m2_comercio": 113036.27171671741, "acc_auto_m2_departamento": 53618.775015423482, "acc_auto_n_deporte_y_recreacion": 8.253698766827366, "acc_auto_n_educacion_y_cultura": 84.284655487228179, "acc_auto_m2_habitacional": 360727.08678109641, "acc_auto_m2_industria": 22043.641866988946, "acc_auto_m2_oficina": 24298.109231410941, "acc_auto_n_salud": 23.552903584279164, "acc_auto_n_paraderos": 67.186021813220506 }, "geometry": { "type": "Polygon", "coordinates": [ [ [ -70.759318125306535, -34.188015255099742 ], [ -70.7604945357932, -34.189441807336031 ], [ -70.759590024309674, -34.190829551655554 ], [ -70.757509110643667, -34.190790739930542 ], [ -70.756332736456386, -34.189364198823647 ], [ -70.75723723963435, -34.187976458312562 ], [ -70.759318125306535, -34.188015255099742 ] ] ] } },
{ "type": "Feature", "properties": { "h3": "89b2c1c0bdbffff", "acc_auto_m2_comercio": 189856.79407284872, "acc_auto_m2_departamento": 119904.7590023301, "acc_auto_n_deporte_y_recreacion": 15.613226658965711, "acc_auto_n_educacion_y_cultura": 126.96315115797175, "acc_auto_m2_habitacional": 445982.2492114185, "acc_auto_m2_industria": 7896.2938649502757, "acc_auto_m2_oficina": 22109.561799377021, "acc_auto_n_salud": 44.541983331443213, "acc_auto_n_paraderos": 97.126991670547355 }, "geometry": { "type": "Polygon", "coordinates": [ [ [ -70.714269797058535, -34.173121579559229 ], [ -70.715445490349552, -34.174548595741136 ], [ -70.714541074440348, -34.175936153374522 ], [ -70.712460973625241, -34.175896691002812 ], [ -70.71128531670881, -34.174469685992129 ], [ -70.712189724231564, -34.173082132182131 ], [ -70.714269797058535, -34.173121579559229 ] ] ] } },
{ "type": "Feature", "properties": { "h3": "89b2c1c5437ffff", "acc_auto_m2_comercio": 11438.655130921628, "acc_auto_m2_departamento": 9211.7517980916818, "acc_auto_n_deporte_y_recreacion": 8.9124966885162245, "acc_auto_n_educacion_y_cultura": 27.898540474228618, "acc_auto_m2_habitacional": 158980.91171917648, "acc_auto_m2_industria": 1614.0836575605992, "acc_auto_m2_oficina": 2668.9887513221279, "acc_auto_n_salud": 4.03200593630537, "acc_auto_n_paraderos": 2.311088511489805 }, "geometry": { "type": "Polygon", "coordinates": [ [ [ -70.652963384096466, -34.183178931646566 ], [ -70.654138244642652, -34.18460603361833 ], [ -70.653233848826318, -34.185992581889863 ], [ -70.651154600960922, -34.185952024358741 ], [ -70.649979776900423, -34.184524933604209 ], [ -70.650884164218283, -34.183138389163751 ], [ -70.652963384096466, -34.183178931646566 ] ] ] } },
{ "type": "Feature", "properties": { "h3": "89b2c1c0863ffff", "acc_auto_m2_comercio": 106345.77538672989, "acc_auto_m2_departamento": 93637.425571403306, "acc_auto_n_deporte_y_recreacion": 14.636432787376531, "acc_auto_n_educacion_y_cultura": 96.628896515522001, "acc_auto_m2_habitacional": 393055.37889743538, "acc_auto_m2_industria": 4492.6176184309343, "acc_auto_m2_oficina": 11642.2799019017, "acc_auto_n_salud": 29.070796403763076, "acc_auto_n_paraderos": 86.842186019806007 }, "geometry": { "type": "Polygon", "coordinates": [ [ [ -70.707487308286673, -34.167373721463726 ], [ -70.70866287671312, -34.168800870178245 ], [ -70.707758488200042, -34.170188486789506 ], [ -70.705678539657526, -34.170148950859364 ], [ -70.704503007615941, -34.168721813323621 ], [ -70.705407387730645, -34.16733420053945 ], [ -70.707487308286673, -34.167373721463726 ] ] ] } },
{ "type": "Feature", "properties": { "h3": "89b2c1c1d9bffff", "acc_auto_m2_comercio": 106341.40566615935, "acc_auto_m2_departamento": 90740.793871843896, "acc_auto_n_deporte_y_recreacion": 32.092852656705908, "acc_auto_n_educacion_y_cultura": 94.627250889210586, "acc_auto_m2_habitacional": 282399.96201513632, "acc_auto_m2_industria": 11613.394937679166, "acc_auto_m2_oficina": 23280.178175149762, "acc_auto_n_salud": 40.312311936583328, "acc_auto_n_paraderos": 64.881841503714838 }, "geometry": { "type": "Polygon", "coordinates": [ [ [ -70.746557799705826, -34.152652548574778 ], [ -70.747733857993595, -34.154079790800658 ], [ -70.746829488176289, -34.155468256601367 ], [ -70.744749068396203, -34.155429476350832 ], [ -70.743573046419897, -34.154002245277432 ], [ -70.744477407910864, -34.152613783302264 ], [ -70.746557799705826, -34.152652548574778 ] ] ] } },
{ "type": "Feature", "properties": { "h3": "89b2c1c14c7ffff", "acc_auto_m2_comercio": 245.07405586002739, "acc_auto_m2_departamento": 237.10308798201669, "acc_auto_n_deporte_y_recreacion": 0.032402351863217459, "acc_auto_n_educacion_y_cultura": 1.3729181157412411, "acc_auto_m2_habitacional": 2175.1387016089298, "acc_auto_m2_industria": 88.341621920889139, "acc_auto_m2_oficina": 44.449240117417354, "acc_auto_n_salud": 0.031640047318402982, "acc_auto_n_paraderos": 0.10620959847876937 }, "geometry": { "type": "Polygon", "coordinates": [ [ [ -70.810867788323591, -34.108837112222773 ], [ -70.81204455712205, -34.110264857592803 ], [ -70.811140291835343, -34.111655205924734 ], [ -70.809059265955241, -34.111617805055964 ], [ -70.807882533341456, -34.110190070802091 ], [ -70.808786790421735, -34.108799726301029 ], [ -70.810867788323591, -34.108837112222773 ] ] ] } },
{ "type": "Feature", "properties": { "h3": "89b2c1c015bffff", "acc_auto_m2_comercio": 75362.933021218822, "acc_auto_m2_departamento": 95380.00934170952, "acc_auto_n_deporte_y_recreacion": 9.4698871482933011, "acc_auto_n_educacion_y_cultura": 68.859752914302518, "acc_auto_m2_habitacional": 295851.21313948696, "acc_auto_m2_industria": 24878.585853805958, "acc_auto_m2_oficina": 8495.5983349234994, "acc_auto_n_salud": 11.09191927478774, "acc_auto_n_paraderos": 61.688813081353238 }, "geometry": { "type": "Polygon", "coordinates": [ [ [ -70.735159785211536, -34.13135675980061 ], [ -70.736335578207019, -34.132784433107531 ], [ -70.735431297053182, -34.134173287076067 ], [ -70.733351231248179, -34.134134463901276 ], [ -70.732175474578028, -34.132706801763717 ], [ -70.733079747386242, -34.131317951631779 ], [ -70.735159785211536, -34.13135675980061 ] ] ] } },
{ "type": "Feature", "properties": { "h3": "89b2c1c1db3ffff", "acc_auto_m2_comercio": 114257.61749448975, "acc_auto_m2_departamento": 83380.006247220284, "acc_auto_n_deporte_y_recreacion": 14.847413869322535, "acc_auto_n_educacion_y_cultura": 92.940196581528085, "acc_auto_m2_habitacional": 259918.6112618843, "acc_auto_m2_industria": 9099.7957857953952, "acc_auto_m2_oficina": 23045.809526944813, "acc_auto_n_salud": 41.019418912645413, "acc_auto_n_paraderos": 54.899374712460308 }, "geometry": { "type": "Polygon", "coordinates": [ [ [ -70.737603635122369, -34.156701249489224 ], [ -70.738779584458669, -34.158128458251895 ], [ -70.73787520780165, -34.159516712721818 ], [ -70.735794890149947, -34.159477754603621 ], [ -70.734618977142162, -34.158050556999207 ], [ -70.735523345456244, -34.156662306354924 ], [ -70.737603635122369, -34.156701249489224 ] ] ] } },
{ "type": "Feature", "properties": { "h3": "89b2c1c5633ffff", "acc_auto_m2_comercio": 28645.196197389974, "acc_auto_m2_departamento": 18370.27293300557, "acc_auto_n_deporte_y_recreacion": 6.0673105255567847, "acc_auto_n_educacion_y_cultura": 36.604698201694255, "acc_auto_m2_habitacional": 234032.51905728661, "acc_auto_m2_industria": 10972.856624092337, "acc_auto_m2_oficina": 3328.2495316711311, "acc_auto_n_salud": 12.957905574272917, "acc_auto_n_paraderos": 13.794155743429895 }, "geometry": { "type": "Polygon", "coordinates": [ [ [ -70.678728957375554, -34.192103888709077 ], [ -70.67990423116467, -34.193530719087065 ], [ -70.678999778192775, -34.194917364603562 ], [ -70.676920059882775, -34.194877175919821 ], [ -70.675744822536586, -34.193450356734957 ], [ -70.676649267056149, -34.192063715040895 ], [ -70.678728957375554, -34.192103888709077 ] ] ] } },
{ "type": "Feature", "properties": { "h3": "89b2c1c036fffff", "acc_auto_m2_comercio": 59541.014688524039, "acc_auto_m2_departamento": 43224.17114241331, "acc_auto_n_deporte_y_recreacion": 4.9266592993239016, "acc_auto_n_educacion_y_cultura": 30.02741339129815, "acc_auto_m2_habitacional": 139490.44671739297, "acc_auto_m2_industria": 13115.131144162324, "acc_auto_m2_oficina": 12476.134279233342, "acc_auto_n_salud": 22.25797622120632, "acc_auto_n_paraderos": 43.50924157370315 }, "geometry": { "type": "Polygon", "coordinates": [ [ [ -70.749542584728914, -34.151302722140379 ], [ -70.750718679322489, -34.152729975516806 ], [ -70.749814311795078, -34.154118511759613 ], [ -70.747733857993595, -34.154079790800658 ], [ -70.746557799705826, -34.152652548574778 ], [ -70.74746215891237, -34.151264016157491 ], [ -70.749542584728914, -34.151302722140379 ] ] ] } },
{ "type": "Feature", "properties": { "h3": "89b2c1c1c37ffff", "acc_auto_m2_comercio": 106610.31260485988, "acc_auto_m2_departamento": 73935.764803085738, "acc_auto_n_deporte_y_recreacion": 7.6330552078591261, "acc_auto_n_educacion_y_cultura": 54.200040034271069, "acc_auto_m2_habitacional": 274598.39093831897, "acc_auto_m2_industria": 23675.395938972862, "acc_auto_m2_oficina": 20767.539541118498, "acc_auto_n_salud": 35.391876820745978, "acc_auto_n_paraderos": 69.761821328023146 }, "geometry": { "type": "Polygon", "coordinates": [ [ [ -70.759312678913417, -34.155700212792603 ], [ -70.760488934519415, -34.157127344655954 ], [ -70.759584542064403, -34.158515892367824 ], [ -70.75750390230543, -34.158477304394751 ], [ -70.756327682989266, -34.157050183672467 ], [ -70.75723206714089, -34.155661639782373 ], [ -70.759312678913417, -34.155700212792603 ] ] ] } },
{ "type": "Feature", "properties": { "h3": "89b2c1c0c5bffff", "acc_auto_m2_comercio": 38308.406620422465, "acc_auto_m2_departamento": 64999.294933251491, "acc_auto_n_deporte_y_recreacion": 6.6607891358126636, "acc_auto_n_educacion_y_cultura": 36.949220730268493, "acc_auto_m2_habitacional": 145927.56680707433, "acc_auto_m2_industria": 4146.8726081722889, "acc_auto_m2_oficina": 6040.0114467141884, "acc_auto_n_salud": 8.5495248211375667, "acc_auto_n_paraderos": 36.885437166398582 }, "geometry": { "type": "Polygon", "coordinates": [ [ [ -70.714270279250599, -34.140804329733498 ], [ -70.715445817849613, -34.142231924814411 ], [ -70.714541520943854, -34.143620285697132 ], [ -70.712461693821965, -34.143581047662352 ], [ -70.711286191587959, -34.142153463764295 ], [ -70.712190480109484, -34.140765106718383 ], [ -70.714270279250599, -34.140804329733498 ] ] ] } },
{ "type": "Feature", "properties": { "h3": "89b2c1ce4d7ffff", "acc_auto_m2_comercio": 246512.57031041337, "acc_auto_m2_departamento": 123301.88996610726, "acc_auto_n_deporte_y_recreacion": 17.455341607672548, "acc_auto_n_educacion_y_cultura": 127.84442391602279, "acc_auto_m2_habitacional": 432730.01910048001, "acc_auto_m2_industria": 14152.601186615162, "acc_auto_m2_oficina": 34466.707732217117, "acc_auto_n_salud": 65.994378500547455, "acc_auto_n_paraderos": 83.862272647296948 }, "geometry": { "type": "Polygon", "coordinates": [ [ [ -70.730821600901365, -34.183267218590359 ], [ -70.731997580226704, -34.184693980675029 ], [ -70.731093111857021, -34.186081490770448 ], [ -70.729012672517698, -34.186042234965406 ], [ -70.727836729540726, -34.184615484034879 ], [ -70.728741189553361, -34.18322797775545 ], [ -70.730821600901365, -34.183267218590359 ] ] ] } },
{ "type": "Feature", "properties": { "h3": "89b2c1c54b7ffff", "acc_auto_m2_comercio": 14149.746924223678, "acc_auto_m2_departamento": 9972.9943517559186, "acc_auto_n_deporte_y_recreacion": 6.268970762476231, "acc_auto_n_educacion_y_cultura": 25.747266519325908, "acc_auto_m2_habitacional": 209761.86762347288, "acc_auto_m2_industria": 1178.7047839244508, "acc_auto_m2_oficina": 2681.3735096485707, "acc_auto_n_salud": 3.0746986303081587, "acc_auto_n_paraderos": 2.9903038150254995 }, "geometry": { "type": "Polygon", "coordinates": [ [ [ -70.649168538958151, -34.176083518668435 ], [ -70.65034331093743, -34.177510764150341 ], [ -70.649438944871278, -34.178897441848356 ], [ -70.647359815329395, -34.178856870229858 ], [ -70.64618507984035, -34.177429635970839 ], [ -70.647089437401604, -34.176042962107594 ], [ -70.649168538958151, -34.176083518668435 ] ] ] } },
{ "type": "Feature", "properties": { "h3": "89b2c1c50a7ffff", "acc_auto_m2_comercio": 3014.1424966038694, "acc_auto_m2_departamento": 2028.8018844025614, "acc_auto_n_deporte_y_recreacion": 0.88946110256375832, "acc_auto_n_educacion_y_cultura": 4.589211829730325, "acc_auto_m2_habitacional": 36157.512194390438, "acc_auto_m2_industria": 910.84244675759521, "acc_auto_m2_oficina": 438.64443951485464, "acc_auto_n_salud": 1.5041929274591936, "acc_auto_n_paraderos": 1.0367552576095949 }, "geometry": { "type": "Polygon", "coordinates": [ [ [ -70.651331974834491, -34.19859159417625 ], [ -70.652506885706018, -34.200018426964128 ], [ -70.651602434628003, -34.201404571585805 ], [ -70.649523081179652, -34.201363879594787 ], [ -70.648348206801245, -34.199937058019856 ], [ -70.649252649376734, -34.198550917223187 ], [ -70.651331974834491, -34.19859159417625 ] ] ] } },
{ "type": "Feature", "properties": { "h3": "89b2c1c1e33ffff", "acc_auto_m2_comercio": 30799.589344407705, "acc_auto_m2_departamento": 21735.180326084403, "acc_auto_n_deporte_y_recreacion": 1.7943981476376587, "acc_auto_n_educacion_y_cultura": 13.937120716265458, "acc_auto_m2_habitacional": 88207.301659171004, "acc_auto_m2_industria": 11625.938960990479, "acc_auto_m2_oficina": 4201.1447777363783, "acc_auto_n_salud": 5.2135920153592261, "acc_auto_n_paraderos": 19.579622745474744 }, "geometry": { "type": "Polygon", "coordinates": [ [ [ -70.785099130747909, -34.164607615814255 ], [ -70.786275798137581, -34.166034474956518 ], [ -70.785371350072225, -34.167423119826829 ], [ -70.783290242872894, -34.167384901742068 ], [ -70.782113611729997, -34.165958053716814 ], [ -70.783018051538306, -34.164569412659489 ], [ -70.785099130747909, -34.164607615814255 ] ] ] } },
{ "type": "Feature", "properties": { "h3": "89b2c1c0e57ffff", "acc_auto_m2_comercio": 112508.06865671158, "acc_auto_m2_departamento": 127694.53062195808, "acc_auto_n_deporte_y_recreacion": 14.658095299638791, "acc_auto_n_educacion_y_cultura": 137.9263785946066, "acc_auto_m2_habitacional": 342934.09695400321, "acc_auto_m2_industria": 11354.568345113241, "acc_auto_m2_oficina": 23692.625208495021, "acc_auto_n_salud": 29.397956044362726, "acc_auto_n_paraderos": 74.367388240702454 }, "geometry": { "type": "Polygon", "coordinates": [ [ [ -70.730819905069268, -34.150953125226884 ], [ -70.731995729627343, -34.152380466551399 ], [ -70.73109138027489, -34.153768779985086 ], [ -70.7290112147179, -34.153729748265135 ], [ -70.727835426498615, -34.152302418106451 ], [ -70.728739767496222, -34.150914108502093 ], [ -70.730819905069268, -34.150953125226884 ] ] ] } },
{ "type": "Feature", "properties": { "h3": "89b2c1c56b3ffff", "acc_auto_m2_comercio": 15172.502213918011, "acc_auto_m2_departamento": 9815.2160571466429, "acc_auto_n_deporte_y_recreacion": 3.6885912289147962, "acc_auto_n_educacion_y_cultura": 21.003939787231303, "acc_auto_m2_habitacional": 185147.04008944603, "acc_auto_m2_industria": 3929.2055642782257, "acc_auto_m2_oficina": 1915.7807438074592, "acc_auto_n_salud": 5.1982094944189363, "acc_auto_n_paraderos": 6.9477193363484728 }, "geometry": { "type": "Polygon", "coordinates": [ [ [ -70.674932516386235, -34.185009464480089 ], [ -70.676107701633143, -34.186436438514207 ], [ -70.675203278360129, -34.187823213481508 ], [ -70.6731236782976, -34.187783010588788 ], [ -70.671948529498195, -34.186356047753435 ], [ -70.672852944312467, -34.18496927661225 ], [ -70.674932516386235, -34.185009464480089 ] ] ] } },
{ "type": "Feature", "properties": { "h3": "89b2c1c084bffff", "acc_auto_m2_comercio": 131728.94119036617, "acc_auto_m2_departamento": 146282.23941825746, "acc_auto_n_deporte_y_recreacion": 18.09296750874767, "acc_auto_n_educacion_y_cultura": 119.83401639369673, "acc_auto_m2_habitacional": 461262.06134527223, "acc_auto_m2_industria": 7900.6636768068829, "acc_auto_m2_oficina": 19863.250822037815, "acc_auto_n_salud": 35.607228721749102, "acc_auto_n_paraderos": 120.83306180180359 }, "geometry": { "type": "Polygon", "coordinates": [ [ [ -70.716440401886786, -34.163328667541833 ], [ -70.717616079433839, -34.164755849781145 ], [ -70.716711697608673, -34.166143677743449 ], [ -70.714631646616965, -34.16610431963958 ], [ -70.713456005437777, -34.164677148573276 ], [ -70.714360378881096, -34.163289324438018 ], [ -70.716440401886786, -34.163328667541833 ] ] ] } },
{ "type": "Feature", "properties": { "h3": "89b2c1c1827ffff", "acc_auto_m2_comercio": 50579.350254148885, "acc_auto_m2_departamento": 21821.106108009055, "acc_auto_n_deporte_y_recreacion": 7.2222528233768291, "acc_auto_n_educacion_y_cultura": 50.136828435261265, "acc_auto_m2_habitacional": 271055.25076694723, "acc_auto_m2_industria": 11266.368222374407, "acc_auto_m2_oficina": 11578.97881224617, "acc_auto_n_salud": 9.6255627435061797, "acc_auto_n_paraderos": 53.244023278133611 }, "geometry": { "type": "Polygon", "coordinates": [ [ [ -70.761487773630307, -34.17822233716398 ], [ -70.762664168266838, -34.179649055625688 ], [ -70.761759690929651, -34.181037070311739 ], [ -70.759678827255527, -34.180998362724225 ], [ -70.758502468911644, -34.17957165539368 ], [ -70.759406937947915, -34.178183644519684 ], [ -70.761487773630307, -34.17822233716398 ] ] ] } },
{ "type": "Feature", "properties": { "h3": "89b2c1c13cbffff", "acc_auto_m2_comercio": 891.34724358885626, "acc_auto_m2_departamento": 617.0936364797268, "acc_auto_n_deporte_y_recreacion": 0.050945594267249907, "acc_auto_n_educacion_y_cultura": 2.578787834807811, "acc_auto_m2_habitacional": 5226.9842409578632, "acc_auto_m2_industria": 331.29859580605677, "acc_auto_m2_oficina": 221.89130116161095, "acc_auto_n_salud": 0.14802152122099671, "acc_auto_n_paraderos": 0.71134175243668984 }, "geometry": { "type": "Polygon", "coordinates": [ [ [ -70.820927814744138, -34.148392239319442 ], [ -70.82210491665127, -34.149819231715604 ], [ -70.821200497178594, -34.151208721817923 ], [ -70.81911898398819, -34.151171215711742 ], [ -70.817941918259521, -34.149744234409496 ], [ -70.818846329541444, -34.148354748119701 ], [ -70.820927814744138, -34.148392239319442 ] ] ] } },
{ "type": "Feature", "properties": { "h3": "89b2c1c0077ffff", "acc_auto_m2_comercio": 41408.480584554192, "acc_auto_m2_departamento": 55615.384709288752, "acc_auto_n_deporte_y_recreacion": 6.6997325738717102, "acc_auto_n_educacion_y_cultura": 49.128729653206264, "acc_auto_m2_habitacional": 224631.13667300792, "acc_auto_m2_industria": 13178.184860127141, "acc_auto_m2_oficina": 4406.458266968908, "acc_auto_n_salud": 5.6626769258505227, "acc_auto_n_paraderos": 46.268487447705979 }, "geometry": { "type": "Polygon", "coordinates": [ [ [ -70.744112907790864, -34.127305855671914 ], [ -70.745288809728294, -34.128733562475297 ], [ -70.744384535400357, -34.130122627754972 ], [ -70.742304367462751, -34.13008398239495 ], [ -70.741128501833657, -34.128656286755131 ], [ -70.742032767832484, -34.127267225311982 ], [ -70.744112907790864, -34.127305855671914 ] ] ] } },
{ "type": "Feature", "properties": { "h3": "89b2c1c1cb7ffff", "acc_auto_m2_comercio": 38898.166458938467, "acc_auto_m2_departamento": 27066.249739324048, "acc_auto_n_deporte_y_recreacion": 3.7750208316894023, "acc_auto_n_educacion_y_cultura": 20.73066400832559, "acc_auto_m2_habitacional": 93941.862050080017, "acc_auto_m2_industria": 8610.0771549926922, "acc_auto_m2_oficina": 8190.5760269932325, "acc_auto_n_salud": 14.882864501390006, "acc_auto_n_paraderos": 30.525469480166191 }, "geometry": { "type": "Polygon", "coordinates": [ [ [ -70.755512249923825, -34.148602680074731 ], [ -70.756688417111988, -34.150029955746476 ], [ -70.755784054179443, -34.151418632871184 ], [ -70.753703532367183, -34.151380030498892 ], [ -70.752527401473486, -34.149952765973829 ], [ -70.753431756096205, -34.14856409267459 ], [ -70.755512249923825, -34.148602680074731 ] ] ] } },
{ "type": "Feature", "properties": { "h3": "89b2c1c5537ffff", "acc_auto_m2_comercio": 3665.8541224027153, "acc_auto_m2_departamento": 2238.6643376792908, "acc_auto_n_deporte_y_recreacion": 1.1808054363439295, "acc_auto_n_educacion_y_cultura": 5.7397619899854719, "acc_auto_m2_habitacional": 40490.345768564774, "acc_auto_m2_industria": 810.34453033175794, "acc_auto_m2_oficina": 524.48705748558166, "acc_auto_n_salud": 1.4602649245496986, "acc_auto_n_paraderos": 0.88663745758582024 }, "geometry": { "type": "Polygon", "coordinates": [ [ [ -70.632078811342453, -34.192598221534595 ], [ -70.633253416370337, -34.194025244945195 ], [ -70.632349005765249, -34.195411299962558 ], [ -70.63026999866797, -34.195370327738388 ], [ -70.629095430165293, -34.193943315558528 ], [ -70.629999832233338, -34.192557264372304 ], [ -70.632078811342453, -34.192598221534595 ] ] ] } },
{ "type": "Feature", "properties": { "h3": "89b2c1c73d7ffff", "acc_auto_m2_comercio": 6776.7447976332433, "acc_auto_m2_departamento": 5817.8651825945735, "acc_auto_n_deporte_y_recreacion": 2.6129808354432194, "acc_auto_n_educacion_y_cultura": 13.333705375544859, "acc_auto_m2_habitacional": 140595.96402892718, "acc_auto_m2_industria": 454.45300307770231, "acc_auto_m2_oficina": 1114.2637546785447, "acc_auto_n_salud": 1.2519496652824844, "acc_auto_n_paraderos": 1.60128675540934 }, "geometry": { "type": "Polygon", "coordinates": [ [ [ -70.64157982221208, -34.161890582915312 ], [ -70.642754417059237, -34.163318115270854 ], [ -70.641850110511939, -34.164705051780295 ], [ -70.639771217633822, -34.164664452092232 ], [ -70.638596659286037, -34.163236930970861 ], [ -70.639500957315676, -34.161849998303552 ], [ -70.64157982221208, -34.161890582915312 ] ] ] } },
{ "type": "Feature", "properties": { "h3": "89b2c1c0bc3ffff", "acc_auto_m2_comercio": 157245.54008469425, "acc_auto_m2_departamento": 115168.64652048232, "acc_auto_n_deporte_y_recreacion": 18.633827503984083, "acc_auto_n_educacion_y_cultura": 134.53555174082689, "acc_auto_m2_habitacional": 498197.33753962326, "acc_auto_m2_industria": 6664.7268633252033, "acc_auto_m2_oficina": 18274.435649466108, "acc_auto_n_salud": 57.546559588398203, "acc_auto_n_paraderos": 93.078055599787533 }, "geometry": { "type": "Polygon", "coordinates": [ [ [ -70.71128531670881, -34.174469685992129 ], [ -70.712460973625241, -34.175896691002812 ], [ -70.711556555485203, -34.177284178183719 ], [ -70.709476488819348, -34.177244656530704 ], [ -70.708300868283203, -34.175817662693177 ], [ -70.709205278031263, -34.174430179335694 ], [ -70.71128531670881, -34.174469685992129 ] ] ] } },
{ "type": "Feature", "properties": { "h3": "89b2c1c0963ffff", "acc_auto_m2_comercio": 33236.156401213018, "acc_auto_m2_departamento": 20012.240814778019, "acc_auto_n_deporte_y_recreacion": 9.1664488021058048, "acc_auto_n_educacion_y_cultura": 42.485343157004877, "acc_auto_m2_habitacional": 252958.86900441966, "acc_auto_m2_industria": 2520.9022380622168, "acc_auto_m2_oficina": 3188.2875471626871, "acc_auto_n_salud": 6.3741086839115528, "acc_auto_n_paraderos": 20.66612676864716 }, "geometry": { "type": "Polygon", "coordinates": [ [ [ -70.686597875246676, -34.176807640317371 ], [ -70.687773188860092, -34.178234710739879 ], [ -70.686868784917024, -34.179621834173005 ], [ -70.684789075796189, -34.179581883356597 ], [ -70.683613798607297, -34.178154824126402 ], [ -70.68451819411338, -34.176767704520508 ], [ -70.686597875246676, -34.176807640317371 ] ] ] } },
{ "type": "Feature", "properties": { "h3": "89b2c1c0ed7ffff", "acc_auto_m2_comercio": 71359.133907490017, "acc_auto_m2_departamento": 122653.67512210678, "acc_auto_n_deporte_y_recreacion": 9.6724254994633316, "acc_auto_n_educacion_y_cultura": 60.852459804911646, "acc_auto_m2_habitacional": 250463.34974661726, "acc_auto_m2_industria": 10896.230671762369, "acc_auto_m2_oficina": 8754.5631991022947, "acc_auto_n_salud": 11.861773808882493, "acc_auto_n_paraderos": 57.85349793548901 }, "geometry": { "type": "Polygon", "coordinates": [ [ [ -70.727021157216555, -34.143854989297068 ], [ -70.728196893325389, -34.145282474292763 ], [ -70.727292573553598, -34.146670917121433 ], [ -70.725212526032877, -34.146631871121599 ], [ -70.724036826267451, -34.145204397297356 ], [ -70.724941137677973, -34.143815958301708 ], [ -70.727021157216555, -34.143854989297068 ] ] ] } },
{ "type": "Feature", "properties": { "h3": "89b2c1c7373ffff", "acc_auto_m2_comercio": 4604.5311311548912, "acc_auto_m2_departamento": 4099.4597659461851, "acc_auto_n_deporte_y_recreacion": 1.9743885407367427, "acc_auto_n_educacion_y_cultura": 13.734413070822038, "acc_auto_m2_habitacional": 109421.16448827696, "acc_auto_m2_industria": 316.86862128864198, "acc_auto_m2_oficina": 745.88380310684761, "acc_auto_n_salud": 0.83378861287681072, "acc_auto_n_paraderos": 0.94046835439865628 }, "geometry": { "type": "Polygon", "coordinates": [ [ [ -70.642661015798694, -34.173147749388583 ], [ -70.643835680074716, -34.174575075547473 ], [ -70.64293133102413, -34.17596174557471 ], [ -70.640852326212652, -34.175921085606021 ], [ -70.639677698437424, -34.174493770676349 ], [ -70.640582038971516, -34.173107104486341 ], [ -70.642661015798694, -34.173147749388583 ] ] ] } },
{ "type": "Feature", "properties": { "h3": "89b2c1c53bbffff", "acc_auto_m2_comercio": 1346.8279096921922, "acc_auto_m2_departamento": 1213.4447903207581, "acc_auto_n_deporte_y_recreacion": 0.25613016879586104, "acc_auto_n_educacion_y_cultura": 1.4760238636721041, "acc_auto_m2_habitacional": 29380.338277178958, "acc_auto_m2_industria": 483.87524409075456, "acc_auto_m2_oficina": 144.20399828908435, "acc_auto_n_salud": 0.60973994166211032, "acc_auto_n_paraderos": 0.50332903884087243 }, "geometry": { "type": "Polygon", "coordinates": [ [ [ -70.659193508300774, -34.215589779174323 ], [ -70.660368613700868, -34.217016273027745 ], [ -70.659464092499022, -34.218402092048549 ], [ -70.657384474385182, -34.218361413399691 ], [ -70.656209405469426, -34.216934930746667 ], [ -70.657113918181849, -34.215549115542302 ], [ -70.659193508300774, -34.215589779174323 ] ] ] } },
{ "type": "Feature", "properties": { "h3": "89b2c1c5043ffff", "acc_auto_m2_comercio": 10267.74853594374, "acc_auto_m2_departamento": 6704.6261029995885, "acc_auto_n_deporte_y_recreacion": 2.2631095553097769, "acc_auto_n_educacion_y_cultura": 13.07417779478391, "acc_auto_m2_habitacional": 93186.957149789305, "acc_auto_m2_industria": 4062.7830957890119, "acc_auto_m2_oficina": 1278.5543897290811, "acc_auto_n_salud": 5.4300034868134501, "acc_auto_n_paraderos": 4.4898628846653859 }, "geometry": { "type": "Polygon", "coordinates": [ [ [ -70.673302213728221, -34.200423201929439 ], [ -70.674477449360182, -34.201849906667022 ], [ -70.673572970801956, -34.203236277972792 ], [ -70.671493265073209, -34.203195940721123 ], [ -70.670318065896211, -34.201769247178028 ], [ -70.671222535991674, -34.200382879692292 ], [ -70.673302213728221, -34.200423201929439 ] ] ] } },
{ "type": "Feature", "properties": { "h3": "89b2c1ca87bffff", "acc_auto_m2_comercio": 5420.5254843747762, "acc_auto_m2_departamento": 2630.2256400322085, "acc_auto_n_deporte_y_recreacion": 0.23064018272867842, "acc_auto_n_educacion_y_cultura": 3.3031262720892873, "acc_auto_m2_habitacional": 16742.790784534838, "acc_auto_m2_industria": 2126.1021286687214, "acc_auto_m2_oficina": 2951.3790666005066, "acc_auto_n_salud": 0.53817504661234705, "acc_auto_n_paraderos": 3.0019056709668162 }, "geometry": { "type": "Polygon", "coordinates": [ [ [ -70.84348431256177, -34.188149962397141 ], [ -70.844661927100745, -34.189576141434792 ], [ -70.843757342007365, -34.190964921374437 ], [ -70.841675150525944, -34.190927518484926 ], [ -70.840497572137068, -34.18950135050865 ], [ -70.841402149078164, -34.188112574360709 ], [ -70.84348431256177, -34.188149962397141 ] ] ] } },
{ "type": "Feature", "properties": { "h3": "89b2c1c1d37ffff", "acc_auto_m2_comercio": 218956.21755789799, "acc_auto_m2_departamento": 142639.667956769, "acc_auto_n_deporte_y_recreacion": 21.035459264845493, "acc_auto_n_educacion_y_cultura": 189.38031003606145, "acc_auto_m2_habitacional": 405123.70627807442, "acc_auto_m2_industria": 15530.064941833858, "acc_auto_m2_oficina": 63705.803297106177, "acc_auto_n_salud": 98.532287926077075, "acc_auto_n_paraderos": 90.829832827420049 }, "geometry": { "type": "Polygon", "coordinates": [ [ [ -70.738418373443295, -34.165147284404547 ], [ -70.739594374901259, -34.166574338239975 ], [ -70.738689966406142, -34.167962392842021 ], [ -70.736609564793696, -34.167923389786857 ], [ -70.735433599665299, -34.166496347105976 ], [ -70.736337999818431, -34.165108296325911 ], [ -70.738418373443295, -34.165147284404547 ] ] ] } },
{ "type": "Feature", "properties": { "h3": "89b2c1c543bffff", "acc_auto_m2_comercio": 10441.512657899902, "acc_auto_m2_departamento": 6904.9813486212888, "acc_auto_n_deporte_y_recreacion": 4.1034741561276098, "acc_auto_n_educacion_y_cultura": 18.754718566876782, "acc_auto_m2_habitacional": 170927.08015381894, "acc_auto_m2_industria": 1563.6943163287015, "acc_auto_m2_oficina": 2049.8861784079609, "acc_auto_n_salud": 2.8331462541812393, "acc_auto_n_paraderos": 2.539194234180016 }, "geometry": { "type": "Polygon", "coordinates": [ [ [ -70.659201237104881, -34.183300352205599 ], [ -70.660376187967799, -34.184727425017762 ], [ -70.659471785796981, -34.186114047581164 ], [ -70.657392441249058, -34.186073593502755 ], [ -70.656217526860857, -34.184646531902729 ], [ -70.657121920544498, -34.183259913169174 ], [ -70.659201237104881, -34.183300352205599 ] ] ] } },
{ "type": "Feature", "properties": { "h3": "89b2c1c1843ffff", "acc_auto_m2_comercio": 59496.609842159662, "acc_auto_m2_departamento": 55293.635641498382, "acc_auto_n_deporte_y_recreacion": 3.7802687310709504, "acc_auto_n_educacion_y_cultura": 26.549376856379801, "acc_auto_m2_habitacional": 165644.96267920005, "acc_auto_m2_industria": 40178.806793865035, "acc_auto_m2_oficina": 8065.4643754963736, "acc_auto_n_salud": 9.5193565375623344, "acc_auto_n_paraderos": 37.495221725663527 }, "geometry": { "type": "Polygon", "coordinates": [ [ [ -70.779672415303935, -34.172938925315385 ], [ -70.780849044959766, -34.174365658821365 ], [ -70.779944570983062, -34.175754029545629 ], [ -70.777863475616684, -34.175715662953486 ], [ -70.776686882219721, -34.17428894056588 ], [ -70.777591347928919, -34.17290057365225 ], [ -70.779672415303935, -34.172938925315385 ] ] ] } },
{ "type": "Feature", "properties": { "h3": "89b2c1c0867ffff", "acc_auto_m2_comercio": 70924.103354712177, "acc_auto_m2_departamento": 60108.736184984606, "acc_auto_n_deporte_y_recreacion": 10.905664428773015, "acc_auto_n_educacion_y_cultura": 67.993296716713644, "acc_auto_m2_habitacional": 284451.82611132343, "acc_auto_m2_industria": 2952.4871725523171, "acc_auto_m2_oficina": 7742.2587856950113, "acc_auto_n_salud": 19.939580102703168, "acc_auto_n_paraderos": 56.519226207200262 }, "geometry": { "type": "Polygon", "coordinates": [ [ [ -70.704503007615941, -34.168721813323621 ], [ -70.705678539657526, -34.170148950859364 ], [ -70.704774148925154, -34.171536497018799 ], [ -70.702694234553704, -34.171496901815594 ], [ -70.701518738902664, -34.170069775460576 ], [ -70.702423121231149, -34.168682233128251 ], [ -70.704503007615941, -34.168721813323621 ] ] ] } },
{ "type": "Feature", "properties": { "h3": "89b2c1c326bffff", "acc_auto_m2_comercio": 139.52243720724348, "acc_auto_m2_departamento": 134.98473306254493, "acc_auto_n_deporte_y_recreacion": 0.018446924728313961, "acc_auto_n_educacion_y_cultura": 2.6682779440001512, "acc_auto_m2_habitacional": 2265.8664198484876, "acc_auto_m2_industria": 50.293610069759737, "acc_auto_m2_oficina": 55.020281306214684, "acc_auto_n_salud": 0.018012938497388303, "acc_auto_n_paraderos": 0.060465995704046364 }, "geometry": { "type": "Polygon", "coordinates": [ [ [ -70.813308010869704, -34.101847318748128 ], [ -70.814484781087913, -34.10327517851502 ], [ -70.813580539394422, -34.104665730445952 ], [ -70.811499535682898, -34.104628418776905 ], [ -70.810322801642968, -34.103200570126674 ], [ -70.811227035134934, -34.101810022029021 ], [ -70.813308010869704, -34.101847318748128 ] ] ] } },
{ "type": "Feature", "properties": { "h3": "89b2c1cac73ffff", "acc_auto_m2_comercio": 1467.6438892970639, "acc_auto_m2_departamento": 905.95676381647581, "acc_auto_n_deporte_y_recreacion": 0.079441866268308264, "acc_auto_n_educacion_y_cultura": 1.8075115533608543, "acc_auto_m2_habitacional": 6435.7479529571692, "acc_auto_m2_industria": 694.1624210079051, "acc_auto_m2_oficina": 2749.9600064367328, "acc_auto_n_salud": 0.18536939043364092, "acc_auto_n_paraderos": 1.0981922053417448 }, "geometry": { "type": "Polygon", "coordinates": [ [ [ -70.838313889958044, -34.166978067410149 ], [ -70.83949132918967, -34.168404649596283 ], [ -70.838586826452925, -34.169793892224789 ], [ -70.836504892643518, -34.169756548865919 ], [ -70.835327489564961, -34.168329977752975 ], [ -70.836231984141392, -34.166940738925888 ], [ -70.838313889958044, -34.166978067410149 ] ] ] } },
{ "type": "Feature", "properties": { "h3": "89b2c1c50c3ffff", "acc_auto_m2_comercio": 22978.480144145484, "acc_auto_m2_departamento": 14800.40194794016, "acc_auto_n_deporte_y_recreacion": 5.3977367814741797, "acc_auto_n_educacion_y_cultura": 30.482396817270335, "acc_auto_m2_habitacional": 185865.29726531339, "acc_auto_m2_industria": 8310.3081819008694, "acc_auto_m2_oficina": 3056.725118224771, "acc_auto_n_salud": 12.908300601172586, "acc_auto_n_paraderos": 9.7836996748621292 }, "geometry": { "type": "Polygon", "coordinates": [ [ [ -70.669505950977907, -34.193329554420067 ], [ -70.670681098055098, -34.194756402831253 ], [ -70.669776649209041, -34.196142903600702 ], [ -70.6676970617536, -34.196102552135478 ], [ -70.666521951135948, -34.194675714924458 ], [ -70.667426391512862, -34.193289217978695 ], [ -70.669505950977907, -34.193329554420067 ] ] ] } },
{ "type": "Feature", "properties": { "h3": "89b2c1c0177ffff", "acc_auto_m2_comercio": 23116.815958138905, "acc_auto_m2_departamento": 51009.805040408748, "acc_auto_n_deporte_y_recreacion": 3.0977686585084983, "acc_auto_n_educacion_y_cultura": 19.585269348819708, "acc_auto_m2_habitacional": 93939.66292466571, "acc_auto_m2_industria": 3539.6193761731411, "acc_auto_m2_oficina": 2800.0123758784148, "acc_auto_n_salud": 3.782573277026184, "acc_auto_n_paraderos": 18.601664412584654 }, "geometry": { "type": "Polygon", "coordinates": [ [ [ -70.723222733575881, -34.136756149419384 ], [ -70.724398381235972, -34.138183778037323 ], [ -70.723494091050995, -34.139572350247057 ], [ -70.721414161572284, -34.139533290002326 ], [ -70.72023855026022, -34.138105672561473 ], [ -70.72114283207749, -34.136717104188463 ], [ -70.723222733575881, -34.136756149419384 ] ] ] } },
{ "type": "Feature", "properties": { "h3": "89b2c1c1db7ffff", "acc_auto_m2_comercio": 112911.79999531593, "acc_auto_m2_departamento": 89268.298996520316, "acc_auto_n_deporte_y_recreacion": 14.234403670064763, "acc_auto_n_educacion_y_cultura": 105.73283921441774, "acc_auto_m2_habitacional": 264940.49558663944, "acc_auto_m2_industria": 8371.9130127558528, "acc_auto_m2_oficina": 28677.222583302515, "acc_auto_n_salud": 41.298039938340096, "acc_auto_n_paraderos": 55.121564641419567 }, "geometry": { "type": "Polygon", "coordinates": [ [ [ -70.734618977142162, -34.158050556999207 ], [ -70.735794890149947, -34.159477754603621 ], [ -70.734890511223043, -34.160865938628447 ], [ -70.732810227635454, -34.160826921223375 ], [ -70.731634350961869, -34.159399734779164 ], [ -70.732538721540323, -34.158011554580007 ], [ -70.734618977142162, -34.158050556999207 ] ] ] } },
{ "type": "Feature", "properties": { "h3": "89b2c1c5637ffff", "acc_auto_m2_comercio": 27481.188860535607, "acc_auto_m2_departamento": 17465.147368993614, "acc_auto_n_deporte_y_recreacion": 5.8491785912313796, "acc_auto_n_educacion_y_cultura": 34.64990154808573, "acc_auto_m2_habitacional": 214499.82366034554, "acc_auto_m2_industria": 11121.768496443168, "acc_auto_m2_oficina": 3412.6291836236455, "acc_auto_n_salud": 14.655394879917786, "acc_auto_n_paraderos": 12.646838920369115 }, "geometry": { "type": "Polygon", "coordinates": [ [ [ -70.675744822536586, -34.193450356734957 ], [ -70.676920059882775, -34.194877175919821 ], [ -70.676015604739618, -34.196263750974374 ], [ -70.673935920706782, -34.19622350302182 ], [ -70.67276071980919, -34.194796695031989 ], [ -70.673665166494516, -34.193410123799886 ], [ -70.675744822536586, -34.193450356734957 ] ] ] } },
{ "type": "Feature", "properties": { "h3": "89b2c1c0a63ffff", "acc_auto_m2_comercio": 214707.02545334655, "acc_auto_m2_departamento": 122650.35396971434, "acc_auto_n_deporte_y_recreacion": 18.169413160926421, "acc_auto_n_educacion_y_cultura": 142.00212412436107, "acc_auto_m2_habitacional": 424874.13384926703, "acc_auto_m2_industria": 12331.761582329431, "acc_auto_m2_oficina": 46098.366912115627, "acc_auto_n_salud": 64.188191291629153, "acc_auto_n_paraderos": 82.379968295820831 }, "geometry": { "type": "Polygon", "coordinates": [ [ [ -70.730278599269937, -34.177638319332267 ], [ -70.731454543844677, -34.179065184742626 ], [ -70.730550096705741, -34.180452828108855 ], [ -70.728469713348389, -34.180413602246546 ], [ -70.727293805121292, -34.178986747992816 ], [ -70.728198243902568, -34.17759910844498 ], [ -70.730278599269937, -34.177638319332267 ] ] ] } },
{ "type": "Feature", "properties": { "h3": "89b2c1c09c7ffff", "acc_auto_m2_comercio": 24546.599651696499, "acc_auto_m2_departamento": 15673.591948723133, "acc_auto_n_deporte_y_recreacion": 4.869786053190869, "acc_auto_n_educacion_y_cultura": 29.207641468347834, "acc_auto_m2_habitacional": 220902.33896879276, "acc_auto_m2_industria": 965.32903286039266, "acc_auto_m2_oficina": 2497.7354308814847, "acc_auto_n_salud": 5.109241458379107, "acc_auto_n_paraderos": 13.621428238567736 }, "geometry": { "type": "Polygon", "coordinates": [ [ [ -70.685514304020657, -34.165549682586011 ], [ -70.686689548170733, -34.166976959415052 ], [ -70.685785186709325, -34.168364349352544 ], [ -70.683705589534696, -34.168324458629051 ], [ -70.682530381807737, -34.166897192997268 ], [ -70.683434734830954, -34.165509806891912 ], [ -70.685514304020657, -34.165549682586011 ] ] ] } },
{ "type": "Feature", "properties": { "h3": "89b2c1c19a3ffff", "acc_auto_m2_comercio": 207775.35207187862, "acc_auto_m2_departamento": 119329.70825770051, "acc_auto_n_deporte_y_recreacion": 22.408688501269022, "acc_auto_n_educacion_y_cultura": 179.45435398422319, "acc_auto_m2_habitacional": 451354.25556798477, "acc_auto_m2_industria": 18276.25416334239, "acc_auto_m2_oficina": 53453.487383495463, "acc_auto_n_salud": 57.47635769463232, "acc_auto_n_paraderos": 82.126791811155314 }, "geometry": { "type": "Polygon", "coordinates": [ [ [ -70.739776405876469, -34.179221643751717 ], [ -70.740952494212848, -34.180648439287303 ], [ -70.740048032650009, -34.182036160737496 ], [ -70.737967491089961, -34.181997082836411 ], [ -70.736791439084925, -34.180570298449219 ], [ -70.737695892307258, -34.17918258081491 ], [ -70.739776405876469, -34.179221643751717 ] ] ] } },
{ "type": "Feature", "properties": { "h3": "89b2c1c134fffff", "acc_auto_m2_comercio": 2375.7809532607926, "acc_auto_m2_departamento": 1623.7941752282579, "acc_auto_n_deporte_y_recreacion": 0.13405608862962295, "acc_auto_n_educacion_y_cultura": 5.1046962573686292, "acc_auto_m2_habitacional": 11524.137161769317, "acc_auto_m2_industria": 874.69428149484975, "acc_auto_m2_oficina": 816.13391078295399, "acc_auto_n_salud": 0.38949758960118014, "acc_auto_n_paraderos": 1.8939995919482377 }, "geometry": { "type": "Polygon", "coordinates": [ [ [ -70.821745882407583, -34.156841331801537 ], [ -70.822923036478088, -34.158268169038784 ], [ -70.822018585202628, -34.159657459273987 ], [ -70.819936988045129, -34.159619908463213 ], [ -70.818759870154125, -34.158193082316146 ], [ -70.81966431323977, -34.15680379588985 ], [ -70.821745882407583, -34.156841331801537 ] ] ] } },
{ "type": "Feature", "properties": { "h3": "89b2c1c0373ffff", "acc_auto_m2_comercio": 39136.442969679825, "acc_auto_m2_departamento": 29438.194797725864, "acc_auto_n_deporte_y_recreacion": 3.2075084911470997, "acc_auto_n_educacion_y_cultura": 19.549389874187188, "acc_auto_m2_habitacional": 92143.839417260126, "acc_auto_m2_industria": 8538.6246443267064, "acc_auto_m2_oficina": 8122.6048334261714, "acc_auto_n_salud": 14.491086837497955, "acc_auto_n_paraderos": 28.326753142880204 }, "geometry": { "type": "Polygon", "coordinates": [ [ [ -70.748999150888764, -34.145670788145061 ], [ -70.750175210733985, -34.147098144794207 ], [ -70.749270864426876, -34.148486814266747 ], [ -70.747190466594645, -34.148448123262376 ], [ -70.746014443054534, -34.147020777766237 ], [ -70.746918781040179, -34.14563211212166 ], [ -70.748999150888764, -34.145670788145061 ] ] ] } },
{ "type": "Feature", "properties": { "h3": "89b2c1c1c3bffff", "acc_auto_m2_comercio": 88174.213976948944, "acc_auto_m2_departamento": 64306.213198536032, "acc_auto_n_deporte_y_recreacion": 5.2479299730178113, "acc_auto_n_educacion_y_cultura": 38.216371201458941, "acc_auto_m2_habitacional": 210061.23460881761, "acc_auto_m2_industria": 20870.165748010739, "acc_auto_m2_oficina": 14292.300654992672, "acc_auto_n_salud": 24.054091070840862, "acc_auto_n_paraderos": 56.380506746150829 }, "geometry": { "type": "Polygon", "coordinates": [ [ [ -70.765554706104723, -34.155815724541405 ], [ -70.766731051651263, -34.157242827018784 ], [ -70.765826653215697, -34.158631448992381 ], [ -70.76374591752429, -34.158592964668287 ], [ -70.762569608256555, -34.157165873326882 ], [ -70.763473998400087, -34.155777255173774 ], [ -70.765554706104723, -34.155815724541405 ] ] ] } },
{ "type": "Feature", "properties": { "h3": "89b2c1c54bbffff", "acc_auto_m2_comercio": 16288.183299632063, "acc_auto_m2_departamento": 12746.201960912422, "acc_auto_n_deporte_y_recreacion": 7.3570751368562632, "acc_auto_n_educacion_y_cultura": 28.887991030954392, "acc_auto_m2_habitacional": 210932.50039368539, "acc_auto_m2_industria": 1103.7827682930567, "acc_auto_m2_oficina": 2854.5235015420399, "acc_auto_n_salud": 3.1902846509259004, "acc_auto_n_paraderos": 4.5922289573509625 }, "geometry": { "type": "Polygon", "coordinates": [ [ [ -70.655406037042269, -34.176204981508363 ], [ -70.656580899345755, -34.177632197856376 ], [ -70.655676526912202, -34.179018949848526 ], [ -70.653597300667414, -34.178978481659364 ], [ -70.652422474843249, -34.177551276529115 ], [ -70.653326838783201, -34.176164528370485 ], [ -70.655406037042269, -34.176204981508363 ] ] ] } },
{ "type": "Feature", "properties": { "h3": "89b2c1c18c3ffff", "acc_auto_m2_comercio": 78821.25808724176, "acc_auto_m2_departamento": 47740.013231127297, "acc_auto_n_deporte_y_recreacion": 4.1525002100838151, "acc_auto_n_educacion_y_cultura": 25.725230725256235, "acc_auto_m2_habitacional": 160559.30846437064, "acc_auto_m2_industria": 26927.645794742522, "acc_auto_m2_oficina": 8204.5661767772472, "acc_auto_n_salud": 10.029473335416487, "acc_auto_n_paraderos": 36.517471022748758 }, "geometry": { "type": "Polygon", "coordinates": [ [ [ -70.775870571625006, -34.165843162580728 ], [ -70.777047112875579, -34.167270040058547 ], [ -70.776142668383045, -34.168658540233025 ], [ -70.774061690912546, -34.168620159115576 ], [ -70.772885185925475, -34.167193292761773 ], [ -70.773789622144079, -34.165804796401609 ], [ -70.775870571625006, -34.165843162580728 ] ] ] } },
{ "type": "Feature", "properties": { "h3": "89b2c1c5143ffff", "acc_auto_m2_comercio": 700.04919947594976, "acc_auto_m2_departamento": 1100.5156913078188, "acc_auto_n_deporte_y_recreacion": 0.13117326992740477, "acc_auto_n_educacion_y_cultura": 0.75592374611311541, "acc_auto_m2_habitacional": 17036.428512501439, "acc_auto_m2_industria": 247.80953490446893, "acc_auto_m2_oficina": 73.851940523496594, "acc_auto_n_salud": 0.31226927436615443, "acc_auto_n_paraderos": 0.25777250756741726 }, "geometry": { "type": "Polygon", "coordinates": [ [ [ -70.652413854426257, -34.209842794291426 ], [ -70.653588834754643, -34.211269420627161 ], [ -70.652684341165696, -34.212655298664671 ], [ -70.650604875748328, -34.21261454654649 ], [ -70.649429931914511, -34.211187931418728 ], [ -70.650334417002128, -34.209802057201344 ], [ -70.652413854426257, -34.209842794291426 ] ] ] } },
{ "type": "Feature", "properties": { "h3": "89b2c1c154bffff", "acc_auto_m2_comercio": 1893.7767341841663, "acc_auto_m2_departamento": 1744.5978893754491, "acc_auto_n_deporte_y_recreacion": 0.21456924998997837, "acc_auto_n_educacion_y_cultura": 0.82969141029854065, "acc_auto_m2_habitacional": 6113.9534640680904, "acc_auto_m2_industria": 557.16503426865938, "acc_auto_m2_oficina": 216.21722664728097, "acc_auto_n_salud": 0.33251165343353456, "acc_auto_n_paraderos": 0.91210585776688846 }, "geometry": { "type": "Polygon", "coordinates": [ [ [ -70.800016394385878, -34.125518528863722 ], [ -70.801193087928411, -34.126946023163761 ], [ -70.800288770697506, -34.128335823408499 ], [ -70.798207768149965, -34.12829812552723 ], [ -70.797031110816263, -34.126870642346169 ], [ -70.797935419819908, -34.125480845927569 ], [ -70.800016394385878, -34.125518528863722 ] ] ] } },
{ "type": "Feature", "properties": { "h3": "89b2c1c1d1bffff", "acc_auto_m2_comercio": 115280.26437971978, "acc_auto_m2_departamento": 58484.073662012721, "acc_auto_n_deporte_y_recreacion": 12.918342273691076, "acc_auto_n_educacion_y_cultura": 69.014971918039691, "acc_auto_m2_habitacional": 233680.08950534044, "acc_auto_m2_industria": 15506.579035089004, "acc_auto_m2_oficina": 28332.735442795023, "acc_auto_n_salud": 48.322780312693212, "acc_auto_n_paraderos": 58.626110390120104 }, "geometry": { "type": "Polygon", "coordinates": [ [ [ -70.75035778622086, -34.159749736209505 ], [ -70.751533932940347, -34.161176834643896 ], [ -70.750629533580948, -34.162565171027495 ], [ -70.748548995820641, -34.162526405155056 ], [ -70.747372885408026, -34.161099317867517 ], [ -70.748277276447482, -34.159710985305772 ], [ -70.75035778622086, -34.159749736209505 ] ] ] } },
{ "type": "Feature", "properties": { "h3": "89b2c1c1e37ffff", "acc_auto_m2_comercio": 24982.196516647062, "acc_auto_m2_departamento": 19813.439449526992, "acc_auto_n_deporte_y_recreacion": 2.3946166920517, "acc_auto_n_educacion_y_cultura": 10.220991993001368, "acc_auto_m2_habitacional": 86458.055846704025, "acc_auto_m2_industria": 11397.253542128683, "acc_auto_m2_oficina": 3254.0247561977058, "acc_auto_n_salud": 3.956260783696937, "acc_auto_n_paraderos": 14.467444475144175 }, "geometry": { "type": "Polygon", "coordinates": [ [ [ -70.782113611729997, -34.165958053716814 ], [ -70.783290242872894, -34.167384901742068 ], [ -70.78238579245739, -34.168773476171374 ], [ -70.780304719160227, -34.16873519876259 ], [ -70.779128124269803, -34.167308361856279 ], [ -70.780032566422733, -34.165919791239993 ], [ -70.782113611729997, -34.165958053716814 ] ] ] } },
{ "type": "Feature", "properties": { "h3": "89b2c1c0e5bffff", "acc_auto_m2_comercio": 109732.20037636624, "acc_auto_m2_departamento": 110551.40821142156, "acc_auto_n_deporte_y_recreacion": 18.189135975575851, "acc_auto_n_educacion_y_cultura": 118.98781675460373, "acc_auto_m2_habitacional": 333711.83669380186, "acc_auto_m2_industria": 11205.508058954614, "acc_auto_m2_oficina": 21476.985479809795, "acc_auto_n_salud": 38.960945255783166, "acc_auto_n_paraderos": 67.684321261317621 }, "geometry": { "type": "Polygon", "coordinates": [ [ [ -70.73706051004568, -34.151069968273283 ], [ -70.738236424636426, -34.152497280298817 ], [ -70.737332069203802, -34.153885668004271 ], [ -70.735251807522587, -34.15384673985632 ], [ -70.73407592925966, -34.152419438991522 ], [ -70.73498027634875, -34.151031055114146 ], [ -70.73706051004568, -34.151069968273283 ] ] ] } },
{ "type": "Feature", "properties": { "h3": "89b2c1c56b7ffff", "acc_auto_m2_comercio": 16144.047911323978, "acc_auto_m2_departamento": 10419.385814160863, "acc_auto_n_deporte_y_recreacion": 4.0719776028296231, "acc_auto_n_educacion_y_cultura": 22.929935667637302, "acc_auto_m2_habitacional": 215683.57933710766, "acc_auto_m2_industria": 4061.9909341599641, "acc_auto_m2_oficina": 2105.8436869432458, "acc_auto_n_salud": 5.4532714091799903, "acc_auto_n_paraderos": 7.2241939595558451 }, "geometry": { "type": "Polygon", "coordinates": [ [ [ -70.671948529498195, -34.186356047753435 ], [ -70.6731236782976, -34.187783010588788 ], [ -70.672219252859847, -34.189169715095545 ], [ -70.67013968708558, -34.189129452941046 ], [ -70.668964574739334, -34.187702501306397 ], [ -70.66986899171286, -34.186315800625749 ], [ -70.671948529498195, -34.186356047753435 ] ] ] } },
{ "type": "Feature", "properties": { "h3": "89b2c1c10b7ffff", "acc_auto_m2_comercio": 2244.5773376133329, "acc_auto_m2_departamento": 2067.8803418799903, "acc_auto_n_deporte_y_recreacion": 0.25432997295729365, "acc_auto_n_educacion_y_cultura": 0.98343725372569624, "acc_auto_m2_habitacional": 7176.0758159390034, "acc_auto_m2_industria": 660.41041810471972, "acc_auto_m2_oficina": 256.28332768405704, "acc_auto_n_salud": 0.39412767593532472, "acc_auto_n_paraderos": 1.0811234981288158 }, "geometry": { "type": "Polygon", "coordinates": [ [ [ -70.797303448544483, -34.129687855343676 ], [ -70.798480123258187, -34.131115286866496 ], [ -70.797575793050655, -34.13250495007884 ], [ -70.795494796360572, -34.132467177943575 ], [ -70.794318157861724, -34.131039757540421 ], [ -70.795222479836752, -34.129650098153057 ], [ -70.797303448544483, -34.129687855343676 ] ] ] } },
{ "type": "Feature", "properties": { "h3": "89b2c1c1cbbffff", "acc_auto_m2_comercio": 34170.197145864193, "acc_auto_m2_departamento": 30110.608012172808, "acc_auto_n_deporte_y_recreacion": 2.2959318887173712, "acc_auto_n_educacion_y_cultura": 17.118101691590869, "acc_auto_m2_habitacional": 112623.5228852435, "acc_auto_m2_industria": 7797.7285764533235, "acc_auto_m2_oficina": 6005.7574054918405, "acc_auto_n_salud": 10.116418372653692, "acc_auto_n_paraderos": 21.813966072341579 }, "geometry": { "type": "Polygon", "coordinates": [ [ [ -70.761753923321479, -34.1487182350401 ], [ -70.762930180457758, -34.150145481351544 ], [ -70.762025811531672, -34.151534232740261 ], [ -70.759945193766441, -34.151495733993528 ], [ -70.7587689729136, -34.150068498823686 ], [ -70.759673333541215, -34.148679751259166 ], [ -70.761753923321479, -34.1487182350401 ] ] ] } },
{ "type": "Feature", "properties": { "h3": "89b2c1c553bffff", "acc_auto_m2_comercio": 7083.2753315190839, "acc_auto_m2_departamento": 4498.0582333091879, "acc_auto_n_deporte_y_recreacion": 2.3177277121744861, "acc_auto_n_educacion_y_cultura": 11.352630590097345, "acc_auto_m2_habitacional": 76098.208055499126, "acc_auto_m2_industria": 1693.5339403007049, "acc_auto_m2_oficina": 1044.6561161744116, "acc_auto_n_salud": 3.0047893243086587, "acc_auto_n_paraderos": 1.8628415619477463 }, "geometry": { "type": "Polygon", "coordinates": [ [ [ -70.638315942343866, -34.192720886193349 ], [ -70.639490637765064, -34.194147880480038 ], [ -70.638586220731924, -34.195534009794351 ], [ -70.636507116801965, -34.195493140992227 ], [ -70.635332457895004, -34.194066157931168 ], [ -70.636236866402427, -34.192680032446788 ], [ -70.638315942343866, -34.192720886193349 ] ] ] } },
{ "type": "Feature", "properties": { "h3": "89b2c1c1943ffff", "acc_auto_m2_comercio": 85267.223858714671, "acc_auto_m2_departamento": 35584.636781407797, "acc_auto_n_deporte_y_recreacion": 6.4369916115137764, "acc_auto_n_educacion_y_cultura": 70.982512896404302, "acc_auto_m2_habitacional": 330521.8437495621, "acc_auto_m2_industria": 16042.880930677642, "acc_auto_m2_oficina": 20297.569698628879, "acc_auto_n_salud": 17.882191509263098, "acc_auto_n_paraderos": 65.757241369514418 }, "geometry": { "type": "Polygon", "coordinates": [ [ [ -70.758774347607769, -34.182386306962492 ], [ -70.759950723332139, -34.183812962599333 ], [ -70.759046233072638, -34.185200840199954 ], [ -70.756965375393634, -34.185162058353065 ], [ -70.755789035967936, -34.183735413848083 ], [ -70.756693517921235, -34.182347540058345 ], [ -70.758774347607769, -34.182386306962492 ] ] ] } },
{ "type": "Feature", "properties": { "h3": "89b2c1ce457ffff", "acc_auto_m2_comercio": 54810.655129617218, "acc_auto_m2_departamento": 41818.520582969439, "acc_auto_n_deporte_y_recreacion": 4.271790143568948, "acc_auto_n_educacion_y_cultura": 33.892501064512501, "acc_auto_m2_habitacional": 130253.64276189508, "acc_auto_m2_industria": 5452.0100816767545, "acc_auto_m2_oficina": 8863.8486042206914, "acc_auto_n_salud": 13.252122450119755, "acc_auto_n_paraderos": 23.03729254595417 }, "geometry": { "type": "Polygon", "coordinates": [ [ [ -70.734621173058486, -34.190361529818198 ], [ -70.735797240856812, -34.19178814803 ], [ -70.734892742904918, -34.193175528659197 ], [ -70.73281218550396, -34.193136287264473 ], [ -70.731636154049383, -34.191709680201171 ], [ -70.732540643650651, -34.190322303384285 ], [ -70.734621173058486, -34.190361529818198 ] ] ] } },
{ "type": "Feature", "properties": { "h3": "89b2c1c5027ffff", "acc_auto_m2_comercio": 3543.3124331778004, "acc_auto_m2_departamento": 5789.6028330900463, "acc_auto_n_deporte_y_recreacion": 0.66393601847169759, "acc_auto_n_educacion_y_cultura": 3.8261225213056802, "acc_auto_m2_habitacional": 57897.389503241568, "acc_auto_m2_industria": 1254.2927079187089, "acc_auto_m2_oficina": 373.80301165561616, "acc_auto_n_salud": 1.580556913984466, "acc_auto_n_paraderos": 1.3047204849013287 }, "geometry": { "type": "Polygon", "coordinates": [ [ [ -70.655127290550737, -34.205684823116677 ], [ -70.65630229000277, -34.207111512279305 ], [ -70.655397809173593, -34.208497527434048 ], [ -70.653318337387148, -34.208456849605014 ], [ -70.652143374423645, -34.207030171649677 ], [ -70.653047846756706, -34.205644160316268 ], [ -70.655127290550737, -34.205684823116677 ] ] ] } },
{ "type": "Feature", "properties": { "h3": "89b2c1c320bffff", "acc_auto_m2_comercio": 63.691986998073801, "acc_auto_m2_departamento": 61.620525237726561, "acc_auto_n_deporte_y_recreacion": 0.0084210203997871543, "acc_auto_n_educacion_y_cultura": 1.8549449510404838, "acc_auto_m2_habitacional": 1816.2374199984645, "acc_auto_m2_industria": 22.959030982889292, "acc_auto_m2_oficina": 35.147555992188948, "acc_auto_n_salud": 0.008222905702748121, "acc_auto_n_paraderos": 0.027602724617598395 }, "geometry": { "type": "Polygon", "coordinates": [ [ [ -70.809505372475627, -34.094744870347974 ], [ -70.81068205438109, -34.096172873885358 ], [ -70.809777842084586, -34.097563555150288 ], [ -70.807696956089174, -34.09752622904108 ], [ -70.806520310366636, -34.096098236625991 ], [ -70.807424514455192, -34.094707559198007 ], [ -70.809505372475627, -34.094744870347974 ] ] ] } },
{ "type": "Feature", "properties": { "h3": "89b2c1c0edbffff", "acc_auto_m2_comercio": 102944.97385975969, "acc_auto_m2_departamento": 118362.04374443232, "acc_auto_n_deporte_y_recreacion": 13.793970689134348, "acc_auto_n_educacion_y_cultura": 97.90747599184148, "acc_auto_m2_habitacional": 302696.13154744066, "acc_auto_m2_industria": 12519.873563444105, "acc_auto_m2_oficina": 15385.041508823982, "acc_auto_n_salud": 20.795733855187283, "acc_auto_n_paraderos": 62.900857121708505 }, "geometry": { "type": "Polygon", "coordinates": [ [ [ -70.733261408130474, -34.143971875202013 ], [ -70.734437234279525, -34.14539933092442 ], [ -70.733532908414574, -34.146787848027131 ], [ -70.731452764749179, -34.146748905575869 ], [ -70.730276974932536, -34.145321461019833 ], [ -70.731181292447545, -34.143932947748887 ], [ -70.733261408130474, -34.143971875202013 ] ] ] } },
{ "type": "Feature", "properties": { "h3": "89b2c1c0b63ffff", "acc_auto_m2_comercio": 76929.893643914373, "acc_auto_m2_departamento": 49827.953581866896, "acc_auto_n_deporte_y_recreacion": 12.284243182032727, "acc_auto_n_educacion_y_cultura": 73.075469893820099, "acc_auto_m2_habitacional": 219195.71158393804, "acc_auto_m2_industria": 4585.5249480500634, "acc_auto_m2_oficina": 11116.856519495166, "acc_auto_n_salud": 74.156067354467865, "acc_auto_n_paraderos": 34.621330917395284 }, "geometry": { "type": "Polygon", "coordinates": [ [ [ -70.709385709482049, -34.187074595331843 ], [ -70.710561399504058, -34.188501382605331 ], [ -70.709656936664928, -34.189888532794548 ], [ -70.70757679219868, -34.189848891891906 ], [ -70.706401138564004, -34.188422115788541 ], [ -70.707305593006879, -34.187034969417894 ], [ -70.709385709482049, -34.187074595331843 ] ] ] } },
{ "type": "Feature", "properties": { "h3": "89b2c1c7377ffff", "acc_auto_m2_comercio": 8029.8310836102019, "acc_auto_m2_departamento": 6996.8295089283683, "acc_auto_n_deporte_y_recreacion": 4.4498358914712455, "acc_auto_n_educacion_y_cultura": 17.5530103709679, "acc_auto_m2_habitacional": 158497.21768386237, "acc_auto_m2_industria": 715.31642086808188, "acc_auto_m2_oficina": 1596.1926747579118, "acc_auto_n_salud": 1.8771966167246965, "acc_auto_n_paraderos": 1.6019286762290992 }, "geometry": { "type": "Polygon", "coordinates": [ [ [ -70.639677698437424, -34.174493770676349 ], [ -70.640852326212652, -34.175921085606021 ], [ -70.639947975051896, -34.177307685171883 ], [ -70.637869004636585, -34.177266965971029 ], [ -70.636694413367806, -34.175839662272523 ], [ -70.637598756006568, -34.174453066543904 ], [ -70.639677698437424, -34.174493770676349 ] ] ] } },
{ "type": "Feature", "properties": { "h3": "89b2c1c5047ffff", "acc_auto_m2_comercio": 6762.8848786665276, "acc_auto_m2_departamento": 4546.0988563733154, "acc_auto_n_deporte_y_recreacion": 1.469022442970497, "acc_auto_n_educacion_y_cultura": 8.4656649089335474, "acc_auto_m2_habitacional": 77301.411872500525, "acc_auto_m2_industria": 2740.438722560702, "acc_auto_m2_oficina": 827.07519714939315, "acc_auto_n_salud": 3.4971345347102156, "acc_auto_n_paraderos": 2.8868198452846952 }, "geometry": { "type": "Polygon", "coordinates": [ [ [ -70.670318065896211, -34.201769247178028 ], [ -70.671493265073209, -34.203195940721123 ], [ -70.670588784352731, -34.204582241562129 ], [ -70.668509112922166, -34.204541845040161 ], [ -70.667333950205787, -34.203115162693472 ], [ -70.668238422458003, -34.201728865672528 ], [ -70.670318065896211, -34.201769247178028 ] ] ] } },
{ "type": "Feature", "properties": { "h3": "89b2c1c1d3bffff", "acc_auto_m2_comercio": 172492.077592858, "acc_auto_m2_departamento": 86525.27021408052, "acc_auto_n_deporte_y_recreacion": 12.823839321928789, "acc_auto_n_educacion_y_cultura": 127.73150233082414, "acc_auto_m2_habitacional": 265617.30291622569, "acc_auto_m2_industria": 14052.245859065939, "acc_auto_m2_oficina": 61838.836601879026, "acc_auto_n_salud": 196.85767010984483, "acc_auto_n_paraderos": 64.268498431659637 }, "geometry": { "type": "Polygon", "coordinates": [ [ [ -70.744659686493137, -34.165264041418837 ], [ -70.745835777968708, -34.166691065903933 ], [ -70.74493136341934, -34.168079194773199 ], [ -70.742850865723696, -34.168040295336866 ], [ -70.741674810566678, -34.166613282001229 ], [ -70.742579216785415, -34.165225156952665 ], [ -70.744659686493137, -34.165264041418837 ] ] ] } },
{ "type": "Feature", "properties": { "h3": "89b2c1c19c3ffff", "acc_auto_m2_comercio": 143683.74990102067, "acc_auto_m2_departamento": 55605.243784506289, "acc_auto_n_deporte_y_recreacion": 9.4723964876298261, "acc_auto_n_educacion_y_cultura": 112.64779630420449, "acc_auto_m2_habitacional": 362254.49809555215, "acc_auto_m2_industria": 23024.196624284465, "acc_auto_m2_oficina": 37570.739629978663, "acc_auto_n_salud": 34.341738183552408, "acc_auto_n_paraderos": 74.698189391550997 }, "geometry": { "type": "Polygon", "coordinates": [ [ [ -70.754973535993912, -34.175291348919266 ], [ -70.75614982328058, -34.17671814848849 ], [ -70.755245362551094, -34.178106155549195 ], [ -70.753164622846199, -34.178067359226333 ], [ -70.751988371862836, -34.176640570794611 ], [ -70.752892824279726, -34.175252567548441 ], [ -70.754973535993912, -34.175291348919266 ] ] ] } },
{ "type": "Feature", "properties": { "h3": "89b2c1c7357ffff", "acc_auto_m2_comercio": 8251.8891754670694, "acc_auto_m2_departamento": 7042.0757441487704, "acc_auto_n_deporte_y_recreacion": 3.6525944812546509, "acc_auto_n_educacion_y_cultura": 17.472050301596713, "acc_auto_m2_habitacional": 178824.42818746826, "acc_auto_m2_industria": 586.53846512499047, "acc_auto_m2_oficina": 1443.1235200286203, "acc_auto_n_salud": 1.5310413564976084, "acc_auto_n_paraderos": 1.9558160596623169 }, "geometry": { "type": "Polygon", "coordinates": [ [ [ -70.645374018332802, -34.168987402354873 ], [ -70.646548701745743, -34.17041479129805 ], [ -70.645644365435942, -34.171801598408699 ], [ -70.643565354223142, -34.17176101273791 ], [ -70.642390707304997, -34.170333635023248 ], [ -70.64329503510352, -34.168946831751057 ], [ -70.645374018332802, -34.168987402354873 ] ] ] } },
{ "type": "Feature", "properties": { "h3": "89b2c1c0b43ffff", "acc_auto_m2_comercio": 75955.753843152022, "acc_auto_m2_departamento": 56187.280528162832, "acc_auto_n_deporte_y_recreacion": 8.525701759008907, "acc_auto_n_educacion_y_cultura": 61.913279973223297, "acc_auto_m2_habitacional": 230864.77509196632, "acc_auto_m2_industria": 3284.0790471535443, "acc_auto_m2_oficina": 9698.7332093893037, "acc_auto_n_salud": 48.156370376907766, "acc_auto_n_paraderos": 38.932843931271485 }, "geometry": { "type": "Polygon", "coordinates": [ [ [ -70.715083649467772, -34.18156494619717 ], [ -70.716259394874655, -34.182991807455174 ], [ -70.715354947113866, -34.184379165191871 ], [ -70.713274762330386, -34.184339657851027 ], [ -70.712099053299156, -34.182912807760538 ], [ -70.713003492674417, -34.18152545384357 ], [ -70.715083649467772, -34.18156494619717 ] ] ] } },
{ "type": "Feature", "properties": { "h3": "89b2c1c12d3ffff", "acc_auto_m2_comercio": 679.89668200632104, "acc_auto_m2_departamento": 285.53608200457757, "acc_auto_n_deporte_y_recreacion": 0.48568467405430138, "acc_auto_n_educacion_y_cultura": 0.13263532068015088, "acc_auto_m2_habitacional": 2234.6957483164074, "acc_auto_m2_industria": 353.22468659481683, "acc_auto_m2_oficina": 38.568396393711332, "acc_auto_n_salud": 0.060466707539680586, "acc_auto_n_paraderos": 0.15803848652345101 }, "geometry": { "type": "Polygon", "coordinates": [ [ [ -70.838298043991614, -34.134643245456061 ], [ -70.839475328072325, -34.136070407807196 ], [ -70.838570944361337, -34.137460453709608 ], [ -70.836489284726454, -34.137423333446399 ], [ -70.835312036789304, -34.135996182180044 ], [ -70.836216412342111, -34.134606140092323 ], [ -70.838298043991614, -34.134643245456061 ] ] ] } },
{ "type": "Feature", "properties": { "h3": "89b2c1c1847ffff", "acc_auto_m2_comercio": 24819.448225043052, "acc_auto_m2_departamento": 10172.07569424471, "acc_auto_n_deporte_y_recreacion": 1.9211767205751551, "acc_auto_n_educacion_y_cultura": 24.298232512737968, "acc_auto_m2_habitacional": 180328.96581922818, "acc_auto_m2_industria": 4969.5523652265674, "acc_auto_m2_oficina": 4094.9783961931589, "acc_auto_n_salud": 4.9081092715018215, "acc_auto_n_paraderos": 23.580653145825892 }, "geometry": { "type": "Polygon", "coordinates": [ [ [ -70.776686882219721, -34.17428894056588 ], [ -70.777863475616684, -34.175715662953486 ], [ -70.776958999298856, -34.177103963233783 ], [ -70.774877937855706, -34.177065537316032 ], [ -70.773701380723296, -34.175638826048718 ], [ -70.774605848768132, -34.174250529579091 ], [ -70.776686882219721, -34.17428894056588 ] ] ] } },
{ "type": "Feature", "properties": { "h3": "89b2c1c086bffff", "acc_auto_m2_comercio": 107385.54295026411, "acc_auto_m2_departamento": 83554.172477780317, "acc_auto_n_deporte_y_recreacion": 12.202821045747008, "acc_auto_n_educacion_y_cultura": 87.403787810687433, "acc_auto_m2_habitacional": 348218.85773611272, "acc_auto_m2_industria": 4463.0189732658928, "acc_auto_m2_oficina": 12007.673628978046, "acc_auto_n_salud": 29.746303086236864, "acc_auto_n_paraderos": 78.553980204247267 }, "geometry": { "type": "Polygon", "coordinates": [ [ [ -70.710742859416044, -34.168840346834159 ], [ -70.71191848159151, -34.170267455103023 ], [ -70.711014084685843, -34.171655075540166 ], [ -70.708934073995934, -34.171615583882762 ], [ -70.707758488200042, -34.170188486789506 ], [ -70.70866287671312, -34.168800870178245 ], [ -70.710742859416044, -34.168840346834159 ] ] ] } },
{ "type": "Feature", "properties": { "h3": "89b2c1c017bffff", "acc_auto_m2_comercio": 7107.8803077513267, "acc_auto_m2_departamento": 738.82391362547321, "acc_auto_n_deporte_y_recreacion": 0.065839752108703756, "acc_auto_n_educacion_y_cultura": 0.40366361074794083, "acc_auto_m2_habitacional": 2324.9360819913231, "acc_auto_m2_industria": 76.535450340208698, "acc_auto_m2_oficina": 52.591217357778021, "acc_auto_n_salud": 0.069806976388440439, "acc_auto_n_paraderos": 0.40516680305899516 }, "geometry": { "type": "Polygon", "coordinates": [ [ [ -70.729462630410154, -34.136873078077876 ], [ -70.730638368117994, -34.138300677448214 ], [ -70.729734071826911, -34.139689323934249 ], [ -70.727654046183048, -34.139650367214685 ], [ -70.726478344812264, -34.138222779016331 ], [ -70.727382632746966, -34.136834136365756 ], [ -70.729462630410154, -34.136873078077876 ] ] ] } },
{ "type": "Feature", "properties": { "h3": "89b2c1c0ebbffff", "acc_auto_m2_comercio": 71373.542382477972, "acc_auto_m2_departamento": 130332.26091516099, "acc_auto_n_deporte_y_recreacion": 12.176807102288906, "acc_auto_n_educacion_y_cultura": 66.902691069853418, "acc_auto_m2_habitacional": 274526.16471378441, "acc_auto_m2_industria": 6339.3421790082994, "acc_auto_m2_oficina": 9600.4272063753106, "acc_auto_n_salud": 14.566783015561281, "acc_auto_n_paraderos": 75.367089358909013 }, "geometry": { "type": "Polygon", "coordinates": [ [ [ -70.718068259937894, -34.147902824160354 ], [ -70.719243886999493, -34.14933027563589 ], [ -70.718339560487294, -34.150718507133298 ], [ -70.716259615289985, -34.150679283322219 ], [ -70.715084024588805, -34.149251843023926 ], [ -70.715988342723179, -34.147863615359633 ], [ -70.718068259937894, -34.147902824160354 ] ] ] } },
{ "type": "Feature", "properties": { "h3": "89b2c1c1dbbffff", "acc_auto_m2_comercio": 171418.54523254096, "acc_auto_m2_departamento": 124639.1565917187, "acc_auto_n_deporte_y_recreacion": 25.21706115790845, "acc_auto_n_educacion_y_cultura": 148.06431235936699, "acc_auto_m2_habitacional": 408972.13826174464, "acc_auto_m2_industria": 15698.606776950186, "acc_auto_m2_oficina": 41612.99780800446, "acc_auto_n_salud": 71.276226366914017, "acc_auto_n_paraderos": 88.382497549902482 }, "geometry": { "type": "Polygon", "coordinates": [ [ [ -70.740859936163872, -34.15816735708205 ], [ -70.742035939196796, -34.15959452536179 ], [ -70.741131554202681, -34.16098278365611 ], [ -70.739051174511403, -34.160943869846463 ], [ -70.73787520780165, -34.159516712721818 ], [ -70.738779584458669, -34.158128458251895 ], [ -70.740859936163872, -34.15816735708205 ] ] ] } },
{ "type": "Feature", "properties": { "h3": "89b2c1c563bffff", "acc_auto_m2_comercio": 27774.050000604249, "acc_auto_m2_departamento": 17122.961272332621, "acc_auto_n_deporte_y_recreacion": 5.7305921577339411, "acc_auto_n_educacion_y_cultura": 32.899824489113655, "acc_auto_m2_habitacional": 162226.92432619262, "acc_auto_m2_industria": 7052.7573739619556, "acc_auto_m2_oficina": 4002.3528923897666, "acc_auto_n_salud": 21.213978119340354, "acc_auto_n_paraderos": 11.44754620727066 }, "geometry": { "type": "Polygon", "coordinates": [ [ [ -70.681983983741191, -34.193570848500755 ], [ -70.683159311335615, -34.194997638442267 ], [ -70.682254849917229, -34.196384287779949 ], [ -70.680175069349573, -34.196344143355127 ], [ -70.678999778192775, -34.194917364603562 ], [ -70.67990423116467, -34.193530719087065 ], [ -70.681983983741191, -34.193570848500755 ] ] ] } },
{ "type": "Feature", "properties": { "h3": "89b2c1c0a67ffff", "acc_auto_m2_comercio": 196719.27582124402, "acc_auto_m2_departamento": 116989.52067669507, "acc_auto_n_deporte_y_recreacion": 18.493871862836418, "acc_auto_n_educacion_y_cultura": 127.33370632006171, "acc_auto_m2_habitacional": 410969.55051752046, "acc_auto_m2_industria": 10149.208668216563, "acc_auto_m2_oficina": 32716.543746373274, "acc_auto_n_salud": 64.871870648619847, "acc_auto_n_paraderos": 76.736047475989423 }, "geometry": { "type": "Polygon", "coordinates": [ [ [ -70.727293805121292, -34.178986747992816 ], [ -70.728469713348389, -34.180413602246546 ], [ -70.727565263951547, -34.181801175161134 ], [ -70.72548491468946, -34.18176189000377 ], [ -70.724309042815676, -34.180335046908617 ], [ -70.725213483849345, -34.17894747781245 ], [ -70.727293805121292, -34.178986747992816 ] ] ] } },
{ "type": "Feature", "properties": { "h3": "89b2c1c727bffff", "acc_auto_m2_comercio": 21775.102215442806, "acc_auto_m2_departamento": 12900.763348959115, "acc_auto_n_deporte_y_recreacion": 5.3039358946569886, "acc_auto_n_educacion_y_cultura": 26.82299860682468, "acc_auto_m2_habitacional": 234493.48963610738, "acc_auto_m2_industria": 788.50925637527359, "acc_auto_m2_oficina": 2729.6585377063161, "acc_auto_n_salud": 4.2530594175373686, "acc_auto_n_paraderos": 9.6791829514860002 }, "geometry": { "type": "Polygon", "coordinates": [ [ [ -70.666799339399347, -34.165189559744292 ], [ -70.667974312839661, -34.166616924097426 ], [ -70.667069970228127, -34.16800409117014 ], [ -70.664990662647071, -34.167963890054018 ], [ -70.663815725662744, -34.166536536913419 ], [ -70.664720059802136, -34.165149373676606 ], [ -70.666799339399347, -34.165189559744292 ] ] ] } },
{ "type": "Feature", "properties": { "h3": "89b2c1c1353ffff", "acc_auto_m2_comercio": 1775.6125512270507, "acc_auto_m2_departamento": 1229.2843379467065, "acc_auto_n_deporte_y_recreacion": 0.10148641537997012, "acc_auto_n_educacion_y_cultura": 5.13708667342721, "acc_auto_m2_habitacional": 9954.4597405468194, "acc_auto_m2_industria": 659.96495658483661, "acc_auto_m2_oficina": 442.01963060357321, "acc_auto_n_salud": 0.29486698121541133, "acc_auto_n_paraderos": 1.4170317493246638 }, "geometry": { "type": "Polygon", "coordinates": [ [ [ -70.821200497178594, -34.151208721817923 ], [ -70.822377616473062, -34.152635662498845 ], [ -70.821473186399672, -34.154025085980734 ], [ -70.819391645220875, -34.153987564970585 ], [ -70.818214562105226, -34.152560635382322 ], [ -70.81911898398819, -34.151171215711742 ], [ -70.821200497178594, -34.151208721817923 ] ] ] } },
{ "type": "Feature", "properties": { "h3": "89b2c1c0377ffff", "acc_auto_m2_comercio": 36007.432921486346, "acc_auto_m2_departamento": 45670.444215820375, "acc_auto_n_deporte_y_recreacion": 8.2939764273807057, "acc_auto_n_educacion_y_cultura": 36.829801663190914, "acc_auto_m2_habitacional": 111678.71637775979, "acc_auto_m2_industria": 4511.2835897079412, "acc_auto_m2_oficina": 7147.2876683896866, "acc_auto_n_salud": 12.475316745042452, "acc_auto_n_paraderos": 23.28902806927686 }, "geometry": { "type": "Polygon", "coordinates": [ [ [ -70.746014443054534, -34.147020777766237 ], [ -70.747190466594645, -34.148448123262376 ], [ -70.74628611799865, -34.149836722294282 ], [ -70.744205754188158, -34.149797972002261 ], [ -70.743029766958813, -34.148370637661053 ], [ -70.74393410722783, -34.14698204245714 ], [ -70.746014443054534, -34.147020777766237 ] ] ] } },
{ "type": "Feature", "properties": { "h3": "89b2c1c0c63ffff", "acc_auto_m2_comercio": 20126.804209708644, "acc_auto_m2_departamento": 49611.625592122145, "acc_auto_n_deporte_y_recreacion": 4.9655496629459366, "acc_auto_n_educacion_y_cultura": 25.386476467438563, "acc_auto_m2_habitacional": 162390.33821134653, "acc_auto_m2_industria": 1718.3648630470543, "acc_auto_m2_oficina": 2681.4366027831798, "acc_auto_n_salud": 5.8304039062803872, "acc_auto_n_paraderos": 34.536229298881295 }, "geometry": { "type": "Polygon", "coordinates": [ [ [ -70.705589237930951, -34.147667053793121 ], [ -70.706764684783764, -34.149094563733527 ], [ -70.705860370586535, -34.150482646672074 ], [ -70.703780617935635, -34.150443215834763 ], [ -70.702605207465183, -34.149015717081788 ], [ -70.703509513261935, -34.147627637978886 ], [ -70.705589237930951, -34.147667053793121 ] ] ] } },
{ "type": "Feature", "properties": { "h3": "89b2c1c18c7ffff", "acc_auto_m2_comercio": 72644.744757629029, "acc_auto_m2_departamento": 52026.822431147259, "acc_auto_n_deporte_y_recreacion": 4.2296252421158842, "acc_auto_n_educacion_y_cultura": 31.667631484897957, "acc_auto_m2_habitacional": 181150.19723147977, "acc_auto_m2_industria": 28126.798428902548, "acc_auto_m2_oficina": 10048.93931798528, "acc_auto_n_salud": 12.092803359283032, "acc_auto_n_paraderos": 42.160284349903428 }, "geometry": { "type": "Polygon", "coordinates": [ [ [ -70.772885185925475, -34.167193292761773 ], [ -70.774061690912546, -34.168620159115576 ], [ -70.773157244085425, -34.170008588847494 ], [ -70.771076300549325, -34.169970148411473 ], [ -70.769899831831466, -34.168543293183625 ], [ -70.770804270379131, -34.167154867266035 ], [ -70.772885185925475, -34.167193292761773 ] ] ] } },
{ "type": "Feature", "properties": { "h3": "89b2c1c154fffff", "acc_auto_m2_comercio": 2734.7269078754648, "acc_auto_m2_departamento": 2519.4083525199526, "acc_auto_n_deporte_y_recreacion": 0.30986370206616398, "acc_auto_n_educacion_y_cultura": 1.198173792282027, "acc_auto_m2_habitacional": 8751.4241216247501, "acc_auto_m2_industria": 804.61305703576636, "acc_auto_m2_oficina": 312.24357778448939, "acc_auto_n_salud": 0.48018666196516296, "acc_auto_n_paraderos": 1.3171901275559426 }, "geometry": { "type": "Polygon", "coordinates": [ [ [ -70.797031110816263, -34.126870642346169 ], [ -70.798207768149965, -34.12829812552723 ], [ -70.797303448544483, -34.129687855343676 ], [ -70.795222479836752, -34.129650098153057 ], [ -70.794045858717567, -34.128222626092899 ], [ -70.794950170090246, -34.126832900102642 ], [ -70.797031110816263, -34.126870642346169 ] ] ] } },
{ "type": "Feature", "properties": { "h3": "89b2c1c11d7ffff", "acc_auto_m2_comercio": 5000.5821889873932, "acc_auto_m2_departamento": 4756.2396531735885, "acc_auto_n_deporte_y_recreacion": 0.57979460444274178, "acc_auto_n_educacion_y_cultura": 2.1785550543350709, "acc_auto_m2_habitacional": 14356.748075454247, "acc_auto_m2_industria": 1494.7739249284277, "acc_auto_m2_oficina": 626.33472624532055, "acc_auto_n_salud": 0.97808978474464925, "acc_auto_n_paraderos": 2.5749693709292854 }, "geometry": { "type": "Polygon", "coordinates": [ [ [ -70.791605166000537, -34.135208461632608 ], [ -70.792781785658576, -34.136635819253968 ], [ -70.791877440112629, -34.138025274998384 ], [ -70.789796483150525, -34.137987369297797 ], [ -70.788619899719066, -34.136560022798747 ], [ -70.789524237021766, -34.135170570878181 ], [ -70.791605166000537, -34.135208461632608 ] ] ] } },
{ "type": "Feature", "properties": { "h3": "89b2c1c56bbffff", "acc_auto_m2_comercio": 18156.893437581206, "acc_auto_m2_departamento": 11793.564410378849, "acc_auto_n_deporte_y_recreacion": 4.0193021224688863, "acc_auto_n_educacion_y_cultura": 23.654963195332737, "acc_auto_m2_habitacional": 180955.04630876696, "acc_auto_m2_industria": 5009.1502286146824, "acc_auto_m2_oficina": 2113.6120503172851, "acc_auto_n_salud": 6.4173333483255268, "acc_auto_n_paraderos": 8.842119591708153 }, "geometry": { "type": "Polygon", "coordinates": [ [ [ -70.67818733597332, -34.186476582143932 ], [ -70.679362575028406, -34.187903515761612 ], [ -70.678458143302493, -34.189290294553764 ], [ -70.676378480973014, -34.189250135903592 ], [ -70.675203278360129, -34.187823213481508 ], [ -70.676107701633143, -34.186436438514207 ], [ -70.67818733597332, -34.186476582143932 ] ] ] } },
{ "type": "Feature", "properties": { "h3": "89b2c1ca803ffff", "acc_auto_m2_comercio": 9260.0712276789764, "acc_auto_m2_departamento": 4788.5914319445801, "acc_auto_n_deporte_y_recreacion": 0.41990374744546854, "acc_auto_n_educacion_y_cultura": 6.013674995946011, "acc_auto_m2_habitacional": 29088.534463013999, "acc_auto_m2_industria": 3769.8827044946902, "acc_auto_m2_oficina": 5373.283681688501, "acc_auto_n_salud": 0.97980202833955432, "acc_auto_n_paraderos": 5.4652724681527642 }, "geometry": { "type": "Polygon", "coordinates": [ [ [ -70.836692046998721, -34.182407510278011 ], [ -70.837869537045506, -34.18383382254882 ], [ -70.836964978864103, -34.185222661548487 ], [ -70.834882938798842, -34.185185184482123 ], [ -70.833705484912528, -34.183758883280248 ], [ -70.834610034929668, -34.182370048075995 ], [ -70.836692046998721, -34.182407510278011 ] ] ] } },
{ "type": "Feature", "properties": { "h3": "89b2c1c1947ffff", "acc_auto_m2_comercio": 94663.125898191924, "acc_auto_m2_departamento": 40303.955265503711, "acc_auto_n_deporte_y_recreacion": 6.4552583434669737, "acc_auto_n_educacion_y_cultura": 72.739869664297927, "acc_auto_m2_habitacional": 298827.1716254768, "acc_auto_m2_industria": 18306.842539434703, "acc_auto_m2_oficina": 22607.366873766332, "acc_auto_n_salud": 20.030032623851021, "acc_auto_n_paraderos": 59.09551582188643 }, "geometry": { "type": "Polygon", "coordinates": [ [ [ -70.755789035967936, -34.183735413848083 ], [ -70.756965375393634, -34.185162058353065 ], [ -70.756060882828081, -34.186549865504446 ], [ -70.753980059147182, -34.186511024340135 ], [ -70.752803756025827, -34.185084390968953 ], [ -70.753708240279678, -34.183696587628482 ], [ -70.755789035967936, -34.183735413848083 ] ] ] } },
{ "type": "Feature", "properties": { "h3": "89b2c1c096bffff", "acc_auto_m2_comercio": 31363.581319682406, "acc_auto_m2_departamento": 19511.61697924128, "acc_auto_n_deporte_y_recreacion": 12.56145671461897, "acc_auto_n_educacion_y_cultura": 44.482710040454158, "acc_auto_m2_habitacional": 226378.81286630454, "acc_auto_m2_industria": 2593.0500829428211, "acc_auto_m2_oficina": 3019.4222794371558, "acc_auto_n_salud": 6.101265326529802, "acc_auto_n_paraderos": 20.2416005363362 }, "geometry": { "type": "Polygon", "coordinates": [ [ [ -70.689852932216013, -34.178274602290415 ], [ -70.69102829961561, -34.179701632289429 ], [ -70.690123887241398, -34.18108875954858 ], [ -70.688044115897412, -34.181048852982904 ], [ -70.686868784917024, -34.179621834173005 ], [ -70.687773188860092, -34.178234710739879 ], [ -70.689852932216013, -34.178274602290415 ] ] ] } },
{ "type": "Feature", "properties": { "h3": "89b2c1cad77ffff", "acc_auto_m2_comercio": 10943.398831834613, "acc_auto_m2_departamento": 7987.7008947669938, "acc_auto_n_deporte_y_recreacion": 0.70042842177164899, "acc_auto_n_educacion_y_cultura": 13.431423798760802, "acc_auto_m2_habitacional": 36671.837943857143, "acc_auto_m2_industria": 5900.1629227024023, "acc_auto_m2_oficina": 3466.531005252275, "acc_auto_n_salud": 1.6343773841829301, "acc_auto_n_paraderos": 7.4706113811051749 }, "geometry": { "type": "Polygon", "coordinates": [ [ [ -70.814423563653961, -34.177789715945281 ], [ -70.815600713501453, -34.179216209492076 ], [ -70.814696191385067, -34.18060488862313 ], [ -70.812614527624362, -34.180567070405829 ], [ -70.811437413975526, -34.179140587947593 ], [ -70.812341927887374, -34.177751912618298 ], [ -70.814423563653961, -34.177789715945281 ] ] ] } },
{ "type": "Feature", "properties": { "h3": "89b2c1c0947ffff", "acc_auto_m2_comercio": 39661.044161284801, "acc_auto_m2_departamento": 23303.429463682485, "acc_auto_n_deporte_y_recreacion": 8.0351507562297879, "acc_auto_n_educacion_y_cultura": 51.306736832981976, "acc_auto_m2_habitacional": 329869.29215392674, "acc_auto_m2_industria": 1436.9867369255244, "acc_auto_m2_oficina": 3911.156323287963, "acc_auto_n_salud": 7.5765106823026418, "acc_auto_n_paraderos": 23.689746672585905 }, "geometry": { "type": "Polygon", "coordinates": [ [ [ -70.689311042405734, -34.172645933048251 ], [ -70.690486375071131, -34.174073066270566 ], [ -70.689581983937543, -34.175460326788198 ], [ -70.687502268569006, -34.175420450255253 ], [ -70.686326972322092, -34.17399332822454 ], [ -70.687231355023911, -34.172606071535363 ], [ -70.689311042405734, -34.172645933048251 ] ] ] } },
{ "type": "Feature", "properties": { "h3": "89b2c1c1923ffff", "acc_auto_m2_comercio": 137783.71468366554, "acc_auto_m2_departamento": 83254.774462278583, "acc_auto_n_deporte_y_recreacion": 12.169642456040421, "acc_auto_n_educacion_y_cultura": 97.148372861924258, "acc_auto_m2_habitacional": 329968.58805807913, "acc_auto_m2_industria": 13744.539880993312, "acc_auto_m2_oficina": 26076.42812743886, "acc_auto_n_salud": 32.863953631056319, "acc_auto_n_paraderos": 59.815466583866936 }, "geometry": { "type": "Polygon", "coordinates": [ [ [ -70.743576420872856, -34.186316300113575 ], [ -70.744752597668366, -34.187742951759333 ], [ -70.743848106542927, -34.189130543747517 ], [ -70.741767446954725, -34.189091480277888 ], [ -70.740591306485925, -34.187664839774854 ], [ -70.74149578927728, -34.186277251598909 ], [ -70.743576420872856, -34.186316300113575 ] ] ] } },
{ "type": "Feature", "properties": { "h3": "89b2c1c551bffff", "acc_auto_m2_comercio": 6002.9427628692447, "acc_auto_m2_departamento": 7236.0830084382515, "acc_auto_n_deporte_y_recreacion": 3.0117600187978333, "acc_auto_n_educacion_y_cultura": 12.187174880092796, "acc_auto_m2_habitacional": 89283.148012629666, "acc_auto_m2_industria": 676.11313633673183, "acc_auto_m2_oficina": 1224.7214255688148, "acc_auto_n_salud": 1.9262373243617215, "acc_auto_n_paraderos": 1.2272213951759035 }, "geometry": { "type": "Polygon", "coordinates": [ [ [ -70.644012659248318, -34.187216548400947 ], [ -70.645187410320545, -34.188643616715218 ], [ -70.644283008136156, -34.190029953596373 ], [ -70.642203863393192, -34.189989218332322 ], [ -70.641029148823563, -34.18856216124108 ], [ -70.64193354249295, -34.187175828191045 ], [ -70.644012659248318, -34.187216548400947 ] ] ] } },
{ "type": "Feature", "properties": { "h3": "89b2c1c0b67ffff", "acc_auto_m2_comercio": 49409.904465992709, "acc_auto_m2_departamento": 31734.422170450416, "acc_auto_n_deporte_y_recreacion": 7.8791888299600057, "acc_auto_n_educacion_y_cultura": 54.981366150645471, "acc_auto_m2_habitacional": 140654.77990388384, "acc_auto_m2_industria": 3268.5315271676527, "acc_auto_m2_oficina": 7122.6869777469756, "acc_auto_n_salud": 47.879765212090597, "acc_auto_n_paraderos": 22.050302097693709 }, "geometry": { "type": "Polygon", "coordinates": [ [ [ -70.706401138564004, -34.188422115788541 ], [ -70.70757679219868, -34.189848891891906 ], [ -70.706672327136658, -34.19123597162433 ], [ -70.704592216840439, -34.19119627143499 ], [ -70.70341659959881, -34.189769506503666 ], [ -70.704321056258991, -34.188382430589847 ], [ -70.706401138564004, -34.188422115788541 ] ] ] } },
{ "type": "Feature", "properties": { "h3": "89b2c1c737bffff", "acc_auto_m2_comercio": 8310.074264329256, "acc_auto_m2_departamento": 7550.3399233338887, "acc_auto_n_deporte_y_recreacion": 6.8195452088532713, "acc_auto_n_educacion_y_cultura": 17.042265670875015, "acc_auto_m2_habitacional": 154502.40741204354, "acc_auto_m2_industria": 865.1918964967291, "acc_auto_m2_oficina": 1600.0201083722425, "acc_auto_n_salud": 2.3652339302143286, "acc_auto_n_paraderos": 1.5759871186161145 }, "geometry": { "type": "Polygon", "coordinates": [ [ [ -70.64591471927173, -34.174615676282784 ], [ -70.647089437401604, -34.176042962107594 ], [ -70.64618507984035, -34.177429635970839 ], [ -70.644106012658511, -34.17738902017345 ], [ -70.64293133102413, -34.17596174557471 ], [ -70.643835680074716, -34.174575075547473 ], [ -70.64591471927173, -34.174615676282784 ] ] ] } },
{ "type": "Feature", "properties": { "h3": "89b2c1ca883ffff", "acc_auto_m2_comercio": 4574.6735737267945, "acc_auto_m2_departamento": 2827.9996865565081, "acc_auto_n_deporte_y_recreacion": 0.2479826652651938, "acc_auto_n_educacion_y_cultura": 4.0218442547140656, "acc_auto_m2_habitacional": 16909.465556324863, "acc_auto_m2_industria": 2166.8706360332817, "acc_auto_m2_oficina": 12577.7644035792, "acc_auto_n_salud": 0.5786419385348297, "acc_auto_n_paraderos": 3.2401412731294132 }, "geometry": { "type": "Polygon", "coordinates": [ [ [ -70.832886845863641, -34.175312963501028 ], [ -70.834064247568691, -34.176739420017604 ], [ -70.833159718754672, -34.178128388502998 ], [ -70.831077796404998, -34.178090896672906 ], [ -70.829900430865081, -34.176664451230884 ], [ -70.830804951508341, -34.175275486544578 ], [ -70.832886845863641, -34.175312963501028 ] ] ] } },
{ "type": "Feature", "properties": { "h3": "89b2c1c005bffff", "acc_auto_m2_comercio": 14384.98604444272, "acc_auto_m2_departamento": 18202.757094210614, "acc_auto_n_deporte_y_recreacion": 2.4875767973634551, "acc_auto_n_educacion_y_cultura": 12.155860343547932, "acc_auto_m2_habitacional": 49431.98074842459, "acc_auto_m2_industria": 6697.322089254877, "acc_auto_m2_oficina": 1933.2092488142705, "acc_auto_n_salud": 2.4290535424401654, "acc_auto_n_paraderos": 8.1538690138414065 }, "geometry": { "type": "Polygon", "coordinates": [ [ [ -70.756050848894787, -34.121902834259856 ], [ -70.757226896008731, -34.123330585698106 ], [ -70.756322630852111, -34.124719932715294 ], [ -70.754242326887251, -34.124681524457998 ], [ -70.75306631605892, -34.12325378417556 ], [ -70.7539705729085, -34.121864440994798 ], [ -70.756050848894787, -34.121902834259856 ] ] ] } },
{ "type": "Feature", "properties": { "h3": "89b2c1c19c7ffff", "acc_auto_m2_comercio": 51832.393437778752, "acc_auto_m2_departamento": 21207.647351985142, "acc_auto_n_deporte_y_recreacion": 3.542070540578083, "acc_auto_n_educacion_y_cultura": 42.55072208910186, "acc_auto_m2_habitacional": 114947.59810167865, "acc_auto_m2_industria": 8820.118359546419, "acc_auto_m2_oficina": 14760.623828018914, "acc_auto_n_salud": 14.147752437001559, "acc_auto_n_paraderos": 20.192893709488544 }, "geometry": { "type": "Polygon", "coordinates": [ [ [ -70.751988371862836, -34.176640570794611 ], [ -70.753164622846199, -34.178067359226333 ], [ -70.752260159817197, -34.17945529583919 ], [ -70.750179454121607, -34.179416440205948 ], [ -70.749003239447205, -34.17798966291366 ], [ -70.749907694158082, -34.176601730115379 ], [ -70.751988371862836, -34.176640570794611 ] ] ] } },
{ "type": "Feature", "properties": { "h3": "89b2c1c12d7ffff", "acc_auto_m2_comercio": 700.20392290457983, "acc_auto_m2_departamento": 392.89211968969363, "acc_auto_n_deporte_y_recreacion": 0.66829270665321117, "acc_auto_n_educacion_y_cultura": 0.18249951917511459, "acc_auto_m2_habitacional": 3123.687330089198, "acc_auto_m2_industria": 486.03032887710663, "acc_auto_m2_oficina": 53.069301804498707, "acc_auto_n_salud": 0.083201018691364648, "acc_auto_n_paraderos": 0.2174578971835664 }, "geometry": { "type": "Polygon", "coordinates": [ [ [ -70.835312036789304, -34.135996182180044 ], [ -70.836489284726454, -34.137423333446399 ], [ -70.83558489857613, -34.138813308923261 ], [ -70.833503272651001, -34.138776129319247 ], [ -70.832326060863124, -34.137348989139632 ], [ -70.833230438849753, -34.135959017477497 ], [ -70.835312036789304, -34.135996182180044 ] ] ] } },
{ "type": "Feature", "properties": { "h3": "89b2c1c5443ffff", "acc_auto_m2_comercio": 13936.265499783125, "acc_auto_m2_departamento": 8843.2790516266577, "acc_auto_n_deporte_y_recreacion": 3.5605618505630376, "acc_auto_n_educacion_y_cultura": 20.52741602173047, "acc_auto_m2_habitacional": 208904.38635513606, "acc_auto_m2_industria": 2340.8256898979712, "acc_auto_m2_oficina": 1859.2677957166038, "acc_auto_n_salud": 3.6761128817151345, "acc_auto_n_paraderos": 6.5158239693608904 }, "geometry": { "type": "Polygon", "coordinates": [ [ [ -70.671407102999751, -34.180728358353015 ], [ -70.672582217069262, -34.182155424396782 ], [ -70.671677812878244, -34.183542262170484 ], [ -70.669598303081202, -34.183502030072063 ], [ -70.668423225464139, -34.18207497523148 ], [ -70.669327621190334, -34.180688141286325 ], [ -70.671407102999751, -34.180728358353015 ] ] ] } },
{ "type": "Feature", "properties": { "h3": "89b2c1c184bffff", "acc_auto_m2_comercio": 56850.642451506108, "acc_auto_m2_departamento": 52798.028361902128, "acc_auto_n_deporte_y_recreacion": 3.7447540990500237, "acc_auto_n_educacion_y_cultura": 27.92793431826717, "acc_auto_m2_habitacional": 169075.92644226164, "acc_auto_m2_industria": 43174.87144006788, "acc_auto_m2_oficina": 7944.2879322856516, "acc_auto_n_salud": 9.2400000193185843, "acc_auto_n_paraderos": 38.091143711730268 }, "geometry": { "type": "Polygon", "coordinates": [ [ [ -70.782930174238686, -34.174403966086736 ], [ -70.784106857531384, -34.175830659001214 ], [ -70.783202375293044, -34.177219033534875 ], [ -70.781121218022264, -34.177180711344874 ], [ -70.779944570983062, -34.175754029545629 ], [ -70.780849044959766, -34.174365658821365 ], [ -70.782930174238686, -34.174403966086736 ] ] ] } },
{ "type": "Feature", "properties": { "h3": "89b2c1c03d3ffff", "acc_auto_m2_comercio": 36843.802409244367, "acc_auto_m2_departamento": 51032.821192389878, "acc_auto_n_deporte_y_recreacion": 6.7069001573331315, "acc_auto_n_educacion_y_cultura": 38.670180481205833, "acc_auto_m2_habitacional": 123371.33815710802, "acc_auto_m2_industria": 9019.4053958059485, "acc_auto_m2_oficina": 5357.6700592726802, "acc_auto_n_salud": 8.226697678970865, "acc_auto_n_paraderos": 22.578900711339045 }, "geometry": { "type": "Polygon", "coordinates": [ [ [ -70.750896949562986, -34.133055055587931 ], [ -70.752072976214876, -34.134482629885703 ], [ -70.751168674637725, -34.135871636231293 ], [ -70.749088354724478, -34.135833064446508 ], [ -70.747912364370606, -34.134405501304705 ], [ -70.748816657630599, -34.133016498791953 ], [ -70.750896949562986, -34.133055055587931 ] ] ] } },
{ "type": "Feature", "properties": { "h3": "89b2c1c086fffff", "acc_auto_m2_comercio": 98700.470308197473, "acc_auto_m2_departamento": 72911.925462115774, "acc_auto_n_deporte_y_recreacion": 11.998448020586867, "acc_auto_n_educacion_y_cultura": 85.576619311569999, "acc_auto_m2_habitacional": 328297.40829309809, "acc_auto_m2_industria": 4017.1753025733601, "acc_auto_m2_oficina": 11173.901107535796, "acc_auto_n_salud": 30.331870885914018, "acc_auto_n_paraderos": 64.489008556448397 }, "geometry": { "type": "Polygon", "coordinates": [ [ [ -70.707758488200042, -34.170188486789506 ], [ -70.708934073995934, -34.171615583882762 ], [ -70.708029674865472, -34.173003133868107 ], [ -70.705949698335814, -34.172963582934514 ], [ -70.704774148925154, -34.171536497018799 ], [ -70.705678539657526, -34.170148950859364 ], [ -70.707758488200042, -34.170188486789506 ] ] ] } },
{ "type": "Feature", "properties": { "h3": "89b2c1c50cbffff", "acc_auto_m2_comercio": 24471.385761257883, "acc_auto_m2_departamento": 15630.49056066368, "acc_auto_n_deporte_y_recreacion": 5.5234821907259963, "acc_auto_n_educacion_y_cultura": 31.659085710668684, "acc_auto_m2_habitacional": 192056.22503428368, "acc_auto_m2_industria": 8995.1572949357687, "acc_auto_m2_oficina": 3197.8055250139332, "acc_auto_n_salud": 13.876493892892222, "acc_auto_n_paraderos": 10.6250848682264 }, "geometry": { "type": "Polygon", "coordinates": [ [ [ -70.67276071980919, -34.194796695031989 ], [ -70.673935920706782, -34.19622350302182 ], [ -70.673031463397365, -34.197610007613747 ], [ -70.670951813652394, -34.197569700393551 ], [ -70.669776649209041, -34.196142903600702 ], [ -70.670681098055098, -34.194756402831253 ], [ -70.67276071980919, -34.194796695031989 ] ] ] } },
{ "type": "Feature", "properties": { "h3": "89b2c1c0a6bffff", "acc_auto_m2_comercio": 204664.03434643263, "acc_auto_m2_departamento": 98185.24121904296, "acc_auto_n_deporte_y_recreacion": 15.337450094534999, "acc_auto_n_educacion_y_cultura": 104.33894808787267, "acc_auto_m2_habitacional": 360246.74734718073, "acc_auto_m2_industria": 13041.888423329185, "acc_auto_m2_oficina": 27506.824540397101, "acc_auto_n_salud": 45.547337511560237, "acc_auto_n_paraderos": 69.109896299672769 }, "geometry": { "type": "Polygon", "coordinates": [ [ [ -70.733534961286622, -34.179104351308709 ], [ -70.734710959578763, -34.180531176211865 ], [ -70.733806504087994, -34.181918823395286 ], [ -70.731726058655568, -34.181879641858565 ], [ -70.730550096705741, -34.180452828108855 ], [ -70.731454543844677, -34.179065184742626 ], [ -70.733534961286622, -34.179104351308709 ] ] ] } },
{ "type": "Feature", "properties": { "h3": "89b2c1c3367ffff", "acc_auto_m2_comercio": 2014.6692009592271, "acc_auto_m2_departamento": 1949.1753869218683, "acc_auto_n_deporte_y_recreacion": 0.26637302477880737, "acc_auto_n_educacion_y_cultura": 1.5829229577843864, "acc_auto_m2_habitacional": 6358.5746825683509, "acc_auto_m2_industria": 726.23818000217148, "acc_auto_m2_oficina": 212.57704550633059, "acc_auto_n_salud": 0.2601062769741404, "acc_auto_n_paraderos": 0.8731271151785811 }, "geometry": { "type": "Polygon", "coordinates": [ [ [ -70.786170084867493, -34.11120411523499 ], [ -70.787346511900466, -34.112631926505969 ], [ -70.786442259420738, -34.114021911222231 ], [ -70.784361588158191, -34.11398408083285 ], [ -70.783185197354371, -34.112556280697142 ], [ -70.78408944158258, -34.111166299815736 ], [ -70.786170084867493, -34.11120411523499 ] ] ] } },
{ "type": "Feature", "properties": { "h3": "89b2c1c037bffff", "acc_auto_m2_comercio": 31668.38636430529, "acc_auto_m2_departamento": 22236.192352052189, "acc_auto_n_deporte_y_recreacion": 2.6260858424608848, "acc_auto_n_educacion_y_cultura": 16.005686693908356, "acc_auto_m2_habitacional": 73888.481675851988, "acc_auto_m2_industria": 6990.8345852998191, "acc_auto_m2_oficina": 6650.2263722258695, "acc_auto_n_salud": 11.864298439383127, "acc_auto_n_paraderos": 22.791426250756995 }, "geometry": { "type": "Polygon", "coordinates": [ [ [ -70.752255642577254, -34.147136776509754 ], [ -70.753431756096205, -34.14856409267459 ], [ -70.752527401473486, -34.149952765973829 ], [ -70.750446941646075, -34.149914119281732 ], [ -70.749270864426876, -34.148486814266747 ], [ -70.750175210733985, -34.147098144794207 ], [ -70.752255642577254, -34.147136776509754 ] ] ] } },
{ "type": "Feature", "properties": { "h3": "89b2c1c0c67ffff", "acc_auto_m2_comercio": 38659.572121517253, "acc_auto_m2_departamento": 91471.871874315359, "acc_auto_n_deporte_y_recreacion": 10.01032007314376, "acc_auto_n_educacion_y_cultura": 44.982965144996371, "acc_auto_m2_habitacional": 265977.8143021554, "acc_auto_m2_industria": 2727.8467354638992, "acc_auto_m2_oficina": 5213.2892435609283, "acc_auto_n_salud": 9.4308731021031207, "acc_auto_n_paraderos": 66.335800950474294 }, "geometry": { "type": "Polygon", "coordinates": [ [ [ -70.702605207465183, -34.149015717081788 ], [ -70.703780617935635, -34.150443215834763 ], [ -70.702876301522664, -34.151831228326515 ], [ -70.70079658304391, -34.151791738229825 ], [ -70.699621208961489, -34.150364250666229 ], [ -70.700525516968469, -34.148976242010143 ], [ -70.702605207465183, -34.149015717081788 ] ] ] } },
{ "type": "Feature", "properties": { "h3": "89b2c1c18cbffff", "acc_auto_m2_comercio": 45596.460756043001, "acc_auto_m2_departamento": 36162.661425731334, "acc_auto_n_deporte_y_recreacion": 2.9843620805461395, "acc_auto_n_educacion_y_cultura": 18.654927319387919, "acc_auto_m2_habitacional": 133228.80309104756, "acc_auto_m2_industria": 20801.79072781108, "acc_auto_m2_oficina": 5939.1099576169154, "acc_auto_n_salud": 7.2208017995657148, "acc_auto_n_paraderos": 26.405374876127148 }, "geometry": { "type": "Polygon", "coordinates": [ [ [ -70.779128124269803, -34.167308361856279 ], [ -70.780304719160227, -34.16873519876259 ], [ -70.779400266399591, -34.170123702750139 ], [ -70.777319227015298, -34.17008536601849 ], [ -70.776142668383045, -34.168658540233025 ], [ -70.777047112875579, -34.167270040058547 ], [ -70.779128124269803, -34.167308361856279 ] ] ] } },
{ "type": "Feature", "properties": { "h3": "89b2c1c514bffff", "acc_auto_m2_comercio": 2346.0947353304259, "acc_auto_m2_departamento": 2154.5515446545801, "acc_auto_n_deporte_y_recreacion": 0.44616363846261248, "acc_auto_n_educacion_y_cultura": 2.5711464626350216, "acc_auto_m2_habitacional": 39786.650028210512, "acc_auto_m2_industria": 842.88211919924584, "acc_auto_m2_oficina": 251.19485478804671, "acc_auto_n_salud": 1.062130994434985, "acc_auto_n_paraderos": 0.87676948158385826 }, "geometry": { "type": "Polygon", "coordinates": [ [ [ -70.655668334534184, -34.211310113482362 ], [ -70.656843368717162, -34.212736699398931 ], [ -70.65593886663271, -34.214122581255317 ], [ -70.653859338859419, -34.214081873376443 ], [ -70.652684341165696, -34.212655298664671 ], [ -70.653588834754643, -34.211269420627161 ], [ -70.655668334534184, -34.211310113482362 ] ] ] } },
{ "type": "Feature", "properties": { "h3": "89b2c1ce57bffff", "acc_auto_m2_comercio": 12754.084618045561, "acc_auto_m2_departamento": 8211.4335984727095, "acc_auto_n_deporte_y_recreacion": 6.378691639368621, "acc_auto_n_educacion_y_cultura": 12.369839992983692, "acc_auto_m2_habitacional": 38365.685536650017, "acc_auto_m2_industria": 772.87956179046364, "acc_auto_m2_oficina": 1810.5980976236417, "acc_auto_n_salud": 12.203571053403452, "acc_auto_n_paraderos": 5.6683360722673406 }, "geometry": { "type": "Polygon", "coordinates": [ [ [ -70.714269314739568, -34.205422594390747 ], [ -70.715445162763288, -34.206849031168012 ], [ -70.714540627819318, -34.208235785301902 ], [ -70.712460253238945, -34.208196098848667 ], [ -70.711284441599375, -34.206769673230902 ], [ -70.712188968154678, -34.20538292290707 ], [ -70.714269314739568, -34.205422594390747 ] ] ] } },
{ "type": "Feature", "properties": { "h3": "89b2c1c0577ffff", "acc_auto_m2_comercio": 397.49876346268388, "acc_auto_m2_departamento": 491.5041930865973, "acc_auto_n_deporte_y_recreacion": 0.044263659652952876, "acc_auto_n_educacion_y_cultura": 0.34283771831261106, "acc_auto_m2_habitacional": 2800.0574089771694, "acc_auto_m2_industria": 82.624653689452671, "acc_auto_m2_oficina": 49.757635210746614, "acc_auto_n_salud": 0.06371774864062861, "acc_auto_n_paraderos": 0.26781293784659788 }, "geometry": { "type": "Polygon", "coordinates": [ [ [ -70.721323420379122, -34.117039434571915 ], [ -70.722498946475753, -34.118467424220867 ], [ -70.721594730573656, -34.119856462618465 ], [ -70.719514996943417, -34.119817507521951 ], [ -70.718339507192326, -34.118389529058653 ], [ -70.719243714724598, -34.117000494506399 ], [ -70.721323420379122, -34.117039434571915 ] ] ] } },
{ "type": "Feature", "properties": { "h3": "89b2c1c0ac3ffff", "acc_auto_m2_comercio": 213629.59220025464, "acc_auto_m2_departamento": 146141.34546278289, "acc_auto_n_deporte_y_recreacion": 21.770781398827818, "acc_auto_n_educacion_y_cultura": 186.15518092784353, "acc_auto_m2_habitacional": 442464.71224823711, "acc_auto_m2_industria": 14973.438125683027, "acc_auto_m2_oficina": 58875.878134459243, "acc_auto_n_salud": 83.661141082447614, "acc_auto_n_paraderos": 99.05315693840393 }, "geometry": { "type": "Polygon", "coordinates": [ [ [ -70.732177348684743, -34.165030216567843 ], [ -70.733353260104266, -34.166457299736557 ], [ -70.732448857685242, -34.167845280069329 ], [ -70.730368552198726, -34.167806173410305 ], [ -70.729192677119769, -34.16637910140124 ], [ -70.73009707118544, -34.164991124891728 ], [ -70.732177348684743, -34.165030216567843 ] ] ] } },
{ "type": "Feature", "properties": { "h3": "89b2c1c0e63ffff", "acc_auto_m2_comercio": 134298.91296529706, "acc_auto_m2_departamento": 147786.90728134717, "acc_auto_n_deporte_y_recreacion": 17.039290060579422, "acc_auto_n_educacion_y_cultura": 112.33118555491245, "acc_auto_m2_habitacional": 375049.53683848487, "acc_auto_m2_industria": 14767.130512503742, "acc_auto_m2_oficina": 24432.234741518922, "acc_auto_n_salud": 31.114257324027939, "acc_auto_n_paraderos": 90.447288033023653 }, "geometry": { "type": "Polygon", "coordinates": [ [ [ -70.728378306473232, -34.157933446164201 ], [ -70.729554129435016, -34.159360673076215 ], [ -70.728649756597221, -34.160748782829494 ], [ -70.726569569156041, -34.160709661844002 ], [ -70.725393782539427, -34.159282446097258 ], [ -70.726298147017445, -34.15789434017092 ], [ -70.728378306473232, -34.157933446164201 ] ] ] } },
{ "type": "Feature", "properties": { "h3": "89b2c1c1cc3ffff", "acc_auto_m2_comercio": 27481.51081128636, "acc_auto_m2_departamento": 26419.784013066212, "acc_auto_n_deporte_y_recreacion": 1.6376460808252542, "acc_auto_n_educacion_y_cultura": 12.272065631917137, "acc_auto_m2_habitacional": 66113.589822793117, "acc_auto_m2_industria": 8940.7262651262936, "acc_auto_m2_oficina": 3568.6118940396295, "acc_auto_n_salud": 5.5948002857095798, "acc_auto_n_paraderos": 14.622819821540153 }, "geometry": { "type": "Polygon", "coordinates": [ [ [ -70.773966083955258, -34.146132206535803 ], [ -70.775142503546562, -34.147559445737151 ], [ -70.774238133305843, -34.148948412263444 ], [ -70.772157351748533, -34.14891013576576 ], [ -70.770980968418272, -34.147482907697061 ], [ -70.771885330382929, -34.146093944993595 ], [ -70.773966083955258, -34.146132206535803 ] ] ] } },
{ "type": "Feature", "properties": { "h3": "89b2c1c5543ffff", "acc_auto_m2_comercio": 11949.783954165878, "acc_auto_m2_departamento": 8631.0769759488194, "acc_auto_n_deporte_y_recreacion": 4.9877534454002115, "acc_auto_n_educacion_y_cultura": 23.599435002650818, "acc_auto_m2_habitacional": 149385.41986815847, "acc_auto_m2_industria": 2605.4887760130769, "acc_auto_m2_oficina": 2095.8802898137606, "acc_auto_n_salud": 5.0683858073103636, "acc_auto_n_paraderos": 2.8038525267878969 }, "geometry": { "type": "Polygon", "coordinates": [ [ [ -70.650520635868332, -34.190151952512686 ], [ -70.651695494651875, -34.191578940093706 ], [ -70.650791075454904, -34.192965284633388 ], [ -70.64871180597639, -34.19292463776361 ], [ -70.647536983684844, -34.191497661399268 ], [ -70.648441394378438, -34.190111320688224 ], [ -70.650520635868332, -34.190151952512686 ] ] ] } },
{ "type": "Feature", "properties": { "h3": "89b2c1c0e3bffff", "acc_auto_m2_comercio": 77851.619640795732, "acc_auto_m2_departamento": 131419.77052339175, "acc_auto_n_deporte_y_recreacion": 11.704346341398232, "acc_auto_n_educacion_y_cultura": 72.702769177382436, "acc_auto_m2_habitacional": 277904.26019387093, "acc_auto_m2_industria": 6990.8438367945519, "acc_auto_m2_oficina": 13201.217675323402, "acc_auto_n_salud": 20.2632338140805, "acc_auto_n_paraderos": 71.163604328943592 }, "geometry": { "type": "Polygon", "coordinates": [ [ [ -70.721866564872954, -34.155000614702594 ], [ -70.723042280397593, -34.156427922523839 ], [ -70.722137924285178, -34.157816024622001 ], [ -70.720057861018134, -34.157776815069674 ], [ -70.718882181849295, -34.156349518420036 ], [ -70.719786529590323, -34.154961420151309 ], [ -70.721866564872954, -34.155000614702594 ] ] ] } },
{ "type": "Feature", "properties": { "h3": "89b2c1c194bffff", "acc_auto_m2_comercio": 24896.561581310718, "acc_auto_m2_departamento": 10835.178071579607, "acc_auto_n_deporte_y_recreacion": 2.1026392930157325, "acc_auto_n_educacion_y_cultura": 22.688458939755282, "acc_auto_m2_habitacional": 142922.6223290512, "acc_auto_m2_industria": 5124.7068844114619, "acc_auto_m2_oficina": 5718.3386999963368, "acc_auto_n_salud": 5.0513530570846399, "acc_auto_n_paraderos": 24.708462912448535 }, "geometry": { "type": "Polygon", "coordinates": [ [ [ -70.762031614998591, -34.183851685127635 ], [ -70.763208044397189, -34.185278300195094 ], [ -70.762303545837383, -34.186666181605339 ], [ -70.760222626177935, -34.186627444138708 ], [ -70.759046233072638, -34.185200840199954 ], [ -70.759950723332139, -34.183812962599333 ], [ -70.762031614998591, -34.183851685127635 ] ] ] } },
{ "type": "Feature", "properties": { "h3": "89b2c1c096fffff", "acc_auto_m2_comercio": 34579.929199374616, "acc_auto_m2_departamento": 22099.199387079178, "acc_auto_n_deporte_y_recreacion": 8.2205062287559851, "acc_auto_n_educacion_y_cultura": 42.020843783794042, "acc_auto_m2_habitacional": 243866.57364281727, "acc_auto_m2_industria": 3427.6339305997799, "acc_auto_m2_oficina": 3358.7684940369659, "acc_auto_n_salud": 6.8730431399866712, "acc_auto_n_paraderos": 19.857415977976309 }, "geometry": { "type": "Polygon", "coordinates": [ [ [ -70.686868784917024, -34.179621834173005 ], [ -70.688044115897412, -34.181048852982904 ], [ -70.687139701333408, -34.182435909785134 ], [ -70.685059964224365, -34.182395943951647 ], [ -70.683884669668856, -34.180968936332803 ], [ -70.684789075796189, -34.179581883356597 ], [ -70.686868784917024, -34.179621834173005 ] ] ] } },
{ "type": "Feature", "properties": { "h3": "89b2c1c01d7ffff", "acc_auto_m2_comercio": 921.14412722253655, "acc_auto_m2_departamento": 1646.1212118060853, "acc_auto_n_deporte_y_recreacion": 0.15911246526953352, "acc_auto_n_educacion_y_cultura": 0.89524658043874916, "acc_auto_m2_habitacional": 4725.7646704286972, "acc_auto_m2_industria": 134.38053355014779, "acc_auto_m2_oficina": 131.970448219031, "acc_auto_n_salud": 0.18283431295556057, "acc_auto_n_paraderos": 0.92588222008255983 }, "geometry": { "type": "Polygon", "coordinates": [ [ [ -70.72512143203069, -34.124140184924492 ], [ -70.726297046564198, -34.12556803105241 ], [ -70.725392801076055, -34.126956940104854 ], [ -70.723312949416481, -34.126917999187967 ], [ -70.722137371223909, -34.125490164240119 ], [ -70.723041608348652, -34.124101259029281 ], [ -70.72512143203069, -34.124140184924492 ] ] ] } },
{ "type": "Feature", "properties": { "h3": "89b2c1ca887ffff", "acc_auto_m2_comercio": 6898.580017883477, "acc_auto_m2_departamento": 4264.8327708725265, "acc_auto_n_deporte_y_recreacion": 0.37397620744403121, "acc_auto_n_educacion_y_cultura": 5.9762307943758701, "acc_auto_m2_habitacional": 25352.915063187906, "acc_auto_m2_industria": 3267.8012457804716, "acc_auto_m2_oficina": 9191.9047518216412, "acc_auto_n_salud": 0.87263485699655785, "acc_auto_n_paraderos": 4.8770871525741333 }, "geometry": { "type": "Polygon", "coordinates": [ [ [ -70.829900430865081, -34.176664451230884 ], [ -70.831077796404998, -34.178090896672906 ], [ -70.830173265159956, -34.179479794720812 ], [ -70.828091376549949, -34.17944224352776 ], [ -70.826914047180892, -34.178015809162225 ], [ -70.827818570249647, -34.176626914913442 ], [ -70.829900430865081, -34.176664451230884 ] ] ] } },
{ "type": "Feature", "properties": { "h3": "89b2c1c1d43ffff", "acc_auto_m2_comercio": 152155.21837796527, "acc_auto_m2_departamento": 68777.500180492658, "acc_auto_n_deporte_y_recreacion": 9.9178262733284406, "acc_auto_n_educacion_y_cultura": 83.147756790284078, "acc_auto_m2_habitacional": 285821.85719330836, "acc_auto_m2_industria": 25880.926767740064, "acc_auto_m2_oficina": 35835.426563418769, "acc_auto_n_salud": 56.335647437041821, "acc_auto_n_paraderos": 68.520667847812234 }, "geometry": { "type": "Polygon", "coordinates": [ [ [ -70.756871338865466, -34.162681261376029 ], [ -70.758047592935867, -34.164108278776709 ], [ -70.757143176954074, -34.165496622800305 ], [ -70.755062515208778, -34.165457945604032 ], [ -70.753886297434576, -34.164030939343867 ], [ -70.754790705108093, -34.162642599139637 ], [ -70.756871338865466, -34.162681261376029 ] ] ] } },
{ "type": "Feature", "properties": { "h3": "89b2c1ce553ffff", "acc_auto_m2_comercio": 16973.441623892362, "acc_auto_m2_departamento": 11121.285200065744, "acc_auto_n_deporte_y_recreacion": 7.4256583072647251, "acc_auto_n_educacion_y_cultura": 18.777766093233307, "acc_auto_m2_habitacional": 50876.562275746088, "acc_auto_m2_industria": 1046.7616803930916, "acc_auto_m2_oficina": 2452.2122215192981, "acc_auto_n_salud": 16.528099815531576, "acc_auto_n_paraderos": 7.6770007713671964 }, "geometry": { "type": "Polygon", "coordinates": [ [ [ -70.716711536677664, -34.198448485747022 ], [ -70.717887386328385, -34.1998750370389 ], [ -70.716982874858786, -34.201261994930235 ], [ -70.714902522120852, -34.201222397717423 ], [ -70.713726708847929, -34.199795857585585 ], [ -70.714631211933792, -34.19840890350671 ], [ -70.716711536677664, -34.198448485747022 ] ] ] } },
{ "type": "Feature", "properties": { "h3": "89b2c1c55c3ffff", "acc_auto_m2_comercio": 12803.899967376585, "acc_auto_m2_departamento": 15434.110677975657, "acc_auto_n_deporte_y_recreacion": 6.4238950011244143, "acc_auto_n_educacion_y_cultura": 25.994478743796716, "acc_auto_m2_habitacional": 180740.91368235456, "acc_auto_m2_industria": 1442.106864291841, "acc_auto_m2_oficina": 2579.7432335435728, "acc_auto_n_salud": 4.1085432576682148, "acc_auto_n_paraderos": 2.6175861743759339 }, "geometry": { "type": "Polygon", "coordinates": [ [ [ -70.646725821177156, -34.1830572007635 ], [ -70.647900591385849, -34.184484331877805 ], [ -70.646996201945811, -34.185870805855487 ], [ -70.644917050805532, -34.185830144886729 ], [ -70.643742317093441, -34.184403024994765 ], [ -70.644646698023678, -34.183016554849402 ], [ -70.646725821177156, -34.1830572007635 ] ] ] } },
{ "type": "Feature", "properties": { "h3": "89b2c1c19cbffff", "acc_auto_m2_comercio": 51372.454010290108, "acc_auto_m2_departamento": 20384.547957674924, "acc_auto_n_deporte_y_recreacion": 4.1914767282189427, "acc_auto_n_educacion_y_cultura": 46.657734005788697, "acc_auto_m2_habitacional": 210659.78739899606, "acc_auto_m2_industria": 9112.989922687053, "acc_auto_m2_oficina": 12917.70420175935, "acc_auto_n_salud": 11.474011232856673, "acc_auto_n_paraderos": 45.3998031561689 }, "geometry": { "type": "Polygon", "coordinates": [ [ [ -70.758230596984063, -34.17675688549982 ], [ -70.759406937947915, -34.178183644519684 ], [ -70.758502468911644, -34.17957165539368 ], [ -70.756421667216955, -34.179532903434712 ], [ -70.755245362551094, -34.178106155549195 ], [ -70.75614982328058, -34.17671814848849 ], [ -70.758230596984063, -34.17675688549982 ] ] ] } },
{ "type": "Feature", "properties": { "h3": "89b2c1c12dbffff", "acc_auto_m2_comercio": 488.22561814161884, "acc_auto_m2_departamento": 95.046705051767347, "acc_auto_n_deporte_y_recreacion": 0.16167038378800375, "acc_auto_n_educacion_y_cultura": 0.044152780780538511, "acc_auto_m2_habitacional": 955.53580151538245, "acc_auto_m2_industria": 117.57828421573127, "acc_auto_m2_oficina": 12.838340410195046, "acc_auto_n_salud": 0.020127618466388306, "acc_auto_n_paraderos": 0.052606442275065481 }, "geometry": { "type": "Polygon", "coordinates": [ [ [ -70.841557021406231, -34.13610746872849 ], [ -70.842734359013662, -34.137534590447459 ], [ -70.841829967150346, -34.138924640163296 ], [ -70.839748245830549, -34.138887564346938 ], [ -70.838570944361337, -34.137460453709608 ], [ -70.839475328072325, -34.136070407807196 ], [ -70.841557021406231, -34.13610746872849 ] ] ] } },
{ "type": "Feature", "properties": { "h3": "89b2c1c08c7ffff", "acc_auto_m2_comercio": 71458.797857806872, "acc_auto_m2_departamento": 142276.02012195467, "acc_auto_n_deporte_y_recreacion": 15.590925490857316, "acc_auto_n_educacion_y_cultura": 77.241773405926935, "acc_auto_m2_habitacional": 412476.17849938775, "acc_auto_m2_industria": 4432.589587718845, "acc_auto_m2_oficina": 8759.1332496244449, "acc_auto_n_salud": 16.654922895021819, "acc_auto_n_paraderos": 103.91193488367684 }, "geometry": { "type": "Polygon", "coordinates": [ [ [ -70.706402656149137, -34.15611347781504 ], [ -70.707578155102254, -34.157540832970724 ], [ -70.70667380905661, -34.158928716066377 ], [ -70.704593972456095, -34.158889240174531 ], [ -70.703418509886433, -34.15746189620257 ], [ -70.704322847532467, -34.156074016938938 ], [ -70.706402656149137, -34.15611347781504 ] ] ] } },
{ "type": "Feature", "properties": { "h3": "89b2c1c5447ffff", "acc_auto_m2_comercio": 15613.430270909474, "acc_auto_m2_departamento": 9981.0519326735248, "acc_auto_n_deporte_y_recreacion": 4.7003921545337546, "acc_auto_n_educacion_y_cultura": 24.940109516449464, "acc_auto_m2_habitacional": 254277.39773215546, "acc_auto_m2_industria": 3311.0698566232768, "acc_auto_m2_oficina": 2381.0070488860397, "acc_auto_n_salud": 4.8548670650447079, "acc_auto_n_paraderos": 6.1678283087286596 }, "geometry": { "type": "Polygon", "coordinates": [ [ [ -70.668423225464139, -34.18207497523148 ], [ -70.669598303081202, -34.183502030072063 ], [ -70.66869389673144, -34.184888797385938 ], [ -70.666614421233646, -34.184848506030832 ], [ -70.665439380074687, -34.183421462395323 ], [ -70.666343777954097, -34.182034698910044 ], [ -70.668423225464139, -34.18207497523148 ] ] ] } },
{ "type": "Feature", "properties": { "h3": "89b2c1c18a3ffff", "acc_auto_m2_comercio": 78276.713185374538, "acc_auto_m2_departamento": 35361.135723355073, "acc_auto_n_deporte_y_recreacion": 6.1579175108060173, "acc_auto_n_educacion_y_cultura": 72.664379426349228, "acc_auto_m2_habitacional": 288802.27776846709, "acc_auto_m2_industria": 16651.699753923982, "acc_auto_m2_oficina": 17227.031272714914, "acc_auto_n_salud": 19.519844861058669, "acc_auto_n_paraderos": 60.528071453049719 }, "geometry": { "type": "Polygon", "coordinates": [ [ [ -70.760672062347723, -34.169777427792567 ], [ -70.761848404844429, -34.171204301312805 ], [ -70.760943959339599, -34.172592515898046 ], [ -70.758863179638595, -34.172553853147591 ], [ -70.757686873433457, -34.171126990762225 ], [ -70.758591310636433, -34.169738779992656 ], [ -70.760672062347723, -34.169777427792567 ] ] ] } },
{ "type": "Feature", "properties": { "h3": "89b2c1c549bffff", "acc_auto_m2_comercio": 8098.9006985190135, "acc_auto_m2_departamento": 4917.7571450967253, "acc_auto_n_deporte_y_recreacion": 1.9818124396692109, "acc_auto_n_educacion_y_cultura": 11.418200911871647, "acc_auto_m2_habitacional": 114584.17304818303, "acc_auto_m2_industria": 289.74490180702361, "acc_auto_m2_oficina": 933.86028073523698, "acc_auto_n_salud": 1.4832322770822342, "acc_auto_n_paraderos": 3.2924901354189324 }, "geometry": { "type": "Polygon", "coordinates": [ [ [ -70.661102697706696, -34.170697752469778 ], [ -70.662277615590369, -34.172125042823943 ], [ -70.661373258058944, -34.173512002360191 ], [ -70.659293991125324, -34.173471667707787 ], [ -70.658119109709276, -34.172044388568779 ], [ -70.659023458757844, -34.170657432867237 ], [ -70.661102697706696, -34.170697752469778 ] ] ] } },
{ "type": "Feature", "properties": { "h3": "89b2c1c184fffff", "acc_auto_m2_comercio": 22490.665557857428, "acc_auto_m2_departamento": 9526.9302388578362, "acc_auto_n_deporte_y_recreacion": 1.8557871887512669, "acc_auto_n_educacion_y_cultura": 24.563116373022154, "acc_auto_m2_habitacional": 173769.4034820607, "acc_auto_m2_industria": 4816.2245689933388, "acc_auto_m2_oficina": 3938.9277416879254, "acc_auto_n_salud": 4.3803410181225209, "acc_auto_n_paraderos": 23.457636273008429 }, "geometry": { "type": "Polygon", "coordinates": [ [ [ -70.779944570983062, -34.175754029545629 ], [ -70.781121218022264, -34.177180711344874 ], [ -70.780216733437243, -34.178569015434604 ], [ -70.778135610078834, -34.178530633915877 ], [ -70.776958999298856, -34.177103963233783 ], [ -70.777863475616684, -34.175715662953486 ], [ -70.779944570983062, -34.175754029545629 ] ] ] } },
{ "type": "Feature", "properties": { "h3": "89b2c1c0873ffff", "acc_auto_m2_comercio": 99976.240500848435, "acc_auto_m2_departamento": 111929.89227692358, "acc_auto_n_deporte_y_recreacion": 15.772227821098888, "acc_auto_n_educacion_y_cultura": 96.931395836342332, "acc_auto_m2_habitacional": 431981.12456915143, "acc_auto_m2_industria": 4953.2540721975802, "acc_auto_m2_oficina": 11554.029179542262, "acc_auto_n_salud": 24.844804300302748, "acc_auto_n_paraderos": 99.848543952543437 }, "geometry": { "type": "Polygon", "coordinates": [ [ [ -70.707216135125137, -34.16455883789704 ], [ -70.708391686182594, -34.165986038228439 ], [ -70.707487308286673, -34.167373721463726 ], [ -70.705407387730645, -34.16733420053945 ], [ -70.704231873057708, -34.165907011388079 ], [ -70.705136242554929, -34.164519331981133 ], [ -70.707216135125137, -34.16455883789704 ] ] ] } },
{ "type": "Feature", "properties": { "h3": "89b2c1c50cfffff", "acc_auto_m2_comercio": 14881.668394934159, "acc_auto_m2_departamento": 9787.1821227413075, "acc_auto_n_deporte_y_recreacion": 3.5303474649436062, "acc_auto_n_educacion_y_cultura": 19.789456254358299, "acc_auto_m2_habitacional": 138709.55048105813, "acc_auto_m2_industria": 5646.8536437534594, "acc_auto_m2_oficina": 1911.786709858849, "acc_auto_n_salud": 7.6718893387014724, "acc_auto_n_paraderos": 6.2047954509807619 }, "geometry": { "type": "Polygon", "coordinates": [ [ [ -70.669776649209041, -34.196142903600702 ], [ -70.670951813652394, -34.197569700393551 ], [ -70.670047354181719, -34.198956134522128 ], [ -70.667967738735229, -34.198915768035519 ], [ -70.666792610751799, -34.197488982441556 ], [ -70.6676970617536, -34.196102552135478 ], [ -70.669776649209041, -34.196142903600702 ] ] ] } },
{ "type": "Feature", "properties": { "h3": "89b2c1c14d7ffff", "acc_auto_m2_comercio": 317.31408735415744, "acc_auto_m2_departamento": 306.99404508583416, "acc_auto_n_deporte_y_recreacion": 0.041953604035465421, "acc_auto_n_educacion_y_cultura": 1.9752080771057143, "acc_auto_m2_habitacional": 2783.9676224896848, "acc_auto_m2_industria": 114.38211156910005, "acc_auto_m2_oficina": 60.663669806945592, "acc_auto_n_salud": 0.040966594723222081, "acc_auto_n_paraderos": 0.13751703759511 }, "geometry": { "type": "Polygon", "coordinates": [ [ [ -70.810595291592875, -34.106018900287957 ], [ -70.811772043011857, -34.107446697300304 ], [ -70.810867788323591, -34.108837112222773 ], [ -70.808786790421735, -34.108799726301029 ], [ -70.8076100751871, -34.107371940406075 ], [ -70.808514321668625, -34.105981529315684 ], [ -70.810595291592875, -34.106018900287957 ] ] ] } },
{ "type": "Feature", "properties": { "h3": "89b2c1c1dc3ffff", "acc_auto_m2_comercio": 100510.7994147237, "acc_auto_m2_departamento": 63764.74353305369, "acc_auto_n_deporte_y_recreacion": 7.7384161902758164, "acc_auto_n_educacion_y_cultura": 50.625553225945104, "acc_auto_m2_habitacional": 222465.74575867268, "acc_auto_m2_industria": 22281.720032586756, "acc_auto_m2_oficina": 21196.107613652945, "acc_auto_n_salud": 37.233038165089965, "acc_auto_n_paraderos": 65.355394465591701 }, "geometry": { "type": "Polygon", "coordinates": [ [ [ -70.753070939561198, -34.155584390130969 ], [ -70.754247105205764, -34.15701155136324 ], [ -70.753342718753174, -34.158400024811293 ], [ -70.751262174969384, -34.158361333204219 ], [ -70.750086045625665, -34.156934183118103 ], [ -70.750990423763525, -34.155545713493083 ], [ -70.753070939561198, -34.155584390130969 ] ] ] } },
{ "type": "Feature", "properties": { "h3": "89b2c1c0a6fffff", "acc_auto_m2_comercio": 214005.95854459881, "acc_auto_m2_departamento": 115208.66360289548, "acc_auto_n_deporte_y_recreacion": 16.872384207381128, "acc_auto_n_educacion_y_cultura": 130.07136092919797, "acc_auto_m2_habitacional": 391321.35841531877, "acc_auto_m2_industria": 12023.638259076979, "acc_auto_m2_oficina": 39011.487782519056, "acc_auto_n_salud": 64.40081991553231, "acc_auto_n_paraderos": 79.261543780071349 }, "geometry": { "type": "Polygon", "coordinates": [ [ [ -70.730550096705741, -34.180452828108855 ], [ -70.731726058655568, -34.181879641858565 ], [ -70.730821600901365, -34.183267218590359 ], [ -70.728741189553361, -34.18322797775545 ], [ -70.727565263951547, -34.181801175161134 ], [ -70.728469713348389, -34.180413602246546 ], [ -70.730550096705741, -34.180452828108855 ] ] ] } },
{ "type": "Feature", "properties": { "h3": "89b2c1c1c1bffff", "acc_auto_m2_comercio": 41952.045942937591, "acc_auto_m2_departamento": 25275.946721433265, "acc_auto_n_deporte_y_recreacion": 1.7828150349959024, "acc_auto_n_educacion_y_cultura": 13.394178664011738, "acc_auto_m2_habitacional": 70666.342964727111, "acc_auto_m2_industria": 8339.8437985176133, "acc_auto_m2_oficina": 4672.0661300821193, "acc_auto_n_salud": 7.3746548876354039, "acc_auto_n_paraderos": 17.137928390297223 }, "geometry": { "type": "Polygon", "coordinates": [ [ [ -70.771252979176808, -34.150299031854594 ], [ -70.772429379885253, -34.151726208262914 ], [ -70.771524996706248, -34.153115037735169 ], [ -70.769444221098723, -34.15307668697767 ], [ -70.76826785665736, -34.151649521702687 ], [ -70.769172231555075, -34.150260696052079 ], [ -70.771252979176808, -34.150299031854594 ] ] ] } },
{ "type": "Feature", "properties": { "h3": "89b2c1c135bffff", "acc_auto_m2_comercio": 1931.5294096671175, "acc_auto_m2_departamento": 1337.2280174221494, "acc_auto_n_deporte_y_recreacion": 0.11039795582242395, "acc_auto_n_educacion_y_cultura": 8.1567010986120803, "acc_auto_m2_habitacional": 10678.858349030703, "acc_auto_m2_industria": 717.91659847885887, "acc_auto_m2_oficina": 480.83345410629676, "acc_auto_n_salud": 0.3207593040293274, "acc_auto_n_paraderos": 1.5414615628624488 }, "geometry": { "type": "Polygon", "coordinates": [ [ [ -70.824459191414675, -34.15267312416799 ], [ -70.82563636427038, -34.154100024218785 ], [ -70.824731926012376, -34.155489451510725 ], [ -70.822650323081916, -34.155451974942018 ], [ -70.821473186399672, -34.154025085980734 ], [ -70.822377616473062, -34.152635662498845 ], [ -70.824459191414675, -34.15267312416799 ] ] ] } },
{ "type": "Feature", "properties": { "h3": "89b2c1c0007ffff", "acc_auto_m2_comercio": 22276.928154854613, "acc_auto_m2_departamento": 28629.286982514379, "acc_auto_n_deporte_y_recreacion": 4.481461148234688, "acc_auto_n_educacion_y_cultura": 28.095145986271795, "acc_auto_m2_habitacional": 160716.00527019828, "acc_auto_m2_industria": 7107.4955636250806, "acc_auto_m2_oficina": 2412.9254018230931, "acc_auto_n_salud": 3.0532813047391403, "acc_auto_n_paraderos": 31.072667209583752 }, "geometry": { "type": "Polygon", "coordinates": [ [ [ -70.740585344072443, -34.123022551206425 ], [ -70.741761174962662, -34.12445035003477 ], [ -70.740856919573034, -34.125839478075697 ], [ -70.738776841627057, -34.125800803449479 ], [ -70.73760104705012, -34.124373015789061 ], [ -70.738505294104527, -34.122983891587154 ], [ -70.740585344072443, -34.123022551206425 ] ] ] } },
{ "type": "Feature", "properties": { "h3": "89b2c1c0c6bffff", "acc_auto_m2_comercio": 23885.970086871796, "acc_auto_m2_departamento": 62351.427860629323, "acc_auto_n_deporte_y_recreacion": 6.0339078074821693, "acc_auto_n_educacion_y_cultura": 31.764740890637402, "acc_auto_m2_habitacional": 180054.04377439432, "acc_auto_m2_industria": 1882.1805291568312, "acc_auto_m2_oficina": 3152.615580222548, "acc_auto_n_salud": 7.1986039478142505, "acc_auto_n_paraderos": 41.897547180459455 }, "geometry": { "type": "Polygon", "coordinates": [ [ [ -70.708844471596151, -34.14913393531026 ], [ -70.710019972192342, -34.150561404844424 ], [ -70.709115649600449, -34.15194949161738 ], [ -70.70703583480568, -34.151910105021976 ], [ -70.705860370586535, -34.150482646672074 ], [ -70.706764684783764, -34.149094563733527 ], [ -70.708844471596151, -34.14913393531026 ] ] ] } },
{ "type": "Feature", "properties": { "h3": "89b2c1c54c7ffff", "acc_auto_m2_comercio": 16545.088438465187, "acc_auto_m2_departamento": 10412.882019335259, "acc_auto_n_deporte_y_recreacion": 6.9956034842887753, "acc_auto_n_educacion_y_cultura": 27.842884409858868, "acc_auto_m2_habitacional": 210217.25977697581, "acc_auto_m2_industria": 1056.2434664219434, "acc_auto_m2_oficina": 2748.9707531866666, "acc_auto_n_salud": 3.3196788664925547, "acc_auto_n_paraderos": 5.2416910123577489 }, "geometry": { "type": "Polygon", "coordinates": [ [ [ -70.664627522544222, -34.174979531591319 ], [ -70.665802511613876, -34.176406729999108 ], [ -70.664898134981968, -34.17779362674262 ], [ -70.662818777755831, -34.177753321246286 ], [ -70.661643825148872, -34.176326134049241 ], [ -70.662548193304048, -34.174939241137984 ], [ -70.664627522544222, -34.174979531591319 ] ] ] } },
{ "type": "Feature", "properties": { "h3": "89b2c1c18cfffff", "acc_auto_m2_comercio": 76433.35763772417, "acc_auto_m2_departamento": 62907.707028286699, "acc_auto_n_deporte_y_recreacion": 4.6566359670545294, "acc_auto_n_educacion_y_cultura": 31.488821143281694, "acc_auto_m2_habitacional": 196308.4322554401, "acc_auto_m2_industria": 36666.005613513938, "acc_auto_m2_oficina": 10003.616806552151, "acc_auto_n_salud": 12.111642617056264, "acc_auto_n_paraderos": 44.810434398121735 }, "geometry": { "type": "Polygon", "coordinates": [ [ [ -70.776142668383045, -34.168658540233025 ], [ -70.777319227015298, -34.17008536601849 ], [ -70.776414771914531, -34.171473799563522 ], [ -70.774333766453807, -34.171435403510188 ], [ -70.773157244085425, -34.170008588847494 ], [ -70.774061690912546, -34.168620159115576 ], [ -70.776142668383045, -34.168658540233025 ] ] ] } },
{ "type": "Feature", "properties": { "h3": "89b2c1c0e67ffff", "acc_auto_m2_comercio": 120213.83921171816, "acc_auto_m2_departamento": 148090.60752572713, "acc_auto_n_deporte_y_recreacion": 16.125159932931155, "acc_auto_n_educacion_y_cultura": 110.60228247863802, "acc_auto_m2_habitacional": 393748.66096088901, "acc_auto_m2_industria": 11014.698681204914, "acc_auto_m2_oficina": 22584.58566770938, "acc_auto_n_salud": 33.613544960189657, "acc_auto_n_paraderos": 99.47071399131957 }, "geometry": { "type": "Polygon", "coordinates": [ [ [ -70.725393782539427, -34.159282446097258 ], [ -70.726569569156041, -34.160709661844002 ], [ -70.725665194063879, -34.162097701150657 ], [ -70.723585040719058, -34.162058520883789 ], [ -70.722409290453271, -34.160631316304261 ], [ -70.723313657180157, -34.159243280824576 ], [ -70.725393782539427, -34.159282446097258 ] ] ] } },
{ "type": "Feature", "properties": { "h3": "89b2c1c7303ffff", "acc_auto_m2_comercio": 6262.3565200825324, "acc_auto_m2_departamento": 6124.7985320078551, "acc_auto_n_deporte_y_recreacion": 2.9463604340316794, "acc_auto_n_educacion_y_cultura": 14.314235157871531, "acc_auto_m2_habitacional": 144562.52824008092, "acc_auto_m2_industria": 471.72638946955419, "acc_auto_m2_oficina": 1075.2791107382448, "acc_auto_n_salud": 1.2677619028528089, "acc_auto_n_paraderos": 1.2990588041779108 }, "geometry": { "type": "Polygon", "coordinates": [ [ [ -70.639137165400882, -34.168865587155636 ], [ -70.640311758461507, -34.170293005189954 ], [ -70.639407428553838, -34.171679738002169 ], [ -70.637328514106784, -34.171639048940584 ], [ -70.636153957551898, -34.170211642139918 ], [ -70.637058278937005, -34.168824913167398 ], [ -70.639137165400882, -34.168865587155636 ] ] ] } },
{ "type": "Feature", "properties": { "h3": "89b2c1ce403ffff", "acc_auto_m2_comercio": 119075.31820251646, "acc_auto_m2_departamento": 63893.467284916864, "acc_auto_n_deporte_y_recreacion": 9.1541613933123109, "acc_auto_n_educacion_y_cultura": 66.654845321730519, "acc_auto_m2_habitacional": 253053.02740902436, "acc_auto_m2_industria": 11738.906950294198, "acc_auto_m2_oficina": 16369.916251620811, "acc_auto_n_salud": 32.013827097692015, "acc_auto_n_paraderos": 45.506512803660399 }, "geometry": { "type": "Polygon", "coordinates": [ [ [ -70.728379680996866, -34.190243746873428 ], [ -70.729555658725488, -34.191670394463223 ], [ -70.728651166864282, -34.193057700825598 ], [ -70.726570705635027, -34.193018355784794 ], [ -70.725394764261111, -34.191591719348601 ], [ -70.72629924776038, -34.190204416799808 ], [ -70.728379680996866, -34.190243746873428 ] ] ] } },
{ "type": "Feature", "properties": { "h3": "89b2c1c132fffff", "acc_auto_m2_comercio": 5339.656697823435, "acc_auto_m2_departamento": 3730.0892499968913, "acc_auto_n_deporte_y_recreacion": 0.30794615642939821, "acc_auto_n_educacion_y_cultura": 4.8703431625678153, "acc_auto_m2_habitacional": 22678.206169881239, "acc_auto_m2_industria": 1995.4898395704133, "acc_auto_m2_oficina": 779.82409483747108, "acc_auto_n_salud": 0.89473209969288869, "acc_auto_n_paraderos": 4.3467607365192951 }, "geometry": { "type": "Polygon", "coordinates": [ [ [ -70.80654363191924, -34.160782948449722 ], [ -70.80772058764876, -34.162209781934571 ], [ -70.806816134967931, -34.163598786620248 ], [ -70.804734734774016, -34.16356095401099 ], [ -70.803557815252134, -34.162134131627177 ], [ -70.80446225971518, -34.160745130751792 ], [ -70.80654363191924, -34.160782948449722 ] ] ] } },
{ "type": "Feature", "properties": { "h3": "89b2c1ca80bffff", "acc_auto_m2_comercio": 8380.8685062579953, "acc_auto_m2_departamento": 4090.7826301544801, "acc_auto_n_deporte_y_recreacion": 0.35871403538997454, "acc_auto_n_educacion_y_cultura": 5.1373431136137429, "acc_auto_m2_habitacional": 25742.455654679423, "acc_auto_m2_industria": 3306.7207335816133, "acc_auto_m2_oficina": 4590.2716622072912, "acc_auto_n_salud": 0.837022154737039, "acc_auto_n_paraderos": 4.6688555495956958 }, "geometry": { "type": "Polygon", "coordinates": [ [ [ -70.839951610828464, -34.183871240244031 ], [ -70.841129154425346, -34.185297511799035 ], [ -70.840224588085491, -34.186686354592872 ], [ -70.838142486305856, -34.186648922037726 ], [ -70.836964978864103, -34.185222661548487 ], [ -70.837869537045506, -34.18383382254882 ], [ -70.839951610828464, -34.183871240244031 ] ] ] } },
{ "type": "Feature", "properties": { "h3": "89b2c1c1cc7ffff", "acc_auto_m2_comercio": 41582.377755127862, "acc_auto_m2_departamento": 39976.02064983025, "acc_auto_n_deporte_y_recreacion": 2.4500121472404492, "acc_auto_n_educacion_y_cultura": 18.5689765243715, "acc_auto_m2_habitacional": 99493.59528183892, "acc_auto_m2_industria": 11636.702878759022, "acc_auto_m2_oficina": 5399.6998119592654, "acc_auto_n_salud": 8.4655442922088131, "acc_auto_n_paraderos": 22.125924528964156 }, "geometry": { "type": "Polygon", "coordinates": [ [ [ -70.770980968418272, -34.147482907697061 ], [ -70.772157351748533, -34.14891013576576 ], [ -70.771252979176808, -34.150299031854594 ], [ -70.769172231555075, -34.150260696052079 ], [ -70.767995884491569, -34.148833479117975 ], [ -70.768900248781691, -34.147444586851989 ], [ -70.770980968418272, -34.147482907697061 ] ] ] } },
{ "type": "Feature", "properties": { "h3": "89b2c1c5547ffff", "acc_auto_m2_comercio": 13903.769210724538, "acc_auto_m2_departamento": 9333.8334121288153, "acc_auto_n_deporte_y_recreacion": 4.8094718294021863, "acc_auto_n_educacion_y_cultura": 23.557623583599032, "acc_auto_m2_habitacional": 152664.40135797262, "acc_auto_m2_industria": 3514.2194379559392, "acc_auto_m2_oficina": 2167.745648361687, "acc_auto_n_salud": 6.2351800570191314, "acc_auto_n_paraderos": 3.8655464003671467 }, "geometry": { "type": "Polygon", "coordinates": [ [ [ -70.647536983684844, -34.191497661399268 ], [ -70.64871180597639, -34.19292463776361 ], [ -70.647807384655692, -34.194310911838429 ], [ -70.645728149551033, -34.194270205720464 ], [ -70.644553363757183, -34.192843240574739 ], [ -70.645457776568975, -34.191456970328574 ], [ -70.647536983684844, -34.191497661399268 ] ] ] } },
{ "type": "Feature", "properties": { "h3": "89b2c1c194fffff", "acc_auto_m2_comercio": 110764.73600515655, "acc_auto_m2_departamento": 50086.7935275091, "acc_auto_n_deporte_y_recreacion": 7.7180331632990207, "acc_auto_n_educacion_y_cultura": 83.851389252914572, "acc_auto_m2_habitacional": 348354.5677425164, "acc_auto_m2_industria": 21793.848387023289, "acc_auto_m2_oficina": 25437.457770559213, "acc_auto_n_salud": 23.261184240221692, "acc_auto_n_paraderos": 67.205276389250997 }, "geometry": { "type": "Polygon", "coordinates": [ [ [ -70.759046233072638, -34.185200840199954 ], [ -70.760222626177935, -34.186627444138708 ], [ -70.759318125306535, -34.188015255099742 ], [ -70.75723723963435, -34.187976458312562 ], [ -70.756060882828081, -34.186549865504446 ], [ -70.756965375393634, -34.185162058353065 ], [ -70.759046233072638, -34.185200840199954 ] ] ] } },
{ "type": "Feature", "properties": { "h3": "89b2c1c0973ffff", "acc_auto_m2_comercio": 29662.064745589734, "acc_auto_m2_departamento": 17740.775519529041, "acc_auto_n_deporte_y_recreacion": 8.2497757064062398, "acc_auto_n_educacion_y_cultura": 39.775184971494085, "acc_auto_m2_habitacional": 268571.04916445434, "acc_auto_m2_industria": 1564.3991167043603, "acc_auto_m2_oficina": 2919.552699296195, "acc_auto_n_salud": 5.7424457618677938, "acc_auto_n_paraderos": 19.829052091901815 }, "geometry": { "type": "Polygon", "coordinates": [ [ [ -70.686326972322092, -34.17399332822454 ], [ -70.687502268569006, -34.175420450255253 ], [ -70.686597875246676, -34.176807640317371 ], [ -70.68451819411338, -34.176767704520508 ], [ -70.683342934290621, -34.175340593683323 ], [ -70.684247319175682, -34.173953407449666 ], [ -70.686326972322092, -34.17399332822454 ] ] ] } },
{ "type": "Feature", "properties": { "h3": "89b2c1c42c3ffff", "acc_auto_m2_comercio": 4570.6086776115653, "acc_auto_m2_departamento": 2909.0089803769711, "acc_auto_n_deporte_y_recreacion": 1.4989336240371223, "acc_auto_n_educacion_y_cultura": 7.3420357462111641, "acc_auto_m2_habitacional": 49461.288826228549, "acc_auto_m2_industria": 1095.2515919927423, "acc_auto_m2_oficina": 675.60575380132138, "acc_auto_n_salud": 1.9432738917931012, "acc_auto_n_paraderos": 1.2047471490245087 }, "geometry": { "type": "Polygon", "coordinates": [ [ [ -70.625841970880515, -34.192475246643788 ], [ -70.62701648549438, -34.193902299161209 ], [ -70.626112081339173, -34.195288279879712 ], [ -70.624033171117077, -34.195247204248616 ], [ -70.622858693039362, -34.193820162967022 ], [ -70.623763088646228, -34.192434186080924 ], [ -70.625841970880515, -34.192475246643788 ] ] ] } },
{ "type": "Feature", "properties": { "h3": "89b2c1c0283ffff", "acc_auto_m2_comercio": 12390.815810202475, "acc_auto_m2_departamento": 14444.615992660474, "acc_auto_n_deporte_y_recreacion": 1.8021263357967063, "acc_auto_n_educacion_y_cultura": 8.9375735173341138, "acc_auto_m2_habitacional": 39628.526877140561, "acc_auto_m2_industria": 4461.6796407353349, "acc_auto_m2_oficina": 1358.655474605813, "acc_auto_n_salud": 1.7993301527784498, "acc_auto_n_paraderos": 6.6024602406944863 }, "geometry": { "type": "Polygon", "coordinates": [ [ [ -70.762563734613082, -34.124834950345573 ], [ -70.763739889026795, -34.126262620866328 ], [ -70.762835607273615, -34.127651975552581 ], [ -70.760755179400746, -34.127613655884332 ], [ -70.75957906126196, -34.12618599651308 ], [ -70.760483334719765, -34.124796645660744 ], [ -70.762563734613082, -34.124834950345573 ] ] ] } },
{ "type": "Feature", "properties": { "h3": "89b2c1c0b6fffff", "acc_auto_m2_comercio": 72413.968190629734, "acc_auto_m2_departamento": 47310.689110969819, "acc_auto_n_deporte_y_recreacion": 13.005097378477348, "acc_auto_n_educacion_y_cultura": 68.604786857797677, "acc_auto_m2_habitacional": 206840.63340633232, "acc_auto_m2_industria": 4481.0973079446067, "acc_auto_m2_oficina": 10497.710978713358, "acc_auto_n_salud": 70.755382983646257, "acc_auto_n_paraderos": 32.621022672170689 }, "geometry": { "type": "Polygon", "coordinates": [ [ [ -70.709656936664928, -34.189888532794548 ], [ -70.71083264405955, -34.191315268416055 ], [ -70.709928170601557, -34.192702351965863 ], [ -70.707847998143578, -34.192662696076972 ], [ -70.706672327136658, -34.19123597162433 ], [ -70.70757679219868, -34.189848891891906 ], [ -70.709656936664928, -34.189888532794548 ] ] ] } },
{ "type": "Feature", "properties": { "h3": "89b2c1c7257ffff", "acc_auto_m2_comercio": 10699.502020799338, "acc_auto_m2_departamento": 6459.938627020405, "acc_auto_n_deporte_y_recreacion": 3.1409611729419642, "acc_auto_n_educacion_y_cultura": 13.431369920193266, "acc_auto_m2_habitacional": 143383.73192005765, "acc_auto_m2_industria": 394.83875994305021, "acc_auto_m2_oficina": 1366.8514140853365, "acc_auto_n_salud": 2.1296803972905467, "acc_auto_n_paraderos": 4.8467618647811861 }, "geometry": { "type": "Polygon", "coordinates": [ [ [ -70.666258097958334, -34.15956014232961 ], [ -70.667433036676627, -34.160987609818449 ], [ -70.666528715309497, -34.162374910128662 ], [ -70.664449463695448, -34.162334739111891 ], [ -70.663274561432388, -34.160907282838053 ], [ -70.664178874326794, -34.159519986366185 ], [ -70.666258097958334, -34.15956014232961 ] ] ] } },
{ "type": "Feature", "properties": { "h3": "89b2c1c0a43ffff", "acc_auto_m2_comercio": 191325.32466545867, "acc_auto_m2_departamento": 125157.21227388264, "acc_auto_n_deporte_y_recreacion": 16.708132820473519, "acc_auto_n_educacion_y_cultura": 178.83899552926175, "acc_auto_m2_habitacional": 376192.01121370384, "acc_auto_m2_industria": 12121.062443465025, "acc_auto_m2_oficina": 52142.380056734597, "acc_auto_n_salud": 62.314877331555756, "acc_auto_n_paraderos": 75.807864216664754 }, "geometry": { "type": "Polygon", "coordinates": [ [ [ -70.735976715149789, -34.172126282500109 ], [ -70.737152715027491, -34.173553221876659 ], [ -70.736248283033476, -34.174941072775077 ], [ -70.734167859507323, -34.174901980477536 ], [ -70.732991895965569, -34.173475052254986 ], [ -70.733896319612683, -34.172087205176155 ], [ -70.735976715149789, -34.172126282500109 ] ] ] } },
{ "type": "Feature", "properties": { "h3": "89b2c1c5617ffff", "acc_auto_m2_comercio": 33211.342834478302, "acc_auto_m2_departamento": 21710.538694620536, "acc_auto_n_deporte_y_recreacion": 6.8508471212379343, "acc_auto_n_educacion_y_cultura": 41.204328930062978, "acc_auto_m2_habitacional": 263290.33902151452, "acc_auto_m2_industria": 8455.9536855615806, "acc_auto_m2_oficina": 3571.9947584870188, "acc_auto_n_salud": 10.958606796605451, "acc_auto_n_paraderos": 17.080241941264774 }, "geometry": { "type": "Polygon", "coordinates": [ [ [ -70.68144227162469, -34.187943615145649 ], [ -70.682617564483465, -34.189370508338101 ], [ -70.681713124310434, -34.190757290953883 ], [ -70.679633399724352, -34.19071717655379 ], [ -70.678458143302493, -34.189290294553764 ], [ -70.679362575028406, -34.187903515761612 ], [ -70.68144227162469, -34.187943615145649 ] ] ] } },
{ "type": "Feature", "properties": { "h3": "89b2c1ce483ffff", "acc_auto_m2_comercio": 147137.65007597569, "acc_auto_m2_departamento": 88137.091686893851, "acc_auto_n_deporte_y_recreacion": 13.385640205362307, "acc_auto_n_educacion_y_cultura": 88.832702034654247, "acc_auto_m2_habitacional": 329812.55998017016, "acc_auto_m2_industria": 7177.9229806296598, "acc_auto_m2_oficina": 17548.869492350674, "acc_auto_n_salud": 93.149091253696042, "acc_auto_n_paraderos": 61.467778577294709 }, "geometry": { "type": "Polygon", "coordinates": [ [ [ -70.724580463039715, -34.183149392465985 ], [ -70.725756352287831, -34.184576183902983 ], [ -70.724851890021796, -34.185963619729307 ], [ -70.722771546874682, -34.185924260301611 ], [ -70.721595693985918, -34.184497480023857 ], [ -70.722500147883551, -34.183110048014768 ], [ -70.724580463039715, -34.183149392465985 ] ] ] } },
{ "type": "Feature", "properties": { "h3": "89b2c1c1d47ffff", "acc_auto_m2_comercio": 186813.60699867411, "acc_auto_m2_departamento": 86197.05204175206, "acc_auto_n_deporte_y_recreacion": 11.773010011613398, "acc_auto_n_educacion_y_cultura": 101.14922908249123, "acc_auto_m2_habitacional": 343915.20785442076, "acc_auto_m2_industria": 31985.012053506252, "acc_auto_m2_oficina": 43387.796054942992, "acc_auto_n_salud": 65.228464473654412, "acc_auto_n_paraderos": 82.807486832724265 }, "geometry": { "type": "Polygon", "coordinates": [ [ [ -70.753886297434576, -34.164030939343867 ], [ -70.755062515208778, -34.165457945604032 ], [ -70.754158096924485, -34.166846219183427 ], [ -70.752077469178445, -34.166807482683453 ], [ -70.750901287706114, -34.165380487565741 ], [ -70.751805697676616, -34.163992217805749 ], [ -70.753886297434576, -34.164030939343867 ] ] ] } },
{ "type": "Feature", "properties": { "h3": "89b2c1c55c7ffff", "acc_auto_m2_comercio": 8335.9971473559199, "acc_auto_m2_departamento": 10048.399543216783, "acc_auto_n_deporte_y_recreacion": 4.1822859082566559, "acc_auto_n_educacion_y_cultura": 16.923742079163645, "acc_auto_m2_habitacional": 122949.66083511384, "acc_auto_m2_industria": 938.88570963134725, "acc_auto_m2_oficina": 1714.6792294913296, "acc_auto_n_salud": 2.6748728873994669, "acc_auto_n_paraderos": 1.7041831737323994 }, "geometry": { "type": "Polygon", "coordinates": [ [ [ -70.643742317093441, -34.184403024994765 ], [ -70.644917050805532, -34.185830144886729 ], [ -70.644012659248318, -34.187216548400947 ], [ -70.64193354249295, -34.187175828191045 ], [ -70.640758845283102, -34.185748719523332 ], [ -70.641663228325029, -34.184362319841462 ], [ -70.643742317093441, -34.184403024994765 ] ] ] } },
{ "type": "Feature", "properties": { "h3": "89b2c1c19cfffff", "acc_auto_m2_comercio": 104393.93589841654, "acc_auto_m2_departamento": 43201.248120938631, "acc_auto_n_deporte_y_recreacion": 7.1711447571469602, "acc_auto_n_educacion_y_cultura": 83.712568761236213, "acc_auto_m2_habitacional": 294873.45354193758, "acc_auto_m2_industria": 21238.476555274272, "acc_auto_m2_oficina": 26926.902858729667, "acc_auto_n_salud": 23.956645963609773, "acc_auto_n_paraderos": 61.244052180073908 }, "geometry": { "type": "Polygon", "coordinates": [ [ [ -70.755245362551094, -34.178106155549195 ], [ -70.756421667216955, -34.179532903434712 ], [ -70.755517195875683, -34.180920843860903 ], [ -70.753436428179441, -34.180882032588443 ], [ -70.752260159817197, -34.17945529583919 ], [ -70.753164622846199, -34.178067359226333 ], [ -70.755245362551094, -34.178106155549195 ] ] ] } },
{ "type": "Feature", "properties": { "h3": "89b2c1c1d97ffff", "acc_auto_m2_comercio": 94611.982901330033, "acc_auto_m2_departamento": 88681.329743544557, "acc_auto_n_deporte_y_recreacion": 19.402916315897141, "acc_auto_n_educacion_y_cultura": 93.349455740870781, "acc_auto_m2_habitacional": 276463.41379169427, "acc_auto_m2_industria": 9731.8855035501256, "acc_auto_m2_oficina": 19693.062671746517, "acc_auto_n_salud": 32.787177180591016, "acc_auto_n_paraderos": 59.17680908522923 }, "geometry": { "type": "Polygon", "coordinates": [ [ [ -70.74031672037141, -34.152536149162614 ], [ -70.741492688657203, -34.153963420716487 ], [ -70.740588324886872, -34.155351812248774 ], [ -70.738508001167105, -34.155312928400562 ], [ -70.737332069203802, -34.153885668004271 ], [ -70.738236424636426, -34.152497280298817 ], [ -70.74031672037141, -34.152536149162614 ] ] ] } },
{ "type": "Feature", "properties": { "h3": "89b2c1c1853ffff", "acc_auto_m2_comercio": 60378.809755512615, "acc_auto_m2_departamento": 60433.14364719783, "acc_auto_n_deporte_y_recreacion": 4.081579715101233, "acc_auto_n_educacion_y_cultura": 25.410317586136173, "acc_auto_m2_habitacional": 161140.76342672229, "acc_auto_m2_industria": 32548.84403571019, "acc_auto_m2_oficina": 8092.590732557338, "acc_auto_n_salud": 9.5975058386290986, "acc_auto_n_paraderos": 36.888781091491936 }, "geometry": { "type": "Polygon", "coordinates": [ [ [ -70.779400266399591, -34.170123702750139 ], [ -70.780576878672491, -34.171550487958491 ], [ -70.779672415303935, -34.172938925315385 ], [ -70.777591347928919, -34.17290057365225 ], [ -70.776414771914531, -34.171473799563522 ], [ -70.777319227015298, -34.17008536601849 ], [ -70.779400266399591, -34.170123702750139 ] ] ] } },
{ "type": "Feature", "properties": { "h3": "89b2c1c0877ffff", "acc_auto_m2_comercio": 67711.322788350895, "acc_auto_m2_departamento": 86758.104412651272, "acc_auto_n_deporte_y_recreacion": 12.370067597658176, "acc_auto_n_educacion_y_cultura": 70.105177778739247, "acc_auto_m2_habitacional": 342551.07541971997, "acc_auto_m2_industria": 3523.0008727378063, "acc_auto_m2_oficina": 7453.5842403371853, "acc_auto_n_salud": 15.764881485450291, "acc_auto_n_paraderos": 74.838954811228447 }, "geometry": { "type": "Polygon", "coordinates": [ [ [ -70.704231873057708, -34.165907011388079 ], [ -70.705407387730645, -34.16733420053945 ], [ -70.704503007615941, -34.168721813323621 ], [ -70.702423121231149, -34.168682233128251 ], [ -70.701247642948388, -34.167255055158833 ], [ -70.702152014658893, -34.165867446203002 ], [ -70.704231873057708, -34.165907011388079 ] ] ] } },
{ "type": "Feature", "properties": { "h3": "89b2c1c1dc7ffff", "acc_auto_m2_comercio": 86465.402031514488, "acc_auto_m2_departamento": 59133.454523336331, "acc_auto_n_deporte_y_recreacion": 14.275219262604061, "acc_auto_n_educacion_y_cultura": 64.260496155308772, "acc_auto_m2_habitacional": 218091.91558476145, "acc_auto_m2_industria": 11815.078785539041, "acc_auto_m2_oficina": 19858.702017076106, "acc_auto_n_salud": 33.70203745167592, "acc_auto_n_paraderos": 52.964967970016801 }, "geometry": { "type": "Polygon", "coordinates": [ [ [ -70.750086045625665, -34.156934183118103 ], [ -70.751262174969384, -34.158361333204219 ], [ -70.75035778622086, -34.159749736209505 ], [ -70.748277276447482, -34.159710985305772 ], [ -70.74710118341028, -34.158283846367731 ], [ -70.748005563838561, -34.156895447185533 ], [ -70.750086045625665, -34.156934183118103 ] ] ] } },
{ "type": "Feature", "properties": { "h3": "89b2c1ce4d3ffff", "acc_auto_m2_comercio": 227480.6534272935, "acc_auto_m2_departamento": 115356.38855597576, "acc_auto_n_deporte_y_recreacion": 17.636762756894008, "acc_auto_n_educacion_y_cultura": 125.78023237446331, "acc_auto_m2_habitacional": 413791.54316291923, "acc_auto_m2_industria": 14230.530333632267, "acc_auto_m2_oficina": 34010.188258486378, "acc_auto_n_salud": 57.579129747972445, "acc_auto_n_paraderos": 79.539142061478628 }, "geometry": { "type": "Polygon", "coordinates": [ [ [ -70.733806504087994, -34.181918823395286 ], [ -70.734982519756031, -34.183345596632194 ], [ -70.734078053650279, -34.18473317717995 ], [ -70.731997580226704, -34.184693980675029 ], [ -70.730821600901365, -34.183267218590359 ], [ -70.731726058655568, -34.181879641858565 ], [ -70.733806504087994, -34.181918823395286 ] ] ] } },
{ "type": "Feature", "properties": { "h3": "89b2c1c0a73ffff", "acc_auto_m2_comercio": 162946.9643260632, "acc_auto_m2_departamento": 122692.78413384971, "acc_auto_n_deporte_y_recreacion": 17.735316532717896, "acc_auto_n_educacion_y_cultura": 126.21298659739413, "acc_auto_m2_habitacional": 388924.67111158982, "acc_auto_m2_industria": 11716.601383533378, "acc_auto_m2_oficina": 28756.261683551646, "acc_auto_n_salud": 40.532526208585701, "acc_auto_n_paraderos": 83.424174649499903 }, "geometry": { "type": "Polygon", "coordinates": [ [ [ -70.730007108593654, -34.17482369226687 ], [ -70.731183035793777, -34.176250609333501 ], [ -70.730278599269937, -34.177638319332267 ], [ -70.728198243902568, -34.17759910844498 ], [ -70.727022353049733, -34.17617220253625 ], [ -70.727926781215629, -34.174784496357098 ], [ -70.730007108593654, -34.17482369226687 ] ] ] } },
{ "type": "Feature", "properties": { "h3": "89b2c1c50a3ffff", "acc_auto_m2_comercio": 8096.4559460602059, "acc_auto_m2_departamento": 5440.7534495436912, "acc_auto_n_deporte_y_recreacion": 2.3897621232025865, "acc_auto_n_educacion_y_cultura": 12.33007781276935, "acc_auto_m2_habitacional": 88243.082236968272, "acc_auto_m2_industria": 2447.2085099532933, "acc_auto_m2_oficina": 1178.5291836647632, "acc_auto_n_salud": 4.041394585631723, "acc_auto_n_paraderos": 2.7855051092455727 }, "geometry": { "type": "Polygon", "coordinates": [ [ [ -70.654315775105943, -34.197246000613106 ], [ -70.655490722464947, -34.198672844612013 ], [ -70.65458627351714, -34.200059059699932 ], [ -70.652506885706018, -34.200018426964128 ], [ -70.651331974834491, -34.19859159417625 ], [ -70.652236415285302, -34.197205382913324 ], [ -70.654315775105943, -34.197246000613106 ] ] ] } },
{ "type": "Feature", "properties": { "h3": "89b2c1c0383ffff", "acc_auto_m2_comercio": 52564.461280114287, "acc_auto_m2_departamento": 82849.727813360179, "acc_auto_n_deporte_y_recreacion": 7.614056552102352, "acc_auto_n_educacion_y_cultura": 69.322463081592375, "acc_auto_m2_habitacional": 214017.69135979109, "acc_auto_m2_industria": 11659.911319169432, "acc_auto_m2_oficina": 6114.9783851257653, "acc_auto_n_salud": 8.7662359477745149, "acc_auto_n_paraderos": 43.355530466460074 }, "geometry": { "type": "Polygon", "coordinates": [ [ [ -70.741671686635897, -34.134289549519004 ], [ -70.742847587005713, -34.135717141952654 ], [ -70.741943289178039, -34.137106003590709 ], [ -70.73986309931324, -34.137067268961161 ], [ -70.738687235258126, -34.135639687690521 ], [ -70.739591524751788, -34.134250829886604 ], [ -70.741671686635897, -34.134289549519004 ] ] ] } },
{ "type": "Feature", "properties": { "h3": "89b2c1c0c6fffff", "acc_auto_m2_comercio": 32188.490494157588, "acc_auto_m2_departamento": 73915.074834271378, "acc_auto_n_deporte_y_recreacion": 7.6673192110991026, "acc_auto_n_educacion_y_cultura": 38.639159971713383, "acc_auto_m2_habitacional": 224402.71988411021, "acc_auto_m2_industria": 2751.0644296636056, "acc_auto_m2_oficina": 4290.1085187612425, "acc_auto_n_salud": 8.2678447989288149, "acc_auto_n_paraderos": 52.947632637369331 }, "geometry": { "type": "Polygon", "coordinates": [ [ [ -70.705860370586535, -34.150482646672074 ], [ -70.70703583480568, -34.151910105021976 ], [ -70.706131509992517, -34.153298121348165 ], [ -70.704051729359065, -34.153258675490228 ], [ -70.702876301522664, -34.151831228326515 ], [ -70.703780617935635, -34.150443215834763 ], [ -70.705860370586535, -34.150482646672074 ] ] ] } },
{ "type": "Feature", "properties": { "h3": "89b2c1c0847ffff", "acc_auto_m2_comercio": 132362.29677630961, "acc_auto_m2_departamento": 156768.37219720797, "acc_auto_n_deporte_y_recreacion": 19.759501872796196, "acc_auto_n_educacion_y_cultura": 124.03115638884157, "acc_auto_m2_habitacional": 535036.96380366571, "acc_auto_m2_industria": 6926.967088616525, "acc_auto_m2_oficina": 16982.208194901599, "acc_auto_n_salud": 32.990130849029384, "acc_auto_n_paraderos": 129.71548455858397 }, "geometry": { "type": "Polygon", "coordinates": [ [ [ -70.710200429135014, -34.163210534685291 ], [ -70.711376016571293, -34.164637746194785 ], [ -70.710471640899186, -34.166025499880426 ], [ -70.708391686182594, -34.165986038228439 ], [ -70.707216135125137, -34.16455883789704 ], [ -70.7081205024041, -34.163171088039704 ], [ -70.710200429135014, -34.163210534685291 ] ] ] } },
{ "type": "Feature", "properties": { "h3": "89b2c1c18d3ffff", "acc_auto_m2_comercio": 47932.315443764259, "acc_auto_m2_departamento": 33832.847868028628, "acc_auto_n_deporte_y_recreacion": 2.7931491081691036, "acc_auto_n_educacion_y_cultura": 21.971066224191006, "acc_auto_m2_habitacional": 125060.2208317599, "acc_auto_m2_industria": 18096.865003605795, "acc_auto_m2_oficina": 6539.4760937934116, "acc_auto_n_salud": 8.1154452300508844, "acc_auto_n_paraderos": 29.48651859019272 }, "geometry": { "type": "Polygon", "coordinates": [ [ [ -70.775598481640188, -34.16302766661294 ], [ -70.776775005509506, -34.164454595778729 ], [ -70.775870571625006, -34.165843162580728 ], [ -70.773789622144079, -34.165804796401609 ], [ -70.772613134537877, -34.164377878361066 ], [ -70.77351756014815, -34.162989315374602 ], [ -70.775598481640188, -34.16302766661294 ] ] ] } },
{ "type": "Feature", "properties": { "h3": "89b2c1c1823ffff", "acc_auto_m2_comercio": 41698.033952840895, "acc_auto_m2_departamento": 17940.608921983538, "acc_auto_n_deporte_y_recreacion": 3.8823948103325558, "acc_auto_n_educacion_y_cultura": 47.471392990517643, "acc_auto_m2_habitacional": 260978.05041633578, "acc_auto_m2_industria": 9337.2746030020389, "acc_auto_m2_oficina": 9150.0822995524923, "acc_auto_n_salud": 8.7048433035592527, "acc_auto_n_paraderos": 52.018908006440832 }, "geometry": { "type": "Polygon", "coordinates": [ [ [ -70.764473110015999, -34.176872889171364 ], [ -70.765649540939449, -34.178299618762338 ], [ -70.76474506591785, -34.179687703895418 ], [ -70.762664168266838, -34.179649055625688 ], [ -70.761487773630307, -34.17822233716398 ], [ -70.762392240356533, -34.17683425584292 ], [ -70.764473110015999, -34.176872889171364 ] ] ] } },
{ "type": "Feature", "properties": { "h3": "89b2c1c5153ffff", "acc_auto_m2_comercio": 1403.8643328217165, "acc_auto_m2_departamento": 2206.9516369624225, "acc_auto_n_deporte_y_recreacion": 0.26305219005825825, "acc_auto_n_educacion_y_cultura": 1.5159140047522328, "acc_auto_m2_habitacional": 29445.570547681535, "acc_auto_m2_industria": 496.95216799897776, "acc_auto_m2_oficina": 148.10116958668075, "acc_auto_n_salud": 0.62621840985881083, "acc_auto_n_paraderos": 0.51693170940958322 }, "geometry": { "type": "Polygon", "coordinates": [ [ [ -70.652143374423645, -34.207030171649677 ], [ -70.653318337387148, -34.208456849605014 ], [ -70.652413854426257, -34.209842794291426 ], [ -70.650334417002128, -34.209802057201344 ], [ -70.649159490532824, -34.20837539045521 ], [ -70.6500639649921, -34.206989449590154 ], [ -70.652143374423645, -34.207030171649677 ] ] ] } },
{ "type": "Feature", "properties": { "h3": "89b2c1c0207ffff", "acc_auto_m2_comercio": 24314.954319628632, "acc_auto_m2_departamento": 24265.474698009159, "acc_auto_n_deporte_y_recreacion": 2.1419480610912465, "acc_auto_n_educacion_y_cultura": 12.330943632048287, "acc_auto_m2_habitacional": 70386.017541275563, "acc_auto_m2_industria": 7130.8105763579997, "acc_auto_m2_oficina": 2727.7696076704801, "acc_auto_n_salud": 4.0697644589979358, "acc_auto_n_paraderos": 12.103719357127835 }, "geometry": { "type": "Polygon", "coordinates": [ [ [ -70.763379372895969, -34.133285671303959 ], [ -70.764555579431459, -34.134713186956638 ], [ -70.763651265858286, -34.136102341835588 ], [ -70.761570754042779, -34.136063977231821 ], [ -70.760394583783281, -34.134636472724964 ], [ -70.761298889061976, -34.133247321676244 ], [ -70.763379372895969, -34.133285671303959 ] ] ] } },
{ "type": "Feature", "properties": { "h3": "89b2c1c0e6bffff", "acc_auto_m2_comercio": 126427.10941238332, "acc_auto_m2_departamento": 124477.08577240549, "acc_auto_n_deporte_y_recreacion": 15.141023552861542, "acc_auto_n_educacion_y_cultura": 120.30787941750997, "acc_auto_m2_habitacional": 309540.24292265764, "acc_auto_m2_industria": 10108.247208523351, "acc_auto_m2_oficina": 30374.836730623403, "acc_auto_n_salud": 42.374505399436245, "acc_auto_n_paraderos": 65.403370359548077 }, "geometry": { "type": "Polygon", "coordinates": [ [ [ -70.731634350961869, -34.159399734779164 ], [ -70.732810227635454, -34.160826921223375 ], [ -70.731905846443709, -34.162215034802337 ], [ -70.729825596930951, -34.16217595811159 ], [ -70.728649756597221, -34.160748782829494 ], [ -70.729554129435016, -34.159360673076215 ], [ -70.731634350961869, -34.159399734779164 ] ] ] } },
{ "type": "Feature", "properties": { "h3": "89b2c1c1b9bffff", "acc_auto_m2_comercio": 27029.379322519573, "acc_auto_m2_departamento": 13791.502979177016, "acc_auto_n_deporte_y_recreacion": 2.4330147653895269, "acc_auto_n_educacion_y_cultura": 30.775732205205337, "acc_auto_m2_habitacional": 173978.65246899897, "acc_auto_m2_industria": 7140.8079357217221, "acc_auto_m2_oficina": 5250.2138494556175, "acc_auto_n_salud": 5.2791307854882721, "acc_auto_n_paraderos": 30.73110684517097 }, "geometry": { "type": "Polygon", "coordinates": [ [ [ -70.771259997356978, -34.182618182494849 ], [ -70.772436552984246, -34.184044779229431 ], [ -70.7715320507792, -34.185432805344185 ], [ -70.769451001228973, -34.185394230916209 ], [ -70.768274481878322, -34.183967645303319 ], [ -70.769178975799917, -34.18257962299689 ], [ -70.771259997356978, -34.182618182494849 ] ] ] } },
{ "type": "Feature", "properties": { "h3": "89b2c1c7307ffff", "acc_auto_m2_comercio": 3928.2973131859258, "acc_auto_m2_departamento": 3583.1656262106635, "acc_auto_n_deporte_y_recreacion": 2.1089718429579705, "acc_auto_n_educacion_y_cultura": 10.106847745691077, "acc_auto_m2_habitacional": 86561.136214419443, "acc_auto_m2_industria": 339.01973628008938, "acc_auto_m2_oficina": 761.25284546991224, "acc_auto_n_salud": 0.88968557603579534, "acc_auto_n_paraderos": 0.75922406016575616 }, "geometry": { "type": "Polygon", "coordinates": [ [ [ -70.636153957551898, -34.170211642139918 ], [ -70.637328514106784, -34.171639048940584 ], [ -70.63642418209497, -34.173025711292119 ], [ -70.634345302054996, -34.172984963003486 ], [ -70.63317078201149, -34.171557567438384 ], [ -70.634075105495228, -34.170170908926558 ], [ -70.636153957551898, -34.170211642139918 ] ] ] } },
{ "type": "Feature", "properties": { "h3": "89b2c1c1ccbffff", "acc_auto_m2_comercio": 30220.774956262398, "acc_auto_m2_departamento": 29052.749440487307, "acc_auto_n_deporte_y_recreacion": 1.8127420743223011, "acc_auto_n_educacion_y_cultura": 13.495085642826405, "acc_auto_m2_habitacional": 72849.353971686869, "acc_auto_m2_industria": 10969.520213094798, "acc_auto_m2_oficina": 3924.255669789015, "acc_auto_n_salud": 6.1523716768425922, "acc_auto_n_paraderos": 16.080113303670156 }, "geometry": { "type": "Polygon", "coordinates": [ [ [ -70.777223319028735, -34.147597662928817 ], [ -70.778399792254305, -34.149024861598058 ], [ -70.777495413743353, -34.150413831945926 ], [ -70.7754145702757, -34.150375599803176 ], [ -70.774238133305843, -34.148948412263444 ], [ -70.775142503546562, -34.147559445737151 ], [ -70.777223319028735, -34.147597662928817 ] ] ] } },
{ "type": "Feature", "properties": { "h3": "89b2c1c554bffff", "acc_auto_m2_comercio": 10919.614573059704, "acc_auto_m2_departamento": 7273.7671250214235, "acc_auto_n_deporte_y_recreacion": 3.5662217208375475, "acc_auto_n_educacion_y_cultura": 17.803764141744068, "acc_auto_m2_habitacional": 122451.7226297281, "acc_auto_m2_industria": 2955.2453301269366, "acc_auto_m2_oficina": 1659.1265876779319, "acc_auto_n_salud": 5.0935566438923283, "acc_auto_n_paraderos": 3.3012241171064844 }, "geometry": { "type": "Polygon", "coordinates": [ [ [ -70.653774798493586, -34.191619527714089 ], [ -70.654949711126093, -34.193046474915292 ], [ -70.654045283431529, -34.194432823282398 ], [ -70.651965951600658, -34.19439222062109 ], [ -70.650791075454904, -34.192965284633388 ], [ -70.651695494651875, -34.191578940093706 ], [ -70.653774798493586, -34.191619527714089 ] ] ] } },
{ "type": "Feature", "properties": { "h3": "89b2c1c1953ffff", "acc_auto_m2_comercio": 53438.998379223245, "acc_auto_m2_departamento": 21579.59270420083, "acc_auto_n_deporte_y_recreacion": 4.1204955498631088, "acc_auto_n_educacion_y_cultura": 50.737160195172173, "acc_auto_m2_habitacional": 235757.95483350381, "acc_auto_m2_industria": 10137.808917629054, "acc_auto_m2_oficina": 13259.722138878664, "acc_auto_n_salud": 11.604048470237332, "acc_auto_n_paraderos": 49.747645592431439 }, "geometry": { "type": "Polygon", "coordinates": [ [ [ -70.758502468911644, -34.17957165539368 ], [ -70.759678827255527, -34.180998362724225 ], [ -70.758774347607769, -34.182386306962492 ], [ -70.756693517921235, -34.182347540058345 ], [ -70.755517195875683, -34.180920843860903 ], [ -70.756421667216955, -34.179532903434712 ], [ -70.758502468911644, -34.17957165539368 ] ] ] } },
{ "type": "Feature", "properties": { "h3": "89b2c1c0977ffff", "acc_auto_m2_comercio": 19437.295319904973, "acc_auto_m2_departamento": 11941.854760792832, "acc_auto_n_deporte_y_recreacion": 4.8143211416208151, "acc_auto_n_educacion_y_cultura": 25.181057613344645, "acc_auto_m2_habitacional": 179689.63068931739, "acc_auto_m2_industria": 893.23277835332919, "acc_auto_m2_oficina": 1948.7061045618482, "acc_auto_n_salud": 3.8738568536095195, "acc_auto_n_paraderos": 12.738163114913291 }, "geometry": { "type": "Polygon", "coordinates": [ [ [ -70.683342934290621, -34.175340593683323 ], [ -70.68451819411338, -34.176767704520508 ], [ -70.683613798607297, -34.178154824126402 ], [ -70.681534151719902, -34.178114829066814 ], [ -70.680358928326996, -34.176687729425076 ], [ -70.681263315390282, -34.175300613647678 ], [ -70.683342934290621, -34.175340593683323 ] ] ] } },
{ "type": "Feature", "properties": { "h3": "89b2c1c0287ffff", "acc_auto_m2_comercio": 17239.389242603127, "acc_auto_m2_departamento": 20790.339176243335, "acc_auto_n_deporte_y_recreacion": 2.59382580877827, "acc_auto_n_educacion_y_cultura": 12.863975403181492, "acc_auto_m2_habitacional": 57020.594758002633, "acc_auto_m2_industria": 6421.7583266844704, "acc_auto_m2_oficina": 1955.5319542636071, "acc_auto_n_salud": 2.5898012231902605, "acc_auto_n_paraderos": 9.5030139860725349 }, "geometry": { "type": "Polygon", "coordinates": [ [ [ -70.75957906126196, -34.12618599651308 ], [ -70.760755179400746, -34.127613655884332 ], [ -70.759850895336157, -34.12900294013744 ], [ -70.75777050143239, -34.128964561185526 ], [ -70.75659441957427, -34.127536912965674 ], [ -70.757498695337915, -34.126147632546548 ], [ -70.75957906126196, -34.12618599651308 ] ] ] } },
{ "type": "Feature", "properties": { "h3": "89b2c1c0b73ffff", "acc_auto_m2_comercio": 66550.006470179156, "acc_auto_m2_departamento": 44825.566006519643, "acc_auto_n_deporte_y_recreacion": 10.615054722729477, "acc_auto_n_educacion_y_cultura": 66.49984690012694, "acc_auto_m2_habitacional": 211666.75837795984, "acc_auto_m2_industria": 3451.0029251801147, "acc_auto_m2_oficina": 8747.9515837359522, "acc_auto_n_salud": 54.204819625020392, "acc_auto_n_paraderos": 33.311680114994161 }, "geometry": { "type": "Polygon", "coordinates": [ [ [ -70.709114489052652, -34.184260539584045 ], [ -70.710290161702545, -34.185687378505129 ], [ -70.709385709482049, -34.187074595331843 ], [ -70.707305593006879, -34.187034969417894 ], [ -70.706129956743965, -34.18560814166819 ], [ -70.707034400567906, -34.184220928661261 ], [ -70.709114489052652, -34.184260539584045 ] ] ] } },
{ "type": "Feature", "properties": { "h3": "89b2c1c5057ffff", "acc_auto_m2_comercio": 8350.1782801620084, "acc_auto_m2_departamento": 5613.0980507600643, "acc_auto_n_deporte_y_recreacion": 1.8138116375539193, "acc_auto_n_educacion_y_cultura": 10.452611942678057, "acc_auto_m2_habitacional": 89681.993873084401, "acc_auto_m2_industria": 3383.6376501729342, "acc_auto_m2_oficina": 1021.1951661462123, "acc_auto_n_salud": 4.3179349284294686, "acc_auto_n_paraderos": 3.5643753817069097 }, "geometry": { "type": "Polygon", "coordinates": [ [ [ -70.670047354181719, -34.198956134522128 ], [ -70.671222535991674, -34.200382879692292 ], [ -70.670318065896211, -34.201769247178028 ], [ -70.668238422458003, -34.201728865672528 ], [ -70.667063277108326, -34.200302131699992 ], [ -70.667967738735229, -34.198915768035519 ], [ -70.670047354181719, -34.198956134522128 ] ] ] } },
{ "type": "Feature", "properties": { "h3": "89b2c1ce487ffff", "acc_auto_m2_comercio": 174613.73179587958, "acc_auto_m2_departamento": 109368.09830726887, "acc_auto_n_deporte_y_recreacion": 15.996225239886639, "acc_auto_n_educacion_y_cultura": 116.15909934828608, "acc_auto_m2_habitacional": 380800.25677491596, "acc_auto_m2_industria": 8403.6519037137605, "acc_auto_m2_oficina": 25262.817688394465, "acc_auto_n_salud": 88.712564928340143, "acc_auto_n_paraderos": 73.167948656122263 }, "geometry": { "type": "Polygon", "coordinates": [ [ [ -70.721595693985918, -34.184497480023857 ], [ -70.722771546874682, -34.185924260301611 ], [ -70.721867082360234, -34.187311625674091 ], [ -70.719786773329574, -34.187272206951768 ], [ -70.718610956805833, -34.185845437835184 ], [ -70.719515412946365, -34.184458076279959 ], [ -70.721595693985918, -34.184497480023857 ] ] ] } },
{ "type": "Feature", "properties": { "h3": "89b2c1ca88fffff", "acc_auto_m2_comercio": 3057.1759722227562, "acc_auto_m2_departamento": 1286.6856353482146, "acc_auto_n_deporte_y_recreacion": 0.11282735805413398, "acc_auto_n_educacion_y_cultura": 1.6158633165733023, "acc_auto_m2_habitacional": 12408.226243947334, "acc_auto_m2_industria": 1094.6226715800685, "acc_auto_m2_oficina": 1443.7913583017883, "acc_auto_n_salud": 0.26327098756838335, "acc_auto_n_paraderos": 1.4685085745936397 }, "geometry": { "type": "Polygon", "coordinates": [ [ [ -70.833159718754672, -34.178128388502998 ], [ -70.834337137853041, -34.179554793252393 ], [ -70.833432598437568, -34.180943695098186 ], [ -70.831350648092808, -34.180906188396889 ], [ -70.830173265159956, -34.179479794720812 ], [ -70.831077796404998, -34.178090896672906 ], [ -70.833159718754672, -34.178128388502998 ] ] ] } },
{ "type": "Feature", "properties": { "h3": "89b2c1c3267ffff", "acc_auto_m2_comercio": 176.77753810058132, "acc_auto_m2_departamento": 171.02818205874911, "acc_auto_n_deporte_y_recreacion": 0.023372598732304673, "acc_auto_n_educacion_y_cultura": 3.2921465523012565, "acc_auto_m2_habitacional": 2589.9935948609141, "acc_auto_m2_industria": 63.722944841599656, "acc_auto_m2_oficina": 68.316094277876388, "acc_auto_n_salud": 0.022822730058790677, "acc_auto_n_paraderos": 0.076611547743280883 }, "geometry": { "type": "Polygon", "coordinates": [ [ [ -70.807065179217943, -34.10173532494246 ], [ -70.808241859695656, -34.103163214106324 ], [ -70.807337623812671, -34.104553691784062 ], [ -70.805256715663504, -34.104516276463578 ], [ -70.804080071375125, -34.10308839842147 ], [ -70.804984299045245, -34.101697924578282 ], [ -70.807065179217943, -34.10173532494246 ] ] ] } },
{ "type": "Feature", "properties": { "h3": "89b2c1c1d4bffff", "acc_auto_m2_comercio": 98304.850920398574, "acc_auto_m2_departamento": 43962.18906750864, "acc_auto_n_deporte_y_recreacion": 6.5474923630272741, "acc_auto_n_educacion_y_cultura": 63.694711746979024, "acc_auto_m2_habitacional": 298557.30211814272, "acc_auto_m2_industria": 21981.564010853774, "acc_auto_m2_oficina": 21067.180809351004, "acc_auto_n_salud": 24.783442376521059, "acc_auto_n_paraderos": 70.38329571920417 }, "geometry": { "type": "Polygon", "coordinates": [ [ [ -70.760128288669691, -34.164146896668086 ], [ -70.761304596408777, -34.165573873538733 ], [ -70.760400172124506, -34.166962221380459 ], [ -70.758319448402247, -34.166923588533592 ], [ -70.757143176954074, -34.165496622800305 ], [ -70.758047592935867, -34.164108278776709 ], [ -70.760128288669691, -34.164146896668086 ] ] ] } },
{ "type": "Feature", "properties": { "h3": "89b2c1c55cbffff", "acc_auto_m2_comercio": 13822.658833104255, "acc_auto_m2_departamento": 10890.029729890384, "acc_auto_n_deporte_y_recreacion": 8.1006491576699577, "acc_auto_n_educacion_y_cultura": 31.897055180589788, "acc_auto_m2_habitacional": 190066.7023739962, "acc_auto_m2_industria": 2168.0231371763266, "acc_auto_m2_oficina": 2822.6405660870087, "acc_auto_n_salud": 5.0920038407666643, "acc_auto_n_paraderos": 2.78814957852964 }, "geometry": { "type": "Polygon", "coordinates": [ [ [ -70.649979776900423, -34.184524933604209 ], [ -70.651154600960922, -34.185952024358741 ], [ -70.65025020301691, -34.187338502167528 ], [ -70.648170989515009, -34.187297885390862 ], [ -70.646996201945811, -34.185870805855487 ], [ -70.647900591385849, -34.184484331877805 ], [ -70.649979776900423, -34.184524933604209 ] ] ] } },
{ "type": "Feature", "properties": { "h3": "89b2c1c19d3ffff", "acc_auto_m2_comercio": 166678.02695924832, "acc_auto_m2_departamento": 63037.725942056735, "acc_auto_n_deporte_y_recreacion": 10.46587969857865, "acc_auto_n_educacion_y_cultura": 123.39050232714453, "acc_auto_m2_habitacional": 364962.98743714124, "acc_auto_m2_industria": 23817.369338078945, "acc_auto_m2_oficina": 43564.198886490136, "acc_auto_n_salud": 40.563203397063525, "acc_auto_n_paraderos": 74.799081276156201 }, "geometry": { "type": "Polygon", "coordinates": [ [ [ -70.754701716203925, -34.172476423977457 ], [ -70.75587798611177, -34.173903275225996 ], [ -70.754973535993912, -34.175291348919266 ], [ -70.752892824279726, -34.175252567548441 ], [ -70.751716590674789, -34.173825727438647 ], [ -70.752621032479752, -34.172437657561126 ], [ -70.754701716203925, -34.172476423977457 ] ] ] } },
{ "type": "Feature", "properties": { "h3": "89b2c1c0307ffff", "acc_auto_m2_comercio": 106483.58905148588, "acc_auto_m2_departamento": 140198.41301400517, "acc_auto_n_deporte_y_recreacion": 17.54723982375981, "acc_auto_n_educacion_y_cultura": 110.98707348454268, "acc_auto_m2_habitacional": 322472.78595378995, "acc_auto_m2_industria": 15825.026208652658, "acc_auto_m2_oficina": 16306.33437919805, "acc_auto_n_salud": 25.700752359240113, "acc_auto_n_paraderos": 65.904761227682599 }, "geometry": { "type": "Polygon", "coordinates": [ [ [ -70.74248651454549, -34.142738557081891 ], [ -70.743662467029679, -34.144165994673273 ], [ -70.742758137371297, -34.145554656488649 ], [ -70.740677863560492, -34.145515876882371 ], [ -70.739501947392071, -34.144088450450312 ], [ -70.740406268717337, -34.1426997924654 ], [ -70.74248651454549, -34.142738557081891 ] ] ] } },
{ "type": "Feature", "properties": { "h3": "89b2c1c544fffff", "acc_auto_m2_comercio": 16795.149123295269, "acc_auto_m2_departamento": 10672.515209284753, "acc_auto_n_deporte_y_recreacion": 4.4929222699202356, "acc_auto_n_educacion_y_cultura": 25.00955547206021, "acc_auto_m2_habitacional": 244251.15153640549, "acc_auto_m2_industria": 3946.1132239033354, "acc_auto_m2_oficina": 2314.6415274999094, "acc_auto_n_salud": 5.4669135678215568, "acc_auto_n_paraderos": 7.2626940442497707 }, "geometry": { "type": "Polygon", "coordinates": [ [ [ -70.671677812878244, -34.183542262170484 ], [ -70.672852944312467, -34.18496927661225 ], [ -70.671948529498195, -34.186356047753435 ], [ -70.66986899171286, -34.186315800625749 ], [ -70.66869389673144, -34.184888797385938 ], [ -70.669598303081202, -34.183502030072063 ], [ -70.671677812878244, -34.183542262170484 ] ] ] } },
{ "type": "Feature", "properties": { "h3": "89b2c1c09c3ffff", "acc_auto_m2_comercio": 16153.71636500414, "acc_auto_m2_departamento": 10851.888054478373, "acc_auto_n_deporte_y_recreacion": 3.1890067062835517, "acc_auto_n_educacion_y_cultura": 19.552500627479048, "acc_auto_m2_habitacional": 109667.07116942655, "acc_auto_m2_industria": 671.56040257945585, "acc_auto_m2_oficina": 1551.2217217503335, "acc_auto_n_salud": 3.4430102585262166, "acc_auto_n_paraderos": 9.2214680576990311 }, "geometry": { "type": "Polygon", "coordinates": [ [ [ -70.688498258287723, -34.164202042465277 ], [ -70.689673538855203, -34.165629330489615 ], [ -70.688769179581058, -34.16701679088046 ], [ -70.686689548170733, -34.166976959415052 ], [ -70.685514304020657, -34.165549682586011 ], [ -70.686418654862166, -34.164162226027287 ], [ -70.688498258287723, -34.164202042465277 ] ] ] } },
{ "type": "Feature", "properties": { "h3": "89b2c1c1857ffff", "acc_auto_m2_comercio": 30961.40309735341, "acc_auto_m2_departamento": 13452.677638984142, "acc_auto_n_deporte_y_recreacion": 2.4163522440789995, "acc_auto_n_educacion_y_cultura": 29.207395806878964, "acc_auto_m2_habitacional": 198722.25675346053, "acc_auto_m2_industria": 6895.0932914270788, "acc_auto_m2_oficina": 5392.902543216609, "acc_auto_n_salud": 6.4706557735858548, "acc_auto_n_paraderos": 29.238139757606277 }, "geometry": { "type": "Polygon", "coordinates": [ [ [ -70.776414771914531, -34.171473799563522 ], [ -70.777591347928919, -34.17290057365225 ], [ -70.776686882219721, -34.17428894056588 ], [ -70.774605848768132, -34.174250529579091 ], [ -70.773429309017942, -34.172823766611927 ], [ -70.774333766453807, -34.171435403510188 ], [ -70.776414771914531, -34.171473799563522 ] ] ] } },
{ "type": "Feature", "properties": { "h3": "89b2c1c087bffff", "acc_auto_m2_comercio": 112176.621216343, "acc_auto_m2_departamento": 113740.90635039342, "acc_auto_n_deporte_y_recreacion": 14.97174071500385, "acc_auto_n_educacion_y_cultura": 100.2659809340126, "acc_auto_m2_habitacional": 419499.84725323931, "acc_auto_m2_industria": 5391.9272563060804, "acc_auto_m2_oficina": 14078.523846810316, "acc_auto_n_salud": 27.757016099882211, "acc_auto_n_paraderos": 100.93844567491547 }, "geometry": { "type": "Polygon", "coordinates": [ [ [ -70.710471640899186, -34.166025499880426 ], [ -70.711647245704839, -34.167452659771797 ], [ -70.710742859416044, -34.168840346834159 ], [ -70.70866287671312, -34.168800870178245 ], [ -70.707487308286673, -34.167373721463726 ], [ -70.708391686182594, -34.165986038228439 ], [ -70.710471640899186, -34.166025499880426 ] ] ] } },
{ "type": "Feature", "properties": { "h3": "89b2c1c018bffff", "acc_auto_m2_comercio": 1202.9053628971594, "acc_auto_m2_departamento": 2155.2934592307406, "acc_auto_n_deporte_y_recreacion": 0.22015217065549297, "acc_auto_n_educacion_y_cultura": 1.1952421703520406, "acc_auto_m2_habitacional": 5711.4377368882706, "acc_auto_m2_industria": 140.77206310887817, "acc_auto_m2_oficina": 188.77448894510977, "acc_auto_n_salud": 0.2651729894462892, "acc_auto_n_paraderos": 1.2348605051397903 }, "geometry": { "type": "Polygon", "coordinates": [ [ [ -70.722137371223909, -34.125490164240119 ], [ -70.723312949416481, -34.126917999187967 ], [ -70.722408701680109, -34.128306837802491 ], [ -70.720328884118729, -34.128267837627732 ], [ -70.71915334227279, -34.126840013861873 ], [ -70.720057581640248, -34.125451179088984 ], [ -70.722137371223909, -34.125490164240119 ] ] ] } },
{ "type": "Feature", "properties": { "h3": "89b2c1c1dcbffff", "acc_auto_m2_comercio": 40502.385057609259, "acc_auto_m2_departamento": 27794.451457826301, "acc_auto_n_deporte_y_recreacion": 2.6488806444120785, "acc_auto_n_educacion_y_cultura": 19.037444519684211, "acc_auto_m2_habitacional": 97950.770059816656, "acc_auto_m2_industria": 8944.3917857973411, "acc_auto_m2_oficina": 7356.2406947214631, "acc_auto_n_salud": 12.492386537478493, "acc_auto_n_paraderos": 25.794134795247341 }, "geometry": { "type": "Polygon", "coordinates": [ [ [ -70.756327682989266, -34.157050183672467 ], [ -70.75750390230543, -34.158477304394751 ], [ -70.756599507543953, -34.159865781664628 ], [ -70.754518901773849, -34.159827134390603 ], [ -70.753342718753174, -34.158400024811293 ], [ -70.754247105205764, -34.15701155136324 ], [ -70.756327682989266, -34.157050183672467 ] ] ] } },
{ "type": "Feature", "properties": { "h3": "89b2c1c564bffff", "acc_auto_m2_comercio": 24768.818628625391, "acc_auto_m2_departamento": 15526.650939089241, "acc_auto_n_deporte_y_recreacion": 4.6004780248932402, "acc_auto_n_educacion_y_cultura": 31.877172986716523, "acc_auto_m2_habitacional": 88987.752732798283, "acc_auto_m2_industria": 2855.39173319765, "acc_auto_m2_oficina": 3580.1414396162545, "acc_auto_n_salud": 23.116870593875355, "acc_auto_n_paraderos": 10.73149003563142 }, "geometry": { "type": "Polygon", "coordinates": [ [ [ -70.697447617589575, -34.192463898711068 ], [ -70.698623162028184, -34.193890641292519 ], [ -70.697718690327648, -34.195277509650182 ], [ -70.695638682605519, -34.195237631607938 ], [ -70.694463174576953, -34.193810900204298 ], [ -70.695367637859135, -34.192424035665297 ], [ -70.697447617589575, -34.192463898711068 ] ] ] } },
{ "type": "Feature", "properties": { "h3": "89b2c1c1d17ffff", "acc_auto_m2_comercio": 128981.23401593286, "acc_auto_m2_departamento": 81161.905667126921, "acc_auto_n_deporte_y_recreacion": 19.920902781607815, "acc_auto_n_educacion_y_cultura": 99.636098666134743, "acc_auto_m2_habitacional": 290773.51933776453, "acc_auto_m2_industria": 13038.66720897517, "acc_auto_m2_oficina": 31622.112550450351, "acc_auto_n_salud": 54.009365100471051, "acc_auto_n_paraderos": 63.35560428736968 }, "geometry": { "type": "Polygon", "coordinates": [ [ [ -70.744116352930718, -34.159633379880262 ], [ -70.745292409655747, -34.161060507668289 ], [ -70.744388016330348, -34.16244876978574 ], [ -70.742307574609853, -34.162409900292204 ], [ -70.741131554202681, -34.16098278365611 ], [ -70.742035939196796, -34.15959452536179 ], [ -70.744116352930718, -34.159633379880262 ] ] ] } },
{ "type": "Feature", "properties": { "h3": "89b2c1c0a77ffff", "acc_auto_m2_comercio": 170370.00448833482, "acc_auto_m2_departamento": 110871.80440777559, "acc_auto_n_deporte_y_recreacion": 15.232985636694284, "acc_auto_n_educacion_y_cultura": 114.26807886081785, "acc_auto_m2_habitacional": 381977.86021324072, "acc_auto_m2_industria": 8460.3875086055141, "acc_auto_m2_oficina": 29548.557423476399, "acc_auto_n_salud": 49.340560360720033, "acc_auto_n_paraderos": 71.267650518122764 }, "geometry": { "type": "Polygon", "coordinates": [ [ [ -70.727022353049733, -34.17617220253625 ], [ -70.728198243902568, -34.17759910844498 ], [ -70.727293805121292, -34.178986747992816 ], [ -70.725213483849345, -34.17894747781245 ], [ -70.72403762934951, -34.177520583063497 ], [ -70.724942059767287, -34.176132947335319 ], [ -70.727022353049733, -34.17617220253625 ] ] ] } },
{ "type": "Feature", "properties": { "h3": "89b2c1c0387ffff", "acc_auto_m2_comercio": 58203.915060902284, "acc_auto_m2_departamento": 86352.205500036245, "acc_auto_n_deporte_y_recreacion": 8.1046247560544042, "acc_auto_n_educacion_y_cultura": 61.346398954681419, "acc_auto_m2_habitacional": 216751.97475445041, "acc_auto_m2_industria": 12698.321358882751, "acc_auto_m2_oficina": 7499.5947486316818, "acc_auto_n_salud": 10.274577289182531, "acc_auto_n_paraderos": 45.402354145483073 }, "geometry": { "type": "Polygon", "coordinates": [ [ [ -70.738687235258126, -34.135639687690521 ], [ -70.73986309931324, -34.137067268961161 ], [ -70.738958799209243, -34.138456060160706 ], [ -70.736878643388309, -34.138417266255651 ], [ -70.735702815653582, -34.136989696149975 ], [ -70.736607107418052, -34.135600908784575 ], [ -70.738687235258126, -34.135639687690521 ] ] ] } },
{ "type": "Feature", "properties": { "h3": "89b2c1c10b3ffff", "acc_auto_m2_comercio": 2015.865659432086, "acc_auto_m2_departamento": 1857.1147862799592, "acc_auto_n_deporte_y_recreacion": 0.22840777766849299, "acc_auto_n_educacion_y_cultura": 0.88320190887454086, "acc_auto_m2_habitacional": 6556.2727328396204, "acc_auto_m2_industria": 593.09909168176728, "acc_auto_m2_oficina": 230.16203968861748, "acc_auto_n_salud": 0.3539568126056134, "acc_auto_n_paraderos": 0.9709316315393749 }, "geometry": { "type": "Polygon", "coordinates": [ [ [ -70.800288770697506, -34.128335823408499 ], [ -70.801465481620369, -34.129763266049082 ], [ -70.80056115378791, -34.131152999690435 ], [ -70.798480123258187, -34.131115286866496 ], [ -70.797303448544483, -34.129687855343676 ], [ -70.798207768149965, -34.12829812552723 ], [ -70.800288770697506, -34.128335823408499 ] ] ] } },
{ "type": "Feature", "properties": { "h3": "89b2c1c0c73ffff", "acc_auto_m2_comercio": 16857.457829224644, "acc_auto_m2_departamento": 43466.553527898475, "acc_auto_n_deporte_y_recreacion": 4.224530747224331, "acc_auto_n_educacion_y_cultura": 21.679506261902151, "acc_auto_m2_habitacional": 134782.50447604904, "acc_auto_m2_industria": 1471.8195491765125, "acc_auto_m2_oficina": 2223.1034167528423, "acc_auto_n_salud": 4.9955422094242783, "acc_auto_n_paraderos": 29.285742712271642 }, "geometry": { "type": "Polygon", "coordinates": [ [ [ -70.705318112025495, -34.144851342717637 ], [ -70.706493541512458, -34.146278904244149 ], [ -70.705589237930951, -34.147667053793121 ], [ -70.703509513261935, -34.147627637978886 ], [ -70.702334120157005, -34.146200087641056 ], [ -70.703238415337722, -34.144811941928971 ], [ -70.705318112025495, -34.144851342717637 ] ] ] } },
{ "type": "Feature", "properties": { "h3": "89b2c1c18d7ffff", "acc_auto_m2_comercio": 65745.083898955898, "acc_auto_m2_departamento": 40325.754292823687, "acc_auto_n_deporte_y_recreacion": 3.8143838728836941, "acc_auto_n_educacion_y_cultura": 32.521559609959375, "acc_auto_m2_habitacional": 183785.87541708205, "acc_auto_m2_industria": 20176.784195676752, "acc_auto_m2_oficina": 10218.572038509143, "acc_auto_n_salud": 11.82886319559864, "acc_auto_n_paraderos": 44.249310939477979 }, "geometry": { "type": "Polygon", "coordinates": [ [ [ -70.772613134537877, -34.164377878361066 ], [ -70.773789622144079, -34.165804796401609 ], [ -70.772885185925475, -34.167193292761773 ], [ -70.770804270379131, -34.167154867266035 ], [ -70.769627819041787, -34.16572796035269 ], [ -70.770532246980608, -34.164339467808091 ], [ -70.772613134537877, -34.164377878361066 ] ] ] } },
{ "type": "Feature", "properties": { "h3": "89b2c1c5157ffff", "acc_auto_m2_comercio": 773.0295566980933, "acc_auto_m2_departamento": 1215.2448108330525, "acc_auto_n_deporte_y_recreacion": 0.14484812607246586, "acc_auto_n_educacion_y_cultura": 0.8347290430341523, "acc_auto_m2_habitacional": 17350.22444680881, "acc_auto_m2_industria": 273.6437596902698, "acc_auto_m2_oficina": 81.551029394661782, "acc_auto_n_salud": 0.34482344800109538, "acc_auto_n_paraderos": 0.2846453755007004 }, "geometry": { "type": "Polygon", "coordinates": [ [ [ -70.649159490532824, -34.20837539045521 ], [ -70.650334417002128, -34.209802057201344 ], [ -70.649429931914511, -34.211187931418728 ], [ -70.647350528863385, -34.211147135068806 ], [ -70.646175638893951, -34.209720479533829 ], [ -70.647080115474409, -34.2083346091378 ], [ -70.649159490532824, -34.20837539045521 ] ] ] } },
{ "type": "Feature", "properties": { "h3": "89b2c1ce453ffff", "acc_auto_m2_comercio": 120222.37394049478, "acc_auto_m2_departamento": 81209.474644480855, "acc_auto_n_deporte_y_recreacion": 9.6025911811344677, "acc_auto_n_educacion_y_cultura": 73.754256191005894, "acc_auto_m2_habitacional": 271828.38276369165, "acc_auto_m2_industria": 12255.617006041812, "acc_auto_m2_oficina": 19925.11607011878, "acc_auto_n_salud": 29.789551896038759, "acc_auto_n_paraderos": 48.063811166659619 }, "geometry": { "type": "Polygon", "coordinates": [ [ [ -70.737606223875915, -34.189013249676243 ], [ -70.738782328012306, -34.190439879034635 ], [ -70.737877832330881, -34.191827330117562 ], [ -70.735797240856812, -34.19178814803 ], [ -70.734621173058486, -34.190361529818198 ], [ -70.735525660394799, -34.188974082547567 ], [ -70.737606223875915, -34.189013249676243 ] ] ] } },
{ "type": "Feature", "properties": { "h3": "89b2c1c5023ffff", "acc_auto_m2_comercio": 2666.8429006106912, "acc_auto_m2_departamento": 2787.2225870855245, "acc_auto_n_deporte_y_recreacion": 0.49970559771750361, "acc_auto_n_educacion_y_cultura": 2.8796974230295618, "acc_auto_m2_habitacional": 49244.493921286186, "acc_auto_m2_industria": 944.03236138022908, "acc_auto_m2_oficina": 281.33954503318631, "acc_auto_n_salud": 1.1895922430104007, "acc_auto_n_paraderos": 0.98198638366188074 }, "geometry": { "type": "Polygon", "coordinates": [ [ [ -70.658111238898385, -34.204339344855725 ], [ -70.659286274833335, -34.205766045223719 ], [ -70.658381796140887, -34.207152130846069 ], [ -70.65630229000277, -34.207111512279305 ], [ -70.655127290550737, -34.205684823116677 ], [ -70.656031760752555, -34.204298741315654 ], [ -70.658111238898385, -34.204339344855725 ] ] ] } },
{ "type": "Feature", "properties": { "h3": "89b2c1c0e6fffff", "acc_auto_m2_comercio": 167083.46955175692, "acc_auto_m2_departamento": 115935.97430445417, "acc_auto_n_deporte_y_recreacion": 15.877677706254655, "acc_auto_n_educacion_y_cultura": 141.79496482967329, "acc_auto_m2_habitacional": 365583.10602168972, "acc_auto_m2_industria": 18014.090431564469, "acc_auto_m2_oficina": 40875.647172263321, "acc_auto_n_salud": 57.549018892492533, "acc_auto_n_paraderos": 80.799371097693538 }, "geometry": { "type": "Polygon", "coordinates": [ [ [ -70.728649756597221, -34.160748782829494 ], [ -70.729825596930951, -34.16217595811159 ], [ -70.72892121347931, -34.163564001243948 ], [ -70.726840998052083, -34.163524865268698 ], [ -70.725665194063879, -34.162097701150657 ], [ -70.726569569156041, -34.160709661844002 ], [ -70.728649756597221, -34.160748782829494 ] ] ] } },
{ "type": "Feature", "properties": { "h3": "89b2c1c730bffff", "acc_auto_m2_comercio": 6385.4816500105571, "acc_auto_m2_departamento": 6514.9314188074413, "acc_auto_n_deporte_y_recreacion": 2.7633659104189392, "acc_auto_n_educacion_y_cultura": 14.289338888127245, "acc_auto_m2_habitacional": 150577.36474332496, "acc_auto_m2_industria": 443.19793520812175, "acc_auto_m2_oficina": 1039.7354782433583, "acc_auto_n_salud": 1.1726775189816518, "acc_auto_n_paraderos": 1.3048951876304844 }, "geometry": { "type": "Polygon", "coordinates": [ [ [ -70.642390707304997, -34.170333635023248 ], [ -70.643565354223142, -34.17176101273791 ], [ -70.642661015798694, -34.173147749388583 ], [ -70.640582038971516, -34.173107104486341 ], [ -70.639407428553838, -34.171679738002169 ], [ -70.640311758461507, -34.170293005189954 ], [ -70.642390707304997, -34.170333635023248 ] ] ] } },
{ "type": "Feature", "properties": { "h3": "89b2c1c106bffff", "acc_auto_m2_comercio": 2101.6187366370923, "acc_auto_m2_departamento": 1907.4738796768709, "acc_auto_n_deporte_y_recreacion": 2.9794453956987437, "acc_auto_n_educacion_y_cultura": 0.88602710116725969, "acc_auto_m2_habitacional": 5782.7064988098173, "acc_auto_m2_industria": 2359.6557696195491, "acc_auto_m2_oficina": 257.64911519406422, "acc_auto_n_salud": 0.40393726919651507, "acc_auto_n_paraderos": 1.0557484816308267 }, "geometry": { "type": "Polygon", "coordinates": [ [ [ -70.817124027434545, -34.141294321543384 ], [ -70.818301041004901, -34.142721457961294 ], [ -70.817396650924422, -34.144111077483664 ], [ -70.815315255469415, -34.144073556772113 ], [ -70.814138278082183, -34.14264643145372 ], [ -70.815042659965457, -34.141256815747546 ], [ -70.817124027434545, -34.141294321543384 ] ] ] } },
{ "type": "Feature", "properties": { "h3": "89b2c1c1ccfffff", "acc_auto_m2_comercio": 33563.824988851193, "acc_auto_m2_departamento": 32269.197063555042, "acc_auto_n_deporte_y_recreacion": 1.947425606860947, "acc_auto_n_educacion_y_cultura": 14.989134811146217, "acc_auto_m2_habitacional": 80600.979737241083, "acc_auto_m2_industria": 9769.7496013315176, "acc_auto_m2_oficina": 4358.7124101831914, "acc_auto_n_salud": 6.8335045003209869, "acc_auto_n_paraderos": 17.860352462108356 }, "geometry": { "type": "Polygon", "coordinates": [ [ [ -70.774238133305843, -34.148948412263444 ], [ -70.7754145702757, -34.150375599803176 ], [ -70.774510189428199, -34.151764499713629 ], [ -70.772429379885253, -34.151726208262914 ], [ -70.771252979176808, -34.150299031854594 ], [ -70.772157351748533, -34.14891013576576 ], [ -70.774238133305843, -34.148948412263444 ] ] ] } },
{ "type": "Feature", "properties": { "h3": "89b2c1c539bffff", "acc_auto_m2_comercio": 2321.4809127282961, "acc_auto_m2_departamento": 1806.4472844803347, "acc_auto_n_deporte_y_recreacion": 0.45555621387368694, "acc_auto_n_educacion_y_cultura": 2.6252738835212952, "acc_auto_m2_habitacional": 33109.611979385212, "acc_auto_m2_industria": 860.62635737720359, "acc_auto_m2_oficina": 256.48297424260483, "acc_auto_n_salud": 1.0844908297098745, "acc_auto_n_paraderos": 0.89522711184319925 }, "geometry": { "type": "Polygon", "coordinates": [ [ [ -70.664891155853383, -34.210086492314694 ], [ -70.666066316837473, -34.21151306020078 ], [ -70.665161810554807, -34.212899086812129 ], [ -70.663082151765394, -34.212858541719939 ], [ -70.66190702725396, -34.211431985031624 ], [ -70.662811525057947, -34.210045962237928 ], [ -70.664891155853383, -34.210086492314694 ] ] ] } },
{ "type": "Feature", "properties": { "h3": "89b2c1c554fffff", "acc_auto_m2_comercio": 11555.559519562064, "acc_auto_m2_departamento": 7476.4597295662261, "acc_auto_n_deporte_y_recreacion": 3.8904434019543328, "acc_auto_n_educacion_y_cultura": 18.99222166153324, "acc_auto_m2_habitacional": 124205.07531206329, "acc_auto_m2_industria": 2769.5856364513616, "acc_auto_m2_oficina": 1744.9355229992084, "acc_auto_n_salud": 4.9453488768110665, "acc_auto_n_paraderos": 3.0391137426832575 }, "geometry": { "type": "Polygon", "coordinates": [ [ [ -70.650791075454904, -34.192965284633388 ], [ -70.651965951600658, -34.19439222062109 ], [ -70.651061521776867, -34.195778498523339 ], [ -70.648982224309066, -34.195737836610682 ], [ -70.647807384655692, -34.194310911838429 ], [ -70.64871180597639, -34.19292463776361 ], [ -70.650791075454904, -34.192965284633388 ] ] ] } },
{ "type": "Feature", "properties": { "h3": "89b2c1c1957ffff", "acc_auto_m2_comercio": 115225.72757379894, "acc_auto_m2_departamento": 46815.806467692957, "acc_auto_n_deporte_y_recreacion": 7.7190456987737379, "acc_auto_n_educacion_y_cultura": 90.211959564085944, "acc_auto_m2_habitacional": 340291.00023464189, "acc_auto_m2_industria": 22061.83953214038, "acc_auto_m2_oficina": 28540.098530663443, "acc_auto_n_salud": 24.675574180545173, "acc_auto_n_paraderos": 69.568303454355885 }, "geometry": { "type": "Polygon", "coordinates": [ [ [ -70.755517195875683, -34.180920843860903 ], [ -70.756693517921235, -34.182347540058345 ], [ -70.755789035967936, -34.183735413848083 ], [ -70.753708240279678, -34.183696587628482 ], [ -70.7525319545381, -34.18226990256607 ], [ -70.753436428179441, -34.180882032588443 ], [ -70.755517195875683, -34.180920843860903 ] ] ] } },
{ "type": "Feature", "properties": { "h3": "89b2c1c097bffff", "acc_auto_m2_comercio": 51500.262038294852, "acc_auto_m2_departamento": 33847.61885768616, "acc_auto_n_deporte_y_recreacion": 12.473265603684593, "acc_auto_n_educacion_y_cultura": 56.458352356031675, "acc_auto_m2_habitacional": 300680.34762887406, "acc_auto_m2_industria": 2217.6672924111226, "acc_auto_m2_oficina": 4906.4080104092, "acc_auto_n_salud": 10.759058219822478, "acc_auto_n_paraderos": 30.328197627248951 }, "geometry": { "type": "Polygon", "coordinates": [ [ [ -70.689581983937543, -34.175460326788198 ], [ -70.690757333969827, -34.176887408401065 ], [ -70.689852932216013, -34.178274602290415 ], [ -70.687773188860092, -34.178234710739879 ], [ -70.686597875246676, -34.176807640317371 ], [ -70.687502268569006, -34.175420450255253 ], [ -70.689581983937543, -34.175460326788198 ] ] ] } },
{ "type": "Feature", "properties": { "h3": "89b2c1c7353ffff", "acc_auto_m2_comercio": 13353.846048886096, "acc_auto_m2_departamento": 10410.347288309902, "acc_auto_n_deporte_y_recreacion": 5.1016855347986381, "acc_auto_n_educacion_y_cultura": 26.378379459851054, "acc_auto_m2_habitacional": 252603.09627779044, "acc_auto_m2_industria": 882.51619004863676, "acc_auto_m2_oficina": 2225.4455151145357, "acc_auto_n_salud": 2.5047746375414146, "acc_auto_n_paraderos": 3.4805178534056949 }, "geometry": { "type": "Polygon", "coordinates": [ [ [ -70.648357361621592, -34.167641039996532 ], [ -70.649532081523674, -34.169068440166313 ], [ -70.648627747333549, -34.170455317736199 ], [ -70.646548701745743, -34.17041479129805 ], [ -70.645374018332802, -34.168987402354873 ], [ -70.646278344017176, -34.167600528623424 ], [ -70.648357361621592, -34.167641039996532 ] ] ] } },
{ "type": "Feature", "properties": { "h3": "89b2c1c0b77ffff", "acc_auto_m2_comercio": 49394.258798489638, "acc_auto_m2_departamento": 33098.517016414764, "acc_auto_n_deporte_y_recreacion": 7.9338591783055428, "acc_auto_n_educacion_y_cultura": 49.078542998412331, "acc_auto_m2_habitacional": 154948.2448698626, "acc_auto_m2_industria": 2650.6833723503701, "acc_auto_m2_oficina": 6760.1564235571159, "acc_auto_n_salud": 42.072233320661617, "acc_auto_n_paraderos": 24.269862382585174 }, "geometry": { "type": "Polygon", "coordinates": [ [ [ -70.706129956743965, -34.18560814166819 ], [ -70.707305593006879, -34.187034969417894 ], [ -70.706401138564004, -34.188422115788541 ], [ -70.704321056258991, -34.188382430589847 ], [ -70.703145456388782, -34.186955614013414 ], [ -70.704049902429546, -34.185568471462595 ], [ -70.706129956743965, -34.18560814166819 ] ] ] } },
{ "type": "Feature", "properties": { "h3": "89b2c1c738bffff", "acc_auto_m2_comercio": 6419.4356037490252, "acc_auto_m2_departamento": 5511.1136697965803, "acc_auto_n_deporte_y_recreacion": 2.4752093678983313, "acc_auto_n_educacion_y_cultura": 12.630675283443788, "acc_auto_m2_habitacional": 136416.61853131579, "acc_auto_m2_industria": 430.49161143068841, "acc_auto_m2_oficina": 1055.5133227458514, "acc_auto_n_salud": 1.1859396355345848, "acc_auto_n_paraderos": 1.5168576531134115 }, "geometry": { "type": "Polygon", "coordinates": [ [ [ -70.638596659286037, -34.163236930970861 ], [ -70.639771217633822, -34.164664452092232 ], [ -70.638866908978372, -34.166051318143097 ], [ -70.636788050496975, -34.166010659230643 ], [ -70.635613528654204, -34.164583149345383 ], [ -70.636517828786481, -34.163196287136657 ], [ -70.638596659286037, -34.163236930970861 ] ] ] } },
{ "type": "Feature", "properties": { "h3": "89b2c1ce48bffff", "acc_auto_m2_comercio": 203318.70385072811, "acc_auto_m2_departamento": 76955.237556363427, "acc_auto_n_deporte_y_recreacion": 9.8392676394809122, "acc_auto_n_educacion_y_cultura": 67.879309065972862, "acc_auto_m2_habitacional": 248139.75545763448, "acc_auto_m2_industria": 6929.0572482155731, "acc_auto_m2_oficina": 16642.059088043257, "acc_auto_n_salud": 50.312508144816668, "acc_auto_n_paraderos": 47.765355170673907 }, "geometry": { "type": "Polygon", "coordinates": [ [ [ -70.727836729540726, -34.184615484034879 ], [ -70.729012672517698, -34.186042234965406 ], [ -70.728108201889086, -34.187429674607749 ], [ -70.726027796644715, -34.187390359503759 ], [ -70.724851890021796, -34.185963619729307 ], [ -70.725756352287831, -34.184576183902983 ], [ -70.727836729540726, -34.184615484034879 ] ] ] } },
{ "type": "Feature", "properties": { "h3": "89b2c1c0eb7ffff", "acc_auto_m2_comercio": 30696.121129846015, "acc_auto_m2_departamento": 84392.197675230229, "acc_auto_n_deporte_y_recreacion": 7.3348289994863185, "acc_auto_n_educacion_y_cultura": 36.400368765668702, "acc_auto_m2_habitacional": 172291.94331154693, "acc_auto_m2_industria": 2556.0786834518949, "acc_auto_m2_oficina": 4458.9603689188762, "acc_auto_n_salud": 11.051375163666675, "acc_auto_n_paraderos": 49.769397007002809 }, "geometry": { "type": "Polygon", "coordinates": [ [ [ -70.71182860453581, -34.147785094240618 ], [ -70.713004141503404, -34.149212574957119 ], [ -70.71209982113777, -34.150600732176123 ], [ -70.710019972192342, -34.150561404844424 ], [ -70.708844471596151, -34.14913393531026 ], [ -70.709748783572621, -34.14774578192565 ], [ -70.71182860453581, -34.147785094240618 ] ] ] } },
{ "type": "Feature", "properties": { "h3": "89b2c1c1d4fffff", "acc_auto_m2_comercio": 138586.43172669652, "acc_auto_m2_departamento": 57057.440073411984, "acc_auto_n_deporte_y_recreacion": 8.5213978417596028, "acc_auto_n_educacion_y_cultura": 82.209708736600419, "acc_auto_m2_habitacional": 310692.43758155219, "acc_auto_m2_industria": 25943.350814484325, "acc_auto_m2_oficina": 32004.279680241099, "acc_auto_n_salud": 39.987550597722105, "acc_auto_n_paraderos": 70.181910823689535 }, "geometry": { "type": "Polygon", "coordinates": [ [ [ -70.757143176954074, -34.165496622800305 ], [ -70.758319448402247, -34.166923588533592 ], [ -70.75741502180999, -34.168311865931152 ], [ -70.755334332076146, -34.168273173777436 ], [ -70.754158096924485, -34.166846219183427 ], [ -70.755062515208778, -34.165457945604032 ], [ -70.757143176954074, -34.165496622800305 ] ] ] } },
{ "type": "Feature", "properties": { "h3": "89b2c1c55cfffff", "acc_auto_m2_comercio": 12477.839548100546, "acc_auto_m2_departamento": 9562.8753497400576, "acc_auto_n_deporte_y_recreacion": 5.9568098911379259, "acc_auto_n_educacion_y_cultura": 27.603443969606847, "acc_auto_m2_habitacional": 168209.57814498339, "acc_auto_m2_industria": 2279.1008879924866, "acc_auto_m2_oficina": 2382.4177668966308, "acc_auto_n_salud": 4.9380066088374175, "acc_auto_n_paraderos": 2.5395054289497909 }, "geometry": { "type": "Polygon", "coordinates": [ [ [ -70.646996201945811, -34.185870805855487 ], [ -70.648170989515009, -34.187297885390862 ], [ -70.647266589448293, -34.188684292736184 ], [ -70.645187410320545, -34.188643616715218 ], [ -70.644012659248318, -34.187216548400947 ], [ -70.644917050805532, -34.185830144886729 ], [ -70.646996201945811, -34.185870805855487 ] ] ] } },
{ "type": "Feature", "properties": { "h3": "89b2c1c19d7ffff", "acc_auto_m2_comercio": 99568.625557399107, "acc_auto_m2_departamento": 40345.406065648393, "acc_auto_n_deporte_y_recreacion": 6.5914541903795332, "acc_auto_n_educacion_y_cultura": 78.561474388722672, "acc_auto_m2_habitacional": 183525.02065302394, "acc_auto_m2_industria": 11727.870976464117, "acc_auto_m2_oficina": 28256.761384906833, "acc_auto_n_salud": 27.310501316439396, "acc_auto_n_paraderos": 33.477774121843275 }, "geometry": { "type": "Polygon", "coordinates": [ [ [ -70.751716590674789, -34.173825727438647 ], [ -70.752892824279726, -34.175252567548441 ], [ -70.751988371862836, -34.176640570794611 ], [ -70.749907694158082, -34.176601730115379 ], [ -70.74873149686178, -34.175174901146242 ], [ -70.74963594096026, -34.173786901715872 ], [ -70.751716590674789, -34.173825727438647 ] ] ] } },
{ "type": "Feature", "properties": { "h3": "89b2c1c122fffff", "acc_auto_m2_comercio": 1708.8354743045008, "acc_auto_m2_departamento": 1183.053523269243, "acc_auto_n_deporte_y_recreacion": 0.09766972340978837, "acc_auto_n_educacion_y_cultura": 10.148106567431885, "acc_auto_m2_habitacional": 9434.5866667288865, "acc_auto_m2_industria": 635.14505393118702, "acc_auto_m2_oficina": 425.39619614221232, "acc_auto_n_salud": 0.28377765034030833, "acc_auto_n_paraderos": 1.3637401469078196 }, "geometry": { "type": "Polygon", "coordinates": [ [ [ -70.827445227765935, -34.151321032581407 ], [ -70.828622436789402, -34.152747943719788 ], [ -70.827718000952771, -34.154137441443389 ], [ -70.82563636427038, -34.154100024218785 ], [ -70.824459191414675, -34.15267312416799 ], [ -70.825363619072235, -34.151283630254404 ], [ -70.827445227765935, -34.151321032581407 ] ] ] } },
{ "type": "Feature", "properties": { "h3": "89b2c1c1bd3ffff", "acc_auto_m2_comercio": 61332.270373441148, "acc_auto_m2_departamento": 37880.640888842856, "acc_auto_n_deporte_y_recreacion": 4.3503224566847738, "acc_auto_n_educacion_y_cultura": 46.946708249969028, "acc_auto_m2_habitacional": 225929.20744525219, "acc_auto_m2_industria": 22702.96520422502, "acc_auto_m2_oficina": 11815.165441809799, "acc_auto_n_salud": 10.916906272282505, "acc_auto_n_paraderos": 41.945076648602672 }, "geometry": { "type": "Polygon", "coordinates": [ [ [ -70.777503253779855, -34.182733653540943 ], [ -70.778679899327258, -34.184160220798873 ], [ -70.777775391182232, -34.18554832116758 ], [ -70.77569424576059, -34.185509850471526 ], [ -70.774517636478791, -34.184083294330208 ], [ -70.775422136351708, -34.182695197768538 ], [ -70.777503253779855, -34.182733653540943 ] ] ] } },
{ "type": "Feature", "properties": { "h3": "89b2c1c5453ffff", "acc_auto_m2_comercio": 14154.970620724935, "acc_auto_m2_departamento": 9040.1156305674594, "acc_auto_n_deporte_y_recreacion": 3.4747950531509399, "acc_auto_n_educacion_y_cultura": 20.053905763070837, "acc_auto_m2_habitacional": 189641.15908635789, "acc_auto_m2_industria": 1758.1775960814252, "acc_auto_m2_oficina": 1845.5643317906165, "acc_auto_n_salud": 3.142607160429284, "acc_auto_n_paraderos": 6.7482044849099339 }, "geometry": { "type": "Polygon", "coordinates": [ [ [ -70.67113639986249, -34.177914336307303 ], [ -70.67231149656773, -34.179341453948723 ], [ -70.671407102999751, -34.180728358353015 ], [ -70.669327621190334, -34.180688141286325 ], [ -70.668152560937173, -34.179261034849326 ], [ -70.66905694604003, -34.177874134274809 ], [ -70.67113639986249, -34.177914336307303 ] ] ] } },
{ "type": "Feature", "properties": { "h3": "89b2c1c185bffff", "acc_auto_m2_comercio": 35840.110793652537, "acc_auto_m2_departamento": 51716.687666511156, "acc_auto_n_deporte_y_recreacion": 2.2881552822262314, "acc_auto_n_educacion_y_cultura": 16.226823101347158, "acc_auto_m2_habitacional": 120491.11736428134, "acc_auto_m2_industria": 27323.097724115672, "acc_auto_m2_oficina": 4882.9949206749498, "acc_auto_n_salud": 5.7459410252061813, "acc_auto_n_paraderos": 22.864372516230684 }, "geometry": { "type": "Polygon", "coordinates": [ [ [ -70.782657979960192, -34.171588780296801 ], [ -70.783834645869206, -34.173015524919251 ], [ -70.782930174238686, -34.174403966086736 ], [ -70.780849044959766, -34.174365658821365 ], [ -70.779672415303935, -34.172938925315385 ], [ -70.780576878672491, -34.171550487958491 ], [ -70.782657979960192, -34.171588780296801 ] ] ] } },
{ "type": "Feature", "properties": { "h3": "89b2c1c50dbffff", "acc_auto_m2_comercio": 7866.2006629878933, "acc_auto_m2_departamento": 5117.7798953704523, "acc_auto_n_deporte_y_recreacion": 1.6601828607976976, "acc_auto_n_educacion_y_cultura": 10.500312237219672, "acc_auto_m2_habitacional": 74569.22600991877, "acc_auto_m2_industria": 2180.4415052789786, "acc_auto_m2_oficina": 872.81709788653268, "acc_auto_n_salud": 2.7690786631283748, "acc_auto_n_paraderos": 3.9580140237169394 }, "geometry": { "type": "Polygon", "coordinates": [ [ [ -70.672489982963427, -34.191983264190497 ], [ -70.673665166494516, -34.193410123799886 ], [ -70.67276071980919, -34.194796695031989 ], [ -70.670681098055098, -34.194756402831253 ], [ -70.669505950977907, -34.193329554420067 ], [ -70.67041038919956, -34.191942987011643 ], [ -70.672489982963427, -34.191983264190497 ] ] ] } },
{ "type": "Feature", "properties": { "h3": "89b2c1ce50bffff", "acc_auto_m2_comercio": 17602.17104638497, "acc_auto_m2_departamento": 11488.66454698835, "acc_auto_n_deporte_y_recreacion": 8.9244646034786914, "acc_auto_n_educacion_y_cultura": 17.306715139941307, "acc_auto_m2_habitacional": 52436.623489582715, "acc_auto_m2_industria": 1081.3402938904026, "acc_auto_m2_oficina": 2533.2183380113106, "acc_auto_n_salud": 17.074087298710765, "acc_auto_n_paraderos": 7.930601994514733 }, "geometry": { "type": "Polygon", "coordinates": [ [ [ -70.710741912936356, -34.201143099668371 ], [ -70.711917689825825, -34.202569628638216 ], [ -70.711013173890393, -34.20395644561107 ], [ -70.708932889458936, -34.203916729801783 ], [ -70.707757148958606, -34.202490211995844 ], [ -70.70866165649926, -34.201103398835485 ], [ -70.710741912936356, -34.201143099668371 ] ] ] } },
{ "type": "Feature", "properties": { "h3": "89b2c1ce5cfffff", "acc_auto_m2_comercio": 18762.669447539087, "acc_auto_m2_departamento": 12311.422923240269, "acc_auto_n_deporte_y_recreacion": 6.1104017912591093, "acc_auto_n_educacion_y_cultura": 19.570546207658087, "acc_auto_m2_habitacional": 55659.367856151439, "acc_auto_m2_industria": 1158.7802592352209, "acc_auto_m2_oficina": 2714.6342543651494, "acc_auto_n_salud": 18.296844589988194, "acc_auto_n_paraderos": 8.4985504443123663 }, "geometry": { "type": "Polygon", "coordinates": [ [ [ -70.7134554160356, -34.196982311704154 ], [ -70.714631211933792, -34.19840890350671 ], [ -70.713726708847929, -34.199795857585585 ], [ -70.711646418252116, -34.199756216048399 ], [ -70.710470658737023, -34.19832963540906 ], [ -70.711375153433323, -34.196942685143895 ], [ -70.7134554160356, -34.196982311704154 ] ] ] } },
{ "type": "Feature", "properties": { "h3": "89b2c1c018fffff", "acc_auto_m2_comercio": 1734.3091042280687, "acc_auto_m2_departamento": 3080.8482926006313, "acc_auto_n_deporte_y_recreacion": 0.31819596558222352, "acc_auto_n_educacion_y_cultura": 1.711055966043461, "acc_auto_m2_habitacional": 7722.8963802260769, "acc_auto_m2_industria": 188.86008655135717, "acc_auto_m2_oficina": 274.02618333597513, "acc_auto_n_salud": 0.3857917247197537, "acc_auto_n_paraderos": 1.7686348247995605 }, "geometry": { "type": "Polygon", "coordinates": [ [ [ -70.71915334227279, -34.126840013861873 ], [ -70.720328884118729, -34.128267837627732 ], [ -70.719424634139145, -34.129656605803582 ], [ -70.717344850686658, -34.129617546372131 ], [ -70.716169345192966, -34.128189733790201 ], [ -70.717073586798151, -34.126800969456006 ], [ -70.71915334227279, -34.126840013861873 ] ] ] } },
{ "type": "Feature", "properties": { "h3": "89b2c1c1dcfffff", "acc_auto_m2_comercio": 145419.22660456394, "acc_auto_m2_departamento": 75885.321298669325, "acc_auto_n_deporte_y_recreacion": 10.010858432806261, "acc_auto_n_educacion_y_cultura": 74.406595955442697, "acc_auto_m2_habitacional": 286077.7292311925, "acc_auto_m2_industria": 28766.834091125205, "acc_auto_m2_oficina": 31630.604612329207, "acc_auto_n_salud": 54.394889849901197, "acc_auto_n_paraderos": 77.060573190566359 }, "geometry": { "type": "Polygon", "coordinates": [ [ [ -70.753342718753174, -34.158400024811293 ], [ -70.754518901773849, -34.159827134390603 ], [ -70.753614504710896, -34.161215541217715 ], [ -70.751533932940347, -34.161176834643896 ], [ -70.75035778622086, -34.159749736209505 ], [ -70.751262174969384, -34.158361333204219 ], [ -70.753342718753174, -34.158400024811293 ] ] ] } },
{ "type": "Feature", "properties": { "h3": "89b2c1c564fffff", "acc_auto_m2_comercio": 20194.673510991193, "acc_auto_m2_departamento": 12659.289533964895, "acc_auto_n_deporte_y_recreacion": 3.7508915180895159, "acc_auto_n_educacion_y_cultura": 22.535943798405349, "acc_auto_m2_habitacional": 72990.999604201352, "acc_auto_m2_industria": 2328.0764683410325, "acc_auto_m2_oficina": 2918.9840896433884, "acc_auto_n_salud": 18.847796547697286, "acc_auto_n_paraderos": 8.749667911313658 }, "geometry": { "type": "Polygon", "coordinates": [ [ [ -70.694463174576953, -34.193810900204298 ], [ -70.695638682605519, -34.195237631607938 ], [ -70.694734208702187, -34.196624429505881 ], [ -70.692654235192762, -34.196584492181714 ], [ -70.691478763579866, -34.195157771957852 ], [ -70.692383229059359, -34.193770977878579 ], [ -70.694463174576953, -34.193810900204298 ] ] ] } },
{ "type": "Feature", "properties": { "h3": "89b2c1c0a7bffff", "acc_auto_m2_comercio": 163282.05925806856, "acc_auto_m2_departamento": 98100.450354215354, "acc_auto_n_deporte_y_recreacion": 14.692686180085353, "acc_auto_n_educacion_y_cultura": 146.6962030644689, "acc_auto_m2_habitacional": 328451.33792062971, "acc_auto_m2_industria": 11342.778557464351, "acc_auto_m2_oficina": 45298.260752695162, "acc_auto_n_salud": 49.981612468151653, "acc_auto_n_paraderos": 63.64935449657105 }, "geometry": { "type": "Polygon", "coordinates": [ [ [ -70.733263425245894, -34.176289760926487 ], [ -70.734439406162608, -34.177716637491542 ], [ -70.733534961286622, -34.179104351308709 ], [ -70.731454543844677, -34.179065184742626 ], [ -70.730278599269937, -34.177638319332267 ], [ -70.731183035793777, -34.176250609333501 ], [ -70.733263425245894, -34.176289760926487 ] ] ] } },
{ "type": "Feature", "properties": { "h3": "89b2c1c038bffff", "acc_auto_m2_comercio": 37392.0945688832, "acc_auto_m2_departamento": 58857.104856951701, "acc_auto_n_deporte_y_recreacion": 5.7983110204529549, "acc_auto_n_educacion_y_cultura": 47.068572532873688, "acc_auto_m2_habitacional": 173433.29222131913, "acc_auto_m2_industria": 9134.6158087358399, "acc_auto_m2_oficina": 4350.4603543429357, "acc_auto_n_salud": 6.2136025667522503, "acc_auto_n_paraderos": 34.659926612394678 }, "geometry": { "type": "Polygon", "coordinates": [ [ [ -70.744927810903732, -34.135755817305515 ], [ -70.746103764953915, -34.137183369289353 ], [ -70.745199458798055, -34.138572234760282 ], [ -70.743119206918848, -34.138533544414678 ], [ -70.741943289178039, -34.137106003590709 ], [ -70.742847587005713, -34.135717141952654 ], [ -70.744927810903732, -34.135755817305515 ] ] ] } },
{ "type": "Feature", "properties": { "h3": "89b2c1c0943ffff", "acc_auto_m2_comercio": 39731.731028111113, "acc_auto_m2_departamento": 26691.337620721955, "acc_auto_n_deporte_y_recreacion": 9.2749410807088655, "acc_auto_n_educacion_y_cultura": 51.171743448440544, "acc_auto_m2_habitacional": 250520.71037116091, "acc_auto_m2_industria": 1651.7720555142432, "acc_auto_m2_oficina": 3815.3897729113623, "acc_auto_n_salud": 8.4684387436163782, "acc_auto_n_paraderos": 22.68115152415098 }, "geometry": { "type": "Polygon", "coordinates": [ [ [ -70.692295144525858, -34.171298408154023 ], [ -70.693470513604083, -34.172725552566007 ], [ -70.692566124664268, -34.174112883538399 ], [ -70.690486375071131, -34.174073066270566 ], [ -70.689311042405734, -34.172645933048251 ], [ -70.69021542291928, -34.171258605904299 ], [ -70.692295144525858, -34.171298408154023 ] ] ] } },
{ "type": "Feature", "properties": { "h3": "89b2c1c1c53ffff", "acc_auto_m2_comercio": 21944.322463305354, "acc_auto_m2_departamento": 21096.626030553074, "acc_auto_n_deporte_y_recreacion": 1.3050170154221556, "acc_auto_n_educacion_y_cultura": 9.7994434447653784, "acc_auto_m2_habitacional": 52920.158907178513, "acc_auto_m2_industria": 7434.3240008978901, "acc_auto_m2_oficina": 2849.5944758482633, "acc_auto_n_salud": 4.4675387688586952, "acc_auto_n_paraderos": 11.67655879149593 }, "geometry": { "type": "Polygon", "coordinates": [ [ [ -70.777495413743353, -34.150413831945926 ], [ -70.778671904348286, -34.151840978947909 ], [ -70.777767515230835, -34.15322988267873 ], [ -70.77568664377705, -34.153191635587362 ], [ -70.774510189428199, -34.151764499713629 ], [ -70.7754145702757, -34.150375599803176 ], [ -70.777495413743353, -34.150413831945926 ] ] ] } },
{ "type": "Feature", "properties": { "h3": "89b2c1c5517ffff", "acc_auto_m2_comercio": 2461.0378292919904, "acc_auto_m2_departamento": 2966.5906744630802, "acc_auto_n_deporte_y_recreacion": 1.2347369668185653, "acc_auto_n_educacion_y_cultura": 4.9963991990104466, "acc_auto_m2_habitacional": 36779.248264943111, "acc_auto_m2_industria": 277.18738477703403, "acc_auto_m2_oficina": 500.94203298078344, "acc_auto_n_salud": 0.7897031690474644, "acc_auto_n_paraderos": 0.50312628285011418 }, "geometry": { "type": "Polygon", "coordinates": [ [ [ -70.637775405761857, -34.187094284349726 ], [ -70.638950066463806, -34.188521381791226 ], [ -70.638045670687248, -34.189907644376362 ], [ -70.635966622733719, -34.189866805687828 ], [ -70.63479199854531, -34.188439719474452 ], [ -70.635696385795569, -34.187053460721685 ], [ -70.637775405761857, -34.187094284349726 ] ] ] } },
{ "type": "Feature", "properties": { "h3": "89b2c1c54d3ffff", "acc_auto_m2_comercio": 19277.369672918769, "acc_auto_m2_departamento": 11904.104773057665, "acc_auto_n_deporte_y_recreacion": 6.5228273591379118, "acc_auto_n_educacion_y_cultura": 29.20000325026124, "acc_auto_m2_habitacional": 238486.92829326529, "acc_auto_m2_industria": 996.87408905793927, "acc_auto_m2_oficina": 2825.8227798736489, "acc_auto_n_salud": 3.8081457534459289, "acc_auto_n_paraderos": 7.0932537660807418 }, "geometry": { "type": "Polygon", "coordinates": [ [ [ -70.667340607796049, -34.170818504399904 ], [ -70.668515615960146, -34.172245765599733 ], [ -70.667611252103384, -34.173632799427239 ], [ -70.665531888552707, -34.173592568221594 ], [ -70.664356916845279, -34.172165318231805 ], [ -70.665261272230509, -34.170778288237784 ], [ -70.667340607796049, -34.170818504399904 ] ] ] } },
{ "type": "Feature", "properties": { "h3": "89b2c1c18dbffff", "acc_auto_m2_comercio": 44632.738683306983, "acc_auto_m2_departamento": 29787.928614492706, "acc_auto_n_deporte_y_recreacion": 2.4707089801624447, "acc_auto_n_educacion_y_cultura": 16.051552661398212, "acc_auto_m2_habitacional": 101475.9059310258, "acc_auto_m2_industria": 16801.813330188608, "acc_auto_m2_oficina": 5119.3331347334297, "acc_auto_n_salud": 6.2580048796792083, "acc_auto_n_paraderos": 22.66520359645644 }, "geometry": { "type": "Polygon", "coordinates": [ [ [ -70.77885598891433, -34.164492902640077 ], [ -70.780032566422733, -34.165919791239993 ], [ -70.779128124269803, -34.167308361856279 ], [ -70.777047112875579, -34.167270040058547 ], [ -70.775870571625006, -34.165843162580728 ], [ -70.776775005509506, -34.164454595778729 ], [ -70.77885598891433, -34.164492902640077 ] ] ] } },
{ "type": "Feature", "properties": { "h3": "89b2c1c515bffff", "acc_auto_m2_comercio": 1206.5344158723358, "acc_auto_m2_departamento": 1272.4238962796408, "acc_auto_n_deporte_y_recreacion": 0.22945014828659391, "acc_auto_n_educacion_y_cultura": 1.3222725615897395, "acc_auto_m2_habitacional": 25434.990007825298, "acc_auto_m2_industria": 433.47196088143795, "acc_auto_m2_oficina": 129.18286411360398, "acc_auto_n_salud": 0.54622585339463203, "acc_auto_n_paraderos": 0.45089933427964579 }, "geometry": { "type": "Polygon", "coordinates": [ [ [ -70.655397809173593, -34.208497527434048 ], [ -70.656572825990906, -34.209924164975838 ], [ -70.655668334534184, -34.211310113482362 ], [ -70.653588834754643, -34.211269420627161 ], [ -70.652413854426257, -34.209842794291426 ], [ -70.653318337387148, -34.208456849605014 ], [ -70.655397809173593, -34.208497527434048 ] ] ] } },
{ "type": "Feature", "properties": { "h3": "89b2c1c1563ffff", "acc_auto_m2_comercio": 3487.2751219304914, "acc_auto_m2_departamento": 3239.5855109543218, "acc_auto_n_deporte_y_recreacion": 0.39242487633754769, "acc_auto_n_educacion_y_cultura": 1.5763535114780438, "acc_auto_m2_habitacional": 10893.599630971945, "acc_auto_m2_industria": 1022.9427169217659, "acc_auto_m2_oficina": 387.04294203304113, "acc_auto_n_salud": 0.58951400707330348, "acc_auto_n_paraderos": 1.662496956791347 }, "geometry": { "type": "Polygon", "coordinates": [ [ [ -70.791060638105478, -34.129574480104289 ], [ -70.792237223004477, -34.13100194104161 ], [ -70.791332898664891, -34.13239152999914 ], [ -70.789251997668828, -34.132353654193274 ], [ -70.788075448995713, -34.130926204380735 ], [ -70.78897976509144, -34.129536619249464 ], [ -70.791060638105478, -34.129574480104289 ] ] ] } },
{ "type": "Feature", "properties": { "h3": "89b2c1ce58bffff", "acc_auto_m2_comercio": 39604.896707175038, "acc_auto_m2_departamento": 25998.205706619916, "acc_auto_n_deporte_y_recreacion": 12.830225669720763, "acc_auto_n_educacion_y_cultura": 38.165832092690458, "acc_auto_m2_habitacional": 115775.27704715285, "acc_auto_m2_industria": 2447.012643152596, "acc_auto_m2_oficina": 5732.5315037302817, "acc_auto_n_salud": 38.637705194467692, "acc_auto_n_paraderos": 17.946509029613271 }, "geometry": { "type": "Polygon", "coordinates": [ [ [ -70.70694352246224, -34.194049709169263 ], [ -70.708119210841815, -34.195476381966792 ], [ -70.707214724540904, -34.196863328417017 ], [ -70.705134558260269, -34.196823598253737 ], [ -70.703958906274408, -34.19539693662577 ], [ -70.704863384174104, -34.194009993991713 ], [ -70.70694352246224, -34.194049709169263 ] ] ] } },
{ "type": "Feature", "properties": { "h3": "89b2c1c1c97ffff", "acc_auto_m2_comercio": 21784.880663091481, "acc_auto_m2_departamento": 21142.617495534261, "acc_auto_n_deporte_y_recreacion": 1.4936221500631615, "acc_auto_n_educacion_y_cultura": 9.8473463066015068, "acc_auto_m2_habitacional": 59486.338656459775, "acc_auto_m2_industria": 5956.5874629687478, "acc_auto_m2_oficina": 2707.0614170820045, "acc_auto_n_salud": 4.1985541590406328, "acc_auto_n_paraderos": 11.253954514449351 }, "geometry": { "type": "Polygon", "coordinates": [ [ [ -70.761210167204354, -34.143085884857889 ], [ -70.762386389588571, -34.144513234460696 ], [ -70.76148204187912, -34.145902119077206 ], [ -70.75940148008317, -34.145863650264481 ], [ -70.758225293981695, -34.144436311805727 ], [ -70.759129633392092, -34.14304743101583 ], [ -70.761210167204354, -34.143085884857889 ] ] ] } },
{ "type": "Feature", "properties": { "h3": "89b2c1c0e73ffff", "acc_auto_m2_comercio": 135472.36748957101, "acc_auto_m2_departamento": 156065.70652738647, "acc_auto_n_deporte_y_recreacion": 17.234445134987496, "acc_auto_n_educacion_y_cultura": 110.87361489664056, "acc_auto_m2_habitacional": 391657.00177294394, "acc_auto_m2_industria": 12342.681070556317, "acc_auto_m2_oficina": 21060.63890536904, "acc_auto_n_salud": 29.917031725805284, "acc_auto_n_paraderos": 98.328017297296782 }, "geometry": { "type": "Polygon", "coordinates": [ [ [ -70.728106863107087, -34.1551179912544 ], [ -70.729282668697422, -34.156545269791955 ], [ -70.728378306473232, -34.157933446164201 ], [ -70.726298147017445, -34.15789434017092 ], [ -70.725122377771967, -34.156467072799899 ], [ -70.726026731636082, -34.155078900255809 ], [ -70.728106863107087, -34.1551179912544 ] ] ] } },
{ "type": "Feature", "properties": { "h3": "89b2c1c730fffff", "acc_auto_m2_comercio": 5135.8556005785022, "acc_auto_m2_departamento": 4835.3537222586701, "acc_auto_n_deporte_y_recreacion": 2.6258869891335266, "acc_auto_n_educacion_y_cultura": 14.489556357450263, "acc_auto_m2_habitacional": 121807.9260206748, "acc_auto_m2_industria": 421.74995003124934, "acc_auto_m2_oficina": 954.44042069301975, "acc_auto_n_salud": 1.111488186222231, "acc_auto_n_paraderos": 0.99069208024608235 }, "geometry": { "type": "Polygon", "coordinates": [ [ [ -70.639407428553838, -34.171679738002169 ], [ -70.640582038971516, -34.173107104486341 ], [ -70.639677698437424, -34.174493770676349 ], [ -70.637598756006568, -34.174453066543904 ], [ -70.63642418209497, -34.173025711292119 ], [ -70.637328514106784, -34.171639048940584 ], [ -70.639407428553838, -34.171679738002169 ] ] ] } },
{ "type": "Feature", "properties": { "h3": "89b2c1ca817ffff", "acc_auto_m2_comercio": 9275.4126616579051, "acc_auto_m2_departamento": 5610.1061290987136, "acc_auto_n_deporte_y_recreacion": 0.49194102705453058, "acc_auto_n_educacion_y_cultura": 7.0453609234864549, "acc_auto_m2_habitacional": 31032.48636150721, "acc_auto_m2_industria": 4190.8399296633834, "acc_auto_m2_oficina": 6295.1062216192095, "acc_auto_n_salud": 1.1478935805260189, "acc_auto_n_paraderos": 6.4028762959899073 }, "geometry": { "type": "Polygon", "coordinates": [ [ [ -70.833432598437568, -34.180943695098186 ], [ -70.834610034929668, -34.182370048075995 ], [ -70.833705484912528, -34.183758883280248 ], [ -70.831623506572086, -34.183721361710198 ], [ -70.830446106245816, -34.182295019804464 ], [ -70.831350648092808, -34.180906188396889 ], [ -70.833432598437568, -34.180943695098186 ] ] ] } },
{ "type": "Feature", "properties": { "h3": "89b2c1c5553ffff", "acc_auto_m2_comercio": 7825.3579901445528, "acc_auto_m2_departamento": 5695.8891224372637, "acc_auto_n_deporte_y_recreacion": 4.392527039327109, "acc_auto_n_educacion_y_cultura": 16.724351853338668, "acc_auto_m2_habitacional": 109557.04365792786, "acc_auto_m2_industria": 1331.3044784404981, "acc_auto_m2_oficina": 1520.1463194912817, "acc_auto_n_salud": 2.908979168152221, "acc_auto_n_paraderos": 1.505880410132834 }, "geometry": { "type": "Polygon", "coordinates": [ [ [ -70.65025020301691, -34.187338502167528 ], [ -70.651425044438724, -34.188765541337482 ], [ -70.650520635868332, -34.190151952512686 ], [ -70.648441394378438, -34.190111320688224 ], [ -70.647266589448293, -34.188684292736184 ], [ -70.648170989515009, -34.187297885390862 ], [ -70.65025020301691, -34.187338502167528 ] ] ] } },
{ "type": "Feature", "properties": { "h3": "89b2c1c195bffff", "acc_auto_m2_comercio": 53186.407165662975, "acc_auto_m2_departamento": 22169.559372730557, "acc_auto_n_deporte_y_recreacion": 4.8043263648230035, "acc_auto_n_educacion_y_cultura": 50.787600018366994, "acc_auto_m2_habitacional": 273517.75736166391, "acc_auto_m2_industria": 10949.125229448489, "acc_auto_m2_oficina": 12636.349992324078, "acc_auto_n_salud": 10.909193362759957, "acc_auto_n_paraderos": 53.687642819918857 }, "geometry": { "type": "Polygon", "coordinates": [ [ [ -70.761759690929651, -34.181037070311739 ], [ -70.762936102946981, -34.182463737078521 ], [ -70.762031614998591, -34.183851685127635 ], [ -70.759950723332139, -34.183812962599333 ], [ -70.758774347607769, -34.182386306962492 ], [ -70.759678827255527, -34.180998362724225 ], [ -70.761759690929651, -34.181037070311739 ] ] ] } },
{ "type": "Feature", "properties": { "h3": "89b2c1c51dbffff", "acc_auto_m2_comercio": 1319.6292961924476, "acc_auto_m2_departamento": 941.83194741929356, "acc_auto_n_deporte_y_recreacion": 0.38335026831689867, "acc_auto_n_educacion_y_cultura": 1.9779117728918303, "acc_auto_m2_habitacional": 21282.26503308829, "acc_auto_m2_industria": 392.56544817137177, "acc_auto_m2_oficina": 189.05207107882649, "acc_auto_n_salud": 0.64829452426845025, "acc_auto_n_paraderos": 0.44683281263005425 }, "geometry": { "type": "Polygon", "coordinates": [ [ [ -70.651602434628003, -34.201404571585805 ], [ -70.652777362863077, -34.20283135276722 ], [ -70.651872901157645, -34.2042174307457 ], [ -70.649793519718017, -34.204176723719193 ], [ -70.648618627976433, -34.202749953749503 ], [ -70.649523081179652, -34.201363879594787 ], [ -70.651602434628003, -34.201404571585805 ] ] ] } },
{ "type": "Feature", "properties": { "h3": "89b2c1c738fffff", "acc_auto_m2_comercio": 4815.6452026407296, "acc_auto_m2_departamento": 4106.6189662372271, "acc_auto_n_deporte_y_recreacion": 1.8444079263555699, "acc_auto_n_educacion_y_cultura": 9.4117765996447922, "acc_auto_m2_habitacional": 104642.61126329204, "acc_auto_m2_industria": 320.7818096723351, "acc_auto_m2_oficina": 786.51816856177811, "acc_auto_n_salud": 0.88370563408802805, "acc_auto_n_paraderos": 1.1302899523731911 }, "geometry": { "type": "Polygon", "coordinates": [ [ [ -70.635613528654204, -34.164583149345383 ], [ -70.636788050496975, -34.166010659230643 ], [ -70.635883739738389, -34.167397454822229 ], [ -70.633804915664371, -34.167356736686614 ], [ -70.632630430332227, -34.165929238039411 ], [ -70.633534732562154, -34.164542446289978 ], [ -70.635613528654204, -34.164583149345383 ] ] ] } },
{ "type": "Feature", "properties": { "h3": "89b2c1c0803ffff", "acc_auto_m2_comercio": 66203.815630941011, "acc_auto_m2_departamento": 122134.34794026504, "acc_auto_n_deporte_y_recreacion": 11.875642326590306, "acc_auto_n_educacion_y_cultura": 73.090692766190301, "acc_auto_m2_habitacional": 358066.68751844211, "acc_auto_m2_industria": 3747.9833488916465, "acc_auto_m2_oficina": 7967.473090131768, "acc_auto_n_salud": 15.253309677833355, "acc_auto_n_paraderos": 89.721293598448952 }, "geometry": { "type": "Polygon", "coordinates": [ [ [ -70.703689624193188, -34.160277052821229 ], [ -70.704865104130178, -34.161704345190714 ], [ -70.703960745250214, -34.163092091218502 ], [ -70.701880914836721, -34.163052541046198 ], [ -70.700705471289197, -34.161625259861125 ], [ -70.701609821764364, -34.160237517664136 ], [ -70.703689624193188, -34.160277052821229 ] ] ] } },
{ "type": "Feature", "properties": { "h3": "89b2c1ce48fffff", "acc_auto_m2_comercio": 228842.34820692393, "acc_auto_m2_departamento": 125609.37443046135, "acc_auto_n_deporte_y_recreacion": 16.547807306962977, "acc_auto_n_educacion_y_cultura": 113.65702171084338, "acc_auto_m2_habitacional": 411795.72541317978, "acc_auto_m2_industria": 11517.824384041432, "acc_auto_m2_oficina": 27720.03633873117, "acc_auto_n_salud": 86.390636629645314, "acc_auto_n_paraderos": 78.264689106899851 }, "geometry": { "type": "Polygon", "coordinates": [ [ [ -70.724851890021796, -34.185963619729307 ], [ -70.726027796644715, -34.187390359503759 ], [ -70.725123323762176, -34.18877772869228 ], [ -70.723042952623445, -34.18873835429055 ], [ -70.721867082360234, -34.187311625674091 ], [ -70.722771546874682, -34.185924260301611 ], [ -70.724851890021796, -34.185963619729307 ] ] ] } },
{ "type": "Feature", "properties": { "h3": "89b2c1c1d53ffff", "acc_auto_m2_comercio": 155125.38352776601, "acc_auto_m2_departamento": 85767.990996770546, "acc_auto_n_deporte_y_recreacion": 10.698730461154135, "acc_auto_n_educacion_y_cultura": 77.959494380063887, "acc_auto_m2_habitacional": 314377.58038316498, "acc_auto_m2_industria": 34741.442388796924, "acc_auto_m2_oficina": 33048.766004128556, "acc_auto_n_salud": 56.797006964600911, "acc_auto_n_paraderos": 84.97300847741829 }, "geometry": { "type": "Polygon", "coordinates": [ [ [ -70.756599507543953, -34.159865781664628 ], [ -70.757775744237009, -34.161292850728294 ], [ -70.756871338865466, -34.162681261376029 ], [ -70.754790705108093, -34.162642599139637 ], [ -70.753614504710896, -34.161215541217715 ], [ -70.754518901773849, -34.159827134390603 ], [ -70.756599507543953, -34.159865781664628 ] ] ] } },
{ "type": "Feature", "properties": { "h3": "89b2c1c55d3ffff", "acc_auto_m2_comercio": 14965.390333735169, "acc_auto_m2_departamento": 14083.554113585033, "acc_auto_n_deporte_y_recreacion": 7.5150459039135367, "acc_auto_n_educacion_y_cultura": 29.599064386918396, "acc_auto_m2_habitacional": 210524.70501321123, "acc_auto_m2_industria": 1633.4789823393533, "acc_auto_m2_oficina": 3002.4212457369672, "acc_auto_n_salud": 4.707501089749984, "acc_auto_n_paraderos": 3.0490034569821733 }, "geometry": { "type": "Polygon", "coordinates": [ [ [ -70.646455447142088, -34.180243477466512 ], [ -70.647630199990729, -34.181670660155362 ], [ -70.646725821177156, -34.1830572007635 ], [ -70.644646698023678, -34.183016554849402 ], [ -70.643471981671269, -34.181589383384114 ], [ -70.644376351974756, -34.180202846609546 ], [ -70.646455447142088, -34.180243477466512 ] ] ] } },
{ "type": "Feature", "properties": { "h3": "89b2c1c19dbffff", "acc_auto_m2_comercio": 75196.835060339145, "acc_auto_m2_departamento": 31330.307162537087, "acc_auto_n_deporte_y_recreacion": 6.735046117938154, "acc_auto_n_educacion_y_cultura": 74.457306253983248, "acc_auto_m2_habitacional": 329075.84739389026, "acc_auto_m2_industria": 15081.377806948454, "acc_auto_m2_oficina": 17426.407296621088, "acc_auto_n_salud": 16.552446872735356, "acc_auto_n_paraderos": 67.446121432861062 }, "geometry": { "type": "Polygon", "coordinates": [ [ [ -70.757958731824729, -34.173941997287223 ], [ -70.759135055409004, -34.175368807992044 ], [ -70.758230596984063, -34.17675688549982 ], [ -70.75614982328058, -34.17671814848849 ], [ -70.754973535993912, -34.175291348919266 ], [ -70.75587798611177, -34.173903275225996 ], [ -70.757958731824729, -34.173941997287223 ] ] ] } },
{ "type": "Feature", "properties": { "h3": "89b2c1c1663ffff", "acc_auto_m2_comercio": 599.02934511094293, "acc_auto_m2_departamento": 275.02676024468371, "acc_auto_n_deporte_y_recreacion": 0.46780876682165973, "acc_auto_n_educacion_y_cultura": 0.12775180133940994, "acc_auto_m2_habitacional": 2365.8474797520662, "acc_auto_m2_industria": 340.22404632931449, "acc_auto_m2_oficina": 37.14883577053255, "acc_auto_n_salud": 0.058241195160177887, "acc_auto_n_paraderos": 0.15222178800443534 }, "geometry": { "type": "Polygon", "coordinates": [ [ [ -70.834766333586046, -34.130361573742832 ], [ -70.835943546748197, -34.131788828421158 ], [ -70.835039181792695, -34.133178937117783 ], [ -70.83295761183804, -34.133141787319126 ], [ -70.831780434824452, -34.131714543729991 ], [ -70.832684791615634, -34.130324438850522 ], [ -70.834766333586046, -34.130361573742832 ] ] ] } },
{ "type": "Feature", "properties": { "h3": "89b2c1c1bd7ffff", "acc_auto_m2_comercio": 67266.751709427001, "acc_auto_m2_departamento": 38704.970669797127, "acc_auto_n_deporte_y_recreacion": 4.836386617239107, "acc_auto_n_educacion_y_cultura": 53.424064994708175, "acc_auto_m2_habitacional": 251729.0632401894, "acc_auto_m2_industria": 21549.646257575805, "acc_auto_m2_oficina": 13354.101727310886, "acc_auto_n_salud": 12.49219657833347, "acc_auto_n_paraderos": 45.9952728349108 }, "geometry": { "type": "Polygon", "coordinates": [ [ [ -70.774517636478791, -34.184083294330208 ], [ -70.77569424576059, -34.185509850471526 ], [ -70.774789735277892, -34.186897880393353 ], [ -70.772708623789697, -34.186859350366973 ], [ -70.7715320507792, -34.185432805344185 ], [ -70.772436552984246, -34.184044779229431 ], [ -70.774517636478791, -34.184083294330208 ] ] ] } },
{ "type": "Feature", "properties": { "h3": "89b2c1c5457ffff", "acc_auto_m2_comercio": 11969.705578025927, "acc_auto_m2_departamento": 7785.1761306541839, "acc_auto_n_deporte_y_recreacion": 3.6777159139085316, "acc_auto_n_educacion_y_cultura": 19.285648730602393, "acc_auto_m2_habitacional": 188507.87881463554, "acc_auto_m2_industria": 1961.5602688503925, "acc_auto_m2_oficina": 1871.6279097832164, "acc_auto_n_salud": 3.2283698027028258, "acc_auto_n_paraderos": 4.725756074293848 }, "geometry": { "type": "Polygon", "coordinates": [ [ [ -70.668152560937173, -34.179261034849326 ], [ -70.669327621190334, -34.180688141286325 ], [ -70.668423225464139, -34.18207497523148 ], [ -70.666343777954097, -34.182034698910044 ], [ -70.665168754158699, -34.180607603679391 ], [ -70.666073141414245, -34.17922077356404 ], [ -70.668152560937173, -34.179261034849326 ] ] ] } },
{ "type": "Feature", "properties": { "h3": "89b2c1c0e37ffff", "acc_auto_m2_comercio": 62564.817510318338, "acc_auto_m2_departamento": 133172.41566130132, "acc_auto_n_deporte_y_recreacion": 13.79406112248904, "acc_auto_n_educacion_y_cultura": 71.86693057105586, "acc_auto_m2_habitacional": 309382.67234252463, "acc_auto_m2_industria": 5012.854724863656, "acc_auto_m2_oficina": 9934.2218862573682, "acc_auto_n_salud": 16.267639999953158, "acc_auto_n_paraderos": 88.894393835866111 }, "geometry": { "type": "Polygon", "coordinates": [ [ [ -70.715626555246672, -34.154882927507714 ], [ -70.716802180684851, -34.156310264595604 ], [ -70.715897830706012, -34.157698292417635 ], [ -70.713817863670414, -34.157658979321262 ], [ -70.712642274599034, -34.15623165341006 ], [ -70.713546616195103, -34.15484362941875 ], [ -70.715626555246672, -34.154882927507714 ] ] ] } },
{ "type": "Feature", "properties": { "h3": "89b2c1c0883ffff", "acc_auto_m2_comercio": 19445.918952026605, "acc_auto_m2_departamento": 45956.632519154235, "acc_auto_n_deporte_y_recreacion": 5.3469818425527311, "acc_auto_n_educacion_y_cultura": 22.600014151137028, "acc_auto_m2_habitacional": 142287.03533466309, "acc_auto_m2_industria": 1370.5049150250295, "acc_auto_m2_oficina": 2643.0480846697524, "acc_auto_n_salud": 4.7381906656906194, "acc_auto_n_paraderos": 34.551502951719598 }, "geometry": { "type": "Polygon", "coordinates": [ [ [ -70.6998922644202, -34.153179680274036 ], [ -70.701067655868201, -34.154607116249601 ], [ -70.70016332662756, -34.155994991680032 ], [ -70.698083614348761, -34.155955427300604 ], [ -70.696908259294815, -34.154528002515093 ], [ -70.697812580124264, -34.153140130919148 ], [ -70.6998922644202, -34.153179680274036 ] ] ] } },
{ "type": "Feature", "properties": { "h3": "89b2c1c1dd3ffff", "acc_auto_m2_comercio": 70041.732552061847, "acc_auto_m2_departamento": 49686.645936949571, "acc_auto_n_deporte_y_recreacion": 6.0570762985501707, "acc_auto_n_educacion_y_cultura": 35.903556661428674, "acc_auto_m2_habitacional": 164602.70770542359, "acc_auto_m2_industria": 15493.696743254694, "acc_auto_m2_oficina": 14738.811143082337, "acc_auto_n_salud": 26.938319491234552, "acc_auto_n_paraderos": 53.409232249489001 }, "geometry": { "type": "Polygon", "coordinates": [ [ [ -70.752799167134711, -34.15276863718303 ], [ -70.753975315403622, -34.154195850063886 ], [ -70.753070939561198, -34.155584390130969 ], [ -70.750990423763525, -34.155545713493083 ], [ -70.749814311795078, -34.154118511759613 ], [ -70.750718679322489, -34.152729975516806 ], [ -70.752799167134711, -34.15276863718303 ] ] ] } },
{ "type": "Feature", "properties": { "h3": "89b2c1c1a5bffff", "acc_auto_m2_comercio": 18834.88999485955, "acc_auto_m2_departamento": 13491.631943249105, "acc_auto_n_deporte_y_recreacion": 1.1830591297334245, "acc_auto_n_educacion_y_cultura": 12.327462834714558, "acc_auto_m2_habitacional": 59118.211342691684, "acc_auto_m2_industria": 9892.5079592498259, "acc_auto_m2_oficina": 3718.1185560234248, "acc_auto_n_salud": 2.76054629664617, "acc_auto_n_paraderos": 12.032345208261086 }, "geometry": { "type": "Polygon", "coordinates": [ [ [ -70.80546520886476, -34.1818419425801 ], [ -70.806642250099159, -34.183268402855418 ], [ -70.80573772079812, -34.184656870662209 ], [ -70.803656158482482, -34.184618874392015 ], [ -70.802479153463835, -34.183192425211047 ], [ -70.803383674543738, -34.181803961206114 ], [ -70.80546520886476, -34.1818419425801 ] ] ] } },
{ "type": "Feature", "properties": { "h3": "89b2c1c038fffff", "acc_auto_m2_comercio": 75774.719291451562, "acc_auto_m2_departamento": 126157.43860766811, "acc_auto_n_deporte_y_recreacion": 10.210816353388692, "acc_auto_n_educacion_y_cultura": 72.272350115545763, "acc_auto_m2_habitacional": 235868.2253011135, "acc_auto_m2_industria": 15264.193854923398, "acc_auto_m2_oficina": 9006.817017083813, "acc_auto_n_salud": 13.74110153432809, "acc_auto_n_paraderos": 49.146278318050548 }, "geometry": { "type": "Polygon", "coordinates": [ [ [ -70.741943289178039, -34.137106003590709 ], [ -70.743119206918848, -34.138533544414678 ], [ -70.742214898481151, -34.139922339447118 ], [ -70.740134680634995, -34.139883589822887 ], [ -70.738958799209243, -34.138456060160706 ], [ -70.73986309931324, -34.137067268961161 ], [ -70.741943289178039, -34.137106003590709 ] ] ] } },
{ "type": "Feature", "properties": { "h3": "89b2c1c0017ffff", "acc_auto_m2_comercio": 24319.509426903322, "acc_auto_m2_departamento": 31668.10370254852, "acc_auto_n_deporte_y_recreacion": 4.8226254635572543, "acc_auto_n_educacion_y_cultura": 30.702632705579717, "acc_auto_m2_habitacional": 161997.95099243111, "acc_auto_m2_industria": 7755.0560032228277, "acc_auto_m2_oficina": 2615.9289634054526, "acc_auto_n_salud": 3.3020721091222107, "acc_auto_n_paraderos": 32.374681324405991 }, "geometry": { "type": "Polygon", "coordinates": [ [ [ -70.740313775331629, -34.120205506153688 ], [ -70.741489588853085, -34.12163335656966 ], [ -70.740585344072443, -34.123022551206425 ], [ -70.738505294104527, -34.122983891587154 ], [ -70.737329516896011, -34.121556052340345 ], [ -70.738233753341135, -34.120166861543829 ], [ -70.740313775331629, -34.120205506153688 ] ] ] } },
{ "type": "Feature", "properties": { "h3": "89b2c1c0c7bffff", "acc_auto_m2_comercio": 17266.88519564339, "acc_auto_m2_departamento": 44529.790944089895, "acc_auto_n_deporte_y_recreacion": 4.3278671931060391, "acc_auto_n_educacion_y_cultura": 22.108076968344491, "acc_auto_m2_habitacional": 139627.51772659173, "acc_auto_m2_industria": 1471.5540823197271, "acc_auto_m2_oficina": 2277.4828542952614, "acc_auto_n_salud": 5.1177384030519679, "acc_auto_n_paraderos": 30.002102646183967 }, "geometry": { "type": "Polygon", "coordinates": [ [ [ -70.70857330034309, -34.146318260799745 ], [ -70.709748783572621, -34.14774578192565 ], [ -70.708844471596151, -34.14913393531026 ], [ -70.706764684783764, -34.149094563733527 ], [ -70.705589237930951, -34.147667053793121 ], [ -70.706493541512458, -34.146278904244149 ], [ -70.70857330034309, -34.146318260799745 ] ] ] } },
{ "type": "Feature", "properties": { "h3": "89b2c1c54d7ffff", "acc_auto_m2_comercio": 17364.195046347581, "acc_auto_m2_departamento": 10703.673915430882, "acc_auto_n_deporte_y_recreacion": 6.4158531962943801, "acc_auto_n_educacion_y_cultura": 27.33275330870854, "acc_auto_m2_habitacional": 225958.61077285314, "acc_auto_m2_industria": 989.13437642557108, "acc_auto_m2_oficina": 2684.2609120447755, "acc_auto_n_salud": 3.4314808797595617, "acc_auto_n_paraderos": 5.9346664455156182 }, "geometry": { "type": "Polygon", "coordinates": [ [ [ -70.664356916845279, -34.172165318231805 ], [ -70.665531888552707, -34.173592568221594 ], [ -70.664627522544222, -34.174979531591319 ], [ -70.662548193304048, -34.174939241137984 ], [ -70.661373258058944, -34.173512002360191 ], [ -70.662277615590369, -34.172125042823943 ], [ -70.664356916845279, -34.172165318231805 ] ] ] } },
{ "type": "Feature", "properties": { "h3": "89b2c1c0903ffff", "acc_auto_m2_comercio": 40989.348970095474, "acc_auto_m2_departamento": 25345.940979347997, "acc_auto_n_deporte_y_recreacion": 8.5403635940803362, "acc_auto_n_educacion_y_cultura": 49.763105521372452, "acc_auto_m2_habitacional": 387812.74162330694, "acc_auto_m2_industria": 1709.4580160701469, "acc_auto_m2_oficina": 4386.9499616508838, "acc_auto_n_salud": 8.381568913168838, "acc_auto_n_paraderos": 21.3504583011633 }, "geometry": { "type": "Polygon", "coordinates": [ [ [ -70.682801225891083, -34.169711778112422 ], [ -70.683976450982868, -34.171138992150418 ], [ -70.683072076718631, -34.172526245009884 ], [ -70.680992485804666, -34.172486280000662 ], [ -70.67981729714198, -34.171059077160614 ], [ -70.68072166296281, -34.169671828132067 ], [ -70.682801225891083, -34.169711778112422 ] ] ] } },
{ "type": "Feature", "properties": { "h3": "89b2c1ce58fffff", "acc_auto_m2_comercio": 24289.594349232826, "acc_auto_m2_departamento": 15953.754462394489, "acc_auto_n_deporte_y_recreacion": 6.5889577212152517, "acc_auto_n_educacion_y_cultura": 23.343849993203563, "acc_auto_m2_habitacional": 71043.788346763627, "acc_auto_m2_industria": 1501.6051228985764, "acc_auto_m2_oficina": 3517.758151869943, "acc_auto_n_salud": 23.70996170347108, "acc_auto_n_paraderos": 11.012844568834666 }, "geometry": { "type": "Polygon", "coordinates": [ [ [ -70.703958906274408, -34.19539693662577 ], [ -70.705134558260269, -34.196823598253737 ], [ -70.70423006974049, -34.19821047424503 ], [ -70.702149937640243, -34.198170684792352 ], [ -70.700974322053767, -34.196744034335872 ], [ -70.701878802166831, -34.195357162160789 ], [ -70.703958906274408, -34.19539693662577 ] ] ] } },
{ "type": "Feature", "properties": { "h3": "89b2c1c08c3ffff", "acc_auto_m2_comercio": 42155.662322154705, "acc_auto_m2_departamento": 105813.33209326421, "acc_auto_n_deporte_y_recreacion": 9.1400205061750732, "acc_auto_n_educacion_y_cultura": 47.027419553691068, "acc_auto_m2_habitacional": 232762.86967928035, "acc_auto_m2_industria": 3390.0998729291, "acc_auto_m2_oficina": 6083.8606245954543, "acc_auto_n_salud": 10.278997304596871, "acc_auto_n_paraderos": 64.894061055807725 }, "geometry": { "type": "Polygon", "coordinates": [ [ [ -70.709386834356252, -34.154764929714794 ], [ -70.710562369687139, -34.156192296052282 ], [ -70.709658025863774, -34.157580249596144 ], [ -70.707578155102254, -34.157540832970724 ], [ -70.706402656149137, -34.15611347781504 ], [ -70.707306991578434, -34.154725528103164 ], [ -70.709386834356252, -34.154764929714794 ] ] ] } },
{ "type": "Feature", "properties": { "h3": "89b2c1c0e77ffff", "acc_auto_m2_comercio": 106538.95422561371, "acc_auto_m2_departamento": 144929.71117889159, "acc_auto_n_deporte_y_recreacion": 15.483059864964577, "acc_auto_n_educacion_y_cultura": 99.96992983014421, "acc_auto_m2_habitacional": 363105.43573131942, "acc_auto_m2_industria": 11002.244446921573, "acc_auto_m2_oficina": 18658.357505101649, "acc_auto_n_salud": 26.834567586453527, "acc_auto_n_paraderos": 90.167011081174522 }, "geometry": { "type": "Polygon", "coordinates": [ [ [ -70.725122377771967, -34.156467072799899 ], [ -70.726298147017445, -34.15789434017092 ], [ -70.725393782539427, -34.159282446097258 ], [ -70.723313657180157, -34.159243280824576 ], [ -70.722137924285178, -34.157816024622001 ], [ -70.723042280397593, -34.156427922523839 ], [ -70.725122377771967, -34.156467072799899 ] ] ] } },
{ "type": "Feature", "properties": { "h3": "89b2c1c56d3ffff", "acc_auto_m2_comercio": 48819.863800411898, "acc_auto_m2_departamento": 32255.69731711705, "acc_auto_n_deporte_y_recreacion": 8.9830234964405573, "acc_auto_n_educacion_y_cultura": 56.982582031434781, "acc_auto_m2_habitacional": 295899.7330752071, "acc_auto_m2_industria": 4847.6134748708409, "acc_auto_m2_oficina": 4864.6156773076173, "acc_auto_n_salud": 10.008296345784119, "acc_auto_n_paraderos": 26.374454350212577 }, "geometry": { "type": "Polygon", "coordinates": [ [ [ -70.690123887241398, -34.18108875954858 ], [ -70.691299272008749, -34.182515737929371 ], [ -70.69039484901387, -34.183902798556389 ], [ -70.688315049681194, -34.183862876978033 ], [ -70.687139701333408, -34.182435909785134 ], [ -70.688044115897412, -34.181048852982904 ], [ -70.690123887241398, -34.18108875954858 ] ] ] } },
{ "type": "Feature", "properties": { "h3": "89b2c1c5497ffff", "acc_auto_m2_comercio": 8346.2286800777565, "acc_auto_m2_departamento": 6364.1493030854035, "acc_auto_n_deporte_y_recreacion": 3.9672313242261787, "acc_auto_n_educacion_y_cultura": 16.821920072238196, "acc_auto_m2_habitacional": 158087.91509177675, "acc_auto_m2_industria": 698.75040406329651, "acc_auto_m2_oficina": 1610.4328311198751, "acc_auto_n_salud": 1.8356039523811223, "acc_auto_n_paraderos": 1.7852200041898185 }, "geometry": { "type": "Polygon", "coordinates": [ [ [ -70.654865077509953, -34.17057669023346 ], [ -70.656039905092527, -34.172004009724851 ], [ -70.655135553908266, -34.173390894967895 ], [ -70.653056383634279, -34.173350456883782 ], [ -70.651881592530287, -34.171923148612656 ], [ -70.652785935220379, -34.170536267205584 ], [ -70.654865077509953, -34.17057669023346 ] ] ] } },
{ "type": "Feature", "properties": { "h3": "89b2c1c7313ffff", "acc_auto_m2_comercio": 4517.3276368835641, "acc_auto_m2_departamento": 3851.3871701420844, "acc_auto_n_deporte_y_recreacion": 1.7297755361469431, "acc_auto_n_educacion_y_cultura": 8.8268222452906997, "acc_auto_m2_habitacional": 100573.96042634545, "acc_auto_m2_industria": 300.84479625315748, "acc_auto_m2_oficina": 737.63502491638087, "acc_auto_n_salud": 0.82878216101637148, "acc_auto_n_paraderos": 1.0600409380321218 }, "geometry": { "type": "Polygon", "coordinates": [ [ [ -70.638866908978372, -34.166051318143097 ], [ -70.640041484682357, -34.167478787723141 ], [ -70.639137165400882, -34.168865587155636 ], [ -70.637058278937005, -34.168824913167398 ], [ -70.635883739738389, -34.167397454822229 ], [ -70.636788050496975, -34.166010659230643 ], [ -70.638866908978372, -34.166051318143097 ] ] ] } },
{ "type": "Feature", "properties": { "h3": "89b2c1ce413ffff", "acc_auto_m2_comercio": 138205.59809450409, "acc_auto_m2_departamento": 71097.106420210723, "acc_auto_n_deporte_y_recreacion": 9.8878269251828819, "acc_auto_n_educacion_y_cultura": 70.726965747197141, "acc_auto_m2_habitacional": 266274.03458180884, "acc_auto_m2_industria": 9846.2950150987181, "acc_auto_m2_oficina": 17449.134901106117, "acc_auto_n_salud": 38.306918623925768, "acc_auto_n_paraderos": 49.472549760050143 }, "geometry": { "type": "Polygon", "coordinates": [ [ [ -70.728108201889086, -34.187429674607749 ], [ -70.729284162241683, -34.188856373870102 ], [ -70.728379680996866, -34.190243746873428 ], [ -70.72629924776038, -34.190204416799808 ], [ -70.725123323762176, -34.18877772869228 ], [ -70.726027796644715, -34.187390359503759 ], [ -70.728108201889086, -34.187429674607749 ] ] ] } },
{ "type": "Feature", "properties": { "h3": "89b2c1ca81bffff", "acc_auto_m2_comercio": 7262.9675536617242, "acc_auto_m2_departamento": 2861.1862279706829, "acc_auto_n_deporte_y_recreacion": 0.25089273878109369, "acc_auto_n_educacion_y_cultura": 3.593174385918569, "acc_auto_m2_habitacional": 18660.878325440215, "acc_auto_m2_industria": 2306.0211108458552, "acc_auto_m2_oficina": 3210.5401948613544, "acc_auto_n_salud": 0.58543229454103851, "acc_auto_n_paraderos": 3.2655035494719606 }, "geometry": { "type": "Polygon", "coordinates": [ [ [ -70.839678640365719, -34.181056007468435 ], [ -70.840856166567278, -34.182482330806238 ], [ -70.839951610828464, -34.183871240244031 ], [ -70.837869537045506, -34.18383382254882 ], [ -70.836692046998721, -34.182407510278011 ], [ -70.837596594578784, -34.181018604635618 ], [ -70.839678640365719, -34.181056007468435 ] ] ] } },
{ "type": "Feature", "properties": { "h3": "89b2c1c5557ffff", "acc_auto_m2_comercio": 12425.871530643002, "acc_auto_m2_departamento": 9203.9979573310266, "acc_auto_n_deporte_y_recreacion": 5.526786185434668, "acc_auto_n_educacion_y_cultura": 25.887666367269627, "acc_auto_m2_habitacional": 162533.97161150054, "acc_auto_m2_industria": 2530.5631226572964, "acc_auto_m2_oficina": 2270.4348429230322, "acc_auto_n_salud": 5.1364726791899651, "acc_auto_n_paraderos": 2.7150601739750244 }, "geometry": { "type": "Polygon", "coordinates": [ [ [ -70.647266589448293, -34.188684292736184 ], [ -70.648441394378438, -34.190111320688224 ], [ -70.647536983684844, -34.191497661399268 ], [ -70.645457776568975, -34.191456970328574 ], [ -70.644283008136156, -34.190029953596373 ], [ -70.645187410320545, -34.188643616715218 ], [ -70.647266589448293, -34.188684292736184 ] ] ] } },
{ "type": "Feature", "properties": { "h3": "89b2c1c1c17ffff", "acc_auto_m2_comercio": 51473.143994167498, "acc_auto_m2_departamento": 61949.904351830875, "acc_auto_n_deporte_y_recreacion": 3.069240393697521, "acc_auto_n_educacion_y_cultura": 24.581028587088788, "acc_auto_m2_habitacional": 133105.67392621818, "acc_auto_m2_industria": 12574.288883606116, "acc_auto_m2_oficina": 7386.5292321329662, "acc_auto_n_salud": 11.929570005849538, "acc_auto_n_paraderos": 29.898880824726795 }, "geometry": { "type": "Polygon", "coordinates": [ [ [ -70.765010832190796, -34.150183920798902 ], [ -70.766187142981892, -34.151611126596485 ], [ -70.76528276576316, -34.152999881808121 ], [ -70.763202086044657, -34.152961427399418 ], [ -70.762025811531672, -34.151534232740261 ], [ -70.762930180457758, -34.150145481351544 ], [ -70.765010832190796, -34.150183920798902 ] ] ] } },
{ "type": "Feature", "properties": { "h3": "89b2c1c0807ffff", "acc_auto_m2_comercio": 58365.849199895143, "acc_auto_m2_departamento": 108792.69491124146, "acc_auto_n_deporte_y_recreacion": 10.416848420726899, "acc_auto_n_educacion_y_cultura": 63.816229166334182, "acc_auto_m2_habitacional": 314663.50515383709, "acc_auto_m2_industria": 3271.1328009786662, "acc_auto_m2_oficina": 7020.7895009308986, "acc_auto_n_salud": 13.458710402518202, "acc_auto_n_paraderos": 79.418332409264778 }, "geometry": { "type": "Polygon", "coordinates": [ [ [ -70.700705471289197, -34.161625259861125 ], [ -70.701880914836721, -34.163052541046198 ], [ -70.700976553743999, -34.164440216623568 ], [ -70.698896757512713, -34.164400607185257 ], [ -70.697721350360325, -34.16297333718655 ], [ -70.698625703042751, -34.161585665439993 ], [ -70.700705471289197, -34.161625259861125 ] ] ] } },
{ "type": "Feature", "properties": { "h3": "89b2c1ce493ffff", "acc_auto_m2_comercio": 215029.13943118171, "acc_auto_m2_departamento": 135868.91372560911, "acc_auto_n_deporte_y_recreacion": 18.748125907078361, "acc_auto_n_educacion_y_cultura": 133.9662279664345, "acc_auto_m2_habitacional": 457137.78861603775, "acc_auto_m2_industria": 9973.671645636332, "acc_auto_m2_oficina": 29703.943429485065, "acc_auto_n_salud": 69.995197766009582, "acc_auto_n_paraderos": 87.54810033563119 }, "geometry": { "type": "Polygon", "coordinates": [ [ [ -70.724309042815676, -34.180335046908617 ], [ -70.72548491468946, -34.18176189000377 ], [ -70.724580463039715, -34.183149392465985 ], [ -70.722500147883551, -34.183110048014768 ], [ -70.721324312368779, -34.181683216080081 ], [ -70.722228755649837, -34.180295717436337 ], [ -70.724309042815676, -34.180335046908617 ] ] ] } },
{ "type": "Feature", "properties": { "h3": "89b2c1c034fffff", "acc_auto_m2_comercio": 29355.665921314256, "acc_auto_m2_departamento": 20612.29854087788, "acc_auto_n_deporte_y_recreacion": 2.4343046022346955, "acc_auto_n_educacion_y_cultura": 14.836802419374093, "acc_auto_m2_habitacional": 68268.440574737542, "acc_auto_m2_industria": 6480.2987508243668, "acc_auto_m2_oficina": 6164.5649209401645, "acc_auto_n_salud": 10.997856896487363, "acc_auto_n_paraderos": 21.126984090405571 }, "geometry": { "type": "Polygon", "coordinates": [ [ [ -70.755240452434109, -34.145786609022878 ], [ -70.756416602247157, -34.147213936335646 ], [ -70.755512249923825, -34.148602680074731 ], [ -70.753431756096205, -34.14856409267459 ], [ -70.752255642577254, -34.147136776509754 ], [ -70.753159986590475, -34.14574803659734 ], [ -70.755240452434109, -34.145786609022878 ] ] ] } },
{ "type": "Feature", "properties": { "h3": "89b2c1ca523ffff", "acc_auto_m2_comercio": 116.85759195909654, "acc_auto_m2_departamento": 35.880778570564466, "acc_auto_n_deporte_y_recreacion": 0.061031671102707782, "acc_auto_n_educacion_y_cultura": 0.016671868588210022, "acc_auto_m2_habitacional": 1040.4595148083656, "acc_auto_m2_industria": 44.386603179497584, "acc_auto_m2_oficina": 4.8466222698496804, "acc_auto_n_salud": 0.0075983130709469573, "acc_auto_n_paraderos": 0.019859290289218796 }, "geometry": { "type": "Polygon", "coordinates": [ [ [ -70.848075321822705, -34.139035660010634 ], [ -70.84925276646986, -34.140462700438917 ], [ -70.84834835831937, -34.141852757777812 ], [ -70.846266513661021, -34.141815770877734 ], [ -70.845089105141341, -34.140388741524802 ], [ -70.845993505151185, -34.138998687996803 ], [ -70.848075321822705, -34.139035660010634 ] ] ] } },
{ "type": "Feature", "properties": { "h3": "89b2c1c1d57ffff", "acc_auto_m2_comercio": 179381.39306301848, "acc_auto_m2_departamento": 88034.368572644235, "acc_auto_n_deporte_y_recreacion": 11.981003132838966, "acc_auto_n_educacion_y_cultura": 92.585132951062278, "acc_auto_m2_habitacional": 338272.23517614033, "acc_auto_m2_industria": 33009.180937192345, "acc_auto_m2_oficina": 39795.53648807502, "acc_auto_n_salud": 68.065692202740635, "acc_auto_n_paraderos": 88.474743650734453 }, "geometry": { "type": "Polygon", "coordinates": [ [ [ -70.753614504710896, -34.161215541217715 ], [ -70.754790705108093, -34.162642599139637 ], [ -70.753886297434576, -34.164030939343867 ], [ -70.751805697676616, -34.163992217805749 ], [ -70.750629533580948, -34.162565171027495 ], [ -70.751533932940347, -34.161176834643896 ], [ -70.753614504710896, -34.161215541217715 ] ] ] } },
{ "type": "Feature", "properties": { "h3": "89b2c1c55d7ffff", "acc_auto_m2_comercio": 8408.2512296855875, "acc_auto_m2_departamento": 8250.4771043111086, "acc_auto_n_deporte_y_recreacion": 4.203207679391566, "acc_auto_n_educacion_y_cultura": 17.064818469791639, "acc_auto_m2_habitacional": 119371.76822238789, "acc_auto_m2_industria": 945.82639845942674, "acc_auto_m2_oficina": 1693.7914552106538, "acc_auto_n_salud": 2.6995052815234919, "acc_auto_n_paraderos": 1.7198766714655693 }, "geometry": { "type": "Polygon", "coordinates": [ [ [ -70.643471981671269, -34.181589383384114 ], [ -70.644646698023678, -34.183016554849402 ], [ -70.643742317093441, -34.184403024994765 ], [ -70.641663228325029, -34.184362319841462 ], [ -70.640488548474494, -34.182935159601683 ], [ -70.64139292088916, -34.181548693289876 ], [ -70.643471981671269, -34.181589383384114 ] ] ] } },
{ "type": "Feature", "properties": { "h3": "89b2c1c0a03ffff", "acc_auto_m2_comercio": 203335.02591246663, "acc_auto_m2_departamento": 156052.55946452811, "acc_auto_n_deporte_y_recreacion": 19.149177632926424, "acc_auto_n_educacion_y_cultura": 176.04739288211351, "acc_auto_m2_habitacional": 481463.13481943391, "acc_auto_m2_industria": 15904.953606738058, "acc_auto_m2_oficina": 43723.95327347413, "acc_auto_n_salud": 52.933344237751768, "acc_auto_n_paraderos": 104.03352102955597 }, "geometry": { "type": "Polygon", "coordinates": [ [ [ -70.72647946918174, -34.170542756783568 ], [ -70.727655325287358, -34.171969765989203 ], [ -70.72675090773663, -34.173357538797717 ], [ -70.724670642443002, -34.1733182985787 ], [ -70.723494822689645, -34.171891300535343 ], [ -70.724399231876276, -34.17050353154891 ], [ -70.72647946918174, -34.170542756783568 ] ] ] } },
{ "type": "Feature", "properties": { "h3": "89b2c1c0313ffff", "acc_auto_m2_comercio": 75389.973970476465, "acc_auto_m2_departamento": 105669.08279579999, "acc_auto_n_deporte_y_recreacion": 12.458940513364507, "acc_auto_n_educacion_y_cultura": 79.434738050225988, "acc_auto_m2_habitacional": 240382.07117335169, "acc_auto_m2_industria": 13135.587197713377, "acc_auto_m2_oficina": 11128.051636482542, "acc_auto_n_salud": 17.357423219372563, "acc_auto_n_paraderos": 47.252064472884996 }, "geometry": { "type": "Polygon", "coordinates": [ [ [ -70.745199458798055, -34.138572234760282 ], [ -70.74637543022007, -34.139999735128796 ], [ -70.745471113454457, -34.141388533992895 ], [ -70.743390833593423, -34.141349828656999 ], [ -70.742214898481151, -34.139922339447118 ], [ -70.743119206918848, -34.138533544414678 ], [ -70.745199458798055, -34.138572234760282 ] ] ] } },
{ "type": "Feature", "properties": { "h3": "89b2c1c545bffff", "acc_auto_m2_comercio": 19596.858254322895, "acc_auto_m2_departamento": 12308.465785964901, "acc_auto_n_deporte_y_recreacion": 4.4082496692683639, "acc_auto_n_educacion_y_cultura": 26.873060351162287, "acc_auto_m2_habitacional": 258472.66763011541, "acc_auto_m2_industria": 2743.6923903713318, "acc_auto_m2_oficina": 2363.7789625779578, "acc_auto_n_salud": 4.5318380004448704, "acc_auto_n_paraderos": 9.907271734173321 }, "geometry": { "type": "Polygon", "coordinates": [ [ [ -70.674391012665879, -34.179381611759446 ], [ -70.675566163182197, -34.180808689004472 ], [ -70.674661761154908, -34.182195597237303 ], [ -70.672582217069262, -34.182155424396782 ], [ -70.671407102999751, -34.180728358353015 ], [ -70.67231149656773, -34.179341453948723 ], [ -70.674391012665879, -34.179381611759446 ] ] ] } },
{ "type": "Feature", "properties": { "h3": "89b2c1c1863ffff", "acc_auto_m2_comercio": 44515.731275885606, "acc_auto_m2_departamento": 18974.479897149347, "acc_auto_n_deporte_y_recreacion": 3.7651496228972317, "acc_auto_n_educacion_y_cultura": 51.730188094550329, "acc_auto_m2_habitacional": 318258.23209890089, "acc_auto_m2_industria": 9848.6966063409091, "acc_auto_m2_oficina": 8207.3119924323255, "acc_auto_n_salud": 8.594920547294004, "acc_auto_n_paraderos": 48.367235237225927 }, "geometry": { "type": "Polygon", "coordinates": [ [ [ -70.773973459201741, -34.178453767151588 ], [ -70.775150033716827, -34.17988042671459 ], [ -70.774245544453493, -34.181268589914197 ], [ -70.772164488951958, -34.181230089741462 ], [ -70.77098795070745, -34.179803441299448 ], [ -70.77189243169255, -34.178415281909366 ], [ -70.773973459201741, -34.178453767151588 ] ] ] } },
{ "type": "Feature", "properties": { "h3": "89b2c1c0887ffff", "acc_auto_m2_comercio": 28419.597140168458, "acc_auto_m2_departamento": 66572.168678113259, "acc_auto_n_deporte_y_recreacion": 6.6325870806703744, "acc_auto_n_educacion_y_cultura": 33.133317286669673, "acc_auto_m2_habitacional": 185783.41988466453, "acc_auto_m2_industria": 1661.4790491475328, "acc_auto_m2_oficina": 3499.9880838541162, "acc_auto_n_salud": 6.6635116969174515, "acc_auto_n_paraderos": 43.994665155923997 }, "geometry": { "type": "Polygon", "coordinates": [ [ [ -70.696908259294815, -34.154528002515093 ], [ -70.698083614348761, -34.155955427300604 ], [ -70.697179282901857, -34.157343232282024 ], [ -70.695099604816406, -34.157303608643637 ], [ -70.693924286162186, -34.155876195050105 ], [ -70.694828609192342, -34.154488393903193 ], [ -70.696908259294815, -34.154528002515093 ] ] ] } },
{ "type": "Feature", "properties": { "h3": "89b2c1ce513ffff", "acc_auto_m2_comercio": 20796.674662979804, "acc_auto_m2_departamento": 13640.284696245337, "acc_auto_n_deporte_y_recreacion": 10.281814723893083, "acc_auto_n_educacion_y_cultura": 20.12050333891429, "acc_auto_m2_habitacional": 61624.971008039589, "acc_auto_m2_industria": 1283.8558739234138, "acc_auto_m2_oficina": 3007.6445514532579, "acc_auto_n_salud": 20.271756628494522, "acc_auto_n_paraderos": 9.415861049415831 }, "geometry": { "type": "Polygon", "coordinates": [ [ [ -70.707214724540904, -34.196863328417017 ], [ -70.708390430293633, -34.198289949555054 ], [ -70.707485933372965, -34.199676829361316 ], [ -70.70540573909912, -34.19963708421475 ], [ -70.70423006974049, -34.19821047424503 ], [ -70.705134558260269, -34.196823598253737 ], [ -70.707214724540904, -34.196863328417017 ] ] ] } },
{ "type": "Feature", "properties": { "h3": "89b2c1c050fffff", "acc_auto_m2_comercio": 454.95195651720422, "acc_auto_m2_departamento": 562.5446286505213, "acc_auto_n_deporte_y_recreacion": 0.05066138668281174, "acc_auto_n_educacion_y_cultura": 0.39239037967185758, "acc_auto_m2_habitacional": 3832.972734220697, "acc_auto_m2_industria": 94.56695544186708, "acc_auto_m2_oficina": 56.949443801033702, "acc_auto_n_salud": 0.072927307135250363, "acc_auto_n_paraderos": 0.30652175869062337 }, "geometry": { "type": "Polygon", "coordinates": [ [ [ -70.721052116938012, -34.114222288376716 ], [ -70.722227625670214, -34.1156503295839 ], [ -70.721323420379122, -34.117039434571915 ], [ -70.719243714724598, -34.117000494506399 ], [ -70.718068242337594, -34.115572464486107 ], [ -70.71897243925855, -34.114183363344665 ], [ -70.721052116938012, -34.114222288376716 ] ] ] } },
{ "type": "Feature", "properties": { "h3": "89b2c1c7253ffff", "acc_auto_m2_comercio": 9356.1186805276593, "acc_auto_m2_departamento": 5648.8565865808832, "acc_auto_n_deporte_y_recreacion": 3.1927300933202227, "acc_auto_n_educacion_y_cultura": 11.744985025575, "acc_auto_m2_habitacional": 132180.51282853683, "acc_auto_m2_industria": 345.26450768627132, "acc_auto_m2_oficina": 1195.235444039299, "acc_auto_n_salud": 1.8622869092327212, "acc_auto_n_paraderos": 4.2382233430112999 }, "geometry": { "type": "Polygon", "coordinates": [ [ [ -70.669241666635642, -34.158212872127777 ], [ -70.670416641803527, -34.159640350829704 ], [ -70.669512322591089, -34.161027721594103 ], [ -70.667433036676627, -34.160987609818449 ], [ -70.666258097958334, -34.15956014232961 ], [ -70.667162408703561, -34.158172775403528 ], [ -70.669241666635642, -34.158212872127777 ] ] ] } },
{ "type": "Feature", "properties": { "h3": "89b2c1c1dd7ffff", "acc_auto_m2_comercio": 72322.558748521144, "acc_auto_m2_departamento": 63516.255803443382, "acc_auto_n_deporte_y_recreacion": 16.18533786563394, "acc_auto_n_educacion_y_cultura": 64.204200151790971, "acc_auto_m2_habitacional": 200942.59714452413, "acc_auto_m2_industria": 7865.3736669695163, "acc_auto_m2_oficina": 15767.588548463362, "acc_auto_n_salud": 27.29621499189113, "acc_auto_n_paraderos": 47.795027465292335 }, "geometry": { "type": "Polygon", "coordinates": [ [ [ -70.749814311795078, -34.154118511759613 ], [ -70.750990423763525, -34.155545713493083 ], [ -70.750086045625665, -34.156934183118103 ], [ -70.748005563838561, -34.156895447185533 ], [ -70.746829488176289, -34.155468256601367 ], [ -70.747733857993595, -34.154079790800658 ], [ -70.749814311795078, -34.154118511759613 ] ] ] } },
{ "type": "Feature", "properties": { "h3": "89b2c1c5613ffff", "acc_auto_m2_comercio": 37447.915953844276, "acc_auto_m2_departamento": 24643.82770975243, "acc_auto_n_deporte_y_recreacion": 7.4789790239448823, "acc_auto_n_educacion_y_cultura": 45.074550958025974, "acc_auto_m2_habitacional": 276226.87180525495, "acc_auto_m2_industria": 7418.30299056693, "acc_auto_m2_oficina": 3935.1632043558425, "acc_auto_n_salud": 10.267074301987735, "acc_auto_n_paraderos": 19.766920161000488 }, "geometry": { "type": "Polygon", "coordinates": [ [ [ -70.684426432027763, -34.18659680601035 ], [ -70.685601761317798, -34.188023710393317 ], [ -70.684697323325523, -34.189410563468883 ], [ -70.682617564483465, -34.189370508338101 ], [ -70.68144227162469, -34.187943615145649 ], [ -70.682346701175362, -34.18655676589367 ], [ -70.684426432027763, -34.18659680601035 ] ] ] } },
{ "type": "Feature", "properties": { "h3": "89b2c1c0a83ffff", "acc_auto_m2_comercio": 91577.257231738564, "acc_auto_m2_departamento": 110371.44778777522, "acc_auto_n_deporte_y_recreacion": 11.496398095562848, "acc_auto_n_educacion_y_cultura": 80.021246104377084, "acc_auto_m2_habitacional": 297906.9416581837, "acc_auto_m2_industria": 6507.3678213984576, "acc_auto_m2_oficina": 14947.535468284572, "acc_auto_n_salud": 25.298317579810618, "acc_auto_n_paraderos": 75.780906023372154 }, "geometry": { "type": "Polygon", "coordinates": [ [ [ -70.72268066337756, -34.163446489743066 ], [ -70.723856431014539, -34.164873642695142 ], [ -70.722952043058214, -34.16626154493207 ], [ -70.720871895834051, -34.166222290391339 ], [ -70.719696164553937, -34.164795148607176 ], [ -70.720600544139742, -34.16340725019603 ], [ -70.72268066337756, -34.163446489743066 ] ] ] } },
{ "type": "Feature", "properties": { "h3": "89b2c1c0393ffff", "acc_auto_m2_comercio": 38177.546098735002, "acc_auto_m2_departamento": 50787.537608139675, "acc_auto_n_deporte_y_recreacion": 5.1393002769250877, "acc_auto_n_educacion_y_cultura": 44.262210154332138, "acc_auto_m2_habitacional": 190128.34255230712, "acc_auto_m2_industria": 11004.507444499075, "acc_auto_m2_oficina": 4036.8466118733795, "acc_auto_n_salud": 5.1958249602876894, "acc_auto_n_paraderos": 39.9030993398082 }, "geometry": { "type": "Polygon", "coordinates": [ [ [ -70.741400090854526, -34.131472977238353 ], [ -70.742575973853761, -34.132900621277287 ], [ -70.741671686635897, -34.134289549519004 ], [ -70.739591524751788, -34.134250829886604 ], [ -70.738415678066886, -34.132823197011916 ], [ -70.739319956950439, -34.131434272605546 ], [ -70.741400090854526, -34.131472977238353 ] ] ] } },
{ "type": "Feature", "properties": { "h3": "89b2c1c1c5bffff", "acc_auto_m2_comercio": 17392.335146332902, "acc_auto_m2_departamento": 16720.125672577557, "acc_auto_n_deporte_y_recreacion": 1.0432498086532016, "acc_auto_n_educacion_y_cultura": 7.7665464458867275, "acc_auto_m2_habitacional": 42166.879488172191, "acc_auto_m2_industria": 6313.060211617214, "acc_auto_m2_oficina": 2258.4453875735048, "acc_auto_n_salud": 3.5407467314559757, "acc_auto_n_paraderos": 9.2542537434330097 }, "geometry": { "type": "Polygon", "coordinates": [ [ [ -70.780752809715906, -34.151879166728179 ], [ -70.781929353951369, -34.153306273183659 ], [ -70.781024956569809, -34.154695180733569 ], [ -70.778944023215558, -34.154656978009086 ], [ -70.777767515230835, -34.15322988267873 ], [ -70.778671904348286, -34.151840978947909 ], [ -70.780752809715906, -34.151879166728179 ] ] ] } },
{ "type": "Feature", "properties": { "h3": "89b2c1c0907ffff", "acc_auto_m2_comercio": 23240.236247286561, "acc_auto_m2_departamento": 14376.895987223128, "acc_auto_n_deporte_y_recreacion": 5.136287771134679, "acc_auto_n_educacion_y_cultura": 29.170033631727463, "acc_auto_m2_habitacional": 240291.91061564127, "acc_auto_m2_industria": 878.51655391058557, "acc_auto_m2_oficina": 2561.3804138703131, "acc_auto_n_salud": 4.8269234471668634, "acc_auto_n_paraderos": 11.530290070856536 }, "geometry": { "type": "Polygon", "coordinates": [ [ [ -70.67981729714198, -34.171059077160614 ], [ -70.680992485804666, -34.172486280000662 ], [ -70.680088109362686, -34.1738734624046 ], [ -70.678008552705592, -34.173833438137748 ], [ -70.676833400477676, -34.17240624649758 ], [ -70.677737768470735, -34.171019067924576 ], [ -70.67981729714198, -34.171059077160614 ] ] ] } },
{ "type": "Feature", "properties": { "h3": "89b2c1c1d93ffff", "acc_auto_m2_comercio": 117035.49700571052, "acc_auto_m2_departamento": 123078.2626954774, "acc_auto_n_deporte_y_recreacion": 25.680452841557244, "acc_auto_n_educacion_y_cultura": 112.35754766196237, "acc_auto_m2_habitacional": 337583.65535883926, "acc_auto_m2_industria": 13675.855452519678, "acc_auto_m2_oficina": 24343.675017026457, "acc_auto_n_salud": 42.528444198705998, "acc_auto_n_paraderos": 72.227223716744732 }, "geometry": { "type": "Polygon", "coordinates": [ [ [ -70.743301403308251, -34.151186500592772 ], [ -70.744477407910864, -34.152613783302264 ], [ -70.743573046419897, -34.154002245277432 ], [ -70.741492688657203, -34.153963420716487 ], [ -70.74031672037141, -34.152536149162614 ], [ -70.741221073530184, -34.151147691014259 ], [ -70.743301403308251, -34.151186500592772 ] ] ] } },
{ "type": "Feature", "properties": { "h3": "89b2c1c156bffff", "acc_auto_m2_comercio": 4085.7151294644236, "acc_auto_m2_departamento": 3731.5311087418318, "acc_auto_n_deporte_y_recreacion": 0.45318918228548155, "acc_auto_n_educacion_y_cultura": 1.7394153328907771, "acc_auto_m2_habitacional": 11862.926455450874, "acc_auto_m2_industria": 1184.6909471552638, "acc_auto_m2_oficina": 477.14800549976775, "acc_auto_n_salud": 0.73974999937352059, "acc_auto_n_paraderos": 1.9847815655330623 }, "geometry": { "type": "Polygon", "coordinates": [ [ [ -70.794318157861724, -34.131039757540421 ], [ -70.795494796360572, -34.132467177943575 ], [ -70.794590463782967, -34.133856770726098 ], [ -70.792509500943197, -34.133818939280673 ], [ -70.791332898664891, -34.13239152999914 ], [ -70.792237223004477, -34.13100194104161 ], [ -70.794318157861724, -34.131039757540421 ] ] ] } },
{ "type": "Feature", "properties": { "h3": "89b2c1ce593ffff", "acc_auto_m2_comercio": 58001.006109994538, "acc_auto_m2_departamento": 37079.014140429157, "acc_auto_n_deporte_y_recreacion": 10.467155170554994, "acc_auto_n_educacion_y_cultura": 56.480388679324349, "acc_auto_m2_habitacional": 176857.12632789192, "acc_auto_m2_industria": 4773.4606450490974, "acc_auto_m2_oficina": 8395.9125192357897, "acc_auto_n_salud": 55.918188646609579, "acc_auto_n_paraderos": 25.695350051088933 }, "geometry": { "type": "Polygon", "coordinates": [ [ [ -70.70341659959881, -34.189769506503666 ], [ -70.704592216840439, -34.19119627143499 ], [ -70.703687749560586, -34.19258328070989 ], [ -70.701607673445054, -34.192543521235038 ], [ -70.700432092602085, -34.191116767477688 ], [ -70.701336551474625, -34.189729762021408 ], [ -70.70341659959881, -34.189769506503666 ] ] ] } },
{ "type": "Feature", "properties": { "h3": "89b2c1c0153ffff", "acc_auto_m2_comercio": 28217.607000455264, "acc_auto_m2_departamento": 35375.984723197951, "acc_auto_n_deporte_y_recreacion": 4.1698060439555276, "acc_auto_n_educacion_y_cultura": 29.070954694324008, "acc_auto_m2_habitacional": 152984.86819348024, "acc_auto_m2_industria": 9095.512265846759, "acc_auto_m2_oficina": 3355.742039019618, "acc_auto_n_salud": 4.0130445123975385, "acc_auto_n_paraderos": 29.16467529996336 }, "geometry": { "type": "Polygon", "coordinates": [ [ [ -70.731904008084726, -34.129890237901428 ], [ -70.733079747386242, -34.131317951631779 ], [ -70.732175474578028, -34.132706801763717 ], [ -70.730095470818441, -34.1326679343276 ], [ -70.728919767847586, -34.131240231769752 ], [ -70.729824032304322, -34.12985138547571 ], [ -70.731904008084726, -34.129890237901428 ] ] ] } },
{ "type": "Feature", "properties": { "h3": "89b2c1c0e7bffff", "acc_auto_m2_comercio": 137395.36798976804, "acc_auto_m2_departamento": 141683.94860446453, "acc_auto_n_deporte_y_recreacion": 17.434844908496238, "acc_auto_n_educacion_y_cultura": 125.26955994278306, "acc_auto_m2_habitacional": 361728.01333491981, "acc_auto_m2_industria": 12089.211557843541, "acc_auto_m2_oficina": 29349.991182175836, "acc_auto_n_salud": 41.507440771447385, "acc_auto_n_paraderos": 79.996872356786639 }, "geometry": { "type": "Polygon", "coordinates": [ [ [ -70.73136286223901, -34.156584316504627 ], [ -70.732538721540323, -34.158011554580007 ], [ -70.731634350961869, -34.159399734779164 ], [ -70.729554129435016, -34.159360673076215 ], [ -70.728378306473232, -34.157933446164201 ], [ -70.729282668697422, -34.156545269791955 ], [ -70.73136286223901, -34.156584316504627 ] ] ] } },
{ "type": "Feature", "properties": { "h3": "89b2c1c56d7ffff", "acc_auto_m2_comercio": 39687.295292430194, "acc_auto_m2_departamento": 26006.565699915951, "acc_auto_n_deporte_y_recreacion": 7.6908149295350121, "acc_auto_n_educacion_y_cultura": 45.462317943781237, "acc_auto_m2_habitacional": 262391.91840160417, "acc_auto_m2_industria": 4704.7445047988549, "acc_auto_m2_oficina": 3948.8137400418645, "acc_auto_n_salud": 8.0588396119275085, "acc_auto_n_paraderos": 21.39250006453063 }, "geometry": { "type": "Polygon", "coordinates": [ [ [ -70.687139701333408, -34.182435909785134 ], [ -70.688315049681194, -34.183862876978033 ], [ -70.687410624496053, -34.185249867147434 ], [ -70.685330859398178, -34.185209886299305 ], [ -70.684155547475612, -34.183782930296225 ], [ -70.685059964224365, -34.182395943951647 ], [ -70.687139701333408, -34.182435909785134 ] ] ] } },
{ "type": "Feature", "properties": { "h3": "89b2c1c0b03ffff", "acc_auto_m2_comercio": 16821.45552247189, "acc_auto_m2_departamento": 11473.548268717956, "acc_auto_n_deporte_y_recreacion": 2.9347259889355883, "acc_auto_n_educacion_y_cultura": 16.778708445049244, "acc_auto_m2_habitacional": 114309.01269024776, "acc_auto_m2_industria": 873.06769144339648, "acc_auto_m2_oficina": 1630.0467694704043, "acc_auto_n_salud": 3.5685996508070508, "acc_auto_n_paraderos": 9.2181746252206604 }, "geometry": { "type": "Polygon", "coordinates": [ [ [ -70.705587613360905, -34.179979838599031 ], [ -70.706763214881548, -34.181406769628289 ], [ -70.705858781676355, -34.182794049269575 ], [ -70.703778755351834, -34.182754394059543 ], [ -70.70260319022313, -34.181327474206057 ], [ -70.703507615025643, -34.179940198387015 ], [ -70.705587613360905, -34.179979838599031 ] ] ] } },
{ "type": "Feature", "properties": { "h3": "89b2c1ce417ffff", "acc_auto_m2_comercio": 152215.11498127555, "acc_auto_m2_departamento": 85128.025313468956, "acc_auto_n_deporte_y_recreacion": 11.747104021984482, "acc_auto_n_educacion_y_cultura": 78.836474652043776, "acc_auto_m2_habitacional": 296842.29412079911, "acc_auto_m2_industria": 7673.6988844686502, "acc_auto_m2_oficina": 18402.204217965224, "acc_auto_n_salud": 66.807643784163588, "acc_auto_n_paraderos": 54.879051552265118 }, "geometry": { "type": "Polygon", "coordinates": [ [ [ -70.725123323762176, -34.18877772869228 ], [ -70.72629924776038, -34.190204416799808 ], [ -70.725394764261111, -34.191591719348601 ], [ -70.723314365130108, -34.191552329975266 ], [ -70.722138477491995, -34.190125653024516 ], [ -70.723042952623445, -34.18873835429055 ], [ -70.725123323762176, -34.18877772869228 ] ] ] } },
{ "type": "Feature", "properties": { "h3": "89b2c1ce4cfffff", "acc_auto_m2_comercio": 178247.00651314107, "acc_auto_m2_departamento": 99659.748998937284, "acc_auto_n_deporte_y_recreacion": 14.433560253559671, "acc_auto_n_educacion_y_cultura": 110.31365596007187, "acc_auto_m2_habitacional": 402003.55844639515, "acc_auto_m2_industria": 19182.742767123687, "acc_auto_m2_oficina": 29335.582427222675, "acc_auto_n_salud": 45.218845247997223, "acc_auto_n_paraderos": 71.836024538003556 }, "geometry": { "type": "Polygon", "coordinates": [ [ [ -70.734349609973691, -34.187547412656343 ], [ -70.735525660394799, -34.188974082547567 ], [ -70.734621173058486, -34.190361529818198 ], [ -70.732540643650651, -34.190322303384285 ], [ -70.731364629572951, -34.18889564464282 ], [ -70.732269108558313, -34.187508201185715 ], [ -70.734349609973691, -34.187547412656343 ] ] ] } },
{ "type": "Feature", "properties": { "h3": "89b2c1c555bffff", "acc_auto_m2_comercio": 7446.3629249649348, "acc_auto_m2_departamento": 4953.5657197475402, "acc_auto_n_deporte_y_recreacion": 2.4286608798062042, "acc_auto_n_educacion_y_cultura": 12.133359772829344, "acc_auto_m2_habitacional": 85209.672318848359, "acc_auto_m2_industria": 2012.5750122523598, "acc_auto_m2_oficina": 1130.2677950095247, "acc_auto_n_salud": 3.4688033242063767, "acc_auto_n_paraderos": 2.2514725216974609 }, "geometry": { "type": "Polygon", "coordinates": [ [ [ -70.65350432029193, -34.188806113914467 ], [ -70.65467921556187, -34.190233112710253 ], [ -70.653774798493586, -34.191619527714089 ], [ -70.651695494651875, -34.191578940093706 ], [ -70.650520635868332, -34.190151952512686 ], [ -70.651425044438724, -34.188765541337482 ], [ -70.65350432029193, -34.188806113914467 ] ] ] } },
{ "type": "Feature", "properties": { "h3": "89b2c1c1963ffff", "acc_auto_m2_comercio": 96997.054053675136, "acc_auto_m2_departamento": 46490.147656721369, "acc_auto_n_deporte_y_recreacion": 7.4129045206366238, "acc_auto_n_educacion_y_cultura": 69.71491657560577, "acc_auto_m2_habitacional": 259709.64936720973, "acc_auto_m2_industria": 14787.944700793369, "acc_auto_m2_oficina": 19668.629654644024, "acc_auto_n_salud": 20.98187726448559, "acc_auto_n_paraderos": 48.271507444881856 }, "geometry": { "type": "Polygon", "coordinates": [ [ [ -70.753075564280579, -34.187898761041524 ], [ -70.75425188478215, -34.189325342717105 ], [ -70.753347379302596, -34.190713012777479 ], [ -70.751266561637038, -34.190674097352741 ], [ -70.750090277445835, -34.189247526811648 ], [ -70.750994774608486, -34.187859860560991 ], [ -70.753075564280579, -34.187898761041524 ] ] ] } },
{ "type": "Feature", "properties": { "h3": "89b2c1c0987ffff", "acc_auto_m2_comercio": 9586.6404309038899, "acc_auto_m2_departamento": 6850.0517885051122, "acc_auto_n_deporte_y_recreacion": 2.1762794559721552, "acc_auto_n_educacion_y_cultura": 11.504188781876652, "acc_auto_m2_habitacional": 95552.039866436127, "acc_auto_m2_industria": 342.03963313628719, "acc_auto_m2_oficina": 1057.7476943332181, "acc_auto_n_salud": 1.8533237358140044, "acc_auto_n_paraderos": 4.2665725576832667 }, "geometry": { "type": "Polygon", "coordinates": [ [ [ -70.67602112009186, -34.163962626459373 ], [ -70.677196220228851, -34.165389972860375 ], [ -70.676291873478405, -34.166777284678226 ], [ -70.674212435044922, -34.166737246260617 ], [ -70.673037371347277, -34.165309911065108 ], [ -70.673941709642435, -34.163922603081907 ], [ -70.67602112009186, -34.163962626459373 ] ] ] } },
{ "type": "Feature", "properties": { "h3": "89b2c1c0297ffff", "acc_auto_m2_comercio": 17049.237693078987, "acc_auto_m2_departamento": 21838.66420937924, "acc_auto_n_deporte_y_recreacion": 3.0076966055778183, "acc_auto_n_educacion_y_cultura": 14.674577725421026, "acc_auto_m2_habitacional": 58044.697310356409, "acc_auto_m2_industria": 6780.7105982740795, "acc_auto_m2_oficina": 2178.4736584582652, "acc_auto_n_salud": 2.9428150616541249, "acc_auto_n_paraderos": 9.7666603008774757 }, "geometry": { "type": "Polygon", "coordinates": [ [ [ -70.759307233953692, -34.123368934676833 ], [ -70.760483334719765, -34.124796645660744 ], [ -70.75957906126196, -34.12618599651308 ], [ -70.757498695337915, -34.126147632546548 ], [ -70.756322630852111, -34.124719932715294 ], [ -70.757226896008731, -34.123330585698106 ], [ -70.759307233953692, -34.123368934676833 ] ] ] } },
{ "type": "Feature", "properties": { "h3": "89b2c1c0843ffff", "acc_auto_m2_comercio": 110307.96918047706, "acc_auto_m2_departamento": 144065.34670251069, "acc_auto_n_deporte_y_recreacion": 19.813366989827308, "acc_auto_n_educacion_y_cultura": 105.43654181163326, "acc_auto_m2_habitacional": 452842.55981759011, "acc_auto_m2_industria": 6719.13756369159, "acc_auto_m2_oficina": 15721.246361559992, "acc_auto_n_salud": 28.871491411847529, "acc_auto_n_paraderos": 117.6191665322838 }, "geometry": { "type": "Polygon", "coordinates": [ [ [ -70.713184755071623, -34.161862101752348 ], [ -70.714360378881096, -34.163289324438018 ], [ -70.713456005437777, -34.164677148573276 ], [ -70.711376016571293, -34.164637746194785 ], [ -70.710200429135014, -34.163210534685291 ], [ -70.711104794190661, -34.161822714378296 ], [ -70.713184755071623, -34.161862101752348 ] ] ] } },
{ "type": "Feature", "properties": { "h3": "89b2c1c0b83ffff", "acc_auto_m2_comercio": 70343.696893472297, "acc_auto_m2_departamento": 60761.917739810939, "acc_auto_n_deporte_y_recreacion": 8.2422377009518382, "acc_auto_n_educacion_y_cultura": 59.34258183868581, "acc_auto_m2_habitacional": 240947.8484692061, "acc_auto_m2_industria": 2892.3690634091063, "acc_auto_m2_oficina": 7943.1394182434078, "acc_auto_n_salud": 19.438015385970363, "acc_auto_n_paraderos": 38.179977704125321 }, "geometry": { "type": "Polygon", "coordinates": [ [ [ -70.70178984160701, -34.172884377522507 ], [ -70.702965354626812, -34.174311452258706 ], [ -70.702060951061725, -34.175698861338269 ], [ -70.699981042884602, -34.17565919185585 ], [ -70.69880556626137, -34.17423212830105 ], [ -70.699709961417341, -34.172844723047426 ], [ -70.70178984160701, -34.172884377522507 ] ] ] } },
{ "type": "Feature", "properties": { "h3": "89b2c1c080bffff", "acc_auto_m2_comercio": 111985.22801023777, "acc_auto_m2_departamento": 167426.26205466615, "acc_auto_n_deporte_y_recreacion": 18.476733818260268, "acc_auto_n_educacion_y_cultura": 112.69123423562664, "acc_auto_m2_habitacional": 520144.21144038573, "acc_auto_m2_industria": 6261.3975679880677, "acc_auto_m2_oficina": 13856.611971596623, "acc_auto_n_salud": 26.665197569311299, "acc_auto_n_paraderos": 130.92726144099638 }, "geometry": { "type": "Polygon", "coordinates": [ [ [ -70.706944968715206, -34.161743836095823 ], [ -70.7081205024041, -34.163171088039704 ], [ -70.707216135125137, -34.16455883789704 ], [ -70.705136242554929, -34.164519331981133 ], [ -70.703960745250214, -34.163092091218502 ], [ -70.704865104130178, -34.161704345190714 ], [ -70.706944968715206, -34.161743836095823 ] ] ] } },
{ "type": "Feature", "properties": { "h3": "89b2c1c5417ffff", "acc_auto_m2_comercio": 20378.014219127275, "acc_auto_m2_departamento": 14028.754648642071, "acc_auto_n_deporte_y_recreacion": 8.586654260430171, "acc_auto_n_educacion_y_cultura": 39.476511285525817, "acc_auto_m2_habitacional": 279543.79598656012, "acc_auto_m2_industria": 1881.9637766396495, "acc_auto_m2_oficina": 4291.5662464800753, "acc_auto_n_salud": 4.8413514571812124, "acc_auto_n_paraderos": 4.3038473101951622 }, "geometry": { "type": "Polygon", "coordinates": [ [ [ -70.658660159932992, -34.17767260680148 ], [ -70.659835076071587, -34.17909978278584 ], [ -70.658930695150303, -34.180486538610261 ], [ -70.656851406576806, -34.18044611461827 ], [ -70.655676526912202, -34.179018949848526 ], [ -70.656580899345755, -34.177632197856376 ], [ -70.658660159932992, -34.17767260680148 ] ] ] } },
{ "type": "Feature", "properties": { "h3": "89b2c1c5067ffff", "acc_auto_m2_comercio": 1922.9721292931927, "acc_auto_m2_departamento": 1496.3499213140519, "acc_auto_n_deporte_y_recreacion": 0.37735477289619118, "acc_auto_n_educacion_y_cultura": 2.1746155577216268, "acc_auto_m2_habitacional": 28328.712514759707, "acc_auto_m2_industria": 712.88998754959005, "acc_auto_m2_oficina": 212.45473456299663, "acc_auto_n_salud": 0.89832555959085714, "acc_auto_n_paraderos": 0.74155112627608832 }, "geometry": { "type": "Polygon", "coordinates": [ [ [ -70.664620507892749, -34.207273779533999 ], [ -70.665795651509612, -34.208700399053413 ], [ -70.664891155853383, -34.210086492314694 ], [ -70.662811525057947, -34.210045962237928 ], [ -70.661636417913371, -34.208619353917534 ], [ -70.662540905090594, -34.207233264475093 ], [ -70.664620507892749, -34.207273779533999 ] ] ] } },
{ "type": "Feature", "properties": { "h3": "89b2c1ce497ffff", "acc_auto_m2_comercio": 134627.54981882247, "acc_auto_m2_departamento": 97511.756376175312, "acc_auto_n_deporte_y_recreacion": 14.457396242392937, "acc_auto_n_educacion_y_cultura": 92.401551304602847, "acc_auto_m2_habitacional": 329563.8324538843, "acc_auto_m2_industria": 6150.2845745610675, "acc_auto_m2_oficina": 18276.090010017597, "acc_auto_n_salud": 62.696574936805092, "acc_auto_n_paraderos": 61.38098805982149 }, "geometry": { "type": "Polygon", "coordinates": [ [ [ -70.721324312368779, -34.181683216080081 ], [ -70.722500147883551, -34.183110048014768 ], [ -70.721595693985918, -34.184497480023857 ], [ -70.719515412946365, -34.184458076279959 ], [ -70.718339613796289, -34.183031255507693 ], [ -70.71924405931972, -34.181643827317096 ], [ -70.721324312368779, -34.181683216080081 ] ] ] } },
{ "type": "Feature", "properties": { "h3": "89b2c1c73cfffff", "acc_auto_m2_comercio": 11792.628298990923, "acc_auto_m2_departamento": 10313.290335713224, "acc_auto_n_deporte_y_recreacion": 4.6320134880750787, "acc_auto_n_educacion_y_cultura": 23.636569510111521, "acc_auto_m2_habitacional": 236847.13102757369, "acc_auto_m2_industria": 805.60577077293499, "acc_auto_m2_oficina": 1975.2478360863038, "acc_auto_n_salud": 2.2193227203658004, "acc_auto_n_paraderos": 2.8385902218352528 }, "geometry": { "type": "Polygon", "coordinates": [ [ [ -70.645103677962041, -34.166173088127628 ], [ -70.646278344017176, -34.167600528623424 ], [ -70.645374018332802, -34.168987402354873 ], [ -70.64329503510352, -34.168946831751057 ], [ -70.642120405542826, -34.167519402485041 ], [ -70.643024722715637, -34.166132532593274 ], [ -70.645103677962041, -34.166173088127628 ] ] ] } },
{ "type": "Feature", "properties": { "h3": "89b2c1c0bbbffff", "acc_auto_m2_comercio": 49247.945313675074, "acc_auto_m2_departamento": 32603.863116801855, "acc_auto_n_deporte_y_recreacion": 6.6609269528826101, "acc_auto_n_educacion_y_cultura": 44.706390063622017, "acc_auto_m2_habitacional": 207993.13489203426, "acc_auto_m2_industria": 2227.2932730222924, "acc_auto_m2_oficina": 5106.478088519415, "acc_auto_n_salud": 11.900138381062515, "acc_auto_n_paraderos": 24.898346908735185 }, "geometry": { "type": "Polygon", "coordinates": [ [ [ -70.699076637109727, -34.177046530481391 ], [ -70.700252131101806, -34.178473542414253 ], [ -70.699347714707798, -34.179860814409807 ], [ -70.697267812734722, -34.179821070647947 ], [ -70.69609235514524, -34.17839406989718 ], [ -70.696996763124886, -34.177006801726364 ], [ -70.699076637109727, -34.177046530481391 ] ] ] } },
{ "type": "Feature", "properties": { "h3": "89b2c1ca527ffff", "acc_auto_m2_comercio": 62.86289158510413, "acc_auto_m2_departamento": 19.301865248601359, "acc_auto_n_deporte_y_recreacion": 0.032831647986809279, "acc_auto_n_educacion_y_cultura": 0.0089685389713369586, "acc_auto_m2_habitacional": 1396.492630482232, "acc_auto_m2_industria": 23.87752628413282, "acc_auto_m2_oficina": 2.6072134911881086, "acc_auto_n_salud": 0.0040874702516188162, "acc_auto_n_paraderos": 0.010683194745663196 }, "geometry": { "type": "Polygon", "coordinates": [ [ [ -70.845089105141341, -34.140388741524802 ], [ -70.846266513661021, -34.141815770877734 ], [ -70.845362103054597, -34.143205757791229 ], [ -70.843280292073302, -34.143168711541051 ], [ -70.842102919686837, -34.141741693265367 ], [ -70.843007322147059, -34.140351710162811 ], [ -70.845089105141341, -34.140388741524802 ] ] ] } },
{ "type": "Feature", "properties": { "h3": "89b2c1c1d5bffff", "acc_auto_m2_comercio": 93489.953228555125, "acc_auto_m2_departamento": 49734.495792085734, "acc_auto_n_deporte_y_recreacion": 6.7960833942271597, "acc_auto_n_educacion_y_cultura": 54.377759041571068, "acc_auto_m2_habitacional": 247976.32325016212, "acc_auto_m2_industria": 19429.751161319873, "acc_auto_m2_oficina": 20121.753030710835, "acc_auto_n_salud": 34.159239473727283, "acc_auto_n_paraderos": 62.485875767384641 }, "geometry": { "type": "Polygon", "coordinates": [ [ [ -70.75985641198308, -34.161331453661752 ], [ -70.761032702344011, -34.162758482201042 ], [ -70.760128288669691, -34.164146896668086 ], [ -70.758047592935867, -34.164108278776709 ], [ -70.756871338865466, -34.162681261376029 ], [ -70.757775744237009, -34.161292850728294 ], [ -70.75985641198308, -34.161331453661752 ] ] ] } },
{ "type": "Feature", "properties": { "h3": "89b2c1c1b97ffff", "acc_auto_m2_comercio": 53555.356295627651, "acc_auto_m2_departamento": 25221.461937230244, "acc_auto_n_deporte_y_recreacion": 4.7064683142011106, "acc_auto_n_educacion_y_cultura": 52.103128643722194, "acc_auto_m2_habitacional": 298234.91302727076, "acc_auto_m2_industria": 13134.846774313502, "acc_auto_m2_oficina": 11505.107618003934, "acc_auto_n_salud": 10.29415281522061, "acc_auto_n_paraderos": 57.086412336914364 }, "geometry": { "type": "Polygon", "coordinates": [ [ [ -70.765017028590179, -34.182502400287056 ], [ -70.766193494276422, -34.183929026481294 ], [ -70.765288998033213, -34.185316978340005 ], [ -70.763208044397189, -34.185278300195094 ], [ -70.762031614998591, -34.183851685127635 ], [ -70.762936102946981, -34.182463737078521 ], [ -70.765017028590179, -34.182502400287056 ] ] ] } },
{ "type": "Feature", "properties": { "h3": "89b2c1c55dbffff", "acc_auto_m2_comercio": 17077.188175075495, "acc_auto_m2_departamento": 14468.616232348437, "acc_auto_n_deporte_y_recreacion": 8.0641388591337186, "acc_auto_n_educacion_y_cultura": 41.622206015567166, "acc_auto_m2_habitacional": 228237.49850300679, "acc_auto_m2_industria": 1799.5756273583702, "acc_auto_m2_oficina": 3380.1048429499701, "acc_auto_n_salud": 5.4048022888843557, "acc_auto_n_paraderos": 3.5011805207667495 }, "geometry": { "type": "Polygon", "coordinates": [ [ [ -70.649709357518617, -34.181711246829039 ], [ -70.650884164218283, -34.183138389163751 ], [ -70.649979776900423, -34.184524933604209 ], [ -70.647900591385849, -34.184484331877805 ], [ -70.646725821177156, -34.1830572007635 ], [ -70.647630199990729, -34.181670660155362 ], [ -70.649709357518617, -34.181711246829039 ] ] ] } },
{ "type": "Feature", "properties": { "h3": "89b2c1c0a07ffff", "acc_auto_m2_comercio": 165396.05480398293, "acc_auto_m2_departamento": 102883.92490781914, "acc_auto_n_deporte_y_recreacion": 13.664575324335765, "acc_auto_n_educacion_y_cultura": 105.69917172729107, "acc_auto_m2_habitacional": 373659.01290039055, "acc_auto_m2_industria": 7487.7835364422754, "acc_auto_m2_oficina": 19187.911535079878, "acc_auto_n_salud": 39.557628197016641, "acc_auto_n_paraderos": 76.370985686413121 }, "geometry": { "type": "Polygon", "coordinates": [ [ [ -70.723494822689645, -34.171891300535343 ], [ -70.724670642443002, -34.1733182985787 ], [ -70.723766222640904, -34.174706000936972 ], [ -70.721685991453683, -34.174666701429956 ], [ -70.720510208058258, -34.173239714550796 ], [ -70.721414619490773, -34.17185201601464 ], [ -70.723494822689645, -34.171891300535343 ] ] ] } },
{ "type": "Feature", "properties": { "h3": "89b2c1ce693ffff", "acc_auto_m2_comercio": 74523.880095706831, "acc_auto_m2_departamento": 41446.992646206032, "acc_auto_n_deporte_y_recreacion": 6.0401551329928678, "acc_auto_n_educacion_y_cultura": 49.649170005087903, "acc_auto_m2_habitacional": 184489.98714124612, "acc_auto_m2_industria": 6557.946876854774, "acc_auto_m2_oficina": 12502.728908002178, "acc_auto_n_salud": 16.358219738529101, "acc_auto_n_paraderos": 34.816020398617958 }, "geometry": { "type": "Polygon", "coordinates": [ [ [ -70.747105022339554, -34.190596162815233 ], [ -70.74828127021469, -34.192022722219932 ], [ -70.747376760147048, -34.193410251376633 ], [ -70.745296010530851, -34.193371217319097 ], [ -70.744119798977465, -34.191944669052731 ], [ -70.745024300717162, -34.190557143705782 ], [ -70.747105022339554, -34.190596162815233 ] ] ] } },
{ "type": "Feature", "properties": { "h3": "89b2c1c0317ffff", "acc_auto_m2_comercio": 76108.45488760923, "acc_auto_m2_departamento": 112322.24509241288, "acc_auto_n_deporte_y_recreacion": 12.270596371119728, "acc_auto_n_educacion_y_cultura": 81.62532249250927, "acc_auto_m2_habitacional": 243401.93313473227, "acc_auto_m2_industria": 12317.008992761748, "acc_auto_m2_oficina": 11159.881236512671, "acc_auto_n_salud": 17.415377834133398, "acc_auto_n_paraderos": 48.09335992966713 }, "geometry": { "type": "Polygon", "coordinates": [ [ [ -70.742214898481151, -34.139922339447118 ], [ -70.743390833593423, -34.141349828656999 ], [ -70.74248651454549, -34.142738557081891 ], [ -70.740406268717337, -34.1426997924654 ], [ -70.739230369920463, -34.141272314416092 ], [ -70.740134680634995, -34.139883589822887 ], [ -70.742214898481151, -34.139922339447118 ] ] ] } },
{ "type": "Feature", "properties": { "h3": "89b2c1c1867ffff", "acc_auto_m2_comercio": 50581.371581589396, "acc_auto_m2_departamento": 23368.580981886669, "acc_auto_n_deporte_y_recreacion": 4.5322762753780523, "acc_auto_n_educacion_y_cultura": 65.344768874743579, "acc_auto_m2_habitacional": 343538.00017641264, "acc_auto_m2_industria": 12414.09307561783, "acc_auto_m2_oficina": 10020.99861929824, "acc_auto_n_salud": 10.154828329688643, "acc_auto_n_paraderos": 58.949360319882807 }, "geometry": { "type": "Polygon", "coordinates": [ [ [ -70.77098795070745, -34.179803441299448 ], [ -70.772164488951958, -34.181230089741462 ], [ -70.771259997356978, -34.182618182494849 ], [ -70.769178975799917, -34.18257962299689 ], [ -70.7680024738317, -34.181152985677805 ], [ -70.768906957142889, -34.179764896733964 ], [ -70.77098795070745, -34.179803441299448 ] ] ] } },
{ "type": "Feature", "properties": { "h3": "89b2c1c088bffff", "acc_auto_m2_comercio": 55622.043314153154, "acc_auto_m2_departamento": 113507.16267525482, "acc_auto_n_deporte_y_recreacion": 11.051112176285189, "acc_auto_n_educacion_y_cultura": 62.208844015979523, "acc_auto_m2_habitacional": 332166.15764270874, "acc_auto_m2_industria": 3199.2475993155963, "acc_auto_m2_oficina": 6776.5481419673615, "acc_auto_n_salud": 12.688554040827359, "acc_auto_n_paraderos": 80.525018033026157 }, "geometry": { "type": "Polygon", "coordinates": [ [ [ -70.703147402329662, -34.154646621368897 ], [ -70.704322847532467, -34.156074016938938 ], [ -70.703418509886433, -34.15746189620257 ], [ -70.70133873544161, -34.157422376063174 ], [ -70.70016332662756, -34.155994991680032 ], [ -70.701067655868201, -34.154607116249601 ], [ -70.703147402329662, -34.154646621368897 ] ] ] } },
{ "type": "Feature", "properties": { "h3": "89b2c1ca5a7ffff", "acc_auto_m2_comercio": 1220.0058888004532, "acc_auto_m2_departamento": 237.50810192143609, "acc_auto_n_deporte_y_recreacion": 0.40399113224898575, "acc_auto_n_educacion_y_cultura": 0.11033147495252354, "acc_auto_m2_habitacional": 1955.4203065806623, "acc_auto_m2_industria": 293.81129094425347, "acc_auto_m2_oficina": 32.08117378699172, "acc_auto_n_salud": 0.050296035570586477, "acc_auto_n_paraderos": 0.13145596416819774 }, "geometry": { "type": "Polygon", "coordinates": [ [ [ -70.84128408245428, -34.133290178967314 ], [ -70.842461402672868, -34.13471735240131 ], [ -70.841557021406231, -34.13610746872849 ], [ -70.839475328072325, -34.136070407807196 ], [ -70.838298043991614, -34.134643245456061 ], [ -70.839202417105582, -34.133253132943537 ], [ -70.84128408245428, -34.133290178967314 ] ] ] } },
{ "type": "Feature", "properties": { "h3": "89b2c1c1ddbffff", "acc_auto_m2_comercio": 64662.943404963182, "acc_auto_m2_departamento": 39872.445706242157, "acc_auto_n_deporte_y_recreacion": 6.5283066154861737, "acc_auto_n_educacion_y_cultura": 33.246617455600337, "acc_auto_m2_habitacional": 150403.76141359122, "acc_auto_m2_industria": 14350.239225363706, "acc_auto_m2_oficina": 13651.06528839016, "acc_auto_n_salud": 23.971388260372116, "acc_auto_n_paraderos": 44.122439794682556 }, "geometry": { "type": "Polygon", "coordinates": [ [ [ -70.756055865201176, -34.154234467405864 ], [ -70.75723206714089, -34.155661639782373 ], [ -70.756327682989266, -34.157050183672467 ], [ -70.754247105205764, -34.15701155136324 ], [ -70.753070939561198, -34.155584390130969 ], [ -70.753975315403622, -34.154195850063886 ], [ -70.756055865201176, -34.154234467405864 ] ] ] } },
{ "type": "Feature", "properties": { "h3": "89b2c1c565bffff", "acc_auto_m2_comercio": 42632.592866584084, "acc_auto_m2_departamento": 26985.488308000684, "acc_auto_n_deporte_y_recreacion": 7.5448023267501982, "acc_auto_n_educacion_y_cultura": 41.155638612877816, "acc_auto_m2_habitacional": 123153.4147591817, "acc_auto_m2_industria": 3084.1812157348986, "acc_auto_m2_oficina": 6301.4305899230976, "acc_auto_n_salud": 40.817993672610875, "acc_auto_n_paraderos": 18.746347486377147 }, "geometry": { "type": "Polygon", "coordinates": [ [ [ -70.697176551601572, -34.189650169488992 ], [ -70.698352078669444, -34.19107696371308 ], [ -70.697447617589575, -34.192463898711068 ], [ -70.695367637859135, -34.192424035665297 ], [ -70.694192147200908, -34.190997252620306 ], [ -70.69509659986214, -34.189610321442181 ], [ -70.697176551601572, -34.189650169488992 ] ] ] } },
{ "type": "Feature", "properties": { "h3": "89b2c1c0a87ffff", "acc_auto_m2_comercio": 129363.66520080192, "acc_auto_m2_departamento": 126907.23637703485, "acc_auto_n_deporte_y_recreacion": 15.396176245107071, "acc_auto_n_educacion_y_cultura": 108.5155068873426, "acc_auto_m2_habitacional": 405141.14453963737, "acc_auto_m2_industria": 7614.2615120376167, "acc_auto_m2_oficina": 20895.419361727236, "acc_auto_n_salud": 36.403070336199313, "acc_auto_n_paraderos": 101.60466337913907 }, "geometry": { "type": "Polygon", "coordinates": [ [ [ -70.719696164553937, -34.164795148607176 ], [ -70.720871895834051, -34.166222290391339 ], [ -70.719967505632866, -34.167610122179433 ], [ -70.717887392526237, -34.167570808357766 ], [ -70.716711697608673, -34.166143677743449 ], [ -70.717616079433839, -34.164755849781145 ], [ -70.719696164553937, -34.164795148607176 ] ] ] } },
{ "type": "Feature", "properties": { "h3": "89b2c1c1373ffff", "acc_auto_m2_comercio": 4240.0940632713682, "acc_auto_m2_departamento": 2953.8187585775313, "acc_auto_n_deporte_y_recreacion": 0.24385934826995498, "acc_auto_n_educacion_y_cultura": 6.422661106908734, "acc_auto_m2_habitacional": 18785.18576033819, "acc_auto_m2_industria": 1582.8638465452461, "acc_auto_m2_oficina": 828.15700840044826, "acc_auto_n_salud": 0.70852901441340055, "acc_auto_n_paraderos": 3.3825849183195236 }, "geometry": { "type": "Polygon", "coordinates": [ [ [ -70.815501270441402, -34.156728620286167 ], [ -70.816678334759658, -34.15815548706265 ], [ -70.815773889267689, -34.159544703054962 ], [ -70.813692387657312, -34.159507048460789 ], [ -70.812515359529598, -34.158080192779579 ], [ -70.813419796820384, -34.15669098059746 ], [ -70.815501270441402, -34.156728620286167 ] ] ] } },
{ "type": "Feature", "properties": { "h3": "89b2c1c0397ffff", "acc_auto_m2_comercio": 64087.504854675055, "acc_auto_m2_departamento": 85140.167729900582, "acc_auto_n_deporte_y_recreacion": 8.2298444236948374, "acc_auto_n_educacion_y_cultura": 67.950632102750347, "acc_auto_m2_habitacional": 250003.79458938536, "acc_auto_m2_industria": 15425.562567644212, "acc_auto_m2_oficina": 6872.4978558922649, "acc_auto_n_salud": 9.0095266460665986, "acc_auto_n_paraderos": 53.614653489091481 }, "geometry": { "type": "Polygon", "coordinates": [ [ [ -70.738415678066886, -34.132823197011916 ], [ -70.739591524751788, -34.134250829886604 ], [ -70.738687235258126, -34.135639687690521 ], [ -70.736607107418052, -34.135600908784575 ], [ -70.735431297053182, -34.134173287076067 ], [ -70.736335578207019, -34.132784433107531 ], [ -70.738415678066886, -34.132823197011916 ] ] ] } },
{ "type": "Feature", "properties": { "h3": "89b2c1c3263ffff", "acc_auto_m2_comercio": 140.45569418872523, "acc_auto_m2_departamento": 135.88763762073398, "acc_auto_n_deporte_y_recreacion": 0.018570315070642888, "acc_auto_n_educacion_y_cultura": 4.090586478141141, "acc_auto_m2_habitacional": 2534.0598547317281, "acc_auto_m2_industria": 50.630020927117435, "acc_auto_m2_oficina": 77.50856282862226, "acc_auto_n_salud": 0.018133425932572084, "acc_auto_n_paraderos": 0.060870449021825153 }, "geometry": { "type": "Polygon", "coordinates": [ [ [ -70.8100503184736, -34.100382121745326 ], [ -70.811227035134934, -34.101810022029021 ], [ -70.810322801642968, -34.103200570126674 ], [ -70.808241859695656, -34.103163214106324 ], [ -70.807065179217943, -34.10173532494246 ], [ -70.807969404502586, -34.100344780679322 ], [ -70.8100503184736, -34.100382121745326 ] ] ] } },
{ "type": "Feature", "properties": { "h3": "89b2c1c090bffff", "acc_auto_m2_comercio": 50156.681415946019, "acc_auto_m2_departamento": 31613.899158684751, "acc_auto_n_deporte_y_recreacion": 10.045133812897065, "acc_auto_n_educacion_y_cultura": 61.18030514604289, "acc_auto_m2_habitacional": 427120.02017792768, "acc_auto_m2_industria": 1945.9424233270026, "acc_auto_m2_oficina": 5128.192030617236, "acc_auto_n_salud": 10.278483827155506, "acc_auto_n_paraderos": 29.109110172569867 }, "geometry": { "type": "Polygon", "coordinates": [ [ [ -70.686056076143061, -34.17117889790083 ], [ -70.687231355023911, -34.172606071535363 ], [ -70.686326972322092, -34.17399332822454 ], [ -70.684247319175682, -34.173953407449666 ], [ -70.683072076718631, -34.172526245009884 ], [ -70.683976450982868, -34.171138992150418 ], [ -70.686056076143061, -34.17117889790083 ] ] ] } },
{ "type": "Feature", "properties": { "h3": "89b2c1c156fffff", "acc_auto_m2_comercio": 4400.3829555453594, "acc_auto_m2_departamento": 4094.0362964412307, "acc_auto_n_deporte_y_recreacion": 0.49868400976258909, "acc_auto_n_educacion_y_cultura": 1.8816515113689418, "acc_auto_m2_habitacional": 12604.949748867373, "acc_auto_m2_industria": 1289.5332372824582, "acc_auto_m2_oficina": 536.53945518490605, "acc_auto_n_salud": 0.83683774846161207, "acc_auto_n_paraderos": 2.209616372532655 }, "geometry": { "type": "Polygon", "coordinates": [ [ [ -70.791332898664891, -34.13239152999914 ], [ -70.792509500943197, -34.133818939280673 ], [ -70.791605166000537, -34.135208461632608 ], [ -70.789524237021766, -34.135170570878181 ], [ -70.788347670969713, -34.133743172720173 ], [ -70.789251997668828, -34.132353654193274 ], [ -70.791332898664891, -34.13239152999914 ] ] ] } },
{ "type": "Feature", "properties": { "h3": "89b2c1ce597ffff", "acc_auto_m2_comercio": 28994.727640169287, "acc_auto_m2_departamento": 17790.902659412946, "acc_auto_n_deporte_y_recreacion": 5.229944474353613, "acc_auto_n_educacion_y_cultura": 33.026377787122101, "acc_auto_m2_habitacional": 98511.946493600859, "acc_auto_m2_industria": 3096.9796196711468, "acc_auto_m2_oficina": 4093.1342612991102, "acc_auto_n_salud": 26.578347600162857, "acc_auto_n_paraderos": 12.311378064778133 }, "geometry": { "type": "Polygon", "coordinates": [ [ [ -70.700432092602085, -34.191116767477688 ], [ -70.701607673445054, -34.192543521235038 ], [ -70.700703203952358, -34.193930460051682 ], [ -70.698623162028184, -34.193890641292519 ], [ -70.697447617589575, -34.192463898711068 ], [ -70.698352078669444, -34.19107696371308 ], [ -70.700432092602085, -34.191116767477688 ] ] ] } },
{ "type": "Feature", "properties": { "h3": "89b2c1c56dbffff", "acc_auto_m2_comercio": 34085.601783985068, "acc_auto_m2_departamento": 22622.281779100937, "acc_auto_n_deporte_y_recreacion": 6.1503009848334544, "acc_auto_n_educacion_y_cultura": 37.908394468697665, "acc_auto_m2_habitacional": 202554.60550133255, "acc_auto_m2_industria": 2973.8060407917619, "acc_auto_m2_oficina": 3359.2496616678914, "acc_auto_n_salud": 7.0229985829495147, "acc_auto_n_paraderos": 18.441167363166379 }, "geometry": { "type": "Polygon", "coordinates": [ [ [ -70.693379105565555, -34.182555600236753 ], [ -70.694554544115391, -34.183982538179635 ], [ -70.693650112695465, -34.185369602630217 ], [ -70.691570251149429, -34.185329725314553 ], [ -70.69039484901387, -34.183902798556389 ], [ -70.691299272008749, -34.182515737929371 ], [ -70.693379105565555, -34.182555600236753 ] ] ] } },
{ "type": "Feature", "properties": { "h3": "89b2c1c0b07ffff", "acc_auto_m2_comercio": 19822.58318583787, "acc_auto_m2_departamento": 13520.552052677915, "acc_auto_n_deporte_y_recreacion": 3.4583125084271793, "acc_auto_n_educacion_y_cultura": 19.772209572387489, "acc_auto_m2_habitacional": 127395.95499519521, "acc_auto_m2_industria": 1028.8323098666663, "acc_auto_m2_oficina": 1920.8645554760635, "acc_auto_n_salud": 4.2052760143481143, "acc_auto_n_paraderos": 10.862795617531946 }, "geometry": { "type": "Polygon", "coordinates": [ [ [ -70.70260319022313, -34.181327474206057 ], [ -70.703778755351834, -34.182754394059543 ], [ -70.702874319930302, -34.184141603245443 ], [ -70.700794327786923, -34.184101888755755 ], [ -70.699618799055855, -34.182674980079945 ], [ -70.700523226069151, -34.181287774716331 ], [ -70.70260319022313, -34.181327474206057 ] ] ] } },
{ "type": "Feature", "properties": { "h3": "89b2c1c731bffff", "acc_auto_m2_comercio": 7430.72059551438, "acc_auto_m2_departamento": 6584.2138691850623, "acc_auto_n_deporte_y_recreacion": 2.9962830084668117, "acc_auto_n_educacion_y_cultura": 16.027507903955225, "acc_auto_m2_habitacional": 165146.29560076119, "acc_auto_m2_industria": 503.77702937684137, "acc_auto_m2_oficina": 1232.7228429432316, "acc_auto_n_salud": 1.3573515368895228, "acc_auto_n_paraderos": 1.7360993806131038 }, "geometry": { "type": "Polygon", "coordinates": [ [ [ -70.642120405542826, -34.167519402485041 ], [ -70.64329503510352, -34.168946831751057 ], [ -70.642390707304997, -34.170333635023248 ], [ -70.640311758461507, -34.170293005189954 ], [ -70.639137165400882, -34.168865587155636 ], [ -70.640041484682357, -34.167478787723141 ], [ -70.642120405542826, -34.167519402485041 ] ] ] } },
{ "type": "Feature", "properties": { "h3": "89b2c1c199bffff", "acc_auto_m2_comercio": 135305.11513189253, "acc_auto_m2_departamento": 41088.195926659741, "acc_auto_n_deporte_y_recreacion": 6.6549473242146657, "acc_auto_n_educacion_y_cultura": 80.532065335124855, "acc_auto_m2_habitacional": 239202.32270987553, "acc_auto_m2_industria": 19042.22361803356, "acc_auto_m2_oficina": 31655.074448464162, "acc_auto_n_salud": 32.003543884251435, "acc_auto_n_paraderos": 48.988090663820337 }, "geometry": { "type": "Polygon", "coordinates": [ [ [ -70.748459761041559, -34.172360021074283 ], [ -70.74963594096026, -34.173786901715872 ], [ -70.74873149686178, -34.175174901146242 ], [ -70.74665088116754, -34.175136016118195 ], [ -70.745474737562802, -34.173709146620439 ], [ -70.746379173337033, -34.172321151007083 ], [ -70.748459761041559, -34.172360021074283 ] ] ] } },
{ "type": "Feature", "properties": { "h3": "89b2c1c5593ffff", "acc_auto_m2_comercio": 4736.5228514528808, "acc_auto_m2_departamento": 4236.8108331237336, "acc_auto_n_deporte_y_recreacion": 2.477867557055633, "acc_auto_n_educacion_y_cultura": 9.8758791659834557, "acc_auto_m2_habitacional": 82072.316361308083, "acc_auto_m2_industria": 491.17690310435466, "acc_auto_m2_oficina": 928.55647436451477, "acc_auto_n_salud": 1.3816350430994391, "acc_auto_n_paraderos": 0.9199612472885107 }, "geometry": { "type": "Polygon", "coordinates": [ [ [ -70.636964651370661, -34.178653495074791 ], [ -70.638139259997061, -34.180080747215634 ], [ -70.63723489610382, -34.181467209692627 ], [ -70.635155932110038, -34.181426416192942 ], [ -70.633981359996085, -34.17999917528396 ], [ -70.634885715362145, -34.178612716642981 ], [ -70.636964651370661, -34.178653495074791 ] ] ] } },
{ "type": "Feature", "properties": { "h3": "89b2c1ce41bffff", "acc_auto_m2_comercio": 184382.32607204749, "acc_auto_m2_departamento": 97882.120208568842, "acc_auto_n_deporte_y_recreacion": 14.02730501673682, "acc_auto_n_educacion_y_cultura": 99.885373201305796, "acc_auto_m2_habitacional": 383125.42162230448, "acc_auto_m2_industria": 17639.59014352132, "acc_auto_m2_oficina": 24285.228028215446, "acc_auto_n_salud": 49.699670620744712, "acc_auto_n_paraderos": 69.534740503559831 }, "geometry": { "type": "Polygon", "coordinates": [ [ [ -70.731364629572951, -34.18889564464282 ], [ -70.732540643650651, -34.190322303384285 ], [ -70.731636154049383, -34.191709680201171 ], [ -70.729555658725488, -34.191670394463223 ], [ -70.728379680996866, -34.190243746873428 ], [ -70.729284162241683, -34.188856373870102 ], [ -70.731364629572951, -34.18889564464282 ] ] ] } },
{ "type": "Feature", "properties": { "h3": "89b2c1c107bffff", "acc_auto_m2_comercio": 2021.2321095417508, "acc_auto_m2_departamento": 1825.0604758378029, "acc_auto_n_deporte_y_recreacion": 3.1043498815062596, "acc_auto_n_educacion_y_cultura": 0.84774583814245497, "acc_auto_m2_habitacional": 5620.6985473982913, "acc_auto_m2_industria": 2257.7056113842073, "acc_auto_m2_oficina": 246.51725079188245, "acc_auto_n_salud": 0.38648494880218193, "acc_auto_n_paraderos": 1.0101343178427169 }, "geometry": { "type": "Polygon", "coordinates": [ [ [ -70.816851410729456, -34.138477447293319 ], [ -70.818028406914621, -34.139904635407639 ], [ -70.817124027434545, -34.141294321543384 ], [ -70.815042659965457, -34.141256815747546 ], [ -70.813865699963074, -34.139829638733971 ], [ -70.814770071245647, -34.138439956415645 ], [ -70.816851410729456, -34.138477447293319 ] ] ] } },
{ "type": "Feature", "properties": { "h3": "89b2c1c1967ffff", "acc_auto_m2_comercio": 52143.468553991748, "acc_auto_m2_departamento": 28119.734469480063, "acc_auto_n_deporte_y_recreacion": 4.3915062157788309, "acc_auto_n_educacion_y_cultura": 34.981253200978266, "acc_auto_m2_habitacional": 118510.16853808776, "acc_auto_m2_industria": 4537.9844848453577, "acc_auto_m2_oficina": 9108.3047746215088, "acc_auto_n_salud": 11.9579601024762, "acc_auto_n_paraderos": 22.194349021872551 }, "geometry": { "type": "Polygon", "coordinates": [ [ [ -70.750090277445835, -34.189247526811648 ], [ -70.751266561637038, -34.190674097352741 ], [ -70.750362053860925, -34.192061696961673 ], [ -70.74828127021469, -34.192022722219932 ], [ -70.747105022339554, -34.190596162815233 ], [ -70.748009521793236, -34.189208567016067 ], [ -70.750090277445835, -34.189247526811648 ] ] ] } },
{ "type": "Feature", "properties": { "h3": "89b2c1c1d13ffff", "acc_auto_m2_comercio": 142345.76343710098, "acc_auto_m2_departamento": 82602.000058262318, "acc_auto_n_deporte_y_recreacion": 16.664471618554398, "acc_auto_n_educacion_y_cultura": 95.131291753996919, "acc_auto_m2_habitacional": 304477.1918872901, "acc_auto_m2_industria": 18344.117096590999, "acc_auto_m2_oficina": 35065.75429030721, "acc_auto_n_salud": 61.637152468897249, "acc_auto_n_paraderos": 72.022158345563454 }, "geometry": { "type": "Polygon", "coordinates": [ [ [ -70.74710118341028, -34.158283846367731 ], [ -70.748277276447482, -34.159710985305772 ], [ -70.747372885408026, -34.161099317867517 ], [ -70.745292409655747, -34.161060507668289 ], [ -70.744116352930718, -34.159633379880262 ], [ -70.745020735644417, -34.158245051141634 ], [ -70.74710118341028, -34.158283846367731 ] ] ] } },
{ "type": "Feature", "properties": { "h3": "89b2c1c029bffff", "acc_auto_m2_comercio": 6319.386965887631, "acc_auto_m2_departamento": 7366.8368111896789, "acc_auto_n_deporte_y_recreacion": 0.91909474337755115, "acc_auto_n_educacion_y_cultura": 4.5582136363933836, "acc_auto_m2_habitacional": 20229.825351776846, "acc_auto_m2_industria": 2275.4821473831885, "acc_auto_m2_oficina": 692.92206654273161, "acc_auto_n_salud": 0.91766867403793106, "acc_auto_n_paraderos": 3.3672925033298728 }, "geometry": { "type": "Polygon", "coordinates": [ [ [ -70.765548439611891, -34.123483774462741 ], [ -70.766724630294902, -34.12491145613108 ], [ -70.765820350858078, -34.126300881249726 ], [ -70.763739889026795, -34.126262620866328 ], [ -70.762563734613082, -34.124834950345573 ], [ -70.763468005760004, -34.123445529060803 ], [ -70.765548439611891, -34.123483774462741 ] ] ] } },
{ "type": "Feature", "properties": { "h3": "89b2c1c0b87ffff", "acc_auto_m2_comercio": 106311.34831096172, "acc_auto_m2_departamento": 65647.439724782715, "acc_auto_n_deporte_y_recreacion": 12.395797241550074, "acc_auto_n_educacion_y_cultura": 92.147347005550444, "acc_auto_m2_habitacional": 366416.43174775265, "acc_auto_m2_industria": 4205.5100332199681, "acc_auto_m2_oficina": 10200.534666428513, "acc_auto_n_salud": 24.167589483790081, "acc_auto_n_paraderos": 49.375420016367812 }, "geometry": { "type": "Polygon", "coordinates": [ [ [ -70.69880556626137, -34.17423212830105 ], [ -70.699981042884602, -34.17565919185585 ], [ -70.699076637109727, -34.177046530481391 ], [ -70.696996763124886, -34.177006801726364 ], [ -70.695821322903882, -34.175579749354895 ], [ -70.696725720264112, -34.174192414555307 ], [ -70.69880556626137, -34.17423212830105 ] ] ] } },
{ "type": "Feature", "properties": { "h3": "89b2c1c080fffff", "acc_auto_m2_comercio": 69745.514858748866, "acc_auto_m2_departamento": 122087.49895452779, "acc_auto_n_deporte_y_recreacion": 12.636602722775548, "acc_auto_n_educacion_y_cultura": 73.854782914712914, "acc_auto_m2_habitacional": 371330.55804567481, "acc_auto_m2_industria": 3867.5261990666968, "acc_auto_m2_oficina": 8213.9945386268828, "acc_auto_n_salud": 15.820727193793932, "acc_auto_n_paraderos": 91.124668454629912 }, "geometry": { "type": "Polygon", "coordinates": [ [ [ -70.703960745250214, -34.163092091218502 ], [ -70.705136242554929, -34.164519331981133 ], [ -70.704231873057708, -34.165907011388079 ], [ -70.702152014658893, -34.165867446203002 ], [ -70.700976553743999, -34.164440216623568 ], [ -70.701880914836721, -34.163052541046198 ], [ -70.703960745250214, -34.163092091218502 ] ] ] } },
{ "type": "Feature", "properties": { "h3": "89b2c1ce49bffff", "acc_auto_m2_comercio": 221665.98791313809, "acc_auto_m2_departamento": 122271.85604805649, "acc_auto_n_deporte_y_recreacion": 17.07055341390782, "acc_auto_n_educacion_y_cultura": 117.22258900872522, "acc_auto_m2_habitacional": 432214.02135383477, "acc_auto_m2_industria": 10573.861999426943, "acc_auto_m2_oficina": 24922.771027556348, "acc_auto_n_salud": 82.493675241539549, "acc_auto_n_paraderos": 86.128468748405268 }, "geometry": { "type": "Polygon", "coordinates": [ [ [ -70.727565263951547, -34.181801175161134 ], [ -70.728741189553361, -34.18322797775545 ], [ -70.727836729540726, -34.184615484034879 ], [ -70.725756352287831, -34.184576183902983 ], [ -70.724580463039715, -34.183149392465985 ], [ -70.72548491468946, -34.18176189000377 ], [ -70.727565263951547, -34.181801175161134 ] ] ] } },
{ "type": "Feature", "properties": { "h3": "89b2c1ca8a3ffff", "acc_auto_m2_comercio": 2795.4720835053372, "acc_auto_m2_departamento": 1922.7112587279144, "acc_auto_n_deporte_y_recreacion": 0.168599404286114, "acc_auto_n_educacion_y_cultura": 2.3041395375869458, "acc_auto_m2_habitacional": 9591.4265942368202, "acc_auto_m2_industria": 1438.1924331002508, "acc_auto_m2_oficina": 1359.296898330062, "acc_auto_n_salud": 0.39340929749103531, "acc_auto_n_paraderos": 1.9421441575514842 }, "geometry": { "type": "Polygon", "coordinates": [ [ [ -70.827186842878916, -34.180831071137405 ], [ -70.828364189640567, -34.182257453738231 ], [ -70.827459645367057, -34.183646214706812 ], [ -70.825377762512048, -34.183608589276801 ], [ -70.824200451927283, -34.182182217753159 ], [ -70.825104988019291, -34.180793460582549 ], [ -70.827186842878916, -34.180831071137405 ] ] ] } },
{ "type": "Feature", "properties": { "h3": "89b2c1ce44fffff", "acc_auto_m2_comercio": 74590.797162080067, "acc_auto_m2_departamento": 46251.357911198698, "acc_auto_n_deporte_y_recreacion": 5.7972718365433487, "acc_auto_n_educacion_y_cultura": 49.136594753028199, "acc_auto_m2_habitacional": 184719.23360939173, "acc_auto_m2_industria": 7196.9971333370113, "acc_auto_m2_oficina": 11905.566500681069, "acc_auto_n_salud": 16.809722843438983, "acc_auto_n_paraderos": 35.742966145710703 }, "geometry": { "type": "Polygon", "coordinates": [ [ [ -70.738149447548579, -34.194641292231182 ], [ -70.739325586441453, -34.196067818215127 ], [ -70.738421069529238, -34.197455136010817 ], [ -70.736340422067286, -34.197415924012894 ], [ -70.735164319513189, -34.195989409173031 ], [ -70.736068828080903, -34.194602095187221 ], [ -70.738149447548579, -34.194641292231182 ] ] ] } },
{ "type": "Feature", "properties": { "h3": "89b2c1c0a0bffff", "acc_auto_m2_comercio": 172490.23160842218, "acc_auto_m2_departamento": 147525.24237235516, "acc_auto_n_deporte_y_recreacion": 15.490200489724788, "acc_auto_n_educacion_y_cultura": 138.02063968124861, "acc_auto_m2_habitacional": 409720.71735235222, "acc_auto_m2_industria": 12509.068145407211, "acc_auto_m2_oficina": 31535.990591337948, "acc_auto_n_salud": 42.166631157525586, "acc_auto_n_paraderos": 85.922338856611759 }, "geometry": { "type": "Polygon", "coordinates": [ [ [ -70.729735624676707, -34.17200894691905 ], [ -70.730911534502667, -34.173435915637519 ], [ -70.730007108593654, -34.17482369226687 ], [ -70.727926781215629, -34.174784496357098 ], [ -70.72675090773663, -34.173357538797717 ], [ -70.727655325287358, -34.171969765989203 ], [ -70.729735624676707, -34.17200894691905 ] ] ] } },
{ "type": "Feature", "properties": { "h3": "89b2c1c166fffff", "acc_auto_m2_comercio": 866.84927018607277, "acc_auto_m2_departamento": 441.87854956465299, "acc_auto_n_deporte_y_recreacion": 0.75161653059824229, "acc_auto_n_educacion_y_cultura": 0.20525385668981525, "acc_auto_m2_habitacional": 3283.4364298039818, "acc_auto_m2_industria": 546.62938248359308, "acc_auto_m2_oficina": 59.686068853459538, "acc_auto_n_salud": 0.093574657314783122, "acc_auto_n_paraderos": 0.24457090224855005 }, "geometry": { "type": "Polygon", "coordinates": [ [ [ -70.835039181792695, -34.133178937117783 ], [ -70.836216412342111, -34.134606140092323 ], [ -70.835312036789304, -34.135996182180044 ], [ -70.833230438849753, -34.135959017477497 ], [ -70.832053244449256, -34.134531825590912 ], [ -70.83295761183804, -34.133141787319126 ], [ -70.835039181792695, -34.133178937117783 ] ] ] } },
{ "type": "Feature", "properties": { "h3": "89b2c1ce697ffff", "acc_auto_m2_comercio": 98267.573094778447, "acc_auto_m2_departamento": 59760.865516839236, "acc_auto_n_deporte_y_recreacion": 7.7657257445682877, "acc_auto_n_educacion_y_cultura": 66.649042708796429, "acc_auto_m2_habitacional": 242885.72426452558, "acc_auto_m2_industria": 9502.736132124377, "acc_auto_m2_oficina": 16077.51012321881, "acc_auto_n_salud": 21.673211041275099, "acc_auto_n_paraderos": 45.324585254219443 }, "geometry": { "type": "Polygon", "coordinates": [ [ [ -70.744119798977465, -34.191944669052731 ], [ -70.745296010530851, -34.193371217319097 ], [ -70.744391498176668, -34.194758676022865 ], [ -70.742310782601209, -34.194719582650684 ], [ -70.74113460737523, -34.193293045524555 ], [ -70.742039111395954, -34.191905590630583 ], [ -70.744119798977465, -34.191944669052731 ] ] ] } },
{ "type": "Feature", "properties": { "h3": "89b2c1c5463ffff", "acc_auto_m2_comercio": 10876.487422863825, "acc_auto_m2_departamento": 7090.6128044843781, "acc_auto_n_deporte_y_recreacion": 3.3511774409275192, "acc_auto_n_educacion_y_cultura": 17.242340697286906, "acc_auto_m2_habitacional": 173518.0567149178, "acc_auto_m2_industria": 2314.1616088477972, "acc_auto_m2_oficina": 1698.641219971008, "acc_auto_n_salud": 3.399348755021542, "acc_auto_n_paraderos": 4.0763918062637412 }, "geometry": { "type": "Polygon", "coordinates": [ [ [ -70.665710012730173, -34.186235202884099 ], [ -70.66688507125312, -34.187662194920051 ], [ -70.665980652125384, -34.189048825139423 ], [ -70.663901182948905, -34.189008459495675 ], [ -70.662726160890088, -34.187581478665528 ], [ -70.663630571542257, -34.186194852273502 ], [ -70.665710012730173, -34.186235202884099 ] ] ] } },
{ "type": "Feature", "properties": { "h3": "89b2c1c186bffff", "acc_auto_m2_comercio": 33299.609099583598, "acc_auto_m2_departamento": 14124.158667636757, "acc_auto_n_deporte_y_recreacion": 2.7589334755420492, "acc_auto_n_educacion_y_cultura": 36.627192467953392, "acc_auto_m2_habitacional": 244815.42262394031, "acc_auto_m2_industria": 7156.2528941206083, "acc_auto_m2_oficina": 5853.7652925981247, "acc_auto_n_salud": 6.46752662966753, "acc_auto_n_paraderos": 34.949050167845435 }, "geometry": { "type": "Polygon", "coordinates": [ [ [ -70.777231123152148, -34.179918867560914 ], [ -70.778407751315612, -34.181345486533111 ], [ -70.777503253779855, -34.182733653540943 ], [ -70.775422136351708, -34.182695197768538 ], [ -70.774245544453493, -34.181268589914197 ], [ -70.775150033716827, -34.17988042671459 ], [ -70.777231123152148, -34.179918867560914 ] ] ] } },
{ "type": "Feature", "properties": { "h3": "89b2c1c088fffff", "acc_auto_m2_comercio": 52876.407870222843, "acc_auto_m2_departamento": 117987.86286256101, "acc_auto_n_deporte_y_recreacion": 10.622468902822606, "acc_auto_n_educacion_y_cultura": 61.23400021708175, "acc_auto_m2_habitacional": 327425.79522403621, "acc_auto_m2_industria": 3039.2378495713483, "acc_auto_m2_oficina": 6492.8101421728525, "acc_auto_n_salud": 12.296870276059577, "acc_auto_n_paraderos": 79.167654489224461 }, "geometry": { "type": "Polygon", "coordinates": [ [ [ -70.70016332662756, -34.155994991680032 ], [ -70.70133873544161, -34.157422376063174 ], [ -70.700434395583812, -34.158810184877836 ], [ -70.698354655321495, -34.158770605476327 ], [ -70.697179282901857, -34.157343232282024 ], [ -70.698083614348761, -34.155955427300604 ], [ -70.70016332662756, -34.155994991680032 ] ] ] } },
{ "type": "Feature", "properties": { "h3": "89b2c1c5397ffff", "acc_auto_m2_comercio": 4042.7243053652273, "acc_auto_m2_departamento": 3642.3530517493305, "acc_auto_n_deporte_y_recreacion": 0.7688166032770819, "acc_auto_n_educacion_y_cultura": 4.4305270970587811, "acc_auto_m2_habitacional": 65105.498817738415, "acc_auto_m2_industria": 1452.4307047492734, "acc_auto_m2_oficina": 432.85189192980181, "acc_auto_n_salud": 1.8302341853553854, "acc_auto_n_paraderos": 1.5108244522369254 }, "geometry": { "type": "Polygon", "coordinates": [ [ [ -70.658652360121948, -34.209964798566823 ], [ -70.659827430788567, -34.211391395686263 ], [ -70.65892293084184, -34.212777348011663 ], [ -70.656843368717162, -34.212736699398931 ], [ -70.655668334534184, -34.211310113482362 ], [ -70.656572825990906, -34.209924164975838 ], [ -70.658652360121948, -34.209964798566823 ] ] ] } },
{ "type": "Feature", "properties": { "h3": "89b2c1ca5abffff", "acc_auto_m2_comercio": 467.21491911627197, "acc_auto_m2_departamento": 143.4569613888934, "acc_auto_n_deporte_y_recreacion": 0.24401416116604188, "acc_auto_n_educacion_y_cultura": 0.066656736660157673, "acc_auto_m2_habitacional": 1734.1193302349309, "acc_auto_m2_industria": 177.46457775386952, "acc_auto_m2_oficina": 19.377553429199111, "acc_auto_n_salud": 0.030379243379456345, "acc_auto_n_paraderos": 0.079400546859049487 }, "geometry": { "type": "Polygon", "coordinates": [ [ [ -70.847529269212217, -34.133401109462461 ], [ -70.848706679078944, -34.134828253338938 ], [ -70.84780229212042, -34.136218443903381 ], [ -70.845720503435047, -34.136181486778241 ], [ -70.844543129695111, -34.134754353979552 ], [ -70.845447508512379, -34.133364167228429 ], [ -70.847529269212217, -34.133401109462461 ] ] ] } },
{ "type": "Feature", "properties": { "h3": "89b2c1c0e03ffff", "acc_auto_m2_comercio": 91595.443969294894, "acc_auto_m2_departamento": 142734.7622750767, "acc_auto_n_deporte_y_recreacion": 15.737780701137432, "acc_auto_n_educacion_y_cultura": 90.653820137516831, "acc_auto_m2_habitacional": 315758.69636394008, "acc_auto_m2_industria": 9674.6272238353922, "acc_auto_m2_oficina": 15806.409652758533, "acc_auto_n_salud": 21.876928341207556, "acc_auto_n_paraderos": 82.366815254824203 }, "geometry": { "type": "Polygon", "coordinates": [ [ [ -70.72457958850714, -34.150835971498552 ], [ -70.725755323011683, -34.152263342104995 ], [ -70.724850979761271, -34.153651581264874 ], [ -70.722770910371167, -34.153612445987903 ], [ -70.7215952122164, -34.152185086552393 ], [ -70.722499547100611, -34.150796851223134 ], [ -70.72457958850714, -34.150835971498552 ] ] ] } },
{ "type": "Feature", "properties": { "h3": "89b2c1c0a8bffff", "acc_auto_m2_comercio": 161436.78012836981, "acc_auto_m2_departamento": 141086.40690074282, "acc_auto_n_deporte_y_recreacion": 17.231674631146934, "acc_auto_n_educacion_y_cultura": 137.12298378818031, "acc_auto_m2_habitacional": 418656.27915010875, "acc_auto_m2_industria": 14268.847656909451, "acc_auto_m2_oficina": 34204.312219709514, "acc_auto_n_salud": 49.232935058074894, "acc_auto_n_paraderos": 100.83586256194145 }, "geometry": { "type": "Polygon", "coordinates": [ [ [ -70.725936612345592, -34.164912837953715 ], [ -70.727112433705813, -34.166339950438676 ], [ -70.726208037384794, -34.167727856500129 ], [ -70.724127828066884, -34.16768864625228 ], [ -70.722952043058214, -34.16626154493207 ], [ -70.723856431014539, -34.164873642695142 ], [ -70.725936612345592, -34.164912837953715 ] ] ] } },
{ "type": "Feature", "properties": { "h3": "89b2c1c734fffff", "acc_auto_m2_comercio": 14715.579331674138, "acc_auto_m2_departamento": 11337.983541283606, "acc_auto_n_deporte_y_recreacion": 7.4005394730686831, "acc_auto_n_educacion_y_cultura": 29.792655567147616, "acc_auto_m2_habitacional": 264042.01676068694, "acc_auto_m2_industria": 1250.9910971756667, "acc_auto_m2_oficina": 2842.9824191229368, "acc_auto_n_salud": 3.2001794618193111, "acc_auto_n_paraderos": 3.1123404287871432 }, "geometry": { "type": "Polygon", "coordinates": [ [ [ -70.648898139778979, -34.173269477295605 ], [ -70.650072894398761, -34.174696774344532 ], [ -70.649168538958151, -34.176083518668435 ], [ -70.647089437401604, -34.176042962107594 ], [ -70.64591471927173, -34.174615676282784 ], [ -70.646819066207144, -34.173228935794889 ], [ -70.648898139778979, -34.173269477295605 ] ] ] } },
{ "type": "Feature", "properties": { "h3": "89b2c1c039bffff", "acc_auto_m2_comercio": 49354.696100469511, "acc_auto_m2_departamento": 77720.57580331873, "acc_auto_n_deporte_y_recreacion": 7.5823084078949252, "acc_auto_n_educacion_y_cultura": 61.873274613020932, "acc_auto_m2_habitacional": 221553.42733203605, "acc_auto_m2_industria": 11838.794313511971, "acc_auto_m2_oficina": 5742.7093730793586, "acc_auto_n_salud": 8.2077118723634737, "acc_auto_n_paraderos": 45.052847809296608 }, "geometry": { "type": "Polygon", "coordinates": [ [ [ -70.744656169771233, -34.132939281634961 ], [ -70.745832106450052, -34.134366885229724 ], [ -70.744927810903732, -34.135755817305515 ], [ -70.742847587005713, -34.135717141952654 ], [ -70.741671686635897, -34.134289549519004 ], [ -70.742575973853761, -34.132900621277287 ], [ -70.744656169771233, -34.132939281634961 ] ] ] } },
{ "type": "Feature", "properties": { "h3": "89b2c1c0023ffff", "acc_auto_m2_comercio": 32933.022268331864, "acc_auto_m2_departamento": 41157.392830902274, "acc_auto_n_deporte_y_recreacion": 5.7291058400215809, "acc_auto_n_educacion_y_cultura": 36.617362588033906, "acc_auto_m2_habitacional": 200291.5425922462, "acc_auto_m2_industria": 10558.675042521887, "acc_auto_m2_oficina": 3633.7396619397659, "acc_auto_n_salud": 4.6586087401242837, "acc_auto_n_paraderos": 41.88529537101239 }, "geometry": { "type": "Polygon", "coordinates": [ [ [ -70.737872583963124, -34.127189861054823 ], [ -70.739048395908938, -34.128617597124396 ], [ -70.738144127635323, -34.130006588131224 ], [ -70.736064055754966, -34.129967839230851 ], [ -70.734888280128459, -34.128540114329937 ], [ -70.735792540061667, -34.127151127160914 ], [ -70.737872583963124, -34.127189861054823 ] ] ] } },
{ "type": "Feature", "properties": { "h3": "89b2c1c1c63ffff", "acc_auto_m2_comercio": 81476.411987043146, "acc_auto_m2_departamento": 44909.296026113443, "acc_auto_n_deporte_y_recreacion": 3.8043807234733227, "acc_auto_n_educacion_y_cultura": 28.899599133555892, "acc_auto_m2_habitacional": 167028.8989884709, "acc_auto_m2_industria": 23233.129021111094, "acc_auto_m2_oficina": 9650.8299506731983, "acc_auto_n_salud": 11.585583362152416, "acc_auto_n_paraderos": 38.868515461413132 }, "geometry": { "type": "Polygon", "coordinates": [ [ [ -70.772069052078805, -34.158746694640072 ], [ -70.773245504924546, -34.160173716040909 ], [ -70.772341089922421, -34.161562345651731 ], [ -70.770260230353557, -34.16152395004395 ], [ -70.76908381377595, -34.160096939772778 ], [ -70.769988220497709, -34.158708313979929 ], [ -70.772069052078805, -34.158746694640072 ] ] ] } },
{ "type": "Feature", "properties": { "h3": "89b2c1c090fffff", "acc_auto_m2_comercio": 27674.441077551448, "acc_auto_m2_departamento": 17396.75991379092, "acc_auto_n_deporte_y_recreacion": 5.6131784763482626, "acc_auto_n_educacion_y_cultura": 34.268922679643907, "acc_auto_m2_habitacional": 276884.9040308246, "acc_auto_m2_industria": 1409.986304965113, "acc_auto_m2_oficina": 2900.1287711397899, "acc_auto_n_salud": 5.6895583534734513, "acc_auto_n_paraderos": 16.300348417863102 }, "geometry": { "type": "Polygon", "coordinates": [ [ [ -70.683072076718631, -34.172526245009884 ], [ -70.684247319175682, -34.173953407449666 ], [ -70.683342934290621, -34.175340593683323 ], [ -70.681263315390282, -34.175300613647678 ], [ -70.680088109362686, -34.1738734624046 ], [ -70.680992485804666, -34.172486280000662 ], [ -70.683072076718631, -34.172526245009884 ] ] ] } },
{ "type": "Feature", "properties": { "h3": "89b2c1ce59bffff", "acc_auto_m2_comercio": 29153.549567029451, "acc_auto_m2_departamento": 18709.854420937729, "acc_auto_n_deporte_y_recreacion": 9.9559102189456858, "acc_auto_n_educacion_y_cultura": 27.911156947387195, "acc_auto_m2_habitacional": 86654.360685804175, "acc_auto_m2_industria": 2232.7918861664011, "acc_auto_m2_oficina": 4223.9545263680784, "acc_auto_n_salud": 28.270876914593561, "acc_auto_n_paraderos": 12.984943637657793 }, "geometry": { "type": "Polygon", "coordinates": [ [ [ -70.706672327136658, -34.19123597162433 ], [ -70.707847998143578, -34.192662696076972 ], [ -70.70694352246224, -34.194049709169263 ], [ -70.704863384174104, -34.194009993991713 ], [ -70.703687749560586, -34.19258328070989 ], [ -70.704592216840439, -34.19119627143499 ], [ -70.706672327136658, -34.19123597162433 ] ] ] } },
{ "type": "Feature", "properties": { "h3": "89b2c1c0e83ffff", "acc_auto_m2_comercio": 35130.174643007762, "acc_auto_m2_departamento": 59144.521267568794, "acc_auto_n_deporte_y_recreacion": 5.4758330936145718, "acc_auto_n_educacion_y_cultura": 32.94552315621123, "acc_auto_m2_habitacional": 126031.06765521859, "acc_auto_m2_industria": 4722.7092187106618, "acc_auto_m2_oficina": 5079.0098656175678, "acc_auto_n_salud": 7.1329841982072262, "acc_auto_n_paraderos": 31.106778592476623 }, "geometry": { "type": "Polygon", "coordinates": [ [ [ -70.720781194778326, -34.143737792780442 ], [ -70.721956840826138, -34.145165307032372 ], [ -70.721052527169334, -34.146553675584968 ], [ -70.718972575835991, -34.14651452605154 ], [ -70.717796966142586, -34.145087022976142 ], [ -70.718701271426781, -34.143698658257847 ], [ -70.720781194778326, -34.143737792780442 ] ] ] } },
{ "type": "Feature", "properties": { "h3": "89b2c1c0b0bffff", "acc_auto_m2_comercio": 88722.927246400155, "acc_auto_m2_departamento": 63470.806510781382, "acc_auto_n_deporte_y_recreacion": 11.289748293059093, "acc_auto_n_educacion_y_cultura": 85.53706400943905, "acc_auto_m2_habitacional": 315536.58024376113, "acc_auto_m2_industria": 3767.8968153013384, "acc_auto_m2_oficina": 10436.987397939196, "acc_auto_n_salud": 33.933096313233214, "acc_auto_n_paraderos": 47.491383217485485 }, "geometry": { "type": "Polygon", "coordinates": [ [ [ -70.70884327537658, -34.181446365557449 ], [ -70.710018930654769, -34.182873256121738 ], [ -70.709114489052652, -34.184260539584045 ], [ -70.707034400567906, -34.184220928661261 ], [ -70.705858781676355, -34.182794049269575 ], [ -70.706763214881548, -34.181406769628289 ], [ -70.70884327537658, -34.181446365557449 ] ] ] } },
{ "type": "Feature", "properties": { "h3": "89b2c1c5563ffff", "acc_auto_m2_comercio": 4650.0660344443513, "acc_auto_m2_departamento": 3057.4850993505843, "acc_auto_n_deporte_y_recreacion": 1.5909900088544053, "acc_auto_n_educacion_y_cultura": 7.7668357530323249, "acc_auto_m2_habitacional": 55177.975110601212, "acc_auto_m2_industria": 1132.6171906388022, "acc_auto_m2_oficina": 733.57557698966946, "acc_auto_n_salud": 2.022391753431843, "acc_auto_n_paraderos": 1.2428402371699492 }, "geometry": { "type": "Polygon", "coordinates": [ [ [ -70.644823726111653, -34.195656409329736 ], [ -70.645998529266976, -34.197083322884602 ], [ -70.645094095199795, -34.198469459855055 ], [ -70.643014866490077, -34.19842867944336 ], [ -70.641840099838461, -34.197001777107765 ], [ -70.642744525391507, -34.195615643964771 ], [ -70.644823726111653, -34.195656409329736 ] ] ] } },
{ "type": "Feature", "properties": { "h3": "89b2c1c024fffff", "acc_auto_m2_comercio": 10913.440818110175, "acc_auto_m2_departamento": 10576.388683243109, "acc_auto_n_deporte_y_recreacion": 1.2904064461265694, "acc_auto_n_educacion_y_cultura": 4.8444247352248775, "acc_auto_m2_habitacional": 29499.077417556418, "acc_auto_m2_industria": 3323.9094697575197, "acc_auto_m2_oficina": 1392.7724407585499, "acc_auto_n_salud": 2.1749656209326087, "acc_auto_n_paraderos": 5.7259261307874594 }, "geometry": { "type": "Polygon", "coordinates": [ [ [ -70.776135007894169, -34.136331804144326 ], [ -70.777311411606846, -34.137759209438514 ], [ -70.7764070755197, -34.139148446235154 ], [ -70.774326343990026, -34.139110273911371 ], [ -70.773149976531684, -34.137682879751601 ], [ -70.774054304347359, -34.136293646781404 ], [ -70.776135007894169, -34.136331804144326 ] ] ] } },
{ "type": "Feature", "properties": { "h3": "89b2c1c098fffff", "acc_auto_m2_comercio": 27845.744111476855, "acc_auto_m2_departamento": 17525.271436269661, "acc_auto_n_deporte_y_recreacion": 5.445102992213787, "acc_auto_n_educacion_y_cultura": 32.658234718669057, "acc_auto_m2_habitacional": 243393.98795824323, "acc_auto_m2_industria": 1079.3730870075544, "acc_auto_m2_oficina": 2849.3668346625154, "acc_auto_n_salud": 6.0494472464797298, "acc_auto_n_paraderos": 15.230664930639307 }, "geometry": { "type": "Polygon", "coordinates": [ [ [ -70.679275692930304, -34.165429952027424 ], [ -70.680450846864531, -34.166857258048211 ], [ -70.679546491664581, -34.168244573699447 ], [ -70.677466990978587, -34.168204579496681 ], [ -70.676291873478405, -34.166777284678226 ], [ -70.677196220228851, -34.165389972860375 ], [ -70.679275692930304, -34.165429952027424 ] ] ] } },
{ "type": "Feature", "properties": { "h3": "89b2c1c0b8bffff", "acc_auto_m2_comercio": 102515.35977970394, "acc_auto_m2_departamento": 69170.407376410265, "acc_auto_n_deporte_y_recreacion": 11.817524983285063, "acc_auto_n_educacion_y_cultura": 83.502960460347566, "acc_auto_m2_habitacional": 356611.41956399044, "acc_auto_m2_industria": 3935.3741414103742, "acc_auto_m2_oficina": 10810.002378398434, "acc_auto_n_salud": 25.637827996171797, "acc_auto_n_paraderos": 49.796982724884948 }, "geometry": { "type": "Polygon", "coordinates": [ [ [ -70.705045296985546, -34.174351062467316 ], [ -70.706220863765779, -34.175778096758599 ], [ -70.705316451797373, -34.177165509662828 ], [ -70.703236481450716, -34.177125884451293 ], [ -70.702060951061725, -34.175698861338269 ], [ -70.702965354626812, -34.174311452258706 ], [ -70.705045296985546, -34.174351062467316 ] ] ] } },
{ "type": "Feature", "properties": { "h3": "89b2c1c0813ffff", "acc_auto_m2_comercio": 79762.143485458699, "acc_auto_m2_departamento": 148508.4354677973, "acc_auto_n_deporte_y_recreacion": 14.584207002212727, "acc_auto_n_educacion_y_cultura": 90.988825176978935, "acc_auto_m2_habitacional": 432636.09743735177, "acc_auto_m2_industria": 4515.6906279608065, "acc_auto_m2_oficina": 9743.1400227881204, "acc_auto_n_salud": 18.565413917093217, "acc_auto_n_paraderos": 110.18050478853567 }, "geometry": { "type": "Polygon", "coordinates": [ [ [ -70.703418509886433, -34.15746189620257 ], [ -70.704593972456095, -34.158889240174531 ], [ -70.703689624193188, -34.160277052821229 ], [ -70.701609821764364, -34.160237517664136 ], [ -70.700434395583812, -34.158810184877836 ], [ -70.70133873544161, -34.157422376063174 ], [ -70.703418509886433, -34.15746189620257 ] ] ] } },
{ "type": "Feature", "properties": { "h3": "89b2c1c1d63ffff", "acc_auto_m2_comercio": 212635.17681509722, "acc_auto_m2_departamento": 64748.398796577283, "acc_auto_n_deporte_y_recreacion": 9.8446003198207563, "acc_auto_n_educacion_y_cultura": 94.524329428092372, "acc_auto_m2_habitacional": 305562.3325308545, "acc_auto_m2_industria": 28000.780689724223, "acc_auto_m2_oficina": 43917.205360255874, "acc_auto_n_salud": 53.31207558915407, "acc_auto_n_paraderos": 74.866907979518828 }, "geometry": { "type": "Polygon", "coordinates": [ [ [ -70.751173048596669, -34.168195685817899 ], [ -70.752349247446091, -34.169622629270691 ], [ -70.7514448162528, -34.171010765777638 ], [ -70.7493641945278, -34.170971955013776 ], [ -70.748188031986317, -34.169545022704114 ], [ -70.749092454860559, -34.168156890015375 ], [ -70.751173048596669, -34.168195685817899 ] ] ] } },
{ "type": "Feature", "properties": { "h3": "89b2c1c0a0fffff", "acc_auto_m2_comercio": 129697.78135175839, "acc_auto_m2_departamento": 91182.065317001703, "acc_auto_n_deporte_y_recreacion": 11.150810166060062, "acc_auto_n_educacion_y_cultura": 92.79911543324512, "acc_auto_m2_habitacional": 309007.3075032109, "acc_auto_m2_industria": 6766.7289037947603, "acc_auto_m2_oficina": 19089.828219035775, "acc_auto_n_salud": 31.366092107025512, "acc_auto_n_paraderos": 64.598221798954668 }, "geometry": { "type": "Polygon", "coordinates": [ [ [ -70.72675090773663, -34.173357538797717 ], [ -70.727926781215629, -34.174784496357098 ], [ -70.727022353049733, -34.17617220253625 ], [ -70.724942059767287, -34.176132947335319 ], [ -70.723766222640904, -34.174706000936972 ], [ -70.724670642443002, -34.1733182985787 ], [ -70.72675090773663, -34.173357538797717 ] ] ] } },
{ "type": "Feature", "properties": { "h3": "89b2c1c7223ffff", "acc_auto_m2_comercio": 13344.180971978525, "acc_auto_m2_departamento": 9119.5051775824013, "acc_auto_n_deporte_y_recreacion": 3.8094314943272574, "acc_auto_n_educacion_y_cultura": 21.860448773657797, "acc_auto_m2_habitacional": 217648.44042868543, "acc_auto_m2_industria": 627.22254606519164, "acc_auto_m2_oficina": 1815.0504511118945, "acc_auto_n_salud": 2.5276890585814273, "acc_auto_n_paraderos": 4.8548465365775293 }, "geometry": { "type": "Polygon", "coordinates": [ [ [ -70.654324144919514, -34.164947926207958 ], [ -70.655498937782951, -34.166375348825156 ], [ -70.654594607847116, -34.167762367311376 ], [ -70.652515493541301, -34.167721959342174 ], [ -70.651340737155707, -34.166294547947714 ], [ -70.652245058596762, -34.16490753329991 ], [ -70.654324144919514, -34.164947926207958 ] ] ] } },
{ "type": "Feature", "properties": { "h3": "89b2c1c186fffff", "acc_auto_m2_comercio": 33672.431425088944, "acc_auto_m2_departamento": 15017.006299687531, "acc_auto_n_deporte_y_recreacion": 2.9311873715928867, "acc_auto_n_educacion_y_cultura": 41.717728755952052, "acc_auto_m2_habitacional": 241237.41477119454, "acc_auto_m2_industria": 7964.9097652111268, "acc_auto_m2_oficina": 6643.7093206989621, "acc_auto_n_salud": 6.7449180527149668, "acc_auto_n_paraderos": 38.435678297804067 }, "geometry": { "type": "Polygon", "coordinates": [ [ [ -70.774245544453493, -34.181268589914197 ], [ -70.775422136351708, -34.182695197768538 ], [ -70.774517636478791, -34.184083294330208 ], [ -70.772436552984246, -34.184044779229431 ], [ -70.771259997356978, -34.182618182494849 ], [ -70.772164488951958, -34.181230089741462 ], [ -70.774245544453493, -34.181268589914197 ] ] ] } },
{ "type": "Feature", "properties": { "h3": "89b2c1c191bffff", "acc_auto_m2_comercio": 103901.65859311116, "acc_auto_m2_departamento": 42734.472374901445, "acc_auto_n_deporte_y_recreacion": 6.9786630794025761, "acc_auto_n_educacion_y_cultura": 75.165083139288683, "acc_auto_m2_habitacional": 244521.99317561919, "acc_auto_m2_industria": 11373.349495681314, "acc_auto_m2_oficina": 26570.154519023523, "acc_auto_n_salud": 29.51125990475926, "acc_auto_n_paraderos": 37.562097159606886 }, "geometry": { "type": "Polygon", "coordinates": [ [ [ -70.752260159817197, -34.17945529583919 ], [ -70.753436428179441, -34.180882032588443 ], [ -70.7525319545381, -34.18226990256607 ], [ -70.750451220851005, -34.182231031981303 ], [ -70.749274988798064, -34.180804306370241 ], [ -70.750179454121607, -34.179416440205948 ], [ -70.752260159817197, -34.17945529583919 ] ] ] } },
{ "type": "Feature", "properties": { "h3": "89b2c1c5513ffff", "acc_auto_m2_comercio": 7068.0394985379007, "acc_auto_m2_departamento": 8519.9747088534041, "acc_auto_n_deporte_y_recreacion": 3.5461338903064292, "acc_auto_n_educacion_y_cultura": 14.349534358530587, "acc_auto_m2_habitacional": 104379.73761567984, "acc_auto_m2_industria": 796.07528205453423, "acc_auto_m2_oficina": 1453.865723216016, "acc_auto_n_salud": 2.2680078804614725, "acc_auto_n_paraderos": 1.4449661836202687 }, "geometry": { "type": "Polygon", "coordinates": [ [ [ -70.640758845283102, -34.185748719523332 ], [ -70.64193354249295, -34.187175828191045 ], [ -70.641029148823563, -34.18856216124108 ], [ -70.638950066463806, -34.188521381791226 ], [ -70.637775405761857, -34.187094284349726 ], [ -70.638679790910444, -34.185707955132038 ], [ -70.640758845283102, -34.185748719523332 ] ] ] } },
{ "type": "Feature", "properties": { "h3": "89b2c1c0893ffff", "acc_auto_m2_comercio": 22486.112589030534, "acc_auto_m2_departamento": 53083.431078974732, "acc_auto_n_deporte_y_recreacion": 6.4996807395725087, "acc_auto_n_educacion_y_cultura": 26.104747624311255, "acc_auto_m2_habitacional": 167024.80229062471, "acc_auto_m2_industria": 1583.0381647263948, "acc_auto_m2_oficina": 3077.1860419949803, "acc_auto_n_salud": 5.4729731891560736, "acc_auto_n_paraderos": 41.203661153938931 }, "geometry": { "type": "Polygon", "coordinates": [ [ [ -70.699621208961489, -34.150364250666229 ], [ -70.70079658304391, -34.151791738229825 ], [ -70.6998922644202, -34.153179680274036 ], [ -70.697812580124264, -34.153140130919148 ], [ -70.696637242435557, -34.151712654546841 ], [ -70.697541552647763, -34.150324716338318 ], [ -70.699621208961489, -34.150364250666229 ] ] ] } },
{ "type": "Feature", "properties": { "h3": "89b2c1c0e07ffff", "acc_auto_m2_comercio": 61829.227514834944, "acc_auto_m2_departamento": 127849.38576705166, "acc_auto_n_deporte_y_recreacion": 13.252825861298502, "acc_auto_n_educacion_y_cultura": 66.513198927534617, "acc_auto_m2_habitacional": 263653.63872287591, "acc_auto_m2_industria": 6055.8863487107037, "acc_auto_m2_oficina": 9604.8206304399446, "acc_auto_n_salud": 14.41984266528508, "acc_auto_n_paraderos": 73.094740776521007 }, "geometry": { "type": "Polygon", "coordinates": [ [ [ -70.7215952122164, -34.152185086552393 ], [ -70.722770910371167, -34.153612445987903 ], [ -70.721866564872954, -34.155000614702594 ], [ -70.719786529590323, -34.154961420151309 ], [ -70.718610867791, -34.153534071888636 ], [ -70.719515204917528, -34.152145907004609 ], [ -70.7215952122164, -34.152185086552393 ] ] ] } },
{ "type": "Feature", "properties": { "h3": "89b2c1c0a8fffff", "acc_auto_m2_comercio": 171295.81166179851, "acc_auto_m2_departamento": 163620.64523670587, "acc_auto_n_deporte_y_recreacion": 18.634878167280593, "acc_auto_n_educacion_y_cultura": 143.30421119556857, "acc_auto_m2_habitacional": 455370.11994751816, "acc_auto_m2_industria": 12570.202399896696, "acc_auto_m2_oficina": 34391.360211426698, "acc_auto_n_salud": 52.8593246, "acc_auto_n_paraderos": 113.05915731196121 }, "geometry": { "type": "Polygon", "coordinates": [ [ [ -70.722952043058214, -34.16626154493207 ], [ -70.724127828066884, -34.16768864625228 ], [ -70.723223429495491, -34.16907648186492 ], [ -70.7211432542843, -34.169037212332981 ], [ -70.719967505632866, -34.167610122179433 ], [ -70.720871895834051, -34.166222290391339 ], [ -70.722952043058214, -34.16626154493207 ] ] ] } },
{ "type": "Feature", "properties": { "h3": "89b2c1c1c93ffff", "acc_auto_m2_comercio": 37935.43131652649, "acc_auto_m2_departamento": 36847.461600744718, "acc_auto_n_deporte_y_recreacion": 2.5483880734398152, "acc_auto_n_educacion_y_cultura": 16.939877106370176, "acc_auto_m2_habitacional": 100102.05068448407, "acc_auto_m2_industria": 10247.689297746652, "acc_auto_m2_oficina": 4827.1961293916438, "acc_auto_n_salud": 7.5282326007895133, "acc_auto_n_paraderos": 19.882446742696199 }, "geometry": { "type": "Polygon", "coordinates": [ [ [ -70.764195072086395, -34.141735328178939 ], [ -70.765371330747669, -34.143162688923894 ], [ -70.764466985352655, -34.144551643977969 ], [ -70.762386389588571, -34.144513234460696 ], [ -70.761210167204354, -34.143085884857889 ], [ -70.762114504305814, -34.141696933630406 ], [ -70.764195072086395, -34.141735328178939 ] ] ] } },
{ "type": "Feature", "properties": { "h3": "89b2c1c0027ffff", "acc_auto_m2_comercio": 42291.924178393645, "acc_auto_m2_departamento": 52642.995577964051, "acc_auto_n_deporte_y_recreacion": 6.2768185371366929, "acc_auto_n_educacion_y_cultura": 43.413493727884713, "acc_auto_m2_habitacional": 225466.77939759812, "acc_auto_m2_industria": 13535.029928829183, "acc_auto_m2_oficina": 4692.4879293203521, "acc_auto_n_salud": 5.9718107120784341, "acc_auto_n_paraderos": 44.657634293632739 }, "geometry": { "type": "Polygon", "coordinates": [ [ [ -70.734888280128459, -34.128540114329937 ], [ -70.736064055754966, -34.129967839230851 ], [ -70.735159785211536, -34.13135675980061 ], [ -70.733079747386242, -34.131317951631779 ], [ -70.731904008084726, -34.129890237901428 ], [ -70.732808270282192, -34.12850132116953 ], [ -70.734888280128459, -34.128540114329937 ] ] ] } },
{ "type": "Feature", "properties": { "h3": "89b2c1c0053ffff", "acc_auto_m2_comercio": 10838.865081225593, "acc_auto_m2_departamento": 13688.73280275964, "acc_auto_n_deporte_y_recreacion": 1.8706932103314762, "acc_auto_n_educacion_y_cultura": 9.1427931435866938, "acc_auto_m2_habitacional": 37637.571033067834, "acc_auto_m2_industria": 7698.1497550009362, "acc_auto_m2_oficina": 1461.8055346455551, "acc_auto_n_salud": 1.8266828884199944, "acc_auto_n_paraderos": 6.1318257262618658 }, "geometry": { "type": "Polygon", "coordinates": [ [ [ -70.752794579451262, -34.120436649110985 ], [ -70.7539705729085, -34.121864440994798 ], [ -70.75306631605892, -34.12325378417556 ], [ -70.75098607406359, -34.123215331635024 ], [ -70.749810116897294, -34.121787550910192 ], [ -70.750714365434021, -34.120398211567121 ], [ -70.752794579451262, -34.120436649110985 ] ] ] } },
{ "type": "Feature", "properties": { "h3": "89b2c1c1c67ffff", "acc_auto_m2_comercio": 74397.897919992451, "acc_auto_m2_departamento": 28380.773744621078, "acc_auto_n_deporte_y_recreacion": 2.9580710117681628, "acc_auto_n_educacion_y_cultura": 22.038603029667659, "acc_auto_m2_habitacional": 106606.71260407663, "acc_auto_m2_industria": 10277.584723321355, "acc_auto_m2_oficina": 8515.2794860561917, "acc_auto_n_salud": 14.487501563115563, "acc_auto_n_paraderos": 28.47380073692652 }, "geometry": { "type": "Polygon", "coordinates": [ [ [ -70.76908381377595, -34.160096939772778 ], [ -70.770260230353557, -34.16152395004395 ], [ -70.769355813023367, -34.162912509213633 ], [ -70.767274987400128, -34.162874054294313 ], [ -70.766098607096339, -34.161447055154724 ], [ -70.767003016140634, -34.160058499803078 ], [ -70.76908381377595, -34.160096939772778 ] ] ] } },
{ "type": "Feature", "properties": { "h3": "89b2c1c0913ffff", "acc_auto_m2_comercio": 25258.265912105395, "acc_auto_m2_departamento": 15950.293888167893, "acc_auto_n_deporte_y_recreacion": 4.9557573640433699, "acc_auto_n_educacion_y_cultura": 29.723273817801584, "acc_auto_m2_habitacional": 229248.69581831599, "acc_auto_m2_industria": 982.37097298928313, "acc_auto_m2_oficina": 2581.2552695628278, "acc_auto_n_salud": 5.4341113229840339, "acc_auto_n_paraderos": 13.86190123441642 }, "geometry": { "type": "Polygon", "coordinates": [ [ [ -70.682530381807737, -34.166897192997268 ], [ -70.683705589534696, -34.168324458629051 ], [ -70.682801225891083, -34.169711778112422 ], [ -70.68072166296281, -34.169671828132067 ], [ -70.679546491664581, -34.168244573699447 ], [ -70.680450846864531, -34.166857258048211 ], [ -70.682530381807737, -34.166897192997268 ] ] ] } },
{ "type": "Feature", "properties": { "h3": "89b2c1c0223ffff", "acc_auto_m2_comercio": 14015.2765965545, "acc_auto_m2_departamento": 13040.371290425972, "acc_auto_n_deporte_y_recreacion": 1.0686407129683695, "acc_auto_n_educacion_y_cultura": 6.4048153392657143, "acc_auto_m2_habitacional": 44338.976942347253, "acc_auto_m2_industria": 3784.7009206628222, "acc_auto_m2_oficina": 1534.3315206741381, "acc_auto_n_salud": 2.3277189976680654, "acc_auto_n_paraderos": 6.6424385047244296 }, "geometry": { "type": "Polygon", "coordinates": [ [ [ -70.76066643815669, -34.137453061675409 ], [ -70.761842625790621, -34.138880514551985 ], [ -70.760938299296967, -34.140269532388508 ], [ -70.758857793467698, -34.140231093519581 ], [ -70.757681642115784, -34.138803651789523 ], [ -70.758585960309759, -34.137414637782065 ], [ -70.76066643815669, -34.137453061675409 ] ] ] } },
{ "type": "Feature", "properties": { "h3": "89b2c1c0e87ffff", "acc_auto_m2_comercio": 60286.530734650878, "acc_auto_m2_departamento": 101109.63012340035, "acc_auto_n_deporte_y_recreacion": 10.211168296727481, "acc_auto_n_educacion_y_cultura": 58.176951938685107, "acc_auto_m2_habitacional": 220901.83214078005, "acc_auto_m2_industria": 6515.3299509545495, "acc_auto_m2_oficina": 9502.6949390489572, "acc_auto_n_salud": 13.486767752187374, "acc_auto_n_paraderos": 56.891453530652974 }, "geometry": { "type": "Polygon", "coordinates": [ [ [ -70.717796966142586, -34.145087022976142 ], [ -70.718972575835991, -34.14651452605154 ], [ -70.718068259937894, -34.147902824160354 ], [ -70.715988342723179, -34.147863615359633 ], [ -70.714812769389837, -34.146436123462728 ], [ -70.715717076909812, -34.145047829188243 ], [ -70.717796966142586, -34.145087022976142 ] ] ] } },
{ "type": "Feature", "properties": { "h3": "89b2c1ce423ffff", "acc_auto_m2_comercio": 29261.610863880207, "acc_auto_m2_departamento": 16880.971679203609, "acc_auto_n_deporte_y_recreacion": 2.9015358519549213, "acc_auto_n_educacion_y_cultura": 16.352927183423642, "acc_auto_m2_habitacional": 66374.080555726032, "acc_auto_m2_industria": 1550.7191997031998, "acc_auto_m2_oficina": 3546.9754922457241, "acc_auto_n_salud": 12.320475398431103, "acc_auto_n_paraderos": 10.967239107834969 }, "geometry": { "type": "Polygon", "coordinates": [ [ [ -70.722681288028809, -34.195753352800651 ], [ -70.723857210418075, -34.197179926406889 ], [ -70.722952703434345, -34.198567025213769 ], [ -70.72087228243268, -34.198527546602207 ], [ -70.719696396409859, -34.1971009841522 ], [ -70.720600895020894, -34.195713889157716 ], [ -70.722681288028809, -34.195753352800651 ] ] ] } },
{ "type": "Feature", "properties": { "h3": "89b2c1c0993ffff", "acc_auto_m2_comercio": 5274.4294242250253, "acc_auto_m2_departamento": 3547.5740499087156, "acc_auto_n_deporte_y_recreacion": 1.1973571430626513, "acc_auto_n_educacion_y_cultura": 6.3294364955386806, "acc_auto_m2_habitacional": 54046.819358648754, "acc_auto_m2_industria": 188.18520609675855, "acc_auto_m2_oficina": 581.95731889688568, "acc_auto_n_salud": 1.0196716269111576, "acc_auto_n_paraderos": 2.3474058509894369 }, "geometry": { "type": "Polygon", "coordinates": [ [ [ -70.678734115690062, -34.15980035407609 ], [ -70.679909234897622, -34.161227763260065 ], [ -70.679004900938878, -34.162615212150854 ], [ -70.676925456221298, -34.162575248022016 ], [ -70.675750373447087, -34.161147850042852 ], [ -70.67665469895573, -34.1597604049879 ], [ -70.678734115690062, -34.15980035407609 ] ] ] } },
{ "type": "Feature", "properties": { "h3": "89b2c1c0b8fffff", "acc_auto_m2_comercio": 73220.504180282544, "acc_auto_m2_departamento": 47248.862391846094, "acc_auto_n_deporte_y_recreacion": 9.8592840197591851, "acc_auto_n_educacion_y_cultura": 68.097876266325201, "acc_auto_m2_habitacional": 296047.31378159527, "acc_auto_m2_industria": 3281.7776789133291, "acc_auto_m2_oficina": 10284.092352596106, "acc_auto_n_salud": 17.186775439362766, "acc_auto_n_paraderos": 36.238984282666536 }, "geometry": { "type": "Polygon", "coordinates": [ [ [ -70.702060951061725, -34.175698861338269 ], [ -70.703236481450716, -34.177125884451293 ], [ -70.702332067267022, -34.178513226901551 ], [ -70.700252131101806, -34.178473542414253 ], [ -70.699076637109727, -34.177046530481391 ], [ -70.699981042884602, -34.17565919185585 ], [ -70.702060951061725, -34.175698861338269 ] ] ] } },
{ "type": "Feature", "properties": { "h3": "89b2c1c0817ffff", "acc_auto_m2_comercio": 44221.301367728069, "acc_auto_m2_departamento": 100179.12376082317, "acc_auto_n_deporte_y_recreacion": 8.8934318091073123, "acc_auto_n_educacion_y_cultura": 51.668879055972653, "acc_auto_m2_habitacional": 278099.29788288916, "acc_auto_m2_industria": 2518.3425056657497, "acc_auto_m2_oficina": 5438.3970846829634, "acc_auto_n_salud": 10.239987336510248, "acc_auto_n_paraderos": 68.509343021735319 }, "geometry": { "type": "Polygon", "coordinates": [ [ [ -70.700434395583812, -34.158810184877836 ], [ -70.701609821764364, -34.160237517664136 ], [ -70.700705471289197, -34.161625259861125 ], [ -70.698625703042751, -34.161585665439993 ], [ -70.697450313256951, -34.160158343841275 ], [ -70.698354655321495, -34.158770605476327 ], [ -70.700434395583812, -34.158810184877836 ] ] ] } },
{ "type": "Feature", "properties": { "h3": "89b2c1c5073ffff", "acc_auto_m2_comercio": 5889.2477690299438, "acc_auto_m2_departamento": 4003.0197309828013, "acc_auto_n_deporte_y_recreacion": 1.2686210309116945, "acc_auto_n_educacion_y_cultura": 7.3107940559488895, "acc_auto_m2_habitacional": 62845.356277287363, "acc_auto_m2_industria": 3287.8475811274861, "acc_auto_m2_oficina": 714.24707925325254, "acc_auto_n_salud": 3.020061701501219, "acc_auto_n_paraderos": 2.4930050495184664 }, "geometry": { "type": "Polygon", "coordinates": [ [ [ -70.667333950205787, -34.203115162693472 ], [ -70.668509112922166, -34.204541845040161 ], [ -70.667604630044423, -34.205928075415699 ], [ -70.665524992922741, -34.205887619624654 ], [ -70.664349866672652, -34.204460948476296 ], [ -70.665254341076619, -34.203074721920821 ], [ -70.667333950205787, -34.203115162693472 ] ] ] } },
{ "type": "Feature", "properties": { "h3": "89b2c1c5317ffff", "acc_auto_m2_comercio": 2897.5686046953206, "acc_auto_m2_departamento": 2254.7266741882308, "acc_auto_n_deporte_y_recreacion": 0.56860488309720281, "acc_auto_n_educacion_y_cultura": 3.2767493981580529, "acc_auto_m2_habitacional": 47384.175201713733, "acc_auto_m2_industria": 1074.1953120686032, "acc_auto_m2_oficina": 320.13057257095369, "acc_auto_n_salud": 1.3536129300129616, "acc_auto_n_paraderos": 1.1173824256432785 }, "geometry": { "type": "Polygon", "coordinates": [ [ [ -70.662448266155124, -34.217056892405346 ], [ -70.663623425401639, -34.218483345816388 ], [ -70.662718895716182, -34.219869168652416 ], [ -70.660639215266499, -34.21982853426239 ], [ -70.659464092499022, -34.218402092048549 ], [ -70.660368613700868, -34.217016273027745 ], [ -70.662448266155124, -34.217056892405346 ] ] ] } },
{ "type": "Feature", "properties": { "h3": "89b2c1ce4a3ffff", "acc_auto_m2_comercio": 105404.36395062467, "acc_auto_m2_departamento": 59711.014286486396, "acc_auto_n_deporte_y_recreacion": 10.284947952859683, "acc_auto_n_educacion_y_cultura": 60.959134712342198, "acc_auto_m2_habitacional": 231101.29387979442, "acc_auto_m2_industria": 5752.9316961367376, "acc_auto_m2_oficina": 12787.866911233508, "acc_auto_n_salud": 44.286372464382609, "acc_auto_n_paraderos": 40.429661783861143 }, "geometry": { "type": "Polygon", "coordinates": [ [ [ -70.718882306571743, -34.18865950186968 ], [ -70.720058140469575, -34.190086219326183 ], [ -70.719153663094204, -34.191473447604885 ], [ -70.717073360198782, -34.191433954611192 ], [ -70.715897562672012, -34.190007248316533 ], [ -70.716802031668223, -34.188620023853929 ], [ -70.718882306571743, -34.18865950186968 ] ] ] } },
{ "type": "Feature", "properties": { "h3": "89b2c1c0abbffff", "acc_auto_m2_comercio": 181646.40206138729, "acc_auto_m2_departamento": 145603.25441634774, "acc_auto_n_deporte_y_recreacion": 18.325544833823788, "acc_auto_n_educacion_y_cultura": 147.3383347478171, "acc_auto_m2_habitacional": 490586.56905058201, "acc_auto_m2_industria": 10303.455758626824, "acc_auto_m2_oficina": 29272.991395146073, "acc_auto_n_salud": 46.685102955961099, "acc_auto_n_paraderos": 110.40392534807916 }, "geometry": { "type": "Polygon", "coordinates": [ [ [ -70.719967505632866, -34.167610122179433 ], [ -70.7211432542843, -34.169037212332981 ], [ -70.720238853467563, -34.17042497749609 ], [ -70.718158712373764, -34.17038564868124 ], [ -70.716983000085236, -34.168958569696272 ], [ -70.717887392526237, -34.167570808357766 ], [ -70.719967505632866, -34.167610122179433 ] ] ] } },
{ "type": "Feature", "properties": { "h3": "89b2c1ca533ffff", "acc_auto_m2_comercio": 211.6899485610254, "acc_auto_m2_departamento": 64.99877365769278, "acc_auto_n_deporte_y_recreacion": 0.1105601364851667, "acc_auto_n_educacion_y_cultura": 0.030201435308453869, "acc_auto_m2_habitacional": 1944.3426451220182, "acc_auto_m2_industria": 80.407251136540836, "acc_auto_m2_oficina": 8.7797566405297935, "acc_auto_n_salud": 0.013764501528512958, "acc_auto_n_paraderos": 0.035975515747874727 }, "geometry": { "type": "Polygon", "coordinates": [ [ [ -70.84780229212042, -34.136218443903381 ], [ -70.848979719377141, -34.137645536057974 ], [ -70.848075321822705, -34.139035660010634 ], [ -70.845993505151185, -34.138998687996803 ], [ -70.844816114021597, -34.137571606918783 ], [ -70.845720503435047, -34.136181486778241 ], [ -70.84780229212042, -34.136218443903381 ] ] ] } },
{ "type": "Feature", "properties": { "h3": "89b2c1c1d67ffff", "acc_auto_m2_comercio": 189059.45957939306, "acc_auto_m2_departamento": 60274.502551903555, "acc_auto_n_deporte_y_recreacion": 8.8615453616351019, "acc_auto_n_educacion_y_cultura": 116.24058894157621, "acc_auto_m2_habitacional": 217143.52730392688, "acc_auto_m2_industria": 13593.663641573015, "acc_auto_m2_oficina": 76407.031594163898, "acc_auto_n_salud": 71.766999094451464, "acc_auto_n_paraderos": 48.995260113764992 }, "geometry": { "type": "Polygon", "coordinates": [ [ [ -70.748188031986317, -34.169545022704114 ], [ -70.7493641945278, -34.170971955013776 ], [ -70.748459761041559, -34.172360021074283 ], [ -70.746379173337033, -34.172321151007083 ], [ -70.745203047109129, -34.17089422984251 ], [ -70.746107472270836, -34.16950616760024 ], [ -70.748188031986317, -34.169545022704114 ] ] ] } },
{ "type": "Feature", "properties": { "h3": "89b2c1c1a97ffff", "acc_auto_m2_comercio": 42440.146293728547, "acc_auto_m2_departamento": 42540.241990924158, "acc_auto_n_deporte_y_recreacion": 2.7670382498236696, "acc_auto_n_educacion_y_cultura": 20.357894602504093, "acc_auto_m2_habitacional": 127860.68608902469, "acc_auto_m2_industria": 57370.861959857015, "acc_auto_m2_oficina": 5891.0391199190026, "acc_auto_n_salud": 6.858682217409771, "acc_auto_n_paraderos": 29.770945061269 }, "geometry": { "type": "Polygon", "coordinates": [ [ [ -70.785915809049968, -34.173053772856676 ], [ -70.78709252859052, -34.174480476884433 ], [ -70.786188048703849, -34.175868921861287 ], [ -70.784106857531384, -34.175830659001214 ], [ -70.782930174238686, -34.174403966086736 ], [ -70.783834645869206, -34.173015524919251 ], [ -70.785915809049968, -34.173053772856676 ] ] ] } },
{ "type": "Feature", "properties": { "h3": "89b2c1c568fffff", "acc_auto_m2_comercio": 21823.853460699527, "acc_auto_m2_departamento": 14362.140977180128, "acc_auto_n_deporte_y_recreacion": 4.3590646779337385, "acc_auto_n_educacion_y_cultura": 26.271201747353825, "acc_auto_m2_habitacional": 165017.66436826205, "acc_auto_m2_industria": 4326.1807810058208, "acc_auto_m2_oficina": 2293.5246141158395, "acc_auto_n_salud": 5.9864390782514416, "acc_auto_n_paraderos": 11.519463611279773 }, "geometry": { "type": "Polygon", "coordinates": [ [ [ -70.681171425683686, -34.185129821082342 ], [ -70.682346701175362, -34.18655676589367 ], [ -70.68144227162469, -34.187943615145649 ], [ -70.679362575028406, -34.187903515761612 ], [ -70.67818733597332, -34.186476582143932 ], [ -70.679091757076577, -34.185089736716819 ], [ -70.681171425683686, -34.185129821082342 ] ] ] } },
{ "type": "Feature", "properties": { "h3": "89b2c1c0a13ffff", "acc_auto_m2_comercio": 159953.98087255799, "acc_auto_m2_departamento": 143640.11534436731, "acc_auto_n_deporte_y_recreacion": 18.319121182380567, "acc_auto_n_educacion_y_cultura": 131.50010977985585, "acc_auto_m2_habitacional": 429619.18693655625, "acc_auto_m2_industria": 13664.384271596864, "acc_auto_m2_oficina": 27730.011862664229, "acc_auto_n_salud": 44.092000919093245, "acc_auto_n_paraderos": 102.32196624229188 }, "geometry": { "type": "Polygon", "coordinates": [ [ [ -70.726208037384794, -34.167727856500129 ], [ -70.7273838761175, -34.169154917347633 ], [ -70.72647946918174, -34.170542756783568 ], [ -70.724399231876276, -34.17050353154891 ], [ -70.723223429495491, -34.16907648186492 ], [ -70.724127828066884, -34.16768864625228 ], [ -70.726208037384794, -34.167727856500129 ] ] ] } },
{ "type": "Feature", "properties": { "h3": "89b2c1c7227ffff", "acc_auto_m2_comercio": 15519.319689826651, "acc_auto_m2_departamento": 11805.72079430701, "acc_auto_n_deporte_y_recreacion": 5.5875952132163098, "acc_auto_n_educacion_y_cultura": 30.7896594265274, "acc_auto_m2_habitacional": 282243.16419650597, "acc_auto_m2_industria": 956.2865953003319, "acc_auto_m2_oficina": 2471.5552440412698, "acc_auto_n_salud": 2.9683826306480579, "acc_auto_n_paraderos": 4.5797488416491321 }, "geometry": { "type": "Polygon", "coordinates": [ [ [ -70.651340737155707, -34.166294547947714 ], [ -70.652515493541301, -34.167721959342174 ], [ -70.651611161475813, -34.169108907370585 ], [ -70.649532081523674, -34.169068440166313 ], [ -70.648357361621592, -34.167641039996532 ], [ -70.649261685186801, -34.166254095806551 ], [ -70.651340737155707, -34.166294547947714 ] ] ] } },
{ "type": "Feature", "properties": { "h3": "89b2c1c0323ffff", "acc_auto_m2_comercio": 104131.95871611458, "acc_auto_m2_departamento": 124185.31839374983, "acc_auto_n_deporte_y_recreacion": 18.204830640658496, "acc_auto_n_educacion_y_cultura": 108.25579396484227, "acc_auto_m2_habitacional": 328548.34201593592, "acc_auto_m2_industria": 13465.178692181251, "acc_auto_m2_oficina": 17952.653142804371, "acc_auto_n_salud": 29.686153198925108, "acc_auto_n_paraderos": 66.447603704130387 }, "geometry": { "type": "Polygon", "coordinates": [ [ [ -70.739773531624266, -34.146904468257055 ], [ -70.74094946516469, -34.148331843067425 ], [ -70.740045122617289, -34.149720367829943 ], [ -70.737964854866419, -34.14968151395297 ], [ -70.736788957647789, -34.148254150302598 ], [ -70.737693291856871, -34.14686562936938 ], [ -70.739773531624266, -34.146904468257055 ] ] ] } },
{ "type": "Feature", "properties": { "h3": "89b2c1c0e33ffff", "acc_auto_m2_comercio": 96111.111542755461, "acc_auto_m2_departamento": 154854.30765976579, "acc_auto_n_deporte_y_recreacion": 15.78996593489919, "acc_auto_n_educacion_y_cultura": 92.425500749361348, "acc_auto_m2_habitacional": 360147.38137825538, "acc_auto_m2_industria": 8246.2691395827896, "acc_auto_m2_oficina": 16612.666956025874, "acc_auto_n_salud": 25.699558504297677, "acc_auto_n_paraderos": 97.502630439053419 }, "geometry": { "type": "Polygon", "coordinates": [ [ [ -70.718610867791, -34.153534071888636 ], [ -70.719786529590323, -34.154961420151309 ], [ -70.718882181849295, -34.156349518420036 ], [ -70.716802180684851, -34.156310264595604 ], [ -70.715626555246672, -34.154882927507714 ], [ -70.716530894610457, -34.153494833069665 ], [ -70.718610867791, -34.153534071888636 ] ] ] } },
{ "type": "Feature", "properties": { "h3": "89b2c1c546bffff", "acc_auto_m2_comercio": 12958.087227009115, "acc_auto_m2_departamento": 8331.6733662151473, "acc_auto_n_deporte_y_recreacion": 3.2961798808755458, "acc_auto_n_educacion_y_cultura": 18.498111337552317, "acc_auto_m2_habitacional": 180022.36511517802, "acc_auto_m2_industria": 3220.122647797572, "acc_auto_m2_oficina": 1700.5539359067452, "acc_auto_n_salud": 4.3439618221630631, "acc_auto_n_paraderos": 5.7417843026699105 }, "geometry": { "type": "Polygon", "coordinates": [ [ [ -70.668964574739334, -34.187702501306397 ], [ -70.67013968708558, -34.189129452941046 ], [ -70.66923525948809, -34.190516086986541 ], [ -70.667155728012773, -34.190475765571463 ], [ -70.665980652125384, -34.189048825139423 ], [ -70.66688507125312, -34.187662194920051 ], [ -70.668964574739334, -34.187702501306397 ] ] ] } },
{ "type": "Feature", "properties": { "h3": "89b2c1c1873ffff", "acc_auto_m2_comercio": 39791.38209436943, "acc_auto_m2_departamento": 16863.486505625733, "acc_auto_n_deporte_y_recreacion": 3.0925252453130438, "acc_auto_n_educacion_y_cultura": 38.193072486258536, "acc_auto_m2_habitacional": 264472.89127980109, "acc_auto_m2_industria": 8460.9510611775167, "acc_auto_m2_oficina": 6734.3352511544535, "acc_auto_n_salud": 8.4776492175674054, "acc_auto_n_paraderos": 37.667628247717744 }, "geometry": { "type": "Polygon", "coordinates": [ [ [ -70.773701380723296, -34.175638826048718 ], [ -70.774877937855706, -34.177065537316032 ], [ -70.773973459201741, -34.178453767151588 ], [ -70.77189243169255, -34.178415281909366 ], [ -70.770715910830376, -34.176988581764313 ], [ -70.771620381205807, -34.175600355739455 ], [ -70.773701380723296, -34.175638826048718 ] ] ] } },
{ "type": "Feature", "properties": { "h3": "89b2c1c0e0bffff", "acc_auto_m2_comercio": 123217.12257556741, "acc_auto_m2_departamento": 146023.89051222141, "acc_auto_n_deporte_y_recreacion": 17.110824679206633, "acc_auto_n_educacion_y_cultura": 109.35905944030763, "acc_auto_m2_habitacional": 354902.84615023894, "acc_auto_m2_industria": 12820.827480732489, "acc_auto_m2_oficina": 22191.50152853526, "acc_auto_n_salud": 30.201235003078907, "acc_auto_n_paraderos": 86.161240071837241 }, "geometry": { "type": "Polygon", "coordinates": [ [ [ -70.727835426498615, -34.152302418106451 ], [ -70.7290112147179, -34.153729748265135 ], [ -70.728106863107087, -34.1551179912544 ], [ -70.726026731636082, -34.155078900255809 ], [ -70.724850979761271, -34.153651581264874 ], [ -70.725755323011683, -34.152263342104995 ], [ -70.727835426498615, -34.152302418106451 ] ] ] } },
{ "type": "Feature", "properties": { "h3": "89b2c1c0a93ffff", "acc_auto_m2_comercio": 92500.996987698687, "acc_auto_m2_departamento": 122784.80097095144, "acc_auto_n_deporte_y_recreacion": 12.663137339458087, "acc_auto_n_educacion_y_cultura": 85.136302849329255, "acc_auto_m2_habitacional": 317835.26409141388, "acc_auto_m2_industria": 7152.3415534091009, "acc_auto_m2_oficina": 16491.873113894646, "acc_auto_n_salud": 26.148583585508245, "acc_auto_n_paraderos": 86.162256502803885 }, "geometry": { "type": "Polygon", "coordinates": [ [ [ -70.722409290453271, -34.160631316304261 ], [ -70.723585040719058, -34.162058520883789 ], [ -70.72268066337756, -34.163446489743066 ], [ -70.720600544139742, -34.16340725019603 ], [ -70.719424830230523, -34.161980056785637 ], [ -70.720329199201203, -34.160592091753351 ], [ -70.722409290453271, -34.160631316304261 ] ] ] } },
{ "type": "Feature", "properties": { "h3": "89b2c1c72a7ffff", "acc_auto_m2_comercio": 5162.9727749301728, "acc_auto_m2_departamento": 4044.7931124264715, "acc_auto_n_deporte_y_recreacion": 1.7279986041574003, "acc_auto_n_educacion_y_cultura": 9.907125460753317, "acc_auto_m2_habitacional": 102947.51570768631, "acc_auto_m2_industria": 293.95876473078147, "acc_auto_m2_oficina": 778.02357883255536, "acc_auto_n_salud": 0.95670662896878433, "acc_auto_n_paraderos": 1.5487954377804587 }, "geometry": { "type": "Polygon", "coordinates": [ [ [ -70.647546244884282, -34.159197497759152 ], [ -70.648720912713202, -34.160625052577274 ], [ -70.6478166103972, -34.162012130001671 ], [ -70.645737648757589, -34.161971648766034 ], [ -70.644563017416729, -34.160544105178232 ], [ -70.645467311226071, -34.159157031595953 ], [ -70.647546244884282, -34.159197497759152 ] ] ] } },
{ "type": "Feature", "properties": { "h3": "89b2c1c03a3ffff", "acc_auto_m2_comercio": 95269.532052749695, "acc_auto_m2_departamento": 124831.53201680641, "acc_auto_n_deporte_y_recreacion": 12.392192754704041, "acc_auto_n_educacion_y_cultura": 90.46199365081533, "acc_auto_m2_habitacional": 307236.77036687307, "acc_auto_m2_industria": 15227.95198487235, "acc_auto_m2_oficina": 12650.172426711022, "acc_auto_n_salud": 19.829448503701471, "acc_auto_n_paraderos": 60.860763619897341 }, "geometry": { "type": "Polygon", "coordinates": [ [ [ -70.735974341012991, -34.139805987015933 ], [ -70.737150186118043, -34.141233505514371 ], [ -70.736245873131693, -34.142622159667575 ], [ -70.734165723383654, -34.142583291489565 ], [ -70.732989914605014, -34.141155784156773 ], [ -70.733894219246636, -34.139767133836521 ], [ -70.735974341012991, -34.139805987015933 ] ] ] } },
{ "type": "Feature", "properties": { "h3": "89b2c1c002bffff", "acc_auto_m2_comercio": 39909.175227066888, "acc_auto_m2_departamento": 50689.684417893302, "acc_auto_n_deporte_y_recreacion": 5.8238162978777517, "acc_auto_n_educacion_y_cultura": 41.722632310805892, "acc_auto_m2_habitacional": 208048.47602638733, "acc_auto_m2_industria": 12845.164402895609, "acc_auto_m2_oficina": 4406.2354592516895, "acc_auto_n_salud": 5.6852978415653546, "acc_auto_n_paraderos": 43.643710686150534 }, "geometry": { "type": "Polygon", "coordinates": [ [ [ -70.741128501833657, -34.128656286755131 ], [ -70.742304367462751, -34.13008398239495 ], [ -70.741400090854526, -34.131472977238353 ], [ -70.739319956950439, -34.131434272605546 ], [ -70.738144127635323, -34.130006588131224 ], [ -70.739048395908938, -34.128617597124396 ], [ -70.741128501833657, -34.128656286755131 ] ] ] } },
{ "type": "Feature", "properties": { "h3": "89b2c1c0917ffff", "acc_auto_m2_comercio": 41024.93858771705, "acc_auto_m2_departamento": 25819.858917316684, "acc_auto_n_deporte_y_recreacion": 8.0222318701583877, "acc_auto_n_educacion_y_cultura": 48.115147088651007, "acc_auto_m2_habitacional": 342955.80019590684, "acc_auto_m2_industria": 1590.232763414235, "acc_auto_m2_oficina": 4197.9520797839987, "acc_auto_n_salud": 8.9126080015285343, "acc_auto_n_paraderos": 22.439231321243138 }, "geometry": { "type": "Polygon", "coordinates": [ [ [ -70.679546491664581, -34.168244573699447 ], [ -70.68072166296281, -34.169671828132067 ], [ -70.67981729714198, -34.171059077160614 ], [ -70.677737768470735, -34.171019067924576 ], [ -70.676562633606935, -34.16959182469305 ], [ -70.677466990978587, -34.168204579496681 ], [ -70.679546491664581, -34.168244573699447 ] ] ] } },
{ "type": "Feature", "properties": { "h3": "89b2c1c157bffff", "acc_auto_m2_comercio": 3441.8153791454665, "acc_auto_m2_departamento": 3170.9273774980215, "acc_auto_n_deporte_y_recreacion": 0.38999445849725889, "acc_auto_n_educacion_y_cultura": 1.5080215468633988, "acc_auto_m2_habitacional": 10697.982330177398, "acc_auto_m2_industria": 1012.6860015746028, "acc_auto_m2_oficina": 392.98977009997412, "acc_auto_n_salud": 0.6043629375173577, "acc_auto_n_paraderos": 1.6578155076209178 }, "geometry": { "type": "Polygon", "coordinates": [ [ [ -70.794045858717567, -34.128222626092899 ], [ -70.795222479836752, -34.129650098153057 ], [ -70.794318157861724, -34.131039757540421 ], [ -70.792237223004477, -34.13100194104161 ], [ -70.791060638105478, -34.129574480104289 ], [ -70.791964951842175, -34.128184824543133 ], [ -70.794045858717567, -34.128222626092899 ] ] ] } },
{ "type": "Feature", "properties": { "h3": "89b2c1ce5a3ffff", "acc_auto_m2_comercio": 14917.694259049618, "acc_auto_m2_departamento": 9798.1558659280963, "acc_auto_n_deporte_y_recreacion": 4.0466734585049986, "acc_auto_n_educacion_y_cultura": 14.336856022411396, "acc_auto_m2_habitacional": 44262.251578765143, "acc_auto_m2_industria": 922.22561641632035, "acc_auto_m2_oficina": 2160.4659111374904, "acc_auto_n_salud": 14.561707145073358, "acc_auto_n_paraderos": 6.7636472572667623 }, "geometry": { "type": "Polygon", "coordinates": [ [ [ -70.697989769816019, -34.198091002300046 ], [ -70.699165348997397, -34.1995176415831 ], [ -70.698260856054929, -34.200904376654329 ], [ -70.696180792347462, -34.200864468626477 ], [ -70.695005249576823, -34.19943784051874 ], [ -70.695909734101562, -34.198051109263751 ], [ -70.697989769816019, -34.198091002300046 ] ] ] } },
{ "type": "Feature", "properties": { "h3": "89b2c1c189bffff", "acc_auto_m2_comercio": 53999.398737066207, "acc_auto_m2_departamento": 37232.651493460988, "acc_auto_n_deporte_y_recreacion": 3.1147379825262007, "acc_auto_n_educacion_y_cultura": 23.272653698494484, "acc_auto_m2_habitacional": 134265.40680517582, "acc_auto_m2_industria": 17934.331609136039, "acc_auto_m2_oficina": 7840.6282889737413, "acc_auto_n_salud": 10.414474236747484, "acc_auto_n_paraderos": 33.818777692743375 }, "geometry": { "type": "Polygon", "coordinates": [ [ [ -70.769355813023367, -34.162912509213633 ], [ -70.770532246980608, -34.164339467808091 ], [ -70.769627819041787, -34.16572796035269 ], [ -70.767546965429958, -34.165689490486237 ], [ -70.76637056774689, -34.164262543022112 ], [ -70.767274987400128, -34.162874054294313 ], [ -70.769355813023367, -34.162912509213633 ] ] ] } },
{ "type": "Feature", "properties": { "h3": "89b2c1c5493ffff", "acc_auto_m2_comercio": 6498.3094614919428, "acc_auto_m2_departamento": 4244.0290711956795, "acc_auto_n_deporte_y_recreacion": 1.7252624049922707, "acc_auto_n_educacion_y_cultura": 9.782346220009325, "acc_auto_m2_habitacional": 102154.26347707065, "acc_auto_m2_industria": 261.14601613557636, "acc_auto_m2_oficina": 818.86404771760829, "acc_auto_n_salud": 1.2410375392246884, "acc_auto_n_paraderos": 2.6225422154204932 }, "geometry": { "type": "Polygon", "coordinates": [ [ [ -70.657848594702372, -34.169230102157528 ], [ -70.659023458757844, -34.170657432867237 ], [ -70.658119109709276, -34.172044388568779 ], [ -70.656039905092527, -34.172004009724851 ], [ -70.654865077509953, -34.17057669023346 ], [ -70.655769418069895, -34.169189738367869 ], [ -70.657848594702372, -34.169230102157528 ] ] ] } },
{ "type": "Feature", "properties": { "h3": "89b2c1c0e8bffff", "acc_auto_m2_comercio": 72052.410003897676, "acc_auto_m2_departamento": 121306.12327323882, "acc_auto_n_deporte_y_recreacion": 11.2309994238118, "acc_auto_n_educacion_y_cultura": 67.571663573175869, "acc_auto_m2_habitacional": 257932.59784389628, "acc_auto_m2_industria": 9686.333313559453, "acc_auto_m2_oficina": 10417.11021849865, "acc_auto_n_salud": 14.629836236890013, "acc_auto_n_paraderos": 63.800376394988909 }, "geometry": { "type": "Polygon", "coordinates": [ [ [ -70.724036826267451, -34.145204397297356 ], [ -70.725212526032877, -34.146631871121599 ], [ -70.724308204009262, -34.148020243507254 ], [ -70.722228190585682, -34.147981138235842 ], [ -70.721052527169334, -34.146553675584968 ], [ -70.721956840826138, -34.145165307032372 ], [ -70.724036826267451, -34.145204397297356 ] ] ] } },
{ "type": "Feature", "properties": { "h3": "89b2c1c0b13ffff", "acc_auto_m2_comercio": 84156.732187487374, "acc_auto_m2_departamento": 58833.101994591263, "acc_auto_n_deporte_y_recreacion": 10.643897741977872, "acc_auto_n_educacion_y_cultura": 76.318353759078065, "acc_auto_m2_habitacional": 326492.85847438942, "acc_auto_m2_industria": 3493.3757649475574, "acc_auto_m2_oficina": 9544.1295392122611, "acc_auto_n_salud": 24.998169667756738, "acc_auto_n_paraderos": 43.584198851131582 }, "geometry": { "type": "Polygon", "coordinates": [ [ [ -70.705316451797373, -34.177165509662828 ], [ -70.706492035947591, -34.178592492325294 ], [ -70.705587613360905, -34.179979838599031 ], [ -70.703507615025643, -34.179940198387015 ], [ -70.702332067267022, -34.178513226901551 ], [ -70.703236481450716, -34.177125884451293 ], [ -70.705316451797373, -34.177165509662828 ] ] ] } },
{ "type": "Feature", "properties": { "h3": "89b2c1c00abffff", "acc_auto_m2_comercio": 27648.065060938443, "acc_auto_m2_departamento": 34793.3908552344, "acc_auto_n_deporte_y_recreacion": 5.8759311464881172, "acc_auto_n_educacion_y_cultura": 34.55018158956797, "acc_auto_m2_habitacional": 187986.3042383579, "acc_auto_m2_industria": 8819.4974678318122, "acc_auto_m2_oficina": 3044.1896010286828, "acc_auto_n_salud": 3.8428598804621688, "acc_auto_n_paraderos": 38.780999157242896 }, "geometry": { "type": "Polygon", "coordinates": [ [ [ -70.737329516896011, -34.121556052340345 ], [ -70.738505294104527, -34.122983891587154 ], [ -70.73760104705012, -34.124373015789061 ], [ -70.735521031126865, -34.124334296904095 ], [ -70.734345290236973, -34.122906468828376 ], [ -70.735249528950348, -34.121517348466732 ], [ -70.737329516896011, -34.121556052340345 ] ] ] } },
{ "type": "Feature", "properties": { "h3": "89b2c1c1c13ffff", "acc_auto_m2_comercio": 61817.294696258883, "acc_auto_m2_departamento": 59438.755152474398, "acc_auto_n_deporte_y_recreacion": 3.4525713719330682, "acc_auto_n_educacion_y_cultura": 27.609472656925096, "acc_auto_m2_habitacional": 146061.00433525298, "acc_auto_m2_industria": 15834.149921650107, "acc_auto_m2_oficina": 8028.5988901016708, "acc_auto_n_salud": 12.587081111065093, "acc_auto_n_paraderos": 32.898157175752104 }, "geometry": { "type": "Polygon", "coordinates": [ [ [ -70.767995884491569, -34.148833479117975 ], [ -70.769172231555075, -34.150260696052079 ], [ -70.76826785665736, -34.151649521702687 ], [ -70.766187142981892, -34.151611126596485 ], [ -70.765010832190796, -34.150183920798902 ], [ -70.765915198801409, -34.148795098971178 ], [ -70.767995884491569, -34.148833479117975 ] ] ] } },
{ "type": "Feature", "properties": { "h3": "89b2c1c1973ffff", "acc_auto_m2_comercio": 130853.56154165078, "acc_auto_m2_departamento": 64360.222663087843, "acc_auto_n_deporte_y_recreacion": 10.19300972608611, "acc_auto_n_educacion_y_cultura": 96.257420208039477, "acc_auto_m2_habitacional": 376683.51708305406, "acc_auto_m2_industria": 21528.574443500955, "acc_auto_m2_oficina": 26403.799831981305, "acc_auto_n_salud": 27.475306783978724, "acc_auto_n_paraderos": 69.267958851205108 }, "geometry": { "type": "Polygon", "coordinates": [ [ [ -70.752803756025827, -34.185084390968953 ], [ -70.753980059147182, -34.186511024340135 ], [ -70.753075564280579, -34.187898761041524 ], [ -70.750994774608486, -34.187859860560991 ], [ -70.749818507797144, -34.186433238325534 ], [ -70.750722994346546, -34.18504550543507 ], [ -70.752803756025827, -34.185084390968953 ] ] ] } },
{ "type": "Feature", "properties": { "h3": "89b2c1c0997ffff", "acc_auto_m2_comercio": 4307.5552141823191, "acc_auto_m2_departamento": 2897.2557725762849, "acc_auto_n_deporte_y_recreacion": 0.97786539358155955, "acc_auto_n_educacion_y_cultura": 5.1691652283695984, "acc_auto_m2_habitacional": 50204.824644245215, "acc_auto_m2_industria": 153.68831404416252, "acc_auto_m2_oficina": 475.27667579212448, "acc_auto_n_salud": 0.83275203438716616, "acc_auto_n_paraderos": 1.9170946276747878 }, "geometry": { "type": "Polygon", "coordinates": [ [ [ -70.675750373447087, -34.161147850042852 ], [ -70.676925456221298, -34.162575248022016 ], [ -70.67602112009186, -34.163962626459373 ], [ -70.673941709642435, -34.163922603081907 ], [ -70.6727666633072, -34.162495216309487 ], [ -70.673670990981037, -34.161107841707974 ], [ -70.675750373447087, -34.161147850042852 ] ] ] } },
{ "type": "Feature", "properties": { "h3": "89b2c1c1283ffff", "acc_auto_m2_comercio": 830.2546762588247, "acc_auto_m2_departamento": 608.01632762153156, "acc_auto_n_deporte_y_recreacion": 1.0342097917272066, "acc_auto_n_educacion_y_cultura": 0.28242533224944, "acc_auto_m2_habitacional": 3049.8277862435862, "acc_auto_m2_industria": 752.15144531262399, "acc_auto_m2_oficina": 82.126874975488306, "acc_auto_n_salud": 0.12875691647632959, "acc_auto_n_paraderos": 0.33652482559914498 }, "geometry": { "type": "Polygon", "coordinates": [ [ [ -70.829067338398346, -34.135884584302694 ], [ -70.830244496644212, -34.13731176509939 ], [ -70.829340116228792, -34.138701666335152 ], [ -70.827258585741234, -34.138664382958368 ], [ -70.826081463655683, -34.137237213253485 ], [ -70.826985835896025, -34.13584731583375 ], [ -70.829067338398346, -34.135884584302694 ] ] ] } },
{ "type": "Feature", "properties": { "h3": "89b2c1c02a7ffff", "acc_auto_m2_comercio": 21382.195482862517, "acc_auto_m2_departamento": 29441.70849470557, "acc_auto_n_deporte_y_recreacion": 4.0507338828121515, "acc_auto_n_educacion_y_cultura": 24.459222086623544, "acc_auto_m2_habitacional": 71555.526364128978, "acc_auto_m2_industria": 5484.184459107737, "acc_auto_m2_oficina": 3084.5219315331842, "acc_auto_n_salud": 4.7018130463597396, "acc_auto_n_paraderos": 12.987987446020142 }, "geometry": { "type": "Polygon", "coordinates": [ [ [ -70.753881566465168, -34.13170448015471 ], [ -70.755057629409393, -34.13313206560656 ], [ -70.754153330129114, -34.134521142388351 ], [ -70.752072976214876, -34.134482629885703 ], [ -70.750896949562986, -34.133055055587931 ], [ -70.751801240531634, -34.131665982638914 ], [ -70.753881566465168, -34.13170448015471 ] ] ] } },
{ "type": "Feature", "properties": { "h3": "89b2c1c0b93ffff", "acc_auto_m2_comercio": 67005.232608804043, "acc_auto_m2_departamento": 49335.45542025748, "acc_auto_n_deporte_y_recreacion": 7.8554916923925591, "acc_auto_n_educacion_y_cultura": 56.544183613229499, "acc_auto_m2_habitacional": 231119.93046941745, "acc_auto_m2_industria": 2754.4947369727274, "acc_auto_m2_oficina": 7705.4022772503313, "acc_auto_n_salud": 18.490756255093419, "acc_auto_n_paraderos": 36.339552444529048 }, "geometry": { "type": "Polygon", "coordinates": [ [ [ -70.701518738902664, -34.170069775460576 ], [ -70.702694234553704, -34.171496901815594 ], [ -70.70178984160701, -34.172884377522507 ], [ -70.699709961417341, -34.172844723047426 ], [ -70.698534502162502, -34.171417607875064 ], [ -70.699438886699767, -34.170030135995312 ], [ -70.701518738902664, -34.170069775460576 ] ] ] } },
{ "type": "Feature", "properties": { "h3": "89b2c1c081bffff", "acc_auto_m2_comercio": 85761.114343309266, "acc_auto_m2_departamento": 149361.2010817921, "acc_auto_n_deporte_y_recreacion": 15.40216759725009, "acc_auto_n_educacion_y_cultura": 89.853609525849279, "acc_auto_m2_habitacional": 433873.13159278547, "acc_auto_m2_industria": 4964.6630119772226, "acc_auto_m2_oficina": 10175.157959849614, "acc_auto_n_salud": 19.489338252640543, "acc_auto_n_paraderos": 113.98370900219183 }, "geometry": { "type": "Polygon", "coordinates": [ [ [ -70.70667380905661, -34.158928716066377 ], [ -70.707849325377396, -34.160356019618369 ], [ -70.706944968715206, -34.161743836095823 ], [ -70.704865104130178, -34.161704345190714 ], [ -70.703689624193188, -34.160277052821229 ], [ -70.704593972456095, -34.158889240174531 ], [ -70.70667380905661, -34.158928716066377 ] ] ] } },
{ "type": "Feature", "properties": { "h3": "89b2c1c5077ffff", "acc_auto_m2_comercio": 8087.5131033310427, "acc_auto_m2_departamento": 5738.3080666060105, "acc_auto_n_deporte_y_recreacion": 1.684154809895583, "acc_auto_n_educacion_y_cultura": 9.7054271318787588, "acc_auto_m2_habitacional": 91693.123652612703, "acc_auto_m2_industria": 3181.6666640872968, "acc_auto_m2_oficina": 948.19699868428916, "acc_auto_n_salud": 4.0092756755809793, "acc_auto_n_paraderos": 3.3095828801002765 }, "geometry": { "type": "Polygon", "coordinates": [ [ [ -70.664349866672652, -34.204460948476296 ], [ -70.665524992922741, -34.205887619624654 ], [ -70.664620507892749, -34.207273779533999 ], [ -70.662540905090594, -34.207233264475093 ], [ -70.66136581531245, -34.205806604526998 ], [ -70.662270291863166, -34.20442044843773 ], [ -70.664349866672652, -34.204460948476296 ] ] ] } },
{ "type": "Feature", "properties": { "h3": "89b2c1ce4a7ffff", "acc_auto_m2_comercio": 82631.529673423007, "acc_auto_m2_departamento": 48614.026825612083, "acc_auto_n_deporte_y_recreacion": 10.008186830954086, "acc_auto_n_educacion_y_cultura": 50.626507990549229, "acc_auto_m2_habitacional": 189251.73095279909, "acc_auto_m2_industria": 4592.3394869268095, "acc_auto_m2_oficina": 10036.695717433933, "acc_auto_n_salud": 39.422882296617772, "acc_auto_n_paraderos": 30.4781777413844 }, "geometry": { "type": "Polygon", "coordinates": [ [ [ -70.715897562672012, -34.190007248316533 ], [ -70.717073360198782, -34.191433954611192 ], [ -70.716168880584519, -34.192821112433869 ], [ -70.714088611826767, -34.192781560145974 ], [ -70.712912850676716, -34.191354865015107 ], [ -70.713817321906319, -34.189967711008528 ], [ -70.715897562672012, -34.190007248316533 ] ] ] } },
{ "type": "Feature", "properties": { "h3": "89b2c1ca537ffff", "acc_auto_m2_comercio": 100.7480350466422, "acc_auto_m2_departamento": 30.93438668660373, "acc_auto_n_deporte_y_recreacion": 0.052618069875708329, "acc_auto_n_educacion_y_cultura": 0.014373546234000155, "acc_auto_m2_habitacional": 2057.0473739806489, "acc_auto_m2_industria": 38.267629665813288, "acc_auto_m2_oficina": 4.1784847874630753, "acc_auto_n_salud": 0.0065508376369339894, "acc_auto_n_paraderos": 0.017121561727542613 }, "geometry": { "type": "Polygon", "coordinates": [ [ [ -70.844816114021597, -34.137571606918783 ], [ -70.845993505151185, -34.138998687996803 ], [ -70.845089105141341, -34.140388741524802 ], [ -70.843007322147059, -34.140351710162811 ], [ -70.841829967150346, -34.138924640163296 ], [ -70.842734359013662, -34.137534590447459 ], [ -70.844816114021597, -34.137571606918783 ] ] ] } },
{ "type": "Feature", "properties": { "h3": "89b2c1c1327ffff", "acc_auto_m2_comercio": 8075.1225835412306, "acc_auto_m2_departamento": 5639.3312981106619, "acc_auto_n_deporte_y_recreacion": 0.46556805526479933, "acc_auto_n_educacion_y_cultura": 6.2770142746919815, "acc_auto_m2_habitacional": 32554.505169834214, "acc_auto_m2_industria": 3016.5400044280477, "acc_auto_m2_oficina": 1152.0881977189051, "acc_auto_n_salud": 1.3526997331837523, "acc_auto_n_paraderos": 6.2660470745631853 }, "geometry": { "type": "Polygon", "coordinates": [ [ [ -70.803285357579028, -34.159318256655766 ], [ -70.80446225971518, -34.160745130751792 ], [ -70.803557815252134, -34.162134131627177 ], [ -70.801476476875152, -34.162096254595156 ], [ -70.800299610951967, -34.160669391603342 ], [ -70.801204047191433, -34.159280394539529 ], [ -70.803285357579028, -34.159318256655766 ] ] ] } },
{ "type": "Feature", "properties": { "h3": "89b2c1c1d6bffff", "acc_auto_m2_comercio": 177987.16688891689, "acc_auto_m2_departamento": 59824.841085879525, "acc_auto_n_deporte_y_recreacion": 9.6777353845773497, "acc_auto_n_educacion_y_cultura": 109.71209771749022, "acc_auto_m2_habitacional": 330597.06653154234, "acc_auto_m2_industria": 24292.842118430519, "acc_auto_m2_oficina": 44790.787967928845, "acc_auto_n_salud": 45.924356601125083, "acc_auto_n_paraderos": 69.391721114396717 }, "geometry": { "type": "Polygon", "coordinates": [ [ [ -70.754429903180849, -34.169661380730069 ], [ -70.755606155710396, -34.171088283653525 ], [ -70.754701716203925, -34.172476423977457 ], [ -70.752621032479752, -34.172437657561126 ], [ -70.7514448162528, -34.171010765777638 ], [ -70.752349247446091, -34.169622629270691 ], [ -70.754429903180849, -34.169661380730069 ] ] ] } },
{ "type": "Feature", "properties": { "h3": "89b2c1c0a17ffff", "acc_auto_m2_comercio": 87049.479623423103, "acc_auto_m2_departamento": 80607.420998152505, "acc_auto_n_deporte_y_recreacion": 12.107445701370565, "acc_auto_n_educacion_y_cultura": 71.06537980589188, "acc_auto_m2_habitacional": 246352.70732599514, "acc_auto_m2_industria": 6144.4245247844674, "acc_auto_m2_oficina": 14748.117716742639, "acc_auto_n_salud": 24.716867413976608, "acc_auto_n_paraderos": 57.606890301913637 }, "geometry": { "type": "Polygon", "coordinates": [ [ [ -70.723223429495491, -34.16907648186492 ], [ -70.724399231876276, -34.17050353154891 ], [ -70.723494822689645, -34.171891300535343 ], [ -70.721414619490773, -34.17185201601464 ], [ -70.720238853467563, -34.17042497749609 ], [ -70.7211432542843, -34.169037212332981 ], [ -70.723223429495491, -34.16907648186492 ] ] ] } },
{ "type": "Feature", "properties": { "h3": "89b2c1c722bffff", "acc_auto_m2_comercio": 17653.95446390822, "acc_auto_m2_departamento": 11641.116819439492, "acc_auto_n_deporte_y_recreacion": 4.7457610059227875, "acc_auto_n_educacion_y_cultura": 26.978002747337371, "acc_auto_m2_habitacional": 266039.74690698291, "acc_auto_m2_industria": 731.26412801566289, "acc_auto_m2_oficina": 2258.5944437141543, "acc_auto_n_salud": 3.37262118338877, "acc_auto_n_paraderos": 7.01682492067388 }, "geometry": { "type": "Polygon", "coordinates": [ [ [ -70.657578086431798, -34.166415697558065 ], [ -70.658752933127133, -34.167843079834114 ], [ -70.657848594702372, -34.169230102157528 ], [ -70.655769418069895, -34.169189738367869 ], [ -70.654594607847116, -34.167762367311376 ], [ -70.655498937782951, -34.166375348825156 ], [ -70.657578086431798, -34.166415697558065 ] ] ] } },
{ "type": "Feature", "properties": { "h3": "89b2c1c0327ffff", "acc_auto_m2_comercio": 110543.69238788329, "acc_auto_m2_departamento": 120859.57058410761, "acc_auto_n_deporte_y_recreacion": 17.181879884504667, "acc_auto_n_educacion_y_cultura": 118.88979194641408, "acc_auto_m2_habitacional": 349077.8321772847, "acc_auto_m2_industria": 12799.490390733452, "acc_auto_m2_oficina": 19751.067218735956, "acc_auto_n_salud": 34.252296022186613, "acc_auto_n_paraderos": 71.434235095914076 }, "geometry": { "type": "Polygon", "coordinates": [ [ [ -70.736788957647789, -34.148254150302598 ], [ -70.737964854866419, -34.14968151395297 ], [ -70.73706051004568, -34.151069968273283 ], [ -70.73498027634875, -34.151031055114146 ], [ -70.733804415457556, -34.149603702625747 ], [ -70.734708751934477, -34.148215252134726 ], [ -70.736788957647789, -34.148254150302598 ] ] ] } },
{ "type": "Feature", "properties": { "h3": "89b2c1c1877ffff", "acc_auto_m2_comercio": 34773.116755636918, "acc_auto_m2_departamento": 11977.145521078888, "acc_auto_n_deporte_y_recreacion": 2.2468154716678757, "acc_auto_n_educacion_y_cultura": 28.191151885727585, "acc_auto_m2_habitacional": 196176.3320019558, "acc_auto_m2_industria": 5886.3493803459587, "acc_auto_m2_oficina": 4795.9116975509605, "acc_auto_n_salud": 5.8100105936351643, "acc_auto_n_paraderos": 27.468424688720457 }, "geometry": { "type": "Polygon", "coordinates": [ [ [ -70.770715910830376, -34.176988581764313 ], [ -70.77189243169255, -34.178415281909366 ], [ -70.77098795070745, -34.179803441299448 ], [ -70.768906957142889, -34.179764896733964 ], [ -70.767730472556664, -34.178338207713068 ], [ -70.768634945257674, -34.176950052133741 ], [ -70.770715910830376, -34.176988581764313 ] ] ] } },
{ "type": "Feature", "properties": { "h3": "89b2c1c089bffff", "acc_auto_m2_comercio": 47414.040137147771, "acc_auto_m2_departamento": 111318.62722525101, "acc_auto_n_deporte_y_recreacion": 10.978326951303579, "acc_auto_n_educacion_y_cultura": 55.166202999899419, "acc_auto_m2_habitacional": 318896.77759211161, "acc_auto_m2_industria": 3117.3784384779974, "acc_auto_m2_oficina": 5952.9901291587603, "acc_auto_n_salud": 11.330580590164784, "acc_auto_n_paraderos": 78.331271687552061 }, "geometry": { "type": "Polygon", "coordinates": [ [ [ -70.702876301522664, -34.151831228326515 ], [ -70.704051729359065, -34.153258675490228 ], [ -70.703147402329662, -34.154646621368897 ], [ -70.701067655868201, -34.154607116249601 ], [ -70.6998922644202, -34.153179680274036 ], [ -70.70079658304391, -34.151791738229825 ], [ -70.702876301522664, -34.151831228326515 ] ] ] } },
{ "type": "Feature", "properties": { "h3": "89b2c1c724fffff", "acc_auto_m2_comercio": 17728.919924606133, "acc_auto_m2_departamento": 10704.02476803856, "acc_auto_n_deporte_y_recreacion": 4.2618207048789358, "acc_auto_n_educacion_y_cultura": 22.255585477713673, "acc_auto_m2_habitacional": 185046.9233763995, "acc_auto_m2_industria": 654.24210814235221, "acc_auto_m2_oficina": 2891.0234400367945, "acc_auto_n_salud": 3.5288495815197458, "acc_auto_n_paraderos": 8.0310142310642476 }, "geometry": { "type": "Polygon", "coordinates": [ [ [ -70.669782985286048, -34.163842452876487 ], [ -70.670957995176664, -34.165269828440216 ], [ -70.670053654720817, -34.166657065968536 ], [ -70.667974312839661, -34.166616924097426 ], [ -70.666799339399347, -34.165189559744292 ], [ -70.66770367138858, -34.163802326051858 ], [ -70.669782985286048, -34.163842452876487 ] ] ] } },
{ "type": "Feature", "properties": { "h3": "89b2c1c0a3bffff", "acc_auto_m2_comercio": 179640.96638421874, "acc_auto_m2_departamento": 112432.79622803269, "acc_auto_n_deporte_y_recreacion": 15.420884366180454, "acc_auto_n_educacion_y_cultura": 119.67314854862725, "acc_auto_m2_habitacional": 407495.43761913973, "acc_auto_m2_industria": 7981.7426047147665, "acc_auto_m2_oficina": 23856.34780924697, "acc_auto_n_salud": 47.243292697720165, "acc_auto_n_paraderos": 79.842923891300131 }, "geometry": { "type": "Polygon", "coordinates": [ [ [ -70.723766222640904, -34.174706000936972 ], [ -70.724942059767287, -34.176132947335319 ], [ -70.72403762934951, -34.177520583063497 ], [ -70.721957370173286, -34.177481268572627 ], [ -70.720781569405204, -34.176054333337241 ], [ -70.721685991453683, -34.174666701429956 ], [ -70.723766222640904, -34.174706000936972 ] ] ] } },
{ "type": "Feature", "properties": { "h3": "89b2c1c0e0fffff", "acc_auto_m2_comercio": 105051.22909093344, "acc_auto_m2_departamento": 138800.65339480407, "acc_auto_n_deporte_y_recreacion": 15.298324899340642, "acc_auto_n_educacion_y_cultura": 98.570979779169363, "acc_auto_m2_habitacional": 351647.95956476277, "acc_auto_m2_industria": 10991.796878428409, "acc_auto_m2_oficina": 18715.457130867384, "acc_auto_n_salud": 26.556147748332091, "acc_auto_n_paraderos": 85.930302384652961 }, "geometry": { "type": "Polygon", "coordinates": [ [ [ -70.724850979761271, -34.153651581264874 ], [ -70.726026731636082, -34.155078900255809 ], [ -70.725122377771967, -34.156467072799899 ], [ -70.723042280397593, -34.156427922523839 ], [ -70.721866564872954, -34.155000614702594 ], [ -70.722770910371167, -34.153612445987903 ], [ -70.724850979761271, -34.153651581264874 ] ] ] } },
{ "type": "Feature", "properties": { "h3": "89b2c1c0a97ffff", "acc_auto_m2_comercio": 129916.39613146798, "acc_auto_m2_departamento": 151325.86117348413, "acc_auto_n_deporte_y_recreacion": 17.541019704450338, "acc_auto_n_educacion_y_cultura": 120.49269719149621, "acc_auto_m2_habitacional": 441239.66163786221, "acc_auto_m2_industria": 8825.8504457626659, "acc_auto_m2_oficina": 22000.621332256469, "acc_auto_n_salud": 36.853617490473482, "acc_auto_n_paraderos": 118.04411126327615 }, "geometry": { "type": "Polygon", "coordinates": [ [ [ -70.719424830230523, -34.161980056785637 ], [ -70.720600544139742, -34.16340725019603 ], [ -70.719696164553937, -34.164795148607176 ], [ -70.717616079433839, -34.164755849781145 ], [ -70.716440401886786, -34.163328667541833 ], [ -70.717344773096286, -34.161940772957671 ], [ -70.719424830230523, -34.161980056785637 ] ] ] } },
{ "type": "Feature", "properties": { "h3": "89b2c1c72abffff", "acc_auto_m2_comercio": 9662.3264632578375, "acc_auto_m2_departamento": 6856.8596197456445, "acc_auto_n_deporte_y_recreacion": 2.9793269801274658, "acc_auto_n_educacion_y_cultura": 16.945364464763763, "acc_auto_m2_habitacional": 167877.52598310317, "acc_auto_m2_industria": 497.21198506963248, "acc_auto_m2_oficina": 1386.3360083746247, "acc_auto_n_salud": 1.846655537509849, "acc_auto_n_paraderos": 3.3478248124282874 }, "geometry": { "type": "Polygon", "coordinates": [ [ [ -70.653783239268961, -34.159318689482447 ], [ -70.654957997415067, -34.160746215207872 ], [ -70.654053688726862, -34.162133366929524 ], [ -70.651974630386576, -34.162092989085096 ], [ -70.650799908717602, -34.160665474584881 ], [ -70.651704208910445, -34.159278326704076 ], [ -70.653783239268961, -34.159318689482447 ] ] ] } },
{ "type": "Feature", "properties": { "h3": "89b2c1c03a7ffff", "acc_auto_m2_comercio": 89751.875509970647, "acc_auto_m2_departamento": 112140.57432325334, "acc_auto_n_deporte_y_recreacion": 10.74948264813492, "acc_auto_n_educacion_y_cultura": 83.141143262261409, "acc_auto_m2_habitacional": 276585.0044378888, "acc_auto_m2_industria": 11875.616665549132, "acc_auto_m2_oficina": 12998.364996824621, "acc_auto_n_salud": 17.562589318695327, "acc_auto_n_paraderos": 55.007195292660761 }, "geometry": { "type": "Polygon", "coordinates": [ [ [ -70.732989914605014, -34.141155784156773 ], [ -70.734165723383654, -34.142583291489565 ], [ -70.733261408130474, -34.143971875202013 ], [ -70.731181292447545, -34.143932947748887 ], [ -70.730005520000958, -34.142505451583681 ], [ -70.730909826903911, -34.141116871704213 ], [ -70.732989914605014, -34.141155784156773 ] ] ] } },
{ "type": "Feature", "properties": { "h3": "89b2c1c002fffff", "acc_auto_m2_comercio": 57130.53411177262, "acc_auto_m2_departamento": 72127.097210859094, "acc_auto_n_deporte_y_recreacion": 7.7599912818787411, "acc_auto_n_educacion_y_cultura": 56.610849648553184, "acc_auto_m2_habitacional": 264799.69789349963, "acc_auto_m2_industria": 18580.898601451849, "acc_auto_m2_oficina": 6377.7660960331823, "acc_auto_n_salud": 8.2239463349620898, "acc_auto_n_paraderos": 55.009294797639555 }, "geometry": { "type": "Polygon", "coordinates": [ [ [ -70.738144127635323, -34.130006588131224 ], [ -70.739319956950439, -34.131434272605546 ], [ -70.738415678066886, -34.132823197011916 ], [ -70.736335578207019, -34.132784433107531 ], [ -70.735159785211536, -34.13135675980061 ], [ -70.736064055754966, -34.129967839230851 ], [ -70.738144127635323, -34.130006588131224 ] ] ] } },
{ "type": "Feature", "properties": { "h3": "89b2c1c1c6fffff", "acc_auto_m2_comercio": 87285.347929351687, "acc_auto_m2_departamento": 51787.293076139264, "acc_auto_n_deporte_y_recreacion": 4.3870333524080873, "acc_auto_n_educacion_y_cultura": 33.325661779292894, "acc_auto_m2_habitacional": 192609.88947747191, "acc_auto_m2_industria": 26791.354310974326, "acc_auto_m2_oficina": 11128.884291414448, "acc_auto_n_salud": 13.359951148754499, "acc_auto_n_paraderos": 44.821348356567725 }, "geometry": { "type": "Polygon", "coordinates": [ [ [ -70.772341089922421, -34.161562345651731 ], [ -70.77351756014815, -34.162989315374602 ], [ -70.772613134537877, -34.164377878361066 ], [ -70.770532246980608, -34.164339467808091 ], [ -70.769355813023367, -34.162912509213633 ], [ -70.770260230353557, -34.16152395004395 ], [ -70.772341089922421, -34.161562345651731 ] ] ] } },
{ "type": "Feature", "properties": { "h3": "89b2c1c1d8fffff", "acc_auto_m2_comercio": 145962.0929927454, "acc_auto_m2_departamento": 102529.25229610442, "acc_auto_n_deporte_y_recreacion": 21.213950924573037, "acc_auto_n_educacion_y_cultura": 116.98398135554261, "acc_auto_m2_habitacional": 349736.80044769467, "acc_auto_m2_industria": 15083.696330670617, "acc_auto_m2_oficina": 35417.810495437676, "acc_auto_n_salud": 61.023121586637657, "acc_auto_n_paraderos": 77.881025269558506 }, "geometry": { "type": "Polygon", "coordinates": [ [ [ -70.743844696293991, -34.156817871708711 ], [ -70.745020735644417, -34.158245051141634 ], [ -70.744116352930718, -34.159633379880262 ], [ -70.742035939196796, -34.15959452536179 ], [ -70.740859936163872, -34.15816735708205 ], [ -70.741764310546003, -34.156779032167776 ], [ -70.743844696293991, -34.156817871708711 ] ] ] } },
{ "type": "Feature", "properties": { "h3": "89b2c1c091bffff", "acc_auto_m2_comercio": 21436.270524267249, "acc_auto_m2_departamento": 14382.407319421736, "acc_auto_n_deporte_y_recreacion": 3.9945084816036136, "acc_auto_n_educacion_y_cultura": 24.457412222163114, "acc_auto_m2_habitacional": 150839.38983953377, "acc_auto_m2_industria": 890.04376021982875, "acc_auto_m2_oficina": 2055.8913373365426, "acc_auto_n_salud": 4.5631484304370522, "acc_auto_n_paraderos": 12.221551588355316 }, "geometry": { "type": "Polygon", "coordinates": [ [ [ -70.685785186709325, -34.168364349352544 ], [ -70.686960448224568, -34.169791574586526 ], [ -70.686056076143061, -34.17117889790083 ], [ -70.683976450982868, -34.171138992150418 ], [ -70.682801225891083, -34.169711778112422 ], [ -70.683705589534696, -34.168324458629051 ], [ -70.685785186709325, -34.168364349352544 ] ] ] } },
{ "type": "Feature", "properties": { "h3": "89b2c1cad27ffff", "acc_auto_m2_comercio": 15225.090800698878, "acc_auto_m2_departamento": 11458.551462506153, "acc_auto_n_deporte_y_recreacion": 1.0047816289578948, "acc_auto_n_educacion_y_cultura": 11.485196425289736, "acc_auto_m2_habitacional": 50388.01455856589, "acc_auto_m2_industria": 8405.1947906788319, "acc_auto_m2_oficina": 3257.3755768772839, "acc_auto_n_salud": 2.3445541605201266, "acc_auto_n_paraderos": 10.246459882338401 }, "geometry": { "type": "Polygon", "coordinates": [ [ [ -70.805192703714738, -34.179026896114692 ], [ -70.806369727560295, -34.180453408132941 ], [ -70.80546520886476, -34.1818419425801 ], [ -70.803383674543738, -34.181803961206114 ], [ -70.802206686913593, -34.180377460283438 ], [ -70.803111197387707, -34.178988929639374 ], [ -70.805192703714738, -34.179026896114692 ] ] ] } },
{ "type": "Feature", "properties": { "h3": "89b2c1c014fffff", "acc_auto_m2_comercio": 100604.83121931851, "acc_auto_m2_departamento": 104367.6068831919, "acc_auto_n_deporte_y_recreacion": 9.2667201295359831, "acc_auto_n_educacion_y_cultura": 74.414621394804769, "acc_auto_m2_habitacional": 276467.08772902418, "acc_auto_m2_industria": 17129.634004235326, "acc_auto_m2_oficina": 10620.792961508418, "acc_auto_n_salud": 13.561747716000612, "acc_auto_n_paraderos": 58.391351381801954 }, "geometry": { "type": "Polygon", "coordinates": [ [ [ -70.732446947829047, -34.135523247431252 ], [ -70.733622721868215, -34.136950857971641 ], [ -70.732718427837952, -34.138339574897735 ], [ -70.730638368117994, -34.138300677448214 ], [ -70.729462630410154, -34.136873078077876 ], [ -70.730366916089594, -34.135484364987214 ], [ -70.732446947829047, -34.135523247431252 ] ] ] } },
{ "type": "Feature", "properties": { "h3": "89b2c1c022bffff", "acc_auto_m2_comercio": 31830.892472791227, "acc_auto_m2_departamento": 30898.025776991675, "acc_auto_n_deporte_y_recreacion": 2.2187321841991396, "acc_auto_n_educacion_y_cultura": 14.496619249659028, "acc_auto_m2_habitacional": 86906.890424571524, "acc_auto_m2_industria": 8752.1773430700196, "acc_auto_m2_oficina": 3910.9692081038438, "acc_auto_n_salud": 6.0469537450042159, "acc_auto_n_paraderos": 16.339725287950827 }, "geometry": { "type": "Polygon", "coordinates": [ [ [ -70.763923165588338, -34.138918894129375 ], [ -70.765099406873901, -34.140346306514651 ], [ -70.764195072086395, -34.141735328178939 ], [ -70.762114504305814, -34.141696933630406 ], [ -70.760938299296967, -34.140269532388508 ], [ -70.761842625790621, -34.138880514551985 ], [ -70.763923165588338, -34.138918894129375 ] ] ] } },
{ "type": "Feature", "properties": { "h3": "89b2c1c0e8fffff", "acc_auto_m2_comercio": 76579.959742463674, "acc_auto_m2_departamento": 128535.53138368417, "acc_auto_n_deporte_y_recreacion": 12.935444036624554, "acc_auto_n_educacion_y_cultura": 73.957400720342662, "acc_auto_m2_habitacional": 279089.48373844498, "acc_auto_m2_industria": 8282.6076642145781, "acc_auto_m2_oficina": 12076.880743201054, "acc_auto_n_salud": 17.145042045550312, "acc_auto_n_paraderos": 72.198325474039592 }, "geometry": { "type": "Polygon", "coordinates": [ [ [ -70.721052527169334, -34.146553675584968 ], [ -70.722228190585682, -34.147981138235842 ], [ -70.721323866315259, -34.149369440177743 ], [ -70.719243886999493, -34.14933027563589 ], [ -70.718068259937894, -34.147902824160354 ], [ -70.718972575835991, -34.14651452605154 ], [ -70.721052527169334, -34.146553675584968 ] ] ] } },
{ "type": "Feature", "properties": { "h3": "89b2c1c0b17ffff", "acc_auto_m2_comercio": 16108.093582960611, "acc_auto_m2_departamento": 10986.979634088515, "acc_auto_n_deporte_y_recreacion": 2.8102705385374622, "acc_auto_n_educacion_y_cultura": 16.067159317634857, "acc_auto_m2_habitacional": 112948.9370507334, "acc_auto_m2_industria": 836.04275856165521, "acc_auto_m2_oficina": 1560.9199734324441, "acc_auto_n_salud": 3.4172629745700731, "acc_auto_n_paraderos": 8.8272515614812228 }, "geometry": { "type": "Polygon", "coordinates": [ [ [ -70.702332067267022, -34.178513226901551 ], [ -70.703507615025643, -34.179940198387015 ], [ -70.70260319022313, -34.181327474206057 ], [ -70.700523226069151, -34.181287774716331 ], [ -70.699347714707798, -34.179860814409807 ], [ -70.700252131101806, -34.178473542414253 ], [ -70.702332067267022, -34.178513226901551 ] ] ] } },
{ "type": "Feature", "properties": { "h3": "89b2c1c732bffff", "acc_auto_m2_comercio": 5766.0332835215704, "acc_auto_m2_departamento": 5073.3260642333726, "acc_auto_n_deporte_y_recreacion": 3.1409769554696809, "acc_auto_n_educacion_y_cultura": 12.799523655443007, "acc_auto_m2_habitacional": 116756.1459172394, "acc_auto_m2_industria": 513.01167557499355, "acc_auto_m2_oficina": 1137.7588989750031, "acc_auto_n_salud": 1.3915133689435304, "acc_auto_n_paraderos": 1.1307430608812972 }, "geometry": { "type": "Polygon", "coordinates": [ [ [ -70.636694413367806, -34.175839662272523 ], [ -70.637869004636585, -34.177266965971029 ], [ -70.636964651370661, -34.178653495074791 ], [ -70.634885715362145, -34.178612716642981 ], [ -70.633711160605472, -34.17718542417758 ], [ -70.634615505343888, -34.175798898911076 ], [ -70.636694413367806, -34.175839662272523 ] ] ] } },
{ "type": "Feature", "properties": { "h3": "89b2c1ce42bffff", "acc_auto_m2_comercio": 32560.163164066889, "acc_auto_m2_departamento": 17471.141386132334, "acc_auto_n_deporte_y_recreacion": 2.5031298937158883, "acc_auto_n_educacion_y_cultura": 18.226217423665229, "acc_auto_m2_habitacional": 69234.121818672531, "acc_auto_m2_industria": 3209.9072371935144, "acc_auto_m2_oficina": 4476.218515984775, "acc_auto_n_salud": 8.7539168447508633, "acc_auto_n_paraderos": 12.443380410664883 }, "geometry": { "type": "Polygon", "coordinates": [ [ [ -70.725937665535596, -34.197219345716022 ], [ -70.727113641662257, -34.198645878796476 ], [ -70.72620912631163, -34.200032981414545 ], [ -70.724128643199876, -34.199993547141183 ], [ -70.722952703434345, -34.198567025213769 ], [ -70.723857210418075, -34.197179926406889 ], [ -70.725937665535596, -34.197219345716022 ] ] ] } },
{ "type": "Feature", "properties": { "h3": "89b2c1ce4cbffff", "acc_auto_m2_comercio": 182141.33961366685, "acc_auto_m2_departamento": 104209.07566249458, "acc_auto_n_deporte_y_recreacion": 15.713252441193054, "acc_auto_n_educacion_y_cultura": 125.25376514462334, "acc_auto_m2_habitacional": 426315.81197912135, "acc_auto_m2_industria": 20113.275871347585, "acc_auto_m2_oficina": 34104.225323419581, "acc_auto_n_salud": 44.839233762578395, "acc_auto_n_paraderos": 75.462463925747031 }, "geometry": { "type": "Polygon", "coordinates": [ [ [ -70.737334622183425, -34.186199050913544 ], [ -70.738510708942258, -34.187625731952593 ], [ -70.737606223875915, -34.189013249676243 ], [ -70.735525660394799, -34.188974082547567 ], [ -70.734349609973691, -34.187547412656343 ], [ -70.735254086694624, -34.186159898746183 ], [ -70.737334622183425, -34.186199050913544 ] ] ] } },
{ "type": "Feature", "properties": { "h3": "89b2c1c1977ffff", "acc_auto_m2_comercio": 122913.94076660648, "acc_auto_m2_departamento": 62370.679605016572, "acc_auto_n_deporte_y_recreacion": 10.14959434070971, "acc_auto_n_educacion_y_cultura": 85.467823853246301, "acc_auto_m2_habitacional": 315490.92487325292, "acc_auto_m2_industria": 16991.331606234708, "acc_auto_m2_oficina": 23851.086756582557, "acc_auto_n_salud": 28.09775345277524, "acc_auto_n_paraderos": 57.464742419890563 }, "geometry": { "type": "Polygon", "coordinates": [ [ [ -70.749818507797144, -34.186433238325534 ], [ -70.750994774608486, -34.187859860560991 ], [ -70.750090277445835, -34.189247526811648 ], [ -70.748009521793236, -34.189208567016067 ], [ -70.746833291297619, -34.187781955918233 ], [ -70.747737780137541, -34.186394293478557 ], [ -70.749818507797144, -34.186433238325534 ] ] ] } },
{ "type": "Feature", "properties": { "h3": "89b2c1c5413ffff", "acc_auto_m2_comercio": 19277.185523750224, "acc_auto_m2_departamento": 12371.732176338455, "acc_auto_n_deporte_y_recreacion": 8.0432003029284171, "acc_auto_n_educacion_y_cultura": 33.196932120389093, "acc_auto_m2_habitacional": 248075.52876358887, "acc_auto_m2_industria": 1364.7086352378005, "acc_auto_m2_oficina": 3429.4354523227639, "acc_auto_n_salud": 3.9198596524149782, "acc_auto_n_paraderos": 5.5999934006889083 }, "geometry": { "type": "Polygon", "coordinates": [ [ [ -70.661643825148872, -34.176326134049241 ], [ -70.662818777755831, -34.177753321246286 ], [ -70.661914398976705, -34.17914014753061 ], [ -70.659835076071587, -34.17909978278584 ], [ -70.658660159932992, -34.17767260680148 ], [ -70.659564530229844, -34.176285784349417 ], [ -70.661643825148872, -34.176326134049241 ] ] ] } },
{ "type": "Feature", "properties": { "h3": "89b2c1c02abffff", "acc_auto_m2_comercio": 22013.056283857535, "acc_auto_m2_departamento": 23193.940978174651, "acc_auto_n_deporte_y_recreacion": 2.2602505123737324, "acc_auto_n_educacion_y_cultura": 12.382696659298508, "acc_auto_m2_habitacional": 66167.689971452302, "acc_auto_m2_industria": 6925.1826101169036, "acc_auto_m2_oficina": 2449.2364822873633, "acc_auto_n_salud": 3.5585499660094677, "acc_auto_n_paraderos": 11.274571901395078 }, "geometry": { "type": "Polygon", "coordinates": [ [ [ -70.760122736176527, -34.131819765543518 ], [ -70.761298889061976, -34.133247321676244 ], [ -70.760394583783281, -34.134636472724964 ], [ -70.758314133918063, -34.134598063809648 ], [ -70.757138017313949, -34.133170518825885 ], [ -70.758042314292354, -34.131781371608668 ], [ -70.760122736176527, -34.131819765543518 ] ] ] } },
{ "type": "Feature", "properties": { "h3": "89b2c1c73cbffff", "acc_auto_m2_comercio": 9815.5753252460454, "acc_auto_m2_departamento": 7862.8807641468438, "acc_auto_n_deporte_y_recreacion": 3.50265187102262, "acc_auto_n_educacion_y_cultura": 19.029427584300528, "acc_auto_m2_habitacional": 194128.298815227, "acc_auto_m2_industria": 601.71061993348371, "acc_auto_m2_oficina": 1543.6281577096158, "acc_auto_n_salud": 1.811517863883044, "acc_auto_n_paraderos": 2.7024105163645458 }, "geometry": { "type": "Polygon", "coordinates": [ [ [ -70.64808698264288, -34.164826644082915 ], [ -70.649261685186801, -34.166254095806551 ], [ -70.648357361621592, -34.167641039996532 ], [ -70.646278344017176, -34.167600528623424 ], [ -70.645103677962041, -34.166173088127628 ], [ -70.6460079930212, -34.164786147777306 ], [ -70.64808698264288, -34.164826644082915 ] ] ] } },
{ "type": "Feature", "properties": { "h3": "89b2c1c0bb7ffff", "acc_auto_m2_comercio": 60405.849872705767, "acc_auto_m2_departamento": 39973.895905660094, "acc_auto_n_deporte_y_recreacion": 11.400061021536517, "acc_auto_n_educacion_y_cultura": 61.255159194899576, "acc_auto_m2_habitacional": 312376.31893867318, "acc_auto_m2_industria": 3865.4103369168834, "acc_auto_m2_oficina": 5787.7616290189353, "acc_auto_n_salud": 12.424536458995455, "acc_auto_n_paraderos": 32.187262003026113 }, "geometry": { "type": "Polygon", "coordinates": [ [ [ -70.69283711155019, -34.176927240684549 ], [ -70.694012515363326, -34.178354281870739 ], [ -70.693108105183882, -34.179741479586085 ], [ -70.69102829961561, -34.179701632289429 ], [ -70.689852932216013, -34.178274602290415 ], [ -70.690757333969827, -34.176887408401065 ], [ -70.69283711155019, -34.176927240684549 ] ] ] } },
{ "type": "Feature", "properties": { "h3": "89b2c1c507bffff", "acc_auto_m2_comercio": 6546.624388173861, "acc_auto_m2_departamento": 4400.7257521217953, "acc_auto_n_deporte_y_recreacion": 1.4220467041014715, "acc_auto_n_educacion_y_cultura": 8.1949536845967721, "acc_auto_m2_habitacional": 70528.004150542751, "acc_auto_m2_industria": 2652.8062058257833, "acc_auto_m2_oficina": 800.62735853926665, "acc_auto_n_salud": 3.3853047396798472, "acc_auto_n_paraderos": 2.7945064188541231 }, "geometry": { "type": "Polygon", "coordinates": [ [ [ -70.670588784352731, -34.204582241562129 ], [ -70.671764000897213, -34.206008883473807 ], [ -70.670859509551505, -34.207395117668142 ], [ -70.66877981012793, -34.207354706132186 ], [ -70.667604630044423, -34.205928075415699 ], [ -70.668509112922166, -34.204541845040161 ], [ -70.670588784352731, -34.204582241562129 ] ] ] } },
{ "type": "Feature", "properties": { "h3": "89b2c1c1b93ffff", "acc_auto_m2_comercio": 54063.885625227464, "acc_auto_m2_departamento": 26702.937152583978, "acc_auto_n_deporte_y_recreacion": 5.0830962076018524, "acc_auto_n_educacion_y_cultura": 60.377259591899275, "acc_auto_m2_habitacional": 337095.22527794412, "acc_auto_m2_industria": 13886.641778227997, "acc_auto_m2_oficina": 10701.953722175078, "acc_auto_n_salud": 10.333194526915054, "acc_auto_n_paraderos": 61.126057472508194 }, "geometry": { "type": "Polygon", "coordinates": [ [ [ -70.7680024738317, -34.181152985677805 ], [ -70.769178975799917, -34.18257962299689 ], [ -70.768274481878322, -34.183967645303319 ], [ -70.766193494276422, -34.183929026481294 ], [ -70.765017028590179, -34.182502400287056 ], [ -70.76592151422247, -34.181114381790209 ], [ -70.7680024738317, -34.181152985677805 ] ] ] } },
{ "type": "Feature", "properties": { "h3": "89b2c1ce4abffff", "acc_auto_m2_comercio": 128753.94426148327, "acc_auto_m2_departamento": 72736.714114926363, "acc_auto_n_deporte_y_recreacion": 10.404794078260757, "acc_auto_n_educacion_y_cultura": 67.356687818306881, "acc_auto_m2_habitacional": 263074.46872863418, "acc_auto_m2_industria": 6581.908674548873, "acc_auto_m2_oficina": 15580.633280945285, "acc_auto_n_salud": 54.333406410402169, "acc_auto_n_paraderos": 47.116938250720096 }, "geometry": { "type": "Polygon", "coordinates": [ [ [ -70.722138477491995, -34.190125653024516 ], [ -70.723314365130108, -34.191552329975266 ], [ -70.722409879381431, -34.192939562068801 ], [ -70.720329514366597, -34.192900113396945 ], [ -70.719153663094204, -34.191473447604885 ], [ -70.720058140469575, -34.190086219326183 ], [ -70.722138477491995, -34.190125653024516 ] ] ] } },
{ "type": "Feature", "properties": { "h3": "89b2c1ca8b3ffff", "acc_auto_m2_comercio": 11525.039272643528, "acc_auto_m2_departamento": 7725.8329112531601, "acc_auto_n_deporte_y_recreacion": 0.67746564677274046, "acc_auto_n_educacion_y_cultura": 9.3910673520448356, "acc_auto_m2_habitacional": 39482.276720383525, "acc_auto_m2_industria": 5811.5039858282717, "acc_auto_m2_oficina": 6413.0220222545704, "acc_auto_n_salud": 1.5807961202453951, "acc_auto_n_paraderos": 8.0653043432661828 }, "geometry": { "type": "Polygon", "coordinates": [ [ [ -70.826914047180892, -34.178015809162225 ], [ -70.828091376549949, -34.17944224352776 ], [ -70.827186842878916, -34.180831071137405 ], [ -70.825104988019291, -34.180793460582549 ], [ -70.823927694826793, -34.179367037295407 ], [ -70.824832220315997, -34.177978213484927 ], [ -70.826914047180892, -34.178015809162225 ] ] ] } },
{ "type": "Feature", "properties": { "h3": "89b2c1c1d6fffff", "acc_auto_m2_comercio": 178843.37717970737, "acc_auto_m2_departamento": 57815.956029886758, "acc_auto_n_deporte_y_recreacion": 9.3884782830434546, "acc_auto_n_educacion_y_cultura": 107.48046445691941, "acc_auto_m2_habitacional": 321352.80377815611, "acc_auto_m2_industria": 23266.102054697603, "acc_auto_m2_oficina": 42251.74764078013, "acc_auto_n_salud": 41.647892166495694, "acc_auto_n_paraderos": 66.126127235582103 }, "geometry": { "type": "Polygon", "coordinates": [ [ [ -70.7514448162528, -34.171010765777638 ], [ -70.752621032479752, -34.172437657561126 ], [ -70.751716590674789, -34.173825727438647 ], [ -70.74963594096026, -34.173786901715872 ], [ -70.748459761041559, -34.172360021074283 ], [ -70.7493641945278, -34.170971955013776 ], [ -70.7514448162528, -34.171010765777638 ] ] ] } },
{ "type": "Feature", "properties": { "h3": "89b2c1c0a1bffff", "acc_auto_m2_comercio": 159386.4427945466, "acc_auto_m2_departamento": 118192.89609637644, "acc_auto_n_deporte_y_recreacion": 13.703147163438013, "acc_auto_n_educacion_y_cultura": 147.71703559136864, "acc_auto_m2_habitacional": 338701.62695392792, "acc_auto_m2_industria": 9842.5240502348151, "acc_auto_m2_oficina": 39723.633979767277, "acc_auto_n_salud": 53.343493002855794, "acc_auto_n_paraderos": 71.117508616895378 }, "geometry": { "type": "Polygon", "coordinates": [ [ [ -70.729464147518826, -34.169194083295046 ], [ -70.73064003997105, -34.170621103661041 ], [ -70.729735624676707, -34.17200894691905 ], [ -70.727655325287358, -34.171969765989203 ], [ -70.72647946918174, -34.170542756783568 ], [ -70.7273838761175, -34.169154917347633 ], [ -70.729464147518826, -34.169194083295046 ] ] ] } },
{ "type": "Feature", "properties": { "h3": "89b2c1c722fffff", "acc_auto_m2_comercio": 8628.6560797134935, "acc_auto_m2_departamento": 6482.163859779942, "acc_auto_n_deporte_y_recreacion": 3.024175697618563, "acc_auto_n_educacion_y_cultura": 16.75115849367462, "acc_auto_m2_habitacional": 159828.22502251214, "acc_auto_m2_industria": 515.58888721515052, "acc_auto_m2_oficina": 1349.0297769596618, "acc_auto_n_salud": 1.6499062126511381, "acc_auto_n_paraderos": 2.6269167635570136 }, "geometry": { "type": "Polygon", "coordinates": [ [ [ -70.654594607847116, -34.167762367311376 ], [ -70.655769418069895, -34.169189738367869 ], [ -70.654865077509953, -34.17057669023346 ], [ -70.652785935220379, -34.170536267205584 ], [ -70.651611161475813, -34.169108907370585 ], [ -70.652515493541301, -34.167721959342174 ], [ -70.654594607847116, -34.167762367311376 ] ] ] } },
{ "type": "Feature", "properties": { "h3": "89b2c1c032bffff", "acc_auto_m2_comercio": 111373.90682052392, "acc_auto_m2_departamento": 134874.98236455658, "acc_auto_n_deporte_y_recreacion": 22.516380193448263, "acc_auto_n_educacion_y_cultura": 111.07571487038192, "acc_auto_m2_habitacional": 335785.82117118686, "acc_auto_m2_industria": 14693.366380929911, "acc_auto_m2_oficina": 21528.506817379952, "acc_auto_n_salud": 37.174977779389003, "acc_auto_n_paraderos": 71.549492972471057 }, "geometry": { "type": "Polygon", "coordinates": [ [ [ -70.743029766958813, -34.148370637661053 ], [ -70.744205754188158, -34.149797972002261 ], [ -70.743301403308251, -34.151186500592772 ], [ -70.741221073530184, -34.151147691014259 ], [ -70.740045122617289, -34.149720367829943 ], [ -70.74094946516469, -34.148331843067425 ], [ -70.743029766958813, -34.148370637661053 ] ] ] } },
{ "type": "Feature", "properties": { "h3": "89b2c1c5473ffff", "acc_auto_m2_comercio": 11655.582817008046, "acc_auto_m2_departamento": 7579.0697945955517, "acc_auto_n_deporte_y_recreacion": 4.0114824166064649, "acc_auto_n_educacion_y_cultura": 19.729396342583271, "acc_auto_m2_habitacional": 203065.89347874446, "acc_auto_m2_industria": 2141.983901501877, "acc_auto_m2_oficina": 2014.5722260130194, "acc_auto_n_salud": 3.4054445513425327, "acc_auto_n_paraderos": 3.7975145998076387 }, "geometry": { "type": "Polygon", "coordinates": [ [ [ -70.665439380074687, -34.183421462395323 ], [ -70.666614421233646, -34.184848506030832 ], [ -70.665710012730173, -34.186235202884099 ], [ -70.663630571542257, -34.186194852273502 ], [ -70.662455566847072, -34.184767819845057 ], [ -70.663359966874694, -34.183381126820365 ], [ -70.665439380074687, -34.183421462395323 ] ] ] } },
{ "type": "Feature", "properties": { "h3": "89b2c1c187bffff", "acc_auto_m2_comercio": 36075.009176589949, "acc_auto_m2_departamento": 15281.188318211349, "acc_auto_n_deporte_y_recreacion": 2.976681134303345, "acc_auto_n_educacion_y_cultura": 39.399218590614169, "acc_auto_m2_habitacional": 268453.37908888177, "acc_auto_m2_industria": 7725.2202730947038, "acc_auto_m2_oficina": 6318.0368789785944, "acc_auto_n_salud": 7.0260634136794868, "acc_auto_n_paraderos": 37.626029413533566 }, "geometry": { "type": "Polygon", "coordinates": [ [ [ -70.776958999298856, -34.177103963233783 ], [ -70.778135610078834, -34.178530633915877 ], [ -70.777231123152148, -34.179918867560914 ], [ -70.775150033716827, -34.17988042671459 ], [ -70.773973459201741, -34.178453767151588 ], [ -70.774877937855706, -34.177065537316032 ], [ -70.776958999298856, -34.177103963233783 ] ] ] } },
{ "type": "Feature", "properties": { "h3": "89b2c1c0e13ffff", "acc_auto_m2_comercio": 102547.18592933823, "acc_auto_m2_departamento": 169884.81217276881, "acc_auto_n_deporte_y_recreacion": 18.012322848744123, "acc_auto_n_educacion_y_cultura": 102.41291806779421, "acc_auto_m2_habitacional": 373396.72268850741, "acc_auto_m2_industria": 10871.022650002322, "acc_auto_m2_oficina": 17331.159493741772, "acc_auto_n_salud": 24.41767823209986, "acc_auto_n_paraderos": 97.961359295216511 }, "geometry": { "type": "Polygon", "coordinates": [ [ [ -70.724308204009262, -34.148020243507254 ], [ -70.725483921144033, -34.1494476657248 ], [ -70.72457958850714, -34.150835971498552 ], [ -70.722499547100611, -34.150796851223134 ], [ -70.721323866315259, -34.149369440177743 ], [ -70.722228190585682, -34.147981138235842 ], [ -70.724308204009262, -34.148020243507254 ] ] ] } },
{ "type": "Feature", "properties": { "h3": "89b2c1c0a9bffff", "acc_auto_m2_comercio": 139973.71250279559, "acc_auto_m2_departamento": 142324.93292765328, "acc_auto_n_deporte_y_recreacion": 16.515133883588195, "acc_auto_n_educacion_y_cultura": 126.5220255203236, "acc_auto_m2_habitacional": 408707.91287815367, "acc_auto_m2_industria": 11686.360592046609, "acc_auto_m2_oficina": 27322.696218650097, "acc_auto_n_salud": 40.970552683133739, "acc_auto_n_paraderos": 102.02706996312922 }, "geometry": { "type": "Polygon", "coordinates": [ [ [ -70.725665194063879, -34.162097701150657 ], [ -70.726840998052083, -34.163524865268698 ], [ -70.725936612345592, -34.164912837953715 ], [ -70.723856431014539, -34.164873642695142 ], [ -70.72268066337756, -34.163446489743066 ], [ -70.723585040719058, -34.162058520883789 ], [ -70.725665194063879, -34.162097701150657 ] ] ] } },
{ "type": "Feature", "properties": { "h3": "89b2c1c72afffff", "acc_auto_m2_comercio": 4116.0794503879588, "acc_auto_m2_departamento": 2920.9713708549216, "acc_auto_n_deporte_y_recreacion": 1.2691712089755169, "acc_auto_n_educacion_y_cultura": 7.2078229362410786, "acc_auto_m2_habitacional": 84390.392628981732, "acc_auto_m2_industria": 211.8086200061679, "acc_auto_m2_oficina": 590.56886321347542, "acc_auto_n_salud": 0.78666157046060003, "acc_auto_n_paraderos": 1.426148554008684 }, "geometry": { "type": "Polygon", "coordinates": [ [ [ -70.650799908717602, -34.160665474584881 ], [ -70.651974630386576, -34.162092989085096 ], [ -70.651070319569726, -34.163480070350374 ], [ -70.6489912955834, -34.163439633274749 ], [ -70.6478166103972, -34.162012130001671 ], [ -70.648720912713202, -34.160625052577274 ], [ -70.650799908717602, -34.160665474584881 ] ] ] } },
{ "type": "Feature", "properties": { "h3": "89b2c1c03abffff", "acc_auto_m2_comercio": 89372.713049642989, "acc_auto_m2_departamento": 122537.48104822583, "acc_auto_n_deporte_y_recreacion": 12.734521532475521, "acc_auto_n_educacion_y_cultura": 85.177838398115597, "acc_auto_m2_habitacional": 288601.40880593139, "acc_auto_m2_industria": 15306.757935800277, "acc_auto_m2_oficina": 11711.172198508184, "acc_auto_n_salud": 18.72827023389366, "acc_auto_n_paraderos": 58.686504000455891 }, "geometry": { "type": "Polygon", "coordinates": [ [ [ -70.739230369920463, -34.141272314416092 ], [ -70.740406268717337, -34.1426997924654 ], [ -70.739501947392071, -34.144088450450312 ], [ -70.737421735607469, -34.144049626554384 ], [ -70.736245873131693, -34.142622159667575 ], [ -70.737150186118043, -34.141233505514371 ], [ -70.739230369920463, -34.141272314416092 ] ] ] } },
{ "type": "Feature", "properties": { "h3": "89b2c1c0033ffff", "acc_auto_m2_comercio": 32699.114747343781, "acc_auto_m2_departamento": 40795.469789497402, "acc_auto_n_deporte_y_recreacion": 6.2464976508314862, "acc_auto_n_educacion_y_cultura": 37.741150654220469, "acc_auto_m2_habitacional": 209998.91796623974, "acc_auto_m2_industria": 10471.051688222797, "acc_auto_m2_oficina": 3634.9223444767645, "acc_auto_n_salud": 4.6199483094800176, "acc_auto_n_paraderos": 44.041662931756321 }, "geometry": { "type": "Polygon", "coordinates": [ [ [ -70.73760104705012, -34.124373015789061 ], [ -70.738776841627057, -34.125800803449479 ], [ -70.737872583963124, -34.127189861054823 ], [ -70.735792540061667, -34.127151127160914 ], [ -70.734616781803695, -34.125723350670391 ], [ -70.735521031126865, -34.124334296904095 ], [ -70.73760104705012, -34.124373015789061 ] ] ] } },
{ "type": "Feature", "properties": { "h3": "89b2c1c09bbffff", "acc_auto_m2_comercio": 38256.320005962705, "acc_auto_m2_departamento": 23713.08912746159, "acc_auto_n_deporte_y_recreacion": 8.3444411639977396, "acc_auto_n_educacion_y_cultura": 46.526735614295376, "acc_auto_m2_habitacional": 358712.58780372061, "acc_auto_m2_industria": 1450.3368061174237, "acc_auto_m2_oficina": 4182.1346416221595, "acc_auto_n_salud": 7.9872884716604826, "acc_auto_n_paraderos": 19.20129053016937 }, "geometry": { "type": "Polygon", "coordinates": [ [ [ -70.676291873478405, -34.166777284678226 ], [ -70.677466990978587, -34.168204579496681 ], [ -70.676562633606935, -34.16959182469305 ], [ -70.674483167188754, -34.169551771237771 ], [ -70.673308086128287, -34.168124487623587 ], [ -70.674212435044922, -34.166737246260617 ], [ -70.676291873478405, -34.166777284678226 ] ] ] } },
{ "type": "Feature", "properties": { "h3": "89b2c1c1997ffff", "acc_auto_m2_comercio": 170875.83083003748, "acc_auto_m2_departamento": 64416.734837054602, "acc_auto_n_deporte_y_recreacion": 10.276361038248741, "acc_auto_n_educacion_y_cultura": 144.51521846866396, "acc_auto_m2_habitacional": 265257.90806107462, "acc_auto_m2_industria": 13664.923935941679, "acc_auto_m2_oficina": 57116.589778046116, "acc_auto_n_salud": 50.816877141538207, "acc_auto_n_paraderos": 50.901880280068042 }, "geometry": { "type": "Polygon", "coordinates": [ [ [ -70.742218093980796, -34.172243307233508 ], [ -70.743394183889407, -34.173670217251093 ], [ -70.742489745832245, -34.175058142416518 ], [ -70.740409226200669, -34.175019153746227 ], [ -70.739233172617006, -34.173592254877555 ], [ -70.740137602338592, -34.172204333530452 ], [ -70.742218093980796, -34.172243307233508 ] ] ] } },
{ "type": "Feature", "properties": { "h3": "89b2c1c1583ffff", "acc_auto_m2_comercio": 3411.3822602683863, "acc_auto_m2_departamento": 2678.8911811482403, "acc_auto_n_deporte_y_recreacion": 0.23490758440127932, "acc_auto_n_educacion_y_cultura": 2.2178606803875263, "acc_auto_m2_habitacional": 11555.997157892087, "acc_auto_m2_industria": 3170.544159239952, "acc_auto_m2_oficina": 600.79861539054571, "acc_auto_n_salud": 0.54813258769168027, "acc_auto_n_paraderos": 2.3514469308044381 }, "geometry": { "type": "Polygon", "coordinates": [ [ [ -70.783457333327547, -34.115373995122887 ], [ -70.784633741506838, -34.116801743636145 ], [ -70.783729476073532, -34.118191591332838 ], [ -70.781648810716277, -34.118153686682845 ], [ -70.780472438772151, -34.116725949305589 ], [ -70.781376695948722, -34.115336105442545 ], [ -70.783457333327547, -34.115373995122887 ] ] ] } },
{ "type": "Feature", "properties": { "h3": "89b2c1c022fffff", "acc_auto_m2_comercio": 21419.311802482516, "acc_auto_m2_departamento": 20788.123752630763, "acc_auto_n_deporte_y_recreacion": 1.4732334835558936, "acc_auto_n_educacion_y_cultura": 9.6988772859463293, "acc_auto_m2_habitacional": 60609.343977493583, "acc_auto_m2_industria": 5865.1124274232807, "acc_auto_m2_oficina": 2653.9637314601728, "acc_auto_n_salud": 4.1125322863729261, "acc_auto_n_paraderos": 11.047604822359279 }, "geometry": { "type": "Polygon", "coordinates": [ [ [ -70.760938299296967, -34.140269532388508 ], [ -70.762114504305814, -34.141696933630406 ], [ -70.761210167204354, -34.143085884857889 ], [ -70.759129633392092, -34.14304743101583 ], [ -70.757953464665619, -34.141620040919229 ], [ -70.758857793467698, -34.140231093519581 ], [ -70.760938299296967, -34.140269532388508 ] ] ] } },
{ "type": "Feature", "properties": { "h3": "89b2c1c0e93ffff", "acc_auto_m2_comercio": 36139.764576490714, "acc_auto_m2_departamento": 60844.248465033445, "acc_auto_n_deporte_y_recreacion": 5.633200542678658, "acc_auto_n_educacion_y_cultura": 33.892329395287518, "acc_auto_m2_habitacional": 129778.27215711056, "acc_auto_m2_industria": 4858.4329870787296, "acc_auto_m2_oficina": 5224.9731944223868, "acc_auto_n_salud": 7.3379757507794308, "acc_auto_n_paraderos": 32.000741997133332 }, "geometry": { "type": "Polygon", "coordinates": [ [ [ -70.720509869142035, -34.140921791770488 ], [ -70.721685497821753, -34.142349357619089 ], [ -70.720781194778326, -34.143737792780442 ], [ -70.718701271426781, -34.143698658257847 ], [ -70.717525679101101, -34.142271103587035 ], [ -70.718429973771592, -34.14088267226122 ], [ -70.720509869142035, -34.140921791770488 ] ] ] } },
{ "type": "Feature", "properties": { "h3": "89b2c1c0b1bffff", "acc_auto_m2_comercio": 84189.787556865354, "acc_auto_m2_departamento": 60801.564266150192, "acc_auto_n_deporte_y_recreacion": 10.596764845528194, "acc_auto_n_educacion_y_cultura": 75.532236128559703, "acc_auto_m2_habitacional": 303798.57538386999, "acc_auto_m2_industria": 3468.2816625390997, "acc_auto_m2_oficina": 9601.7429801454273, "acc_auto_n_salud": 31.478262390616738, "acc_auto_n_paraderos": 45.523738872551149 }, "geometry": { "type": "Polygon", "coordinates": [ [ [ -70.708572068453492, -34.178632073258399 ], [ -70.70974770636046, -34.180059015461481 ], [ -70.70884327537658, -34.181446365557449 ], [ -70.706763214881548, -34.181406769628289 ], [ -70.705587613360905, -34.179979838599031 ], [ -70.706492035947591, -34.178592492325294 ], [ -70.708572068453492, -34.178632073258399 ] ] ] } },
{ "type": "Feature", "properties": { "h3": "89b2c1c1d0fffff", "acc_auto_m2_comercio": 207628.9579585985, "acc_auto_m2_departamento": 75967.325966720397, "acc_auto_n_deporte_y_recreacion": 12.243674824586591, "acc_auto_n_educacion_y_cultura": 111.6128621738053, "acc_auto_m2_habitacional": 289182.94827082672, "acc_auto_m2_industria": 19079.257924134607, "acc_auto_m2_oficina": 59553.747375790059, "acc_auto_n_salud": 122.21640952697091, "acc_auto_n_paraderos": 70.329120443674555 }, "geometry": { "type": "Polygon", "coordinates": [ [ [ -70.747644594169799, -34.163914671094396 ], [ -70.748820721958253, -34.165341706727027 ], [ -70.747916309695825, -34.166729906042043 ], [ -70.745835777968708, -34.166691065903933 ], [ -70.744659686493137, -34.165264041418837 ], [ -70.745564090430435, -34.163875845924508 ], [ -70.747644594169799, -34.163914671094396 ] ] ] } },
{ "type": "Feature", "properties": { "h3": "89b2c1c5573ffff", "acc_auto_m2_comercio": 7723.0844038023079, "acc_auto_m2_departamento": 5168.552739984425, "acc_auto_n_deporte_y_recreacion": 2.6895031381506582, "acc_auto_n_educacion_y_cultura": 13.12951622262057, "acc_auto_m2_habitacional": 89442.878427704927, "acc_auto_m2_industria": 1914.642751741633, "acc_auto_m2_oficina": 1243.8998497762173, "acc_auto_n_salud": 3.4187700344777618, "acc_auto_n_paraderos": 2.1009702760455067 }, "geometry": { "type": "Polygon", "coordinates": [ [ [ -70.644553363757183, -34.192843240574739 ], [ -70.645728149551033, -34.194270205720464 ], [ -70.644823726111653, -34.195656409329736 ], [ -70.642744525391507, -34.195615643964771 ], [ -70.641569776100994, -34.194188690039589 ], [ -70.642474191025968, -34.192802490259005 ], [ -70.644553363757183, -34.192843240574739 ] ] ] } },
{ "type": "Feature", "properties": { "h3": "89b2c1c0627ffff", "acc_auto_m2_comercio": 16655.399766311824, "acc_auto_m2_departamento": 21060.650720456397, "acc_auto_n_deporte_y_recreacion": 2.8781346583065677, "acc_auto_n_educacion_y_cultura": 14.065167464765725, "acc_auto_m2_habitacional": 57159.813359206702, "acc_auto_m2_industria": 7846.7728851541524, "acc_auto_m2_oficina": 2249.0232867682907, "acc_auto_n_salud": 2.810423057004384, "acc_auto_n_paraderos": 9.4340536673690885 }, "geometry": { "type": "Polygon", "coordinates": [ [ [ -70.75577907370203, -34.119085617605741 ], [ -70.75695510344454, -34.120513420646617 ], [ -70.756050848894787, -34.121902834259856 ], [ -70.7539705729085, -34.121864440994798 ], [ -70.752794579451262, -34.120436649110985 ], [ -70.753698825693689, -34.11904723933538 ], [ -70.75577907370203, -34.119085617605741 ] ] ] } },
{ "type": "Feature", "properties": { "h3": "89b2c1ce44bffff", "acc_auto_m2_comercio": 83566.995134122495, "acc_auto_m2_departamento": 52279.263154510336, "acc_auto_n_deporte_y_recreacion": 6.4045393327115443, "acc_auto_n_educacion_y_cultura": 54.071113811701842, "acc_auto_m2_habitacional": 206631.44978806851, "acc_auto_m2_industria": 8024.9793058457908, "acc_auto_m2_oficina": 13082.285042825024, "acc_auto_n_salud": 19.022133580667077, "acc_auto_n_paraderos": 39.72200599523628 }, "geometry": { "type": "Polygon", "coordinates": [ [ [ -70.74113460737523, -34.193293045524555 ], [ -70.742310782601209, -34.194719582650684 ], [ -70.741406267965502, -34.196106970900779 ], [ -70.739325586441453, -34.196067818215127 ], [ -70.738149447548579, -34.194641292231182 ], [ -70.7390539538453, -34.193253907790911 ], [ -70.74113460737523, -34.193293045524555 ] ] ] } },
{ "type": "Feature", "properties": { "h3": "89b2c1c0b9bffff", "acc_auto_m2_comercio": 86401.723140160248, "acc_auto_m2_departamento": 60889.675072496801, "acc_auto_n_deporte_y_recreacion": 10.253389862926221, "acc_auto_n_educacion_y_cultura": 74.432125295805548, "acc_auto_m2_habitacional": 283424.55233367608, "acc_auto_m2_industria": 3521.201758709487, "acc_auto_m2_oficina": 9847.6130737051444, "acc_auto_n_salud": 27.061906057574813, "acc_auto_n_paraderos": 54.100200180818135 }, "geometry": { "type": "Polygon", "coordinates": [ [ [ -70.704774148925154, -34.171536497018799 ], [ -70.705949698335814, -34.172963582934514 ], [ -70.705045296985546, -34.174351062467316 ], [ -70.702965354626812, -34.174311452258706 ], [ -70.70178984160701, -34.172884377522507 ], [ -70.702694234553704, -34.171496901815594 ], [ -70.704774148925154, -34.171536497018799 ] ] ] } },
{ "type": "Feature", "properties": { "h3": "89b2c1c0823ffff", "acc_auto_m2_comercio": 48558.06010574512, "acc_auto_m2_departamento": 63429.841708083128, "acc_auto_n_deporte_y_recreacion": 9.1296714861269468, "acc_auto_n_educacion_y_cultura": 51.281419842336732, "acc_auto_m2_habitacional": 278543.89909009443, "acc_auto_m2_industria": 2565.8248247125489, "acc_auto_m2_oficina": 5076.2016347126391, "acc_auto_n_salud": 10.02069378426766, "acc_auto_n_paraderos": 52.655590927519235 }, "geometry": { "type": "Polygon", "coordinates": [ [ [ -70.697992394212207, -34.16578821231149 ], [ -70.699167818731638, -34.167215430705802 ], [ -70.698263444812838, -34.168602969209772 ], [ -70.69618365478884, -34.168563285489981 ], [ -70.695008266670555, -34.167136078282709 ], [ -70.695912632173815, -34.165748543608373 ], [ -70.697992394212207, -34.16578821231149 ] ] ] } },
{ "type": "Feature", "properties": { "h3": "89b2c1ce4afffff", "acc_auto_m2_comercio": 76008.800649242636, "acc_auto_m2_departamento": 45366.40325462028, "acc_auto_n_deporte_y_recreacion": 6.9736914365229685, "acc_auto_n_educacion_y_cultura": 41.232898784113054, "acc_auto_m2_habitacional": 172412.68466027311, "acc_auto_m2_industria": 3967.1700039572479, "acc_auto_m2_oficina": 9206.9609029331386, "acc_auto_n_salud": 32.039530052537032, "acc_auto_n_paraderos": 27.927675553331859 }, "geometry": { "type": "Polygon", "coordinates": [ [ [ -70.719153663094204, -34.191473447604885 ], [ -70.720329514366597, -34.192900113396945 ], [ -70.719425026373486, -34.194287275034497 ], [ -70.717344695485494, -34.194247767065306 ], [ -70.716168880584519, -34.192821112433869 ], [ -70.717073360198782, -34.191433954611192 ], [ -70.719153663094204, -34.191473447604885 ] ] ] } },
{ "type": "Feature", "properties": { "h3": "89b2c1c1d73ffff", "acc_auto_m2_comercio": 204304.48861016278, "acc_auto_m2_departamento": 73890.71600440082, "acc_auto_n_deporte_y_recreacion": 11.334661123037707, "acc_auto_n_educacion_y_cultura": 93.652962734164916, "acc_auto_m2_habitacional": 279420.53535520128, "acc_auto_m2_industria": 21166.161154100155, "acc_auto_m2_oficina": 48484.076749291227, "acc_auto_n_salud": 75.667420553181685, "acc_auto_n_paraderos": 73.196600708015893 }, "geometry": { "type": "Polygon", "coordinates": [ [ [ -70.750901287706114, -34.165380487565741 ], [ -70.752077469178445, -34.166807482683453 ], [ -70.751173048596669, -34.168195685817899 ], [ -70.749092454860559, -34.168156890015375 ], [ -70.747916309695825, -34.166729906042043 ], [ -70.748820721958253, -34.165341706727027 ], [ -70.750901287706114, -34.165380487565741 ] ] ] } },
{ "type": "Feature", "properties": { "h3": "89b2c1c5393ffff", "acc_auto_m2_comercio": 6012.6884210086173, "acc_auto_m2_departamento": 4678.7395972135673, "acc_auto_n_deporte_y_recreacion": 1.1799009663438165, "acc_auto_n_educacion_y_cultura": 6.7995191323256297, "acc_auto_m2_habitacional": 81572.341867169715, "acc_auto_m2_industria": 2229.0418609280127, "acc_auto_m2_oficina": 664.29674306559946, "acc_auto_n_salud": 2.8088559413668444, "acc_auto_n_paraderos": 2.3186586028082372 }, "geometry": { "type": "Polygon", "coordinates": [ [ [ -70.661636417913371, -34.208619353917534 ], [ -70.662811525057947, -34.210045962237928 ], [ -70.66190702725396, -34.211431985031624 ], [ -70.659827430788567, -34.211391395686263 ], [ -70.658652360121948, -34.209964798566823 ], [ -70.659556849441444, -34.208578779591974 ], [ -70.661636417913371, -34.208619353917534 ] ] ] } },
{ "type": "Feature", "properties": { "h3": "89b2c1c7233ffff", "acc_auto_m2_comercio": 11930.137806107192, "acc_auto_m2_departamento": 8466.2095088345577, "acc_auto_n_deporte_y_recreacion": 3.6785945473415063, "acc_auto_n_educacion_y_cultura": 20.891317076805034, "acc_auto_m2_habitacional": 209829.97667561623, "acc_auto_m2_industria": 613.9108964373371, "acc_auto_m2_oficina": 1711.7181548739909, "acc_auto_n_salud": 2.2800776941949161, "acc_auto_n_paraderos": 4.1335812358287738 }, "geometry": { "type": "Polygon", "coordinates": [ [ [ -70.654053688726862, -34.162133366929524 ], [ -70.655228464231413, -34.163560841103049 ], [ -70.654324144919514, -34.164947926207958 ], [ -70.652245058596762, -34.16490753329991 ], [ -70.651070319569726, -34.163480070350374 ], [ -70.651974630386576, -34.162092989085096 ], [ -70.654053688726862, -34.162133366929524 ] ] ] } },
{ "type": "Feature", "properties": { "h3": "89b2c1c130bffff", "acc_auto_m2_comercio": 4056.3052714251899, "acc_auto_m2_departamento": 2823.8432949914918, "acc_auto_n_deporte_y_recreacion": 0.23312892286753784, "acc_auto_n_educacion_y_cultura": 6.4696833659565725, "acc_auto_m2_habitacional": 18194.568580854677, "acc_auto_m2_industria": 1513.5242440758097, "acc_auto_m2_oficina": 816.32791157479494, "acc_auto_n_salud": 0.67735195358489864, "acc_auto_n_paraderos": 3.2360956658420239 }, "geometry": { "type": "Polygon", "coordinates": [ [ [ -70.815228658400244, -34.153912419176351 ], [ -70.816405705331405, -34.15533933767 ], [ -70.815501270441402, -34.156728620286167 ], [ -70.813419796820384, -34.15669098059746 ], [ -70.812242786079437, -34.155264073200321 ], [ -70.813147212767944, -34.153874794395563 ], [ -70.815228658400244, -34.153912419176351 ] ] ] } },
{ "type": "Feature", "properties": { "h3": "89b2c1c032fffff", "acc_auto_m2_comercio": 108499.12643022761, "acc_auto_m2_departamento": 118763.42733467033, "acc_auto_n_deporte_y_recreacion": 20.572123190978505, "acc_auto_n_educacion_y_cultura": 117.99047176182805, "acc_auto_m2_habitacional": 337242.79666917725, "acc_auto_m2_industria": 12412.535010291329, "acc_auto_m2_oficina": 20875.395139543769, "acc_auto_n_salud": 37.662990618763011, "acc_auto_n_paraderos": 68.288422085537377 }, "geometry": { "type": "Polygon", "coordinates": [ [ [ -70.740045122617289, -34.149720367829943 ], [ -70.741221073530184, -34.151147691014259 ], [ -70.74031672037141, -34.152536149162614 ], [ -70.738236424636426, -34.152497280298817 ], [ -70.73706051004568, -34.151069968273283 ], [ -70.737964854866419, -34.14968151395297 ], [ -70.740045122617289, -34.149720367829943 ] ] ] } },
{ "type": "Feature", "properties": { "h3": "89b2c1c734bffff", "acc_auto_m2_comercio": 9465.4006659757124, "acc_auto_m2_departamento": 7217.5380475235415, "acc_auto_n_deporte_y_recreacion": 4.4992098177281568, "acc_auto_n_educacion_y_cultura": 19.077624105222824, "acc_auto_m2_habitacional": 175052.03731299998, "acc_auto_m2_industria": 792.4480377297665, "acc_auto_m2_oficina": 1826.3808213854481, "acc_auto_n_salud": 2.0817458446602308, "acc_auto_n_paraderos": 2.0246057548011041 }, "geometry": { "type": "Polygon", "coordinates": [ [ [ -70.651881592530287, -34.171923148612656 ], [ -70.653056383634279, -34.173350456883782 ], [ -70.652152030319328, -34.174737271667617 ], [ -70.650072894398761, -34.174696774344532 ], [ -70.648898139778979, -34.173269477295605 ], [ -70.649802484594247, -34.171882666347749 ], [ -70.651881592530287, -34.171923148612656 ] ] ] } },
{ "type": "Feature", "properties": { "h3": "89b2c1c0b37ffff", "acc_auto_m2_comercio": 24638.785623537678, "acc_auto_m2_departamento": 16805.57878933844, "acc_auto_n_deporte_y_recreacion": 4.2985628924091479, "acc_auto_n_educacion_y_cultura": 24.576172963459456, "acc_auto_m2_habitacional": 147051.56390597738, "acc_auto_m2_industria": 1278.8029939248518, "acc_auto_m2_oficina": 2387.5682372234833, "acc_auto_n_salud": 5.2270127073727632, "acc_auto_n_paraderos": 13.5020794204003 }, "geometry": { "type": "Polygon", "coordinates": [ [ [ -70.696634439874728, -34.184022356221185 ], [ -70.697809932202517, -34.185449253717366 ], [ -70.696905492363356, -34.18683632199027 ], [ -70.694825568614291, -34.186796488944857 ], [ -70.693650112695465, -34.185369602630217 ], [ -70.694554544115391, -34.183982538179635 ], [ -70.696634439874728, -34.184022356221185 ] ] ] } },
{ "type": "Feature", "properties": { "h3": "89b2c1c5477ffff", "acc_auto_m2_comercio": 10818.724506989989, "acc_auto_m2_departamento": 7160.5448124981149, "acc_auto_n_deporte_y_recreacion": 4.0118217809118049, "acc_auto_n_educacion_y_cultura": 18.911012130200163, "acc_auto_m2_habitacional": 179213.77114948351, "acc_auto_m2_industria": 1824.4760186755404, "acc_auto_m2_oficina": 2009.6444835491748, "acc_auto_n_salud": 3.0722998035001581, "acc_auto_n_paraderos": 3.0649418131818802 }, "geometry": { "type": "Polygon", "coordinates": [ [ [ -70.662455566847072, -34.184767819845057 ], [ -70.663630571542257, -34.186194852273502 ], [ -70.662726160890088, -34.187581478665528 ], [ -70.660646754022736, -34.187541068800655 ], [ -70.659471785796981, -34.186114047581164 ], [ -70.660376187967799, -34.184727425017762 ], [ -70.662455566847072, -34.184767819845057 ] ] ] } },
{ "type": "Feature", "properties": { "h3": "89b2c1c08a3ffff", "acc_auto_m2_comercio": 28153.485480872605, "acc_auto_m2_departamento": 71437.470877913001, "acc_auto_n_deporte_y_recreacion": 6.0808458265946062, "acc_auto_n_educacion_y_cultura": 33.246148751940886, "acc_auto_m2_habitacional": 204926.70336640597, "acc_auto_m2_industria": 1644.2813058626987, "acc_auto_m2_oficina": 3457.4399712571412, "acc_auto_n_salud": 6.5610791025163415, "acc_auto_n_paraderos": 44.946867809560068 }, "geometry": { "type": "Polygon", "coordinates": [ [ [ -70.694195271168283, -34.158691343175313 ], [ -70.69537060718784, -34.16011870517886 ], [ -70.694466262921537, -34.161506373093367 ], [ -70.692386591056277, -34.161466675171212 ], [ -70.691211291442457, -34.160039324360362 ], [ -70.692115627286825, -34.158651660279155 ], [ -70.694195271168283, -34.158691343175313 ] ] ] } },
{ "type": "Feature", "properties": { "h3": "89b2c1c0e17ffff", "acc_auto_m2_comercio": 85284.520017149363, "acc_auto_m2_departamento": 154511.48985411524, "acc_auto_n_deporte_y_recreacion": 15.684473285604938, "acc_auto_n_educacion_y_cultura": 88.606314038168051, "acc_auto_m2_habitacional": 334860.67825541872, "acc_auto_m2_industria": 8877.6905504568695, "acc_auto_m2_oficina": 13840.021155304483, "acc_auto_n_salud": 20.022635528521445, "acc_auto_n_paraderos": 90.315025102868319 }, "geometry": { "type": "Polygon", "coordinates": [ [ [ -70.721323866315259, -34.149369440177743 ], [ -70.722499547100611, -34.150796851223134 ], [ -70.7215952122164, -34.152185086552393 ], [ -70.719515204917528, -34.152145907004609 ], [ -70.718339560487294, -34.150718507133298 ], [ -70.719243886999493, -34.14933027563589 ], [ -70.721323866315259, -34.149369440177743 ] ] ] } },
{ "type": "Feature", "properties": { "h3": "89b2c1c0eafffff", "acc_auto_m2_comercio": 71650.143336222842, "acc_auto_m2_departamento": 159748.67993547718, "acc_auto_n_deporte_y_recreacion": 15.266860705842246, "acc_auto_n_educacion_y_cultura": 77.725602247281799, "acc_auto_m2_habitacional": 339755.93893964594, "acc_auto_m2_industria": 5953.033617074906, "acc_auto_m2_oficina": 10602.184236334455, "acc_auto_n_salud": 18.281986822535472, "acc_auto_n_paraderos": 101.32274349737247 }, "geometry": { "type": "Polygon", "coordinates": [ [ [ -70.715355286541012, -34.152067444374374 ], [ -70.716530894610457, -34.153494833069665 ], [ -70.715626555246672, -34.154882927507714 ], [ -70.713546616195103, -34.15484362941875 ], [ -70.712371044492102, -34.153416251901383 ], [ -70.713275375472847, -34.152028161295256 ], [ -70.715355286541012, -34.152067444374374 ] ] ] } },
{ "type": "Feature", "properties": { "h3": "89b2c1c03afffff", "acc_auto_m2_comercio": 106662.80155163925, "acc_auto_m2_departamento": 134074.03536916713, "acc_auto_n_deporte_y_recreacion": 15.517913360391582, "acc_auto_n_educacion_y_cultura": 106.18561581737262, "acc_auto_m2_habitacional": 344637.68287836557, "acc_auto_m2_industria": 15688.618791075894, "acc_auto_m2_oficina": 15448.157535625071, "acc_auto_n_salud": 25.369813202872287, "acc_auto_n_paraderos": 67.712094161811279 }, "geometry": { "type": "Polygon", "coordinates": [ [ [ -70.736245873131693, -34.142622159667575 ], [ -70.737421735607469, -34.144049626554384 ], [ -70.736517412009846, -34.14543821409859 ], [ -70.734437234279525, -34.14539933092442 ], [ -70.733261408130474, -34.143971875202013 ], [ -70.734165723383654, -34.142583291489565 ], [ -70.736245873131693, -34.142622159667575 ] ] ] } },
{ "type": "Feature", "properties": { "h3": "89b2c1c0037ffff", "acc_auto_m2_comercio": 29123.935741208999, "acc_auto_m2_departamento": 36422.978718442959, "acc_auto_n_deporte_y_recreacion": 4.6980273699200321, "acc_auto_n_educacion_y_cultura": 30.983965221463052, "acc_auto_m2_habitacional": 167430.255371926, "acc_auto_m2_industria": 9364.7046798680694, "acc_auto_m2_oficina": 3240.9852126450892, "acc_auto_n_salud": 4.1318152982853968, "acc_auto_n_paraderos": 34.253619249404849 }, "geometry": { "type": "Polygon", "coordinates": [ [ [ -70.734616781803695, -34.125723350670391 ], [ -70.735792540061667, -34.127151127160914 ], [ -70.734888280128459, -34.128540114329937 ], [ -70.732808270282192, -34.12850132116953 ], [ -70.731632548348855, -34.127073555850821 ], [ -70.732536799935787, -34.125684572520882 ], [ -70.734616781803695, -34.125723350670391 ] ] ] } },
{ "type": "Feature", "properties": { "h3": "89b2c1c0923ffff", "acc_auto_m2_comercio": 19974.669807823149, "acc_auto_m2_departamento": 12496.777748993787, "acc_auto_n_deporte_y_recreacion": 4.0625492937952918, "acc_auto_n_educacion_y_cultura": 25.28277538250002, "acc_auto_m2_habitacional": 225473.24456501572, "acc_auto_m2_industria": 1551.2609646602505, "acc_auto_m2_oficina": 2115.2191317505726, "acc_auto_n_salud": 4.0813732833217369, "acc_auto_n_paraderos": 10.945021441478481 }, "geometry": { "type": "Polygon", "coordinates": [ [ [ -70.677104174090914, -34.17522055008542 ], [ -70.678279343683371, -34.176647690129869 ], [ -70.677374954446833, -34.178034735450296 ], [ -70.675295404070638, -34.17799463689672 ], [ -70.674120270918948, -34.176567508052827 ], [ -70.675024651701364, -34.175180466562132 ], [ -70.677104174090914, -34.17522055008542 ] ] ] } },
{ "type": "Feature", "properties": { "h3": "89b2c1c120fffff", "acc_auto_m2_comercio": 603.49277883682362, "acc_auto_m2_departamento": 417.80748878767076, "acc_auto_n_deporte_y_recreacion": 0.034493064824035857, "acc_auto_n_educacion_y_cultura": 3.5839079445634221, "acc_auto_m2_habitacional": 3394.6906986348399, "acc_auto_m2_industria": 224.30799180207958, "acc_auto_m2_oficina": 150.2330308428115, "acc_auto_n_salud": 0.10021898851635182, "acc_auto_n_paraderos": 0.48161882360483199 }, "geometry": { "type": "Polygon", "coordinates": [ [ [ -70.833144550841737, -34.145799769848956 ], [ -70.834321814794421, -34.147226754881302 ], [ -70.833417394414397, -34.148616460085286 ], [ -70.831335718248653, -34.148579176445978 ], [ -70.830158490451964, -34.14715220249861 ], [ -70.83106290266366, -34.145762501105771 ], [ -70.833144550841737, -34.145799769848956 ] ] ] } },
{ "type": "Feature", "properties": { "h3": "89b2c1c0233ffff", "acc_auto_m2_comercio": 22002.341202939169, "acc_auto_m2_departamento": 20060.865484439208, "acc_auto_n_deporte_y_recreacion": 1.7127960281442498, "acc_auto_n_educacion_y_cultura": 10.034671066002469, "acc_auto_m2_habitacional": 61818.536794454521, "acc_auto_m2_industria": 5864.0908453177371, "acc_auto_m2_oficina": 2299.8379696535762, "acc_auto_n_salud": 3.4612497624588965, "acc_auto_n_paraderos": 10.093569430213837 }, "geometry": { "type": "Polygon", "coordinates": [ [ [ -70.760394583783281, -34.134636472724964 ], [ -70.761570754042779, -34.136063977231821 ], [ -70.76066643815669, -34.137453061675409 ], [ -70.758585960309759, -34.137414637782065 ], [ -70.75740982633198, -34.135987144422955 ], [ -70.758314133918063, -34.134598063809648 ], [ -70.760394583783281, -34.134636472724964 ] ] ] } },
{ "type": "Feature", "properties": { "h3": "89b2c1c0e97ffff", "acc_auto_m2_comercio": 49572.525622017252, "acc_auto_m2_departamento": 83069.50085429092, "acc_auto_n_deporte_y_recreacion": 8.4605720407029565, "acc_auto_n_educacion_y_cultura": 47.790295450490937, "acc_auto_m2_habitacional": 183388.57006771446, "acc_auto_m2_industria": 5352.1116685816532, "acc_auto_m2_oficina": 7811.3550609235581, "acc_auto_n_salud": 11.078899702901069, "acc_auto_n_paraderos": 46.947712199336358 }, "geometry": { "type": "Polygon", "coordinates": [ [ [ -70.717525679101101, -34.142271103587035 ], [ -70.718701271426781, -34.143698658257847 ], [ -70.717796966142586, -34.145087022976142 ], [ -70.715717076909812, -34.145047829188243 ], [ -70.714541520943854, -34.143620285697132 ], [ -70.715445817849613, -34.142231924814411 ], [ -70.717525679101101, -34.142271103587035 ] ] ] } },
{ "type": "Feature", "properties": { "h3": "89b2c1c5003ffff", "acc_auto_m2_comercio": 3995.8413169812543, "acc_auto_m2_departamento": 2729.5833169566645, "acc_auto_n_deporte_y_recreacion": 0.85749823475542242, "acc_auto_n_educacion_y_cultura": 4.9415805389347822, "acc_auto_m2_habitacional": 47387.85180216864, "acc_auto_m2_industria": 1619.9660102530499, "acc_auto_m2_oficina": 482.78058988091402, "acc_auto_n_salud": 2.0413484522077248, "acc_auto_n_paraderos": 1.6850953729358815 }, "geometry": { "type": "Polygon", "coordinates": [ [ [ -70.663808604453138, -34.198834931555076 ], [ -70.664983695971017, -34.200261705948215 ], [ -70.664079232192861, -34.201647999147887 ], [ -70.661999685375378, -34.201607514132128 ], [ -70.660824630328719, -34.200180750941733 ], [ -70.661729085626988, -34.19879446156456 ], [ -70.663808604453138, -34.198834931555076 ] ] ] } },
{ "type": "Feature", "properties": { "h3": "89b2c1ce433ffff", "acc_auto_m2_comercio": 74090.453843180323, "acc_auto_m2_departamento": 42186.380926435282, "acc_auto_n_deporte_y_recreacion": 6.6038753793068494, "acc_auto_n_educacion_y_cultura": 40.260219699595758, "acc_auto_m2_habitacional": 160662.10821284814, "acc_auto_m2_industria": 3883.7597692626496, "acc_auto_m2_oficina": 8976.4583596038647, "acc_auto_n_salud": 31.223523294151683, "acc_auto_n_paraderos": 28.030600813806007 }, "geometry": { "type": "Polygon", "coordinates": [ [ [ -70.722409879381431, -34.192939562068801 ], [ -70.723585784394913, -34.194366187349488 ], [ -70.722681288028809, -34.195753352800651 ], [ -70.720600895020894, -34.195713889157716 ], [ -70.719425026373486, -34.194287275034497 ], [ -70.720329514366597, -34.192900113396945 ], [ -70.722409879381431, -34.192939562068801 ] ] ] } },
{ "type": "Feature", "properties": { "h3": "89b2c1c093bffff", "acc_auto_m2_comercio": 23132.797056265226, "acc_auto_m2_departamento": 14525.224161087293, "acc_auto_n_deporte_y_recreacion": 4.6946003950256117, "acc_auto_n_educacion_y_cultura": 31.930870546840989, "acc_auto_m2_habitacional": 241218.51705530164, "acc_auto_m2_industria": 1368.5020086451439, "acc_auto_m2_oficina": 2461.8174170827479, "acc_auto_n_salud": 4.7483599928876128, "acc_auto_n_paraderos": 12.758759091774776 }, "geometry": { "type": "Polygon", "coordinates": [ [ [ -70.680088109362686, -34.1738734624046 ], [ -70.681263315390282, -34.175300613647678 ], [ -70.680358928326996, -34.176687729425076 ], [ -70.678279343683371, -34.176647690129869 ], [ -70.677104174090914, -34.17522055008542 ], [ -70.678008552705592, -34.173833438137748 ], [ -70.680088109362686, -34.1738734624046 ] ] ] } },
{ "type": "Feature", "properties": { "h3": "89b2c1c1917ffff", "acc_auto_m2_comercio": 201553.30008991054, "acc_auto_m2_departamento": 99563.363167786752, "acc_auto_n_deporte_y_recreacion": 16.707396695770022, "acc_auto_n_educacion_y_cultura": 161.61342250800715, "acc_auto_m2_habitacional": 459541.61244324088, "acc_auto_m2_industria": 20111.95074606247, "acc_auto_m2_oficina": 46318.040049484938, "acc_auto_n_salud": 51.151695432141807, "acc_auto_n_paraderos": 77.302143295292268 }, "geometry": { "type": "Polygon", "coordinates": [ [ [ -70.746018138762722, -34.179338625276884 ], [ -70.747194317122464, -34.180765391427826 ], [ -70.746289849509452, -34.18215318714276 ], [ -70.744209211864501, -34.18211421289233 ], [ -70.743033069825088, -34.180687457884673 ], [ -70.743937529108962, -34.179299665984352 ], [ -70.746018138762722, -34.179338625276884 ] ] ] } },
{ "type": "Feature", "properties": { "h3": "89b2c1c550fffff", "acc_auto_m2_comercio": 8245.5217821310671, "acc_auto_m2_departamento": 5625.0052148507602, "acc_auto_n_deporte_y_recreacion": 3.1724186501651275, "acc_auto_n_educacion_y_cultura": 15.108804163480823, "acc_auto_m2_habitacional": 98778.040881949797, "acc_auto_m2_industria": 1791.2225300221819, "acc_auto_m2_oficina": 1352.5969413230739, "acc_auto_n_salud": 3.4040263935700126, "acc_auto_n_paraderos": 1.9307078520719765 }, "geometry": { "type": "Polygon", "coordinates": [ [ [ -70.641299459096118, -34.191375484748598 ], [ -70.642474191025968, -34.192802490259005 ], [ -70.641569776100994, -34.194188690039589 ], [ -70.639490637765064, -34.194147880480038 ], [ -70.638315942343866, -34.192720886193349 ], [ -70.63922034874858, -34.191334690242677 ], [ -70.641299459096118, -34.191375484748598 ] ] ] } },
{ "type": "Feature", "properties": { "h3": "89b2c1c5577ffff", "acc_auto_m2_comercio": 8451.2186900539618, "acc_auto_m2_departamento": 5199.9333070752873, "acc_auto_n_deporte_y_recreacion": 2.6793849483804779, "acc_auto_n_educacion_y_cultura": 13.124090188787731, "acc_auto_m2_habitacional": 86735.393520266531, "acc_auto_m2_industria": 1957.7922485795366, "acc_auto_m2_oficina": 1207.6638076201275, "acc_auto_n_salud": 3.4736553592197219, "acc_auto_n_paraderos": 2.1535185587514865 }, "geometry": { "type": "Polygon", "coordinates": [ [ [ -70.641569776100994, -34.194188690039589 ], [ -70.642744525391507, -34.195615643964771 ], [ -70.641840099838461, -34.197001777107765 ], [ -70.639760933513443, -34.196960952497072 ], [ -70.638586220731924, -34.195534009794351 ], [ -70.639490637765064, -34.194147880480038 ], [ -70.641569776100994, -34.194188690039589 ] ] ] } },
{ "type": "Feature", "properties": { "h3": "89b2c1c09a3ffff", "acc_auto_m2_comercio": 25311.924279512717, "acc_auto_m2_departamento": 15630.232790184242, "acc_auto_n_deporte_y_recreacion": 6.1113050337849772, "acc_auto_n_educacion_y_cultura": 31.917526786114234, "acc_auto_m2_habitacional": 262667.67673047335, "acc_auto_m2_industria": 938.37629180938234, "acc_auto_m2_oficina": 2950.5014095617694, "acc_auto_n_salud": 5.0616403203774647, "acc_auto_n_paraderos": 11.520685498258567 }, "geometry": { "type": "Polygon", "coordinates": [ [ [ -70.673308086128287, -34.168124487623587 ], [ -70.674483167188754, -34.169551771237771 ], [ -70.673578807650387, -34.17093894597857 ], [ -70.67149937551072, -34.17089883327197 ], [ -70.670324330895596, -34.169471560863983 ], [ -70.671228681973446, -34.168084389956611 ], [ -70.673308086128287, -34.168124487623587 ] ] ] } },
{ "type": "Feature", "properties": { "h3": "89b2c1c1c8fffff", "acc_auto_m2_comercio": 23079.648935983736, "acc_auto_m2_departamento": 22459.073168193616, "acc_auto_n_deporte_y_recreacion": 1.4849713172012975, "acc_auto_n_educacion_y_cultura": 10.227644201477643, "acc_auto_m2_habitacional": 61647.041644819095, "acc_auto_m2_industria": 6107.496133815539, "acc_auto_m2_oficina": 2980.1883596586422, "acc_auto_n_salud": 4.6629449181870823, "acc_auto_n_paraderos": 12.222655000095854 }, "geometry": { "type": "Polygon", "coordinates": [ [ [ -70.764738905387375, -34.147367841520058 ], [ -70.765915198801409, -34.148795098971178 ], [ -70.765010832190796, -34.150183920798902 ], [ -70.762930180457758, -34.150145481351544 ], [ -70.761753923321479, -34.1487182350401 ], [ -70.762658281639133, -34.147329417036538 ], [ -70.764738905387375, -34.147367841520058 ] ] ] } },
{ "type": "Feature", "properties": { "h3": "89b2c1c1803ffff", "acc_auto_m2_comercio": 59086.066159995062, "acc_auto_m2_departamento": 27549.493884183914, "acc_auto_n_deporte_y_recreacion": 4.9619490966320301, "acc_auto_n_educacion_y_cultura": 52.628416687945013, "acc_auto_m2_habitacional": 317779.74909180112, "acc_auto_m2_industria": 14076.031438027563, "acc_auto_m2_oficina": 10968.361643194072, "acc_auto_n_salud": 13.000240705181463, "acc_auto_n_paraderos": 55.519141902975896 }, "geometry": { "type": "Polygon", "coordinates": [ [ [ -70.770171851392618, -34.171358507700077 ], [ -70.771348337491474, -34.172785311238044 ], [ -70.770443877725512, -34.174173603895767 ], [ -70.768362940144016, -34.17413508920253 ], [ -70.767186490320384, -34.172708296791185 ], [ -70.768090941801674, -34.171320007946647 ], [ -70.770171851392618, -34.171358507700077 ] ] ] } },
{ "type": "Feature", "properties": { "h3": "89b2c1c0827ffff", "acc_auto_m2_comercio": 25461.05777160011, "acc_auto_m2_departamento": 17104.457107133341, "acc_auto_n_deporte_y_recreacion": 5.5511517417805791, "acc_auto_n_educacion_y_cultura": 32.696052350509767, "acc_auto_m2_habitacional": 174582.76672072825, "acc_auto_m2_industria": 1058.4956316453295, "acc_auto_m2_oficina": 2444.9943890070344, "acc_auto_n_salud": 5.4267811270020028, "acc_auto_n_paraderos": 14.534632505043353 }, "geometry": { "type": "Polygon", "coordinates": [ [ [ -70.695008266670555, -34.167136078282709 ], [ -70.69618365478884, -34.168563285489981 ], [ -70.695279278666774, -34.169950753541336 ], [ -70.693199522846143, -34.169911010555992 ], [ -70.692024171134705, -34.168483814537687 ], [ -70.692928538835702, -34.16709635031598 ], [ -70.695008266670555, -34.167136078282709 ] ] ] } },
{ "type": "Feature", "properties": { "h3": "89b2c1c004fffff", "acc_auto_m2_comercio": 26386.286599555351, "acc_auto_m2_departamento": 35350.096992083752, "acc_auto_n_deporte_y_recreacion": 5.344222022860551, "acc_auto_n_educacion_y_cultura": 25.82405836454636, "acc_auto_m2_habitacional": 88839.43495046912, "acc_auto_m2_industria": 8539.1495935334679, "acc_auto_m2_oficina": 3659.2534271957052, "acc_auto_n_salud": 5.3469566722381128, "acc_auto_n_paraderos": 15.55367436538595 }, "geometry": { "type": "Polygon", "coordinates": [ [ [ -70.753338059430291, -34.126070801041948 ], [ -70.754514087630142, -34.12749848971859 ], [ -70.753609809565631, -34.128887699703782 ], [ -70.751529511612162, -34.128849217177297 ], [ -70.75035351970395, -34.127421539657178 ], [ -70.751257789456218, -34.126032333507212 ], [ -70.753338059430291, -34.126070801041948 ] ] ] } },
{ "type": "Feature", "properties": { "h3": "89b2c1ce4b3ffff", "acc_auto_m2_comercio": 141549.94753106727, "acc_auto_m2_departamento": 91789.770786879322, "acc_auto_n_deporte_y_recreacion": 15.825856530893942, "acc_auto_n_educacion_y_cultura": 104.77984148284165, "acc_auto_m2_habitacional": 354409.069693294, "acc_auto_m2_industria": 7286.3593233221482, "acc_auto_m2_oficina": 20598.296880738195, "acc_auto_n_salud": 143.43475376675553, "acc_auto_n_paraderos": 64.334754473452179 }, "geometry": { "type": "Polygon", "coordinates": [ [ [ -70.718610956805833, -34.185845437835184 ], [ -70.719786773329574, -34.187272206951768 ], [ -70.718882306571743, -34.18865950186968 ], [ -70.716802031668223, -34.188620023853929 ], [ -70.715626251515189, -34.18719326590044 ], [ -70.716530709893604, -34.185805974799813 ], [ -70.718610956805833, -34.185845437835184 ] ] ] } },
{ "type": "Feature", "properties": { "h3": "89b2c1ca8bbffff", "acc_auto_m2_comercio": 8726.6578037264753, "acc_auto_m2_departamento": 6346.4967676383194, "acc_auto_n_deporte_y_recreacion": 0.556513917245953, "acc_auto_n_educacion_y_cultura": 7.5853792440820342, "acc_auto_m2_habitacional": 32737.893459657902, "acc_auto_m2_industria": 4691.4160710104879, "acc_auto_m2_oficina": 4386.8235176631879, "acc_auto_n_salud": 1.2985677509048383, "acc_auto_n_paraderos": 7.3352182774125962 }, "geometry": { "type": "Polygon", "coordinates": [ [ [ -70.830173265159956, -34.179479794720812 ], [ -70.831350648092808, -34.180906188396889 ], [ -70.830446106245816, -34.182295019804464 ], [ -70.828364189640567, -34.182257453738231 ], [ -70.827186842878916, -34.180831071137405 ], [ -70.828091376549949, -34.17944224352776 ], [ -70.830173265159956, -34.179479794720812 ] ] ] } },
{ "type": "Feature", "properties": { "h3": "89b2c1c1d77ffff", "acc_auto_m2_comercio": 229628.20513002813, "acc_auto_m2_departamento": 78067.567864131895, "acc_auto_n_deporte_y_recreacion": 12.323174541108591, "acc_auto_n_educacion_y_cultura": 121.0491045689726, "acc_auto_m2_habitacional": 315374.11667475331, "acc_auto_m2_industria": 22695.698017808998, "acc_auto_m2_oficina": 67420.368085775568, "acc_auto_n_salud": 109.19772651124988, "acc_auto_n_paraderos": 73.469788658175915 }, "geometry": { "type": "Polygon", "coordinates": [ [ [ -70.747916309695825, -34.166729906042043 ], [ -70.749092454860559, -34.168156890015375 ], [ -70.748188031986317, -34.169545022704114 ], [ -70.746107472270836, -34.16950616760024 ], [ -70.74493136341934, -34.168079194773199 ], [ -70.745835777968708, -34.166691065903933 ], [ -70.747916309695825, -34.166729906042043 ] ] ] } },
{ "type": "Feature", "properties": { "h3": "89b2c1c0a23ffff", "acc_auto_m2_comercio": 200447.74824412601, "acc_auto_m2_departamento": 135225.53952488242, "acc_auto_n_deporte_y_recreacion": 18.675964675421763, "acc_auto_n_educacion_y_cultura": 139.32694877134338, "acc_auto_m2_habitacional": 482150.65719387913, "acc_auto_m2_industria": 8582.1189907850476, "acc_auto_m2_oficina": 23851.016693760201, "acc_auto_n_salud": 55.455982459666849, "acc_auto_n_paraderos": 94.376754885409042 }, "geometry": { "type": "Polygon", "coordinates": [ [ [ -70.720781569405204, -34.176054333337241 ], [ -70.721957370173286, -34.177481268572627 ], [ -70.721052937508645, -34.178868833849108 ], [ -70.718972712449357, -34.178829460069473 ], [ -70.717796948045233, -34.177402535998972 ], [ -70.718701372335076, -34.176014974543406 ], [ -70.720781569405204, -34.176054333337241 ] ] ] } },
{ "type": "Feature", "properties": { "h3": "89b2c1c7237ffff", "acc_auto_m2_comercio": 11900.061714351534, "acc_auto_m2_departamento": 8553.250382096996, "acc_auto_n_deporte_y_recreacion": 3.7777750180752006, "acc_auto_n_educacion_y_cultura": 21.303278576904795, "acc_auto_m2_habitacional": 215425.71846763825, "acc_auto_m2_industria": 633.8806877745011, "acc_auto_m2_oficina": 1740.8458884830573, "acc_auto_n_salud": 2.2747802675134317, "acc_auto_n_paraderos": 4.0147596873160865 }, "geometry": { "type": "Polygon", "coordinates": [ [ [ -70.651070319569726, -34.163480070350374 ], [ -70.652245058596762, -34.16490753329991 ], [ -70.651340737155707, -34.166294547947714 ], [ -70.649261685186801, -34.166254095806551 ], [ -70.64808698264288, -34.164826644082915 ], [ -70.6489912955834, -34.163439633274749 ], [ -70.651070319569726, -34.163480070350374 ] ] ] } },
{ "type": "Feature", "properties": { "h3": "89b2c1c130fffff", "acc_auto_m2_comercio": 5081.8532061810438, "acc_auto_m2_departamento": 3548.1706506108421, "acc_auto_n_deporte_y_recreacion": 0.29292744515754326, "acc_auto_n_educacion_y_cultura": 6.3665650854471734, "acc_auto_m2_habitacional": 21563.183137375225, "acc_auto_m2_industria": 1900.0881642554339, "acc_auto_m2_oficina": 893.99509623933182, "acc_auto_n_salud": 0.85109550027318259, "acc_auto_n_paraderos": 4.0535740419838699 }, "geometry": { "type": "Polygon", "coordinates": [ [ [ -70.812242786079437, -34.155264073200321 ], [ -70.813419796820384, -34.15669098059746 ], [ -70.812515359529598, -34.158080192779579 ], [ -70.810433919703527, -34.158042493753328 ], [ -70.809256945158467, -34.156615597454632 ], [ -70.810161374242242, -34.155226389083943 ], [ -70.812242786079437, -34.155264073200321 ] ] ] } },
{ "type": "Feature", "properties": { "h3": "89b2c1c0333ffff", "acc_auto_m2_comercio": 113580.42987363051, "acc_auto_m2_departamento": 143443.25967210819, "acc_auto_n_deporte_y_recreacion": 18.001659057101602, "acc_auto_n_educacion_y_cultura": 117.50122817688215, "acc_auto_m2_habitacional": 358032.55507655197, "acc_auto_m2_industria": 15940.155151110139, "acc_auto_m2_oficina": 17588.308796674133, "acc_auto_n_salud": 27.611951397875146, "acc_auto_n_paraderos": 73.55823011756739 }, "geometry": { "type": "Polygon", "coordinates": [ [ [ -70.739501947392071, -34.144088450450312 ], [ -70.740677863560492, -34.145515876882371 ], [ -70.739773531624266, -34.146904468257055 ], [ -70.737693291856871, -34.14686562936938 ], [ -70.736517412009846, -34.14543821409859 ], [ -70.737421735607469, -34.144049626554384 ], [ -70.739501947392071, -34.144088450450312 ] ] ] } },
{ "type": "Feature", "properties": { "h3": "89b2c1c547bffff", "acc_auto_m2_comercio": 11734.564268064216, "acc_auto_m2_departamento": 7477.5015867987331, "acc_auto_n_deporte_y_recreacion": 3.4691093426954165, "acc_auto_n_educacion_y_cultura": 18.589380357294115, "acc_auto_m2_habitacional": 195779.51975384186, "acc_auto_m2_industria": 2523.9194799211341, "acc_auto_m2_oficina": 1759.3427763172283, "acc_auto_n_salud": 3.6696554034303599, "acc_auto_n_paraderos": 4.7241144878229804 }, "geometry": { "type": "Polygon", "coordinates": [ [ [ -70.66869389673144, -34.184888797385938 ], [ -70.66986899171286, -34.186315800625749 ], [ -70.668964574739334, -34.187702501306397 ], [ -70.66688507125312, -34.187662194920051 ], [ -70.665710012730173, -34.186235202884099 ], [ -70.666614421233646, -34.184848506030832 ], [ -70.66869389673144, -34.184888797385938 ] ] ] } },
{ "type": "Feature", "properties": { "h3": "89b2c1c1883ffff", "acc_auto_m2_comercio": 86775.899294466828, "acc_auto_m2_departamento": 44869.938167570763, "acc_auto_n_deporte_y_recreacion": 5.3659807622971494, "acc_auto_n_educacion_y_cultura": 49.303624058916668, "acc_auto_m2_habitacional": 265517.55478234607, "acc_auto_m2_industria": 22891.18512530758, "acc_auto_m2_oficina": 16069.954318471757, "acc_auto_n_salud": 18.713396766371293, "acc_auto_n_paraderos": 57.670697933262034 }, "geometry": { "type": "Polygon", "coordinates": [ [ [ -70.76637056774689, -34.164262543022112 ], [ -70.767546965429958, -34.165689490486237 ], [ -70.766642535167591, -34.167077912588205 ], [ -70.764561715511931, -34.167039383409438 ], [ -70.763385354108706, -34.165612447077585 ], [ -70.764289776079963, -34.164224028792454 ], [ -70.76637056774689, -34.164262543022112 ] ] ] } },
{ "type": "Feature", "properties": { "h3": "89b2c1c0e1bffff", "acc_auto_m2_comercio": 82477.482937372755, "acc_auto_m2_departamento": 118151.37525008786, "acc_auto_n_deporte_y_recreacion": 13.092327819946737, "acc_auto_n_educacion_y_cultura": 78.551208966533466, "acc_auto_m2_habitacional": 273076.42477664043, "acc_auto_m2_industria": 8683.9940895447926, "acc_auto_m2_oficina": 14390.492381877271, "acc_auto_n_salud": 19.909359794941551, "acc_auto_n_paraderos": 68.853714197534345 }, "geometry": { "type": "Polygon", "coordinates": [ [ [ -70.727563996647532, -34.149486726726678 ], [ -70.728739767496222, -34.150914108502093 ], [ -70.727835426498615, -34.152302418106451 ], [ -70.725755323011683, -34.152263342104995 ], [ -70.72457958850714, -34.150835971498552 ], [ -70.725483921144033, -34.1494476657248 ], [ -70.727563996647532, -34.149486726726678 ] ] ] } },
{ "type": "Feature", "properties": { "h3": "89b2c1c0aa3ffff", "acc_auto_m2_comercio": 191549.34740463342, "acc_auto_m2_departamento": 155692.77073264844, "acc_auto_n_deporte_y_recreacion": 19.82773436671259, "acc_auto_n_educacion_y_cultura": 150.81355447540045, "acc_auto_m2_habitacional": 538430.35902155109, "acc_auto_m2_industria": 9796.5196569659311, "acc_auto_m2_oficina": 26874.453847013629, "acc_auto_n_salud": 50.822531454520771, "acc_auto_n_paraderos": 124.41882918198992 }, "geometry": { "type": "Polygon", "coordinates": [ [ [ -70.716983000085236, -34.168958569696272 ], [ -70.718158712373764, -34.17038564868124 ], [ -70.717254309316687, -34.171773343394037 ], [ -70.715174202350951, -34.171733955297476 ], [ -70.713998526430998, -34.170306887483044 ], [ -70.714902921106827, -34.168919196594835 ], [ -70.716983000085236, -34.168958569696272 ] ] ] } },
{ "type": "Feature", "properties": { "h3": "89b2c1c72cbffff", "acc_auto_m2_comercio": 6971.7332513737601, "acc_auto_m2_departamento": 4209.2584159788148, "acc_auto_n_deporte_y_recreacion": 2.342728631369722, "acc_auto_n_educacion_y_cultura": 8.7518024766088338, "acc_auto_m2_habitacional": 100717.98587785316, "acc_auto_m2_industria": 257.27463822848995, "acc_auto_m2_oficina": 890.63242707384325, "acc_auto_n_salud": 1.3876873532736758, "acc_auto_n_paraderos": 3.1581218255296784 }, "geometry": { "type": "Polygon", "coordinates": [ [ [ -70.668971017419508, -34.15539790448382 ], [ -70.670145975226703, -34.156825434748228 ], [ -70.669241666635642, -34.158212872127777 ], [ -70.667162408703561, -34.158172775403528 ], [ -70.665987487345589, -34.156745256353432 ], [ -70.66689178746914, -34.155357822813443 ], [ -70.668971017419508, -34.15539790448382 ] ] ] } },
{ "type": "Feature", "properties": { "h3": "89b2c1c0ab7ffff", "acc_auto_m2_comercio": 165403.66863683049, "acc_auto_m2_departamento": 153267.8620089624, "acc_auto_n_deporte_y_recreacion": 19.107205778929856, "acc_auto_n_educacion_y_cultura": 138.28543084806898, "acc_auto_m2_habitacional": 538895.47674454516, "acc_auto_m2_industria": 8138.6164566483221, "acc_auto_m2_oficina": 22363.247687055242, "acc_auto_n_salud": 43.696652603350294, "acc_auto_n_paraderos": 127.77929731557538 }, "geometry": { "type": "Polygon", "coordinates": [ [ [ -70.713727262557498, -34.167492077152282 ], [ -70.714902921106827, -34.168919196594835 ], [ -70.713998526430998, -34.170306887483044 ], [ -70.71191848159151, -34.170267455103023 ], [ -70.710742859416044, -34.168840346834159 ], [ -70.711647245704839, -34.167452659771797 ], [ -70.713727262557498, -34.167492077152282 ] ] ] } },
{ "type": "Feature", "properties": { "h3": "89b2c1c1a93ffff", "acc_auto_m2_comercio": 32778.126812974791, "acc_auto_m2_departamento": 32855.434497858863, "acc_auto_n_deporte_y_recreacion": 2.1370880774384773, "acc_auto_n_educacion_y_cultura": 15.723170375231751, "acc_auto_m2_habitacional": 98779.878356961533, "acc_auto_m2_industria": 44309.682056109006, "acc_auto_m2_oficina": 4549.8718594529155, "acc_auto_n_salud": 5.2972191456694837, "acc_auto_n_paraderos": 23.800213344545828 }, "geometry": { "type": "Polygon", "coordinates": [ [ [ -70.788901475401232, -34.171703449855045 ], [ -70.790078231183927, -34.173130164994213 ], [ -70.789173753653941, -34.174518680413456 ], [ -70.78709252859052, -34.174480476884433 ], [ -70.785915809049968, -34.173053772856676 ], [ -70.786820278329316, -34.171665261246737 ], [ -70.788901475401232, -34.171703449855045 ] ] ] } },
{ "type": "Feature", "properties": { "h3": "89b2c1c568bffff", "acc_auto_m2_comercio": 31511.493993828601, "acc_auto_m2_departamento": 20707.72454854786, "acc_auto_n_deporte_y_recreacion": 6.0945300983802291, "acc_auto_n_educacion_y_cultura": 36.768186848614341, "acc_auto_m2_habitacional": 221559.01281612724, "acc_auto_m2_industria": 4924.3362207127493, "acc_auto_m2_oficina": 3242.4954673178318, "acc_auto_n_salud": 7.3238237361016969, "acc_auto_n_paraderos": 16.76555294554657 }, "geometry": { "type": "Polygon", "coordinates": [ [ [ -70.684155547475612, -34.183782930296225 ], [ -70.685330859398178, -34.185209886299305 ], [ -70.684426432027763, -34.18659680601035 ], [ -70.682346701175362, -34.18655676589367 ], [ -70.681171425683686, -34.185129821082342 ], [ -70.682075844612214, -34.183742905196119 ], [ -70.684155547475612, -34.183782930296225 ] ] ] } },
{ "type": "Feature", "properties": { "h3": "89b2c1c03b3ffff", "acc_auto_m2_comercio": 84979.227692668355, "acc_auto_m2_departamento": 136079.80451531772, "acc_auto_n_deporte_y_recreacion": 11.681862079582382, "acc_auto_n_educacion_y_cultura": 81.080654042313299, "acc_auto_m2_habitacional": 273559.88985098165, "acc_auto_m2_industria": 13944.538336237489, "acc_auto_m2_oficina": 10825.714361879101, "acc_auto_n_salud": 16.020021544087957, "acc_auto_n_paraderos": 57.18189323662137 }, "geometry": { "type": "Polygon", "coordinates": [ [ [ -70.735702815653582, -34.136989696149975 ], [ -70.736878643388309, -34.138417266255651 ], [ -70.735974341012991, -34.139805987015933 ], [ -70.733894219246636, -34.139767133836521 ], [ -70.732718427837952, -34.138339574897735 ], [ -70.733622721868215, -34.136950857971641 ], [ -70.735702815653582, -34.136989696149975 ] ] ] } },
{ "type": "Feature", "properties": { "h3": "89b2c1c003bffff", "acc_auto_m2_comercio": 38302.314409768194, "acc_auto_m2_departamento": 48263.612296617532, "acc_auto_n_deporte_y_recreacion": 7.204659907639706, "acc_auto_n_educacion_y_cultura": 46.371228409978869, "acc_auto_m2_habitacional": 225033.82365027687, "acc_auto_m2_industria": 12340.755167101473, "acc_auto_m2_oficina": 4228.3085937778496, "acc_auto_n_salud": 5.4215595645950403, "acc_auto_n_paraderos": 46.036060785941515 }, "geometry": { "type": "Polygon", "coordinates": [ [ [ -70.740856919573034, -34.125839478075697 ], [ -70.742032767832484, -34.127267225311982 ], [ -70.741128501833657, -34.128656286755131 ], [ -70.739048395908938, -34.128617597124396 ], [ -70.737872583963124, -34.127189861054823 ], [ -70.738776841627057, -34.125800803449479 ], [ -70.740856919573034, -34.125839478075697 ] ] ] } },
{ "type": "Feature", "properties": { "h3": "89b2c1c1903ffff", "acc_auto_m2_comercio": 130289.14971056335, "acc_auto_m2_departamento": 62743.397979660331, "acc_auto_n_deporte_y_recreacion": 10.453645529211524, "acc_auto_n_educacion_y_cultura": 109.69528746906637, "acc_auto_m2_habitacional": 338374.47008434607, "acc_auto_m2_industria": 15001.010954472802, "acc_auto_m2_oficina": 30745.694046837285, "acc_auto_n_salud": 31.839734271211576, "acc_auto_n_paraderos": 55.313316314595639 }, "geometry": { "type": "Polygon", "coordinates": [ [ [ -70.749274988798064, -34.180804306370241 ], [ -70.750451220851005, -34.182231031981303 ], [ -70.749546744914639, -34.183618831509619 ], [ -70.747466045247364, -34.183579901613697 ], [ -70.746289849509452, -34.18215318714276 ], [ -70.747194317122464, -34.180765391427826 ], [ -70.749274988798064, -34.180804306370241 ] ] ] } },
{ "type": "Feature", "properties": { "h3": "89b2c1c0e2fffff", "acc_auto_m2_comercio": 105327.49970024363, "acc_auto_m2_departamento": 142847.70821321465, "acc_auto_n_deporte_y_recreacion": 15.415374365622359, "acc_auto_n_educacion_y_cultura": 97.111999297927227, "acc_auto_m2_habitacional": 382010.15626470401, "acc_auto_m2_industria": 7478.9396948706135, "acc_auto_m2_oficina": 16876.184689319056, "acc_auto_n_salud": 28.359229317765823, "acc_auto_n_paraderos": 103.81999799215316 }, "geometry": { "type": "Polygon", "coordinates": [ [ [ -70.71915350266238, -34.159164846721147 ], [ -70.720329199201203, -34.160592091753351 ], [ -70.719424830230523, -34.161980056785637 ], [ -70.717344773096286, -34.161940772957671 ], [ -70.716169112919317, -34.160513539097778 ], [ -70.717073473513381, -34.159125577893725 ], [ -70.71915350266238, -34.159164846721147 ] ] ] } },
{ "type": "Feature", "properties": { "h3": "89b2c1c0927ffff", "acc_auto_m2_comercio": 17412.910989987799, "acc_auto_m2_departamento": 10905.985331078853, "acc_auto_n_deporte_y_recreacion": 3.6829350985230103, "acc_auto_n_educacion_y_cultura": 22.776935714472312, "acc_auto_m2_habitacional": 207479.83071248114, "acc_auto_m2_industria": 1826.6565614439176, "acc_auto_m2_oficina": 1952.8763934198867, "acc_auto_n_salud": 3.5571096936608986, "acc_auto_n_paraderos": 9.2219723458392853 }, "geometry": { "type": "Polygon", "coordinates": [ [ [ -70.674120270918948, -34.176567508052827 ], [ -70.675295404070638, -34.17799463689672 ], [ -70.674391012665879, -34.179381611759446 ], [ -70.67231149656773, -34.179341453948723 ], [ -70.67113639986249, -34.177914336307303 ], [ -70.672040782807613, -34.176527365274339 ], [ -70.674120270918948, -34.176567508052827 ] ] ] } },
{ "type": "Feature", "properties": { "h3": "89b2c1c158bffff", "acc_auto_m2_comercio": 1987.5173735730668, "acc_auto_m2_departamento": 1183.2202394653063, "acc_auto_n_deporte_y_recreacion": 0.16169809873477134, "acc_auto_n_educacion_y_cultura": 0.91396382433626278, "acc_auto_m2_habitacional": 3835.8063608675398, "acc_auto_m2_industria": 440.85294684949895, "acc_auto_m2_oficina": 128.30287156078563, "acc_auto_n_salud": 0.15789395525550418, "acc_auto_n_paraderos": 0.53001986441903759 }, "geometry": { "type": "Polygon", "coordinates": [ [ [ -70.786714440747659, -34.116839588993194 ], [ -70.787890902532723, -34.118267297012395 ], [ -70.786986628848481, -34.119657148541506 ], [ -70.784905901628747, -34.119619288219205 ], [ -70.783729476073532, -34.118191591332838 ], [ -70.784633741506838, -34.116801743636145 ], [ -70.786714440747659, -34.116839588993194 ] ] ] } },
{ "type": "Feature", "properties": { "h3": "89b2c1ce5b3ffff", "acc_auto_m2_comercio": 11637.291302142266, "acc_auto_m2_departamento": 7643.5400843818934, "acc_auto_n_deporte_y_recreacion": 3.1568094253374537, "acc_auto_n_educacion_y_cultura": 11.18417947119822, "acc_auto_m2_habitacional": 34637.925146305359, "acc_auto_m2_industria": 719.42808038339342, "acc_auto_m2_oficina": 1685.3791691704082, "acc_auto_n_salud": 11.3595858020019, "acc_auto_n_paraderos": 5.2763203234307028 }, "geometry": { "type": "Polygon", "coordinates": [ [ [ -70.697718690327648, -34.195277509650182 ], [ -70.698894252137421, -34.196704200584641 ], [ -70.697989769816019, -34.198091002300046 ], [ -70.695909734101562, -34.198051109263751 ], [ -70.694734208702187, -34.196624429505881 ], [ -70.695638682605519, -34.195237631607938 ], [ -70.697718690327648, -34.195277509650182 ] ] ] } },
{ "type": "Feature", "properties": { "h3": "89b2c1c0237ffff", "acc_auto_m2_comercio": 19833.457309973826, "acc_auto_m2_departamento": 18644.478239179589, "acc_auto_n_deporte_y_recreacion": 1.5278896646959881, "acc_auto_n_educacion_y_cultura": 9.157288359310396, "acc_auto_m2_habitacional": 56333.851382812165, "acc_auto_m2_industria": 5411.1782851541766, "acc_auto_m2_oficina": 2193.7113608029686, "acc_auto_n_salud": 3.3280575554478342, "acc_auto_n_paraderos": 9.4970302147261769 }, "geometry": { "type": "Polygon", "coordinates": [ [ [ -70.75740982633198, -34.135987144422955 ], [ -70.758585960309759, -34.137414637782065 ], [ -70.757681642115784, -34.138803651789523 ], [ -70.755601198248172, -34.138765168607769 ], [ -70.754425100557739, -34.137337686398347 ], [ -70.755329410446222, -34.13594867622119 ], [ -70.75740982633198, -34.135987144422955 ] ] ] } },
{ "type": "Feature", "properties": { "h3": "89b2c1c01cbffff", "acc_auto_m2_comercio": 34197.022322849705, "acc_auto_m2_departamento": 42814.058813736912, "acc_auto_n_deporte_y_recreacion": 5.1048781525763971, "acc_auto_n_educacion_y_cultura": 35.307790777649004, "acc_auto_m2_habitacional": 186339.79128228975, "acc_auto_m2_industria": 11007.913988488002, "acc_auto_m2_oficina": 3883.0570676067882, "acc_auto_n_salud": 4.856818124507619, "acc_auto_n_paraderos": 35.94098025879623 }, "geometry": { "type": "Polygon", "coordinates": [ [ [ -70.731632548348855, -34.127073555850821 ], [ -70.732808270282192, -34.12850132116953 ], [ -70.731904008084726, -34.129890237901428 ], [ -70.729824032304322, -34.12985138547571 ], [ -70.728648346701291, -34.128423631330719 ], [ -70.729552600546981, -34.127034718437933 ], [ -70.731632548348855, -34.127073555850821 ] ] ] } },
{ "type": "Feature", "properties": { "h3": "89b2c1c0e9bffff", "acc_auto_m2_comercio": 38609.87028474149, "acc_auto_m2_departamento": 87189.455530661522, "acc_auto_n_deporte_y_recreacion": 5.2823611812852462, "acc_auto_n_educacion_y_cultura": 33.063912246569217, "acc_auto_m2_habitacional": 145524.85394520633, "acc_auto_m2_industria": 5836.196243874354, "acc_auto_m2_oficina": 4787.8271481579004, "acc_auto_n_salud": 6.5080365161184579, "acc_auto_n_paraderos": 31.465657862080032 }, "geometry": { "type": "Polygon", "coordinates": [ [ [ -70.723765455281452, -34.142388432875173 ], [ -70.724941137677973, -34.143815958301708 ], [ -70.724036826267451, -34.145204397297356 ], [ -70.721956840826138, -34.145165307032372 ], [ -70.720781194778326, -34.143737792780442 ], [ -70.721685497821753, -34.142349357619089 ], [ -70.723765455281452, -34.142388432875173 ] ] ] } },
{ "type": "Feature", "properties": { "h3": "89b2c1c5007ffff", "acc_auto_m2_comercio": 1733.6935792937611, "acc_auto_m2_departamento": 1184.2965461727163, "acc_auto_n_deporte_y_recreacion": 0.37204660193421402, "acc_auto_n_educacion_y_cultura": 2.1440256937896884, "acc_auto_m2_habitacional": 25297.580414983859, "acc_auto_m2_industria": 702.86191263761293, "acc_auto_m2_oficina": 209.46617808049496, "acc_auto_n_salud": 0.88568900112566462, "acc_auto_n_paraderos": 0.73111988109768811 }, "geometry": { "type": "Polygon", "coordinates": [ [ [ -70.660824630328719, -34.200180750941733 ], [ -70.661999685375378, -34.201607514132128 ], [ -70.661095219450999, -34.202993736866304 ], [ -70.659015706963999, -34.202953192587763 ], [ -70.657840688394231, -34.201526440602066 ], [ -70.658745145833223, -34.200140221690397 ], [ -70.660824630328719, -34.200180750941733 ] ] ] } },
{ "type": "Feature", "properties": { "h3": "89b2c1ce437ffff", "acc_auto_m2_comercio": 68919.772738828338, "acc_auto_m2_departamento": 39759.695293379125, "acc_auto_n_deporte_y_recreacion": 6.8339775428131846, "acc_auto_n_educacion_y_cultura": 38.515993884921592, "acc_auto_m2_habitacional": 154909.35073015181, "acc_auto_m2_industria": 3652.4036671271006, "acc_auto_m2_oficina": 8354.1793366379734, "acc_auto_n_salud": 29.018373883931808, "acc_auto_n_paraderos": 25.603795157247358 }, "geometry": { "type": "Polygon", "coordinates": [ [ [ -70.719425026373486, -34.194287275034497 ], [ -70.720600895020894, -34.195713889157716 ], [ -70.719696396409859, -34.1971009841522 ], [ -70.717616037528614, -34.197061461209977 ], [ -70.716440205252979, -34.195634858246116 ], [ -70.717344695485494, -34.194247767065306 ], [ -70.719425026373486, -34.194287275034497 ] ] ] } },
{ "type": "Feature", "properties": { "h3": "89b2c1c557bffff", "acc_auto_m2_comercio": 3164.1403915310034, "acc_auto_m2_departamento": 2080.4676810391525, "acc_auto_n_deporte_y_recreacion": 1.0825901637201225, "acc_auto_n_educacion_y_cultura": 5.2849483294473796, "acc_auto_m2_habitacional": 39790.602112527617, "acc_auto_m2_industria": 770.69008794642605, "acc_auto_m2_oficina": 499.16196806676822, "acc_auto_n_salud": 1.3761377552776086, "acc_auto_n_paraderos": 0.84569143008295189 }, "geometry": { "type": "Polygon", "coordinates": [ [ [ -70.647807384655692, -34.194310911838429 ], [ -70.648982224309066, -34.195737836610682 ], [ -70.648077792361079, -34.197124044047385 ], [ -70.645998529266976, -34.197083322884602 ], [ -70.644823726111653, -34.195656409329736 ], [ -70.645728149551033, -34.194270205720464 ], [ -70.647807384655692, -34.194310911838429 ] ] ] } },
{ "type": "Feature", "properties": { "h3": "89b2c1c1983ffff", "acc_auto_m2_comercio": 214236.97854896917, "acc_auto_m2_departamento": 83383.009526037247, "acc_auto_n_deporte_y_recreacion": 13.551637833080758, "acc_auto_n_educacion_y_cultura": 164.01377456274278, "acc_auto_m2_habitacional": 356354.07779484917, "acc_auto_m2_industria": 17341.412097928573, "acc_auto_m2_oficina": 64644.3641004487, "acc_auto_n_salud": 63.934910897483412, "acc_auto_n_paraderos": 64.877329945139991 }, "geometry": { "type": "Polygon", "coordinates": [ [ [ -70.745474737562802, -34.173709146620439 ], [ -70.74665088116754, -34.175136016118195 ], [ -70.745746434780585, -34.176523945100669 ], [ -70.743665853117335, -34.17648500076853 ], [ -70.742489745832245, -34.175058142416518 ], [ -70.743394183889407, -34.173670217251093 ], [ -70.745474737562802, -34.173709146620439 ] ] ] } },
{ "type": "Feature", "properties": { "h3": "89b2c1c09a7ffff", "acc_auto_m2_comercio": 19066.679194310567, "acc_auto_m2_departamento": 11555.56774271812, "acc_auto_n_deporte_y_recreacion": 4.6034545319837905, "acc_auto_n_educacion_y_cultura": 24.042472519531799, "acc_auto_m2_habitacional": 192956.34288745024, "acc_auto_m2_industria": 706.84944858015672, "acc_auto_m2_oficina": 2222.5202326481635, "acc_auto_n_salud": 3.8127750035874524, "acc_auto_n_paraderos": 8.6781712867098726 }, "geometry": { "type": "Polygon", "coordinates": [ [ [ -70.670324330895596, -34.169471560863983 ], [ -70.67149937551072, -34.17089883327197 ], [ -70.670595013810654, -34.172285937556474 ], [ -70.668515615960146, -34.172245765599733 ], [ -70.667340607796049, -34.170818504399904 ], [ -70.668244961030084, -34.169431403948828 ], [ -70.670324330895596, -34.169471560863983 ] ] ] } },
{ "type": "Feature", "properties": { "h3": "89b2c1c062fffff", "acc_auto_m2_comercio": 15804.143607873535, "acc_auto_m2_departamento": 20243.80160464684, "acc_auto_n_deporte_y_recreacion": 2.7880465941748063, "acc_auto_n_educacion_y_cultura": 13.602903421987136, "acc_auto_m2_habitacional": 53880.740321073776, "acc_auto_m2_industria": 6285.5199738376514, "acc_auto_m2_oficina": 2019.3812277143766, "acc_auto_n_salud": 2.7279033047134349, "acc_auto_n_paraderos": 9.0534078263829851 }, "geometry": { "type": "Polygon", "coordinates": [ [ [ -70.759035413411084, -34.120551754635038 ], [ -70.760211496804942, -34.121979517227196 ], [ -70.759307233953692, -34.123368934676833 ], [ -70.757226896008731, -34.123330585698106 ], [ -70.756050848894787, -34.121902834259856 ], [ -70.75695510344454, -34.120513420646617 ], [ -70.759035413411084, -34.120551754635038 ] ] ] } },
{ "type": "Feature", "properties": { "h3": "89b2c1c02b7ffff", "acc_auto_m2_comercio": 30628.751715111146, "acc_auto_m2_departamento": 41476.124380890455, "acc_auto_n_deporte_y_recreacion": 6.4225961292215663, "acc_auto_n_educacion_y_cultura": 30.951317236124694, "acc_auto_m2_habitacional": 102552.6209130295, "acc_auto_m2_industria": 8839.3760449355304, "acc_auto_m2_oficina": 4321.0394503128655, "acc_auto_n_salud": 6.4558443596010351, "acc_auto_n_paraderos": 18.259288303023069 }, "geometry": { "type": "Polygon", "coordinates": [ [ [ -70.753609809565631, -34.128887699703782 ], [ -70.754785855137442, -34.130315336770231 ], [ -70.753881566465168, -34.13170448015471 ], [ -70.751801240531634, -34.131665982638914 ], [ -70.750625231251803, -34.130238356727759 ], [ -70.751529511612162, -34.128849217177297 ], [ -70.753609809565631, -34.128887699703782 ] ] ] } },
{ "type": "Feature", "properties": { "h3": "89b2c1c0ba3ffff", "acc_auto_m2_comercio": 53928.289188271032, "acc_auto_m2_departamento": 36783.310946214959, "acc_auto_n_deporte_y_recreacion": 10.047603931449439, "acc_auto_n_educacion_y_cultura": 53.791245354571693, "acc_auto_m2_habitacional": 286751.28408315114, "acc_auto_m2_industria": 2798.9876905834385, "acc_auto_m2_oficina": 5225.8042389359944, "acc_auto_n_salud": 11.440655281511896, "acc_auto_n_paraderos": 29.552756972354405 }, "geometry": { "type": "Polygon", "coordinates": [ [ [ -70.69609235514524, -34.17839406989718 ], [ -70.697267812734722, -34.179821070647947 ], [ -70.696363394135432, -34.181208272188059 ], [ -70.69428352636514, -34.181168469152823 ], [ -70.693108105183882, -34.179741479586085 ], [ -70.694012515363326, -34.178354281870739 ], [ -70.69609235514524, -34.17839406989718 ] ] ] } },
{ "type": "Feature", "properties": { "h3": "89b2c1c08bbffff", "acc_auto_m2_comercio": 35255.823783089472, "acc_auto_m2_departamento": 92549.524857571552, "acc_auto_n_deporte_y_recreacion": 7.5253976468331851, "acc_auto_n_educacion_y_cultura": 41.546590057042664, "acc_auto_m2_habitacional": 236918.26419730886, "acc_auto_m2_industria": 2041.2568193263587, "acc_auto_m2_oficina": 4332.2893613815986, "acc_auto_n_salud": 8.1904421573278228, "acc_auto_n_paraderos": 55.372725463833817 }, "geometry": { "type": "Polygon", "coordinates": [ [ [ -70.697179282901857, -34.157343232282024 ], [ -70.698354655321495, -34.158770605476327 ], [ -70.697450313256951, -34.160158343841275 ], [ -70.69537060718784, -34.16011870517886 ], [ -70.694195271168283, -34.158691343175313 ], [ -70.695099604816406, -34.157303608643637 ], [ -70.697179282901857, -34.157343232282024 ] ] ] } },
{ "type": "Feature", "properties": { "h3": "89b2c1c1807ffff", "acc_auto_m2_comercio": 54196.985729734093, "acc_auto_m2_departamento": 24290.716299592663, "acc_auto_n_deporte_y_recreacion": 4.599351530816767, "acc_auto_n_educacion_y_cultura": 57.131739585572625, "acc_auto_m2_habitacional": 295683.57767644088, "acc_auto_m2_industria": 12119.192133907105, "acc_auto_m2_oficina": 11035.315100219404, "acc_auto_n_salud": 12.479244600593544, "acc_auto_n_paraderos": 57.69496335100218 }, "geometry": { "type": "Polygon", "coordinates": [ [ [ -70.767186490320384, -34.172708296791185 ], [ -70.768362940144016, -34.17413508920253 ], [ -70.767458478052959, -34.175523311415425 ], [ -70.765377574427134, -34.175484737404005 ], [ -70.764201160884411, -34.174057956121239 ], [ -70.765105614685268, -34.172669737721527 ], [ -70.767186490320384, -34.172708296791185 ] ] ] } },
{ "type": "Feature", "properties": { "h3": "89b2c1c1897ffff", "acc_auto_m2_comercio": 104214.71839458524, "acc_auto_m2_departamento": 51834.250225495678, "acc_auto_n_deporte_y_recreacion": 7.3992153882940981, "acc_auto_n_educacion_y_cultura": 63.888406885267393, "acc_auto_m2_habitacional": 308691.05413100356, "acc_auto_m2_industria": 22938.741208168347, "acc_auto_m2_oficina": 22413.571800296802, "acc_auto_n_salud": 33.061601930123814, "acc_auto_n_paraderos": 74.462542645114141 }, "geometry": { "type": "Polygon", "coordinates": [ [ [ -70.76311343205569, -34.162797040786359 ], [ -70.764289776079963, -34.164224028792454 ], [ -70.763385354108706, -34.165612447077585 ], [ -70.761304596408777, -34.165573873538733 ], [ -70.760128288669691, -34.164146896668086 ], [ -70.761032702344011, -34.162758482201042 ], [ -70.76311343205569, -34.162797040786359 ] ] ] } },
{ "type": "Feature", "properties": { "h3": "89b2c1c548fffff", "acc_auto_m2_comercio": 20394.51199672863, "acc_auto_m2_departamento": 12947.021395656011, "acc_auto_n_deporte_y_recreacion": 8.8939948729439831, "acc_auto_n_educacion_y_cultura": 34.822119211777732, "acc_auto_m2_habitacional": 263215.68849235051, "acc_auto_m2_industria": 1451.3085740965862, "acc_auto_m2_oficina": 3833.8379825131019, "acc_auto_n_salud": 4.0969291512962638, "acc_auto_n_paraderos": 5.7285233772562556 }, "geometry": { "type": "Polygon", "coordinates": [ [ [ -70.658389631452735, -34.174858556785544 ], [ -70.659564530229844, -34.176285784349417 ], [ -70.658660159932992, -34.17767260680148 ], [ -70.656580899345755, -34.177632197856376 ], [ -70.655406037042269, -34.176204981508363 ], [ -70.656310398851062, -34.1748181628898 ], [ -70.658389631452735, -34.174858556785544 ] ] ] } },
{ "type": "Feature", "properties": { "h3": "89b2c1c082bffff", "acc_auto_m2_comercio": 49372.86188116319, "acc_auto_m2_departamento": 58747.133547347003, "acc_auto_n_deporte_y_recreacion": 9.8315429686150448, "acc_auto_n_educacion_y_cultura": 52.060206405557366, "acc_auto_m2_habitacional": 267232.06762238464, "acc_auto_m2_industria": 2548.9527910552379, "acc_auto_m2_oficina": 5245.4024344152685, "acc_auto_n_salud": 11.062582293662427, "acc_auto_n_paraderos": 52.159367698446196 }, "geometry": { "type": "Polygon", "coordinates": [ [ [ -70.701247642948388, -34.167255055158833 ], [ -70.702423121231149, -34.168682233128251 ], [ -70.701518738902664, -34.170069775460576 ], [ -70.699438886699767, -34.170030135995312 ], [ -70.698263444812838, -34.168602969209772 ], [ -70.699167818731638, -34.167215430705802 ], [ -70.701247642948388, -34.167255055158833 ] ] ] } },
{ "type": "Feature", "properties": { "h3": "89b2c1ce4b7ffff", "acc_auto_m2_comercio": 114184.79214037478, "acc_auto_m2_departamento": 74160.849846404366, "acc_auto_n_deporte_y_recreacion": 14.371129576066023, "acc_auto_n_educacion_y_cultura": 89.86603172709917, "acc_auto_m2_habitacional": 296395.89057745831, "acc_auto_m2_industria": 6244.4904786671323, "acc_auto_m2_oficina": 16639.146139985871, "acc_auto_n_salud": 115.22893085644031, "acc_auto_n_paraderos": 52.166118760679048 }, "geometry": { "type": "Polygon", "coordinates": [ [ [ -70.715626251515189, -34.18719326590044 ], [ -70.716802031668223, -34.188620023853929 ], [ -70.715897562672012, -34.190007248316533 ], [ -70.713817321906319, -34.189967711008528 ], [ -70.712641578129663, -34.188540964220074 ], [ -70.713546038740958, -34.187153743574783 ], [ -70.715626251515189, -34.18719326590044 ] ] ] } },
{ "type": "Feature", "properties": { "h3": "89b2c1c0c33ffff", "acc_auto_m2_comercio": 21086.39516403446, "acc_auto_m2_departamento": 49867.268574547699, "acc_auto_n_deporte_y_recreacion": 5.4572767494092798, "acc_auto_n_educacion_y_cultura": 24.523140919727027, "acc_auto_m2_habitacional": 146720.21329916312, "acc_auto_m2_industria": 1487.126730876246, "acc_auto_m2_oficina": 2842.1031464477092, "acc_auto_n_salud": 5.1413825063211451, "acc_auto_n_paraderos": 36.163960945833658 }, "geometry": { "type": "Polygon", "coordinates": [ [ [ -70.695824232342204, -34.143265901497571 ], [ -70.696999517937826, -34.144693532603881 ], [ -70.696095228959507, -34.146081604031735 ], [ -70.694015662802116, -34.146042040514047 ], [ -70.69284041360477, -34.144614420604654 ], [ -70.69374469416519, -34.143226353016217 ], [ -70.695824232342204, -34.143265901497571 ] ] ] } },
{ "type": "Feature", "properties": { "h3": "89b2c1c1d7bffff", "acc_auto_m2_comercio": 206993.1479455113, "acc_auto_m2_departamento": 82233.040189911539, "acc_auto_n_deporte_y_recreacion": 12.402424977001296, "acc_auto_n_educacion_y_cultura": 116.54306097031966, "acc_auto_m2_habitacional": 397553.78507031989, "acc_auto_m2_industria": 39943.312434976397, "acc_auto_m2_oficina": 48728.911409379412, "acc_auto_n_salud": 61.032784169205094, "acc_auto_n_paraderos": 92.660546622394605 }, "geometry": { "type": "Polygon", "coordinates": [ [ [ -70.754158096924485, -34.166846219183427 ], [ -70.755334332076146, -34.168273173777436 ], [ -70.754429903180849, -34.169661380730069 ], [ -70.752349247446091, -34.169622629270691 ], [ -70.751173048596669, -34.168195685817899 ], [ -70.752077469178445, -34.166807482683453 ], [ -70.754158096924485, -34.166846219183427 ] ] ] } },
{ "type": "Feature", "properties": { "h3": "89b2c1c1c0fffff", "acc_auto_m2_comercio": 52067.074931220501, "acc_auto_m2_departamento": 38432.472643787813, "acc_auto_n_deporte_y_recreacion": 2.6281864612664787, "acc_auto_n_educacion_y_cultura": 19.899068801144619, "acc_auto_m2_habitacional": 105773.35028798172, "acc_auto_m2_industria": 12319.481493644111, "acc_auto_m2_oficina": 6855.6284032788162, "acc_auto_n_salud": 13.437605274864783, "acc_auto_n_paraderos": 27.090162751572834 }, "geometry": { "type": "Polygon", "coordinates": [ [ [ -70.768539835593188, -34.15446544601096 ], [ -70.769716217412835, -34.155892559622401 ], [ -70.768811821299295, -34.157281252036427 ], [ -70.766731051651263, -34.157242827018784 ], [ -70.765554706104723, -34.155815724541405 ], [ -70.766459093931743, -34.154427035947819 ], [ -70.768539835593188, -34.15446544601096 ] ] ] } },
{ "type": "Feature", "properties": { "h3": "89b2c1c0a27ffff", "acc_auto_m2_comercio": 118451.42202212941, "acc_auto_m2_departamento": 82600.039515486351, "acc_auto_n_deporte_y_recreacion": 11.959158341356344, "acc_auto_n_educacion_y_cultura": 84.884888654503428, "acc_auto_m2_habitacional": 320959.18685362709, "acc_auto_m2_industria": 4994.2517232105492, "acc_auto_m2_oficina": 14103.273609693028, "acc_auto_n_salud": 49.085822983688892, "acc_auto_n_paraderos": 58.879256643981442 }, "geometry": { "type": "Polygon", "coordinates": [ [ [ -70.717796948045233, -34.177402535998972 ], [ -70.718972712449357, -34.178829460069473 ], [ -70.718068277542827, -34.18021695489351 ], [ -70.715988086611162, -34.180177521826295 ], [ -70.71481235857668, -34.178750608922599 ], [ -70.71571678510287, -34.177363117919526 ], [ -70.717796948045233, -34.177402535998972 ] ] ] } },
{ "type": "Feature", "properties": { "h3": "89b2c1c723bffff", "acc_auto_m2_comercio": 11235.380666564357, "acc_auto_m2_departamento": 7973.1758493141106, "acc_auto_n_deporte_y_recreacion": 3.464369878122636, "acc_auto_n_educacion_y_cultura": 19.665380393929741, "acc_auto_m2_habitacional": 193101.86658658017, "acc_auto_m2_industria": 578.15950904559702, "acc_auto_m2_oficina": 1612.0354497525948, "acc_auto_n_salud": 2.147296306209324, "acc_auto_n_paraderos": 3.8928602045928886 }, "geometry": { "type": "Polygon", "coordinates": [ [ [ -70.657307584897325, -34.163601174776744 ], [ -70.658482414232964, -34.165028608614762 ], [ -70.657578086431798, -34.166415697558065 ], [ -70.655498937782951, -34.166375348825156 ], [ -70.654324144919514, -34.164947926207958 ], [ -70.655228464231413, -34.163560841103049 ], [ -70.657307584897325, -34.163601174776744 ] ] ] } },
{ "type": "Feature", "properties": { "h3": "89b2c1c168bffff", "acc_auto_m2_comercio": 242.09108444800762, "acc_auto_m2_departamento": 220.51066010391219, "acc_auto_n_deporte_y_recreacion": 0.028868200181260361, "acc_auto_n_educacion_y_cultura": 0.10517845453822092, "acc_auto_m2_habitacional": 884.57085237584761, "acc_auto_m2_industria": 71.351801433045637, "acc_auto_m2_oficina": 27.333910028537524, "acc_auto_n_salud": 0.042028231627129133, "acc_auto_n_paraderos": 0.11528677525388044 }, "geometry": { "type": "Polygon", "coordinates": [ [ [ -70.830416488528513, -34.117626359965023 ], [ -70.831593578614147, -34.119053862000897 ], [ -70.830689264211443, -34.120444233291494 ], [ -70.828607867893169, -34.120407098723106 ], [ -70.827430813960092, -34.118979607784453 ], [ -70.828335120191383, -34.117589240317159 ], [ -70.830416488528513, -34.117626359965023 ] ] ] } },
{ "type": "Feature", "properties": { "h3": "89b2c1c06afffff", "acc_auto_m2_comercio": 9629.1155377252726, "acc_auto_m2_departamento": 12050.101357383239, "acc_auto_n_deporte_y_recreacion": 1.6467589161005809, "acc_auto_n_educacion_y_cultura": 8.0533704019805228, "acc_auto_m2_habitacional": 33312.990675421657, "acc_auto_m2_industria": 4489.9045132236724, "acc_auto_m2_oficina": 1286.8970066552201, "acc_auto_n_salud": 1.6080169194931575, "acc_auto_n_paraderos": 5.3978058138712122 }, "geometry": { "type": "Polygon", "coordinates": [ [ [ -70.755235543609274, -34.113450829727007 ], [ -70.75641153861028, -34.114878735959834 ], [ -70.755507305273611, -34.116268282759336 ], [ -70.753427085242549, -34.116229919486109 ], [ -70.752251126526104, -34.114802024412782 ], [ -70.753155351554838, -34.113412481453373 ], [ -70.755235543609274, -34.113450829727007 ] ] ] } },
{ "type": "Feature", "properties": { "h3": "89b2c1c0337ffff", "acc_auto_m2_comercio": 105885.40071424244, "acc_auto_m2_departamento": 119495.37843137869, "acc_auto_n_deporte_y_recreacion": 15.199678886971133, "acc_auto_n_educacion_y_cultura": 108.78745237546259, "acc_auto_m2_habitacional": 332499.97477481875, "acc_auto_m2_industria": 13827.108679929708, "acc_auto_m2_oficina": 16797.648751651501, "acc_auto_n_salud": 28.094337112220828, "acc_auto_n_paraderos": 67.407269899381092 }, "geometry": { "type": "Polygon", "coordinates": [ [ [ -70.736517412009846, -34.14543821409859 ], [ -70.737693291856871, -34.14686562936938 ], [ -70.736788957647789, -34.148254150302598 ], [ -70.734708751934477, -34.148215252134726 ], [ -70.733532908414574, -34.146787848027131 ], [ -70.734437234279525, -34.14539933092442 ], [ -70.736517412009846, -34.14543821409859 ] ] ] } },
{ "type": "Feature", "properties": { "h3": "89b2c1c1887ffff", "acc_auto_m2_comercio": 92762.689367832732, "acc_auto_m2_departamento": 43338.654009453057, "acc_auto_n_deporte_y_recreacion": 5.9622880984244535, "acc_auto_n_educacion_y_cultura": 56.983911585035429, "acc_auto_m2_habitacional": 286116.90016651456, "acc_auto_m2_industria": 21928.439213988884, "acc_auto_m2_oficina": 18824.341489905371, "acc_auto_n_salud": 23.134023803431091, "acc_auto_n_paraderos": 63.92439640741739 }, "geometry": { "type": "Polygon", "coordinates": [ [ [ -70.763385354108706, -34.165612447077585 ], [ -70.764561715511931, -34.167039383409438 ], [ -70.763657282931007, -34.168427735068022 ], [ -70.76157649724216, -34.168389146578114 ], [ -70.760400172124506, -34.166962221380459 ], [ -70.761304596408777, -34.165573873538733 ], [ -70.763385354108706, -34.165612447077585 ] ] ] } },
{ "type": "Feature", "properties": { "h3": "89b2c1c08abffff", "acc_auto_m2_comercio": 35926.703591207573, "acc_auto_m2_departamento": 94220.093617135892, "acc_auto_n_deporte_y_recreacion": 7.7137430248086494, "acc_auto_n_educacion_y_cultura": 43.976239226348994, "acc_auto_m2_habitacional": 249415.37724811511, "acc_auto_m2_industria": 2027.6992230434391, "acc_auto_m2_oficina": 4343.9265033505862, "acc_auto_n_salud": 8.1259485452504716, "acc_auto_n_paraderos": 58.264799467039424 }, "geometry": { "type": "Polygon", "coordinates": [ [ [ -70.697450313256951, -34.160158343841275 ], [ -70.698625703042751, -34.161585665439993 ], [ -70.697721350360325, -34.16297333718655 ], [ -70.695641616306887, -34.162933683502544 ], [ -70.694466262921537, -34.161506373093367 ], [ -70.69537060718784, -34.16011870517886 ], [ -70.697450313256951, -34.160158343841275 ] ] ] } },
{ "type": "Feature", "properties": { "h3": "89b2c1c1323ffff", "acc_auto_m2_comercio": 5629.2898084403778, "acc_auto_m2_departamento": 3940.9907889861684, "acc_auto_n_deporte_y_recreacion": 0.32535762140087238, "acc_auto_n_educacion_y_cultura": 6.5332263467667868, "acc_auto_m2_habitacional": 26239.372363456881, "acc_auto_m2_industria": 2108.3160616784266, "acc_auto_m2_oficina": 823.9158284983431, "acc_auto_n_salud": 0.94532080257942153, "acc_auto_n_paraderos": 5.0550329231116677 }, "geometry": { "type": "Polygon", "coordinates": [ [ [ -70.806271135653091, -34.157966991939652 ], [ -70.80744807399654, -34.159393877137994 ], [ -70.80654363191924, -34.160782948449722 ], [ -70.80446225971518, -34.160745130751792 ], [ -70.803285357579028, -34.159318256655766 ], [ -70.804189791438262, -34.157929189155553 ], [ -70.806271135653091, -34.157966991939652 ] ] ] } },
{ "type": "Feature", "properties": { "h3": "89b2c1c0aa7ffff", "acc_auto_m2_comercio": 167017.67309896881, "acc_auto_m2_departamento": 124378.78685245675, "acc_auto_n_deporte_y_recreacion": 16.686222330130416, "acc_auto_n_educacion_y_cultura": 123.0702250137268, "acc_auto_m2_habitacional": 476946.19293867389, "acc_auto_m2_industria": 7233.7876316117108, "acc_auto_m2_oficina": 19937.069943830422, "acc_auto_n_salud": 43.678589178799363, "acc_auto_n_paraderos": 104.58306686911824 }, "geometry": { "type": "Polygon", "coordinates": [ [ [ -70.713998526430998, -34.170306887483044 ], [ -70.715174202350951, -34.171733955297476 ], [ -70.714269797058535, -34.173121579559229 ], [ -70.712189724231564, -34.173082132182131 ], [ -70.711014084685843, -34.171655075540166 ], [ -70.71191848159151, -34.170267455103023 ], [ -70.713998526430998, -34.170306887483044 ] ] ] } },
{ "type": "Feature", "properties": { "h3": "89b2c1c03b7ffff", "acc_auto_m2_comercio": 94558.269105320389, "acc_auto_m2_departamento": 124020.53287141366, "acc_auto_n_deporte_y_recreacion": 11.017244609154291, "acc_auto_n_educacion_y_cultura": 84.524499265713175, "acc_auto_m2_habitacional": 297850.08771670837, "acc_auto_m2_industria": 15214.314010581074, "acc_auto_m2_oficina": 12000.654169996644, "acc_auto_n_salud": 16.415456429953071, "acc_auto_n_paraderos": 58.860750373491229 }, "geometry": { "type": "Polygon", "coordinates": [ [ [ -70.732718427837952, -34.138339574897735 ], [ -70.733894219246636, -34.139767133836521 ], [ -70.732989914605014, -34.141155784156773 ], [ -70.730909826903911, -34.141116871704213 ], [ -70.729734071826911, -34.139689323934249 ], [ -70.730638368117994, -34.138300677448214 ], [ -70.732718427837952, -34.138339574897735 ] ] ] } },
{ "type": "Feature", "properties": { "h3": "89b2c1c0ca3ffff", "acc_auto_m2_comercio": 14711.478708125511, "acc_auto_m2_departamento": 34791.212730287822, "acc_auto_n_deporte_y_recreacion": 3.8074127928807244, "acc_auto_n_educacion_y_cultura": 17.109214860597309, "acc_auto_m2_habitacional": 102535.35279819719, "acc_auto_m2_industria": 1037.5349034894368, "acc_auto_m2_oficina": 1982.8680815285552, "acc_auto_n_salud": 3.5870208579360052, "acc_auto_n_paraderos": 25.230739408865482 }, "geometry": { "type": "Polygon", "coordinates": [ [ [ -70.692298517802897, -34.138982824303952 ], [ -70.693473732274455, -34.140410547344878 ], [ -70.692569462330965, -34.141798681538845 ], [ -70.690489986338591, -34.141759088850215 ], [ -70.689314808270254, -34.140331377010632 ], [ -70.690219069789734, -34.138943246658521 ], [ -70.692298517802897, -34.138982824303952 ] ] ] } },
{ "type": "Feature", "properties": { "h3": "89b2c1c1907ffff", "acc_auto_m2_comercio": 109181.24033126204, "acc_auto_m2_departamento": 53323.165777103117, "acc_auto_n_deporte_y_recreacion": 8.90204399765679, "acc_auto_n_educacion_y_cultura": 92.199940825497166, "acc_auto_m2_habitacional": 280933.52398965141, "acc_auto_m2_industria": 12878.606234717012, "acc_auto_m2_oficina": 25623.476644374954, "acc_auto_n_salud": 26.274523306281353, "acc_auto_n_paraderos": 46.755534599797159 }, "geometry": { "type": "Polygon", "coordinates": [ [ [ -70.746289849509452, -34.18215318714276 ], [ -70.747466045247364, -34.183579901613697 ], [ -70.746561567021004, -34.184967630691972 ], [ -70.744480901384222, -34.184928641486096 ], [ -70.743304741966995, -34.1835019381572 ], [ -70.744209211864501, -34.18211421289233 ], [ -70.746289849509452, -34.18215318714276 ] ] ] } },
{ "type": "Feature", "properties": { "h3": "89b2c1ce5b7ffff", "acc_auto_m2_comercio": 6504.849935221454, "acc_auto_m2_departamento": 4272.4788726051138, "acc_auto_n_deporte_y_recreacion": 1.7645490735574061, "acc_auto_n_educacion_y_cultura": 6.2515758366670999, "acc_auto_m2_habitacional": 19573.816365411465, "acc_auto_m2_industria": 402.1358218657748, "acc_auto_m2_oficina": 942.06961867350901, "acc_auto_n_salud": 6.3496220082324459, "acc_auto_n_paraderos": 2.949283559461783 }, "geometry": { "type": "Polygon", "coordinates": [ [ [ -70.694734208702187, -34.196624429505881 ], [ -70.695909734101562, -34.198051109263751 ], [ -70.695005249576823, -34.19943784051874 ], [ -70.692925248074928, -34.199397888198597 ], [ -70.691749759091593, -34.197971219619241 ], [ -70.692654235192762, -34.196584492181714 ], [ -70.694734208702187, -34.196624429505881 ] ] ] } },
{ "type": "Feature", "properties": { "h3": "89b2c1c1217ffff", "acc_auto_m2_comercio": 136.10125887645376, "acc_auto_m2_departamento": 99.670366181631039, "acc_auto_n_deporte_y_recreacion": 0.16953503379311044, "acc_auto_n_educacion_y_cultura": 0.046297171647325462, "acc_auto_m2_habitacional": 790.15232432670018, "acc_auto_m2_industria": 123.29802107718535, "acc_auto_m2_oficina": 13.462822181405645, "acc_auto_n_salud": 0.021106750642396758, "acc_auto_n_paraderos": 0.055165545846253647 }, "geometry": { "type": "Polygon", "coordinates": [ [ [ -70.829612900847721, -34.141518630049539 ], [ -70.830790093868103, -34.142945707430364 ], [ -70.82988569225536, -34.144335475439469 ], [ -70.827804105795337, -34.14429816225433 ], [ -70.826626948935981, -34.142871095962846 ], [ -70.827531342374257, -34.141481331767352 ], [ -70.829612900847721, -34.141518630049539 ] ] ] } },
{ "type": "Feature", "properties": { "h3": "89b2c1c0a37ffff", "acc_auto_m2_comercio": 175760.68668229147, "acc_auto_m2_departamento": 115446.43881889374, "acc_auto_n_deporte_y_recreacion": 16.236765503780145, "acc_auto_n_educacion_y_cultura": 124.71087152212885, "acc_auto_m2_habitacional": 433294.16969548067, "acc_auto_m2_industria": 7412.834451558906, "acc_auto_m2_oficina": 19994.298121061645, "acc_auto_n_salud": 46.804836920783067, "acc_auto_n_paraderos": 85.659594775633323 }, "geometry": { "type": "Polygon", "coordinates": [ [ [ -70.717525625303267, -34.174587998830376 ], [ -70.718701372335076, -34.176014974543406 ], [ -70.717796948045233, -34.177402535998972 ], [ -70.71571678510287, -34.177363117919526 ], [ -70.714541074440348, -34.175936153374522 ], [ -70.715445490349552, -34.174548595741136 ], [ -70.717525625303267, -34.174587998830376 ] ] ] } },
{ "type": "Feature", "properties": { "h3": "89b2c1c023bffff", "acc_auto_m2_comercio": 23868.165877213971, "acc_auto_m2_departamento": 23210.669369414645, "acc_auto_n_deporte_y_recreacion": 1.8559002934254651, "acc_auto_n_educacion_y_cultura": 11.294105384936872, "acc_auto_m2_habitacional": 67470.407179661663, "acc_auto_m2_industria": 6707.5910875417176, "acc_auto_m2_oficina": 2773.0478880454234, "acc_auto_n_salud": 4.2236930189215611, "acc_auto_n_paraderos": 11.91129762164381 }, "geometry": { "type": "Polygon", "coordinates": [ [ [ -70.763651265858286, -34.136102341835588 ], [ -70.764827489768592, -34.137529805856772 ], [ -70.763923165588338, -34.138918894129375 ], [ -70.761842625790621, -34.138880514551985 ], [ -70.76066643815669, -34.137453061675409 ], [ -70.761570754042779, -34.136063977231821 ], [ -70.763651265858286, -34.136102341835588 ] ] ] } },
{ "type": "Feature", "properties": { "h3": "89b2c1c733bffff", "acc_auto_m2_comercio": 5920.4092047099193, "acc_auto_m2_departamento": 5364.1581966418498, "acc_auto_n_deporte_y_recreacion": 3.1937652519189355, "acc_auto_n_educacion_y_cultura": 14.691904165636553, "acc_auto_m2_habitacional": 127614.47944351949, "acc_auto_m2_industria": 513.40156913970225, "acc_auto_m2_oficina": 1151.3372619282229, "acc_auto_n_salud": 1.3473138047643582, "acc_auto_n_paraderos": 1.1497467023444403 }, "geometry": { "type": "Polygon", "coordinates": [ [ [ -70.63642418209497, -34.173025711292119 ], [ -70.637598756006568, -34.174453066543904 ], [ -70.636694413367806, -34.175839662272523 ], [ -70.634615505343888, -34.175798898911076 ], [ -70.633440967944011, -34.174371554893625 ], [ -70.634345302054996, -34.172984963003486 ], [ -70.63642418209497, -34.173025711292119 ] ] ] } },
{ "type": "Feature", "properties": { "h3": "89b2c1c5383ffff", "acc_auto_m2_comercio": 1276.8789725356062, "acc_auto_m2_departamento": 1150.4232470557899, "acc_auto_n_deporte_y_recreacion": 0.24282777659558227, "acc_auto_n_educacion_y_cultura": 1.3993649975032147, "acc_auto_m2_habitacional": 27415.284087784457, "acc_auto_m2_industria": 458.74466965213406, "acc_auto_m2_oficina": 136.71461056444426, "acc_auto_n_salud": 0.5780724505489141, "acc_auto_n_paraderos": 0.47718811092157265 }, "geometry": { "type": "Polygon", "coordinates": [ [ [ -70.66190702725396, -34.211431985031624 ], [ -70.663082151765394, -34.212858541719939 ], [ -70.662177643334459, -34.214244497862985 ], [ -70.660098018874962, -34.214203893500276 ], [ -70.65892293084184, -34.212777348011663 ], [ -70.659827430788567, -34.211391395686263 ], [ -70.66190702725396, -34.211431985031624 ] ] ] } },
{ "type": "Feature", "properties": { "h3": "89b2c1c500bffff", "acc_auto_m2_comercio": 13187.567159296148, "acc_auto_m2_departamento": 8858.7986369202717, "acc_auto_n_deporte_y_recreacion": 2.8660377704668982, "acc_auto_n_educacion_y_cultura": 16.516368076758525, "acc_auto_m2_habitacional": 134252.59822919883, "acc_auto_m2_industria": 5340.3718332813523, "acc_auto_m2_oficina": 1613.609625495777, "acc_auto_n_salud": 6.8228499250266035, "acc_auto_n_paraderos": 5.632136358917089 }, "geometry": { "type": "Polygon", "coordinates": [ [ [ -70.667063277108326, -34.200302131699992 ], [ -70.668238422458003, -34.201728865672528 ], [ -70.667333950205787, -34.203115162693472 ], [ -70.665254341076619, -34.203074721920821 ], [ -70.664079232192861, -34.201647999147887 ], [ -70.664983695971017, -34.200261705948215 ], [ -70.667063277108326, -34.200302131699992 ] ] ] } },
{ "type": "Feature", "properties": { "h3": "89b2c1c1d8bffff", "acc_auto_m2_comercio": 137716.84326794991, "acc_auto_m2_departamento": 98687.995164487016, "acc_auto_n_deporte_y_recreacion": 24.999175380716078, "acc_auto_n_educacion_y_cultura": 105.7351750198343, "acc_auto_m2_habitacional": 339476.67288252246, "acc_auto_m2_industria": 17697.576157587882, "acc_auto_m2_oficina": 31535.426497968048, "acc_auto_n_salud": 53.144460781404113, "acc_auto_n_paraderos": 80.926901932285674 }, "geometry": { "type": "Polygon", "coordinates": [ [ [ -70.746829488176289, -34.155468256601367 ], [ -70.748005563838561, -34.156895447185533 ], [ -70.74710118341028, -34.158283846367731 ], [ -70.745020735644417, -34.158245051141634 ], [ -70.743844696293991, -34.156817871708711 ], [ -70.744749068396203, -34.155429476350832 ], [ -70.746829488176289, -34.155468256601367 ] ] ] } },
{ "type": "Feature", "properties": { "h3": "89b2c1c1987ffff", "acc_auto_m2_comercio": 171907.29681791045, "acc_auto_m2_departamento": 77270.532327838824, "acc_auto_n_deporte_y_recreacion": 13.561415938577493, "acc_auto_n_educacion_y_cultura": 174.7924319569544, "acc_auto_m2_habitacional": 318657.57853334968, "acc_auto_m2_industria": 13900.671557720916, "acc_auto_m2_oficina": 49570.082188527049, "acc_auto_n_salud": 49.670143686363872, "acc_auto_n_paraderos": 56.521300311218852 }, "geometry": { "type": "Polygon", "coordinates": [ [ [ -70.742489745832245, -34.175058142416518 ], [ -70.743665853117335, -34.17648500076853 ], [ -70.742761404446924, -34.177872859302347 ], [ -70.74068085682535, -34.177833855667288 ], [ -70.739504785865549, -34.176407008462974 ], [ -70.740409226200669, -34.175019153746227 ], [ -70.742489745832245, -34.175058142416518 ] ] ] } },
{ "type": "Feature", "properties": { "h3": "89b2c1c09abffff", "acc_auto_m2_comercio": 23749.269310759184, "acc_auto_m2_departamento": 14691.794481788069, "acc_auto_n_deporte_y_recreacion": 5.2487883615416786, "acc_auto_n_educacion_y_cultura": 29.015061908266468, "acc_auto_m2_habitacional": 235159.99652125145, "acc_auto_m2_industria": 897.75878398046143, "acc_auto_m2_oficina": 2617.4825681220168, "acc_auto_n_salud": 4.9326480019138597, "acc_auto_n_paraderos": 11.78283909036927 }, "geometry": { "type": "Polygon", "coordinates": [ [ [ -70.676562633606935, -34.16959182469305 ], [ -70.677737768470735, -34.171019067924576 ], [ -70.676833400477676, -34.17240624649758 ], [ -70.674753906074145, -34.172366178007053 ], [ -70.673578807650387, -34.17093894597857 ], [ -70.674483167188754, -34.169551771237771 ], [ -70.676562633606935, -34.16959182469305 ] ] ] } },
{ "type": "Feature", "properties": { "h3": "89b2c1c014bffff", "acc_auto_m2_comercio": 61832.424771330901, "acc_auto_m2_departamento": 87121.852029916801, "acc_auto_n_deporte_y_recreacion": 8.1300012621969735, "acc_auto_n_educacion_y_cultura": 66.764937299876138, "acc_auto_m2_habitacional": 227495.55745716608, "acc_auto_m2_industria": 12506.371855829279, "acc_auto_m2_oficina": 7076.183598567487, "acc_auto_n_salud": 10.147582536836321, "acc_auto_n_paraderos": 48.59018158689539 }, "geometry": { "type": "Polygon", "coordinates": [ [ [ -70.735431297053182, -34.134173287076067 ], [ -70.736607107418052, -34.135600908784575 ], [ -70.735702815653582, -34.136989696149975 ], [ -70.733622721868215, -34.136950857971641 ], [ -70.732446947829047, -34.135523247431252 ], [ -70.733351231248179, -34.134134463901276 ], [ -70.735431297053182, -34.134173287076067 ] ] ] } },
{ "type": "Feature", "properties": { "h3": "89b2c1c0633ffff", "acc_auto_m2_comercio": 10796.299102191375, "acc_auto_m2_departamento": 13496.176250706016, "acc_auto_n_deporte_y_recreacion": 1.8443785587328312, "acc_auto_n_educacion_y_cultura": 9.0378776804184486, "acc_auto_m2_habitacional": 36997.608248909084, "acc_auto_m2_industria": 5028.5051530327719, "acc_auto_m2_oficina": 1441.6158060530686, "acc_auto_n_salud": 1.8009873208493714, "acc_auto_n_paraderos": 6.0455706114418382 }, "geometry": { "type": "Polygon", "coordinates": [ [ [ -70.758491792621939, -34.114917039960361 ], [ -70.759667841272687, -34.116344905755774 ], [ -70.758763599633909, -34.117734456394096 ], [ -70.756683317645141, -34.117696137398383 ], [ -70.755507305273611, -34.116268282759336 ], [ -70.75641153861028, -34.114878735959834 ], [ -70.758491792621939, -34.114917039960361 ] ] ] } },
{ "type": "Feature", "properties": { "h3": "89b2c1c1297ffff", "acc_auto_m2_comercio": 888.19429954826933, "acc_auto_m2_departamento": 646.15219342993828, "acc_auto_n_deporte_y_recreacion": 1.0990772698578268, "acc_auto_n_educacion_y_cultura": 0.30013955155945793, "acc_auto_m2_habitacional": 3418.656200111418, "acc_auto_m2_industria": 799.3277221377042, "acc_auto_m2_oficina": 87.278018688323897, "acc_auto_n_salud": 0.13683277935299562, "acc_auto_n_paraderos": 0.35763226138207838 }, "geometry": { "type": "Polygon", "coordinates": [ [ [ -70.825808731196716, -34.134420094428755 ], [ -70.826985835896025, -34.13584731583375 ], [ -70.826081463655683, -34.137237213253485 ], [ -70.823999994895601, -34.137199885451103 ], [ -70.822822926361994, -34.135772675141062 ], [ -70.823727290421417, -34.13438278153864 ], [ -70.825808731196716, -34.134420094428755 ] ] ] } },
{ "type": "Feature", "properties": { "h3": "89b2c1c1b83ffff", "acc_auto_m2_comercio": 69842.71976226785, "acc_auto_m2_departamento": 36571.889876242363, "acc_auto_n_deporte_y_recreacion": 5.2533192608729458, "acc_auto_n_educacion_y_cultura": 60.343751183876464, "acc_auto_m2_habitacional": 294530.19391030393, "acc_auto_m2_industria": 18279.129868594813, "acc_auto_m2_oficina": 14223.875710946344, "acc_auto_n_salud": 13.537929385217407, "acc_auto_n_paraderos": 53.153886049778421 }, "geometry": { "type": "Polygon", "coordinates": [ [ [ -70.768274481878322, -34.183967645303319 ], [ -70.769451001228973, -34.185394230916209 ], [ -70.768546496696786, -34.186782186583279 ], [ -70.766465481101562, -34.186743552829299 ], [ -70.765288998033213, -34.185316978340005 ], [ -70.766193494276422, -34.183929026481294 ], [ -70.768274481878322, -34.183967645303319 ] ] ] } },
{ "type": "Feature", "properties": { "h3": "89b2c1c0ba7ffff", "acc_auto_m2_comercio": 25654.228026722336, "acc_auto_m2_departamento": 17026.461170431758, "acc_auto_n_deporte_y_recreacion": 4.6289698770119712, "acc_auto_n_educacion_y_cultura": 30.324852496842023, "acc_auto_m2_habitacional": 163196.48465710381, "acc_auto_m2_industria": 2238.2089294243024, "acc_auto_m2_oficina": 2577.330184474361, "acc_auto_n_salud": 5.2857980393054538, "acc_auto_n_paraderos": 13.879582223949477 }, "geometry": { "type": "Polygon", "coordinates": [ [ [ -70.693108105183882, -34.179741479586085 ], [ -70.69428352636514, -34.181168469152823 ], [ -70.693379105565555, -34.182555600236753 ], [ -70.691299272008749, -34.182515737929371 ], [ -70.690123887241398, -34.18108875954858 ], [ -70.69102829961561, -34.179701632289429 ], [ -70.693108105183882, -34.179741479586085 ] ] ] } },
{ "type": "Feature", "properties": { "h3": "89b2c1c180bffff", "acc_auto_m2_comercio": 21682.974428600977, "acc_auto_m2_departamento": 9401.2704449903413, "acc_auto_n_deporte_y_recreacion": 1.6886438184704318, "acc_auto_n_educacion_y_cultura": 20.411299099194089, "acc_auto_m2_habitacional": 145700.65861406928, "acc_auto_m2_industria": 4818.5676127625929, "acc_auto_m2_oficina": 3768.7764958652519, "acc_auto_n_salud": 4.5219536598152237, "acc_auto_n_paraderos": 20.432784204471396 }, "geometry": { "type": "Polygon", "coordinates": [ [ [ -70.773429309017942, -34.172823766611927 ], [ -70.774605848768132, -34.174250529579091 ], [ -70.773701380723296, -34.175638826048718 ], [ -70.771620381205807, -34.175600355739455 ], [ -70.770443877725512, -34.174173603895767 ], [ -70.771348337491474, -34.172785311238044 ], [ -70.773429309017942, -34.172823766611927 ] ] ] } },
{ "type": "Feature", "properties": { "h3": "89b2c1ca8cfffff", "acc_auto_m2_comercio": 5609.4639699115405, "acc_auto_m2_departamento": 2209.8021144149243, "acc_auto_n_deporte_y_recreacion": 0.19377393167554882, "acc_auto_n_educacion_y_cultura": 2.7751441964321386, "acc_auto_m2_habitacional": 14499.764587119651, "acc_auto_m2_industria": 1781.0271407069138, "acc_auto_m2_oficina": 2479.621368809208, "acc_auto_n_salud": 0.45215145720910549, "acc_auto_n_paraderos": 2.5220716420722704 }, "geometry": { "type": "Polygon", "coordinates": [ [ [ -70.842665264997805, -34.179704374851113 ], [ -70.843842827348425, -34.181130709254028 ], [ -70.842938274057232, -34.182519689129158 ], [ -70.840856166567278, -34.182482330806238 ], [ -70.839678640365719, -34.181056007468435 ], [ -70.840583185503704, -34.179667031388639 ], [ -70.842665264997805, -34.179704374851113 ] ] ] } },
{ "type": "Feature", "properties": { "h3": "89b2c1ce4c7ffff", "acc_auto_m2_comercio": 171883.26365722163, "acc_auto_m2_departamento": 90219.394013026089, "acc_auto_n_deporte_y_recreacion": 12.681007076298654, "acc_auto_n_educacion_y_cultura": 94.163515103656579, "acc_auto_m2_habitacional": 346198.26457089587, "acc_auto_m2_industria": 13728.304200759714, "acc_auto_m2_oficina": 23313.522982116119, "acc_auto_n_salud": 46.570420712746191, "acc_auto_n_paraderos": 65.848233216462944 }, "geometry": { "type": "Polygon", "coordinates": [ [ [ -70.731093111857021, -34.186081490770448 ], [ -70.732269108558313, -34.187508201185715 ], [ -70.731364629572951, -34.18889564464282 ], [ -70.729284162241683, -34.188856373870102 ], [ -70.728108201889086, -34.187429674607749 ], [ -70.729012672517698, -34.186042234965406 ], [ -70.731093111857021, -34.186081490770448 ] ] ] } },
{ "type": "Feature", "properties": { "h3": "89b2c1c1493ffff", "acc_auto_m2_comercio": 201.9914618671165, "acc_auto_m2_departamento": 195.42207050573512, "acc_auto_n_deporte_y_recreacion": 0.026706251463268969, "acc_auto_n_educacion_y_cultura": 2.9116922266729865, "acc_auto_m2_habitacional": 2580.4112918317473, "acc_auto_m2_industria": 72.811800194371102, "acc_auto_m2_oficina": 64.672324453740629, "acc_auto_n_salud": 0.026077954574470621, "acc_auto_n_paraderos": 0.087538714990831767 }, "geometry": { "type": "Polygon", "coordinates": [ [ [ -70.804080071375125, -34.10308839842147 ], [ -70.805256715663504, -34.104516276463578 ], [ -70.804352477394531, -34.105906683720633 ], [ -70.802271603054223, -34.105869209101137 ], [ -70.801094994960849, -34.104441342182731 ], [ -70.801999225011429, -34.10305093876029 ], [ -70.804080071375125, -34.10308839842147 ] ] ] } },
{ "type": "Feature", "properties": { "h3": "89b2c1ce4bbffff", "acc_auto_m2_comercio": 34578.136476416636, "acc_auto_m2_departamento": 21830.520261863559, "acc_auto_n_deporte_y_recreacion": 3.6991481236488175, "acc_auto_n_educacion_y_cultura": 24.631659586393226, "acc_auto_m2_habitacional": 86271.663741590222, "acc_auto_m2_industria": 1710.905023254483, "acc_auto_m2_oficina": 4890.592417186077, "acc_auto_n_salud": 37.137950877372589, "acc_auto_n_paraderos": 16.046732309918038 }, "geometry": { "type": "Polygon", "coordinates": [ [ [ -70.721867082360234, -34.187311625674091 ], [ -70.723042952623445, -34.18873835429055 ], [ -70.722138477491995, -34.190125653024516 ], [ -70.720058140469575, -34.190086219326183 ], [ -70.718882306571743, -34.18865950186968 ], [ -70.719786773329574, -34.187272206951768 ], [ -70.721867082360234, -34.187311625674091 ] ] ] } },
{ "type": "Feature", "properties": { "h3": "89b2c1c0a2bffff", "acc_auto_m2_comercio": 218213.66829562609, "acc_auto_m2_departamento": 139179.85999815288, "acc_auto_n_deporte_y_recreacion": 18.751702466834523, "acc_auto_n_educacion_y_cultura": 136.93274157493332, "acc_auto_m2_habitacional": 486990.57401072816, "acc_auto_m2_industria": 9634.2242382365184, "acc_auto_m2_oficina": 29528.082008487043, "acc_auto_n_salud": 66.140778946912121, "acc_auto_n_paraderos": 94.117324805245275 }, "geometry": { "type": "Polygon", "coordinates": [ [ [ -70.72403762934951, -34.177520583063497 ], [ -70.725213483849345, -34.17894747781245 ], [ -70.724309042815676, -34.180335046908617 ], [ -70.722228755649837, -34.180295717436337 ], [ -70.721052937508645, -34.178868833849108 ], [ -70.721957370173286, -34.177481268572627 ], [ -70.72403762934951, -34.177520583063497 ] ] ] } },
{ "type": "Feature", "properties": { "h3": "89b2c1c083bffff", "acc_auto_m2_comercio": 56978.75492494741, "acc_auto_m2_departamento": 91612.59165710774, "acc_auto_n_deporte_y_recreacion": 10.581653562741954, "acc_auto_n_educacion_y_cultura": 60.51362260484408, "acc_auto_m2_habitacional": 322244.5174476938, "acc_auto_m2_industria": 3017.3794723027886, "acc_auto_m2_oficina": 6225.0618079802152, "acc_auto_n_salud": 13.105523523437663, "acc_auto_n_paraderos": 72.020485027167965 }, "geometry": { "type": "Polygon", "coordinates": [ [ [ -70.700976553743999, -34.164440216623568 ], [ -70.702152014658893, -34.165867446203002 ], [ -70.701247642948388, -34.167255055158833 ], [ -70.699167818731638, -34.167215430705802 ], [ -70.697992394212207, -34.16578821231149 ], [ -70.698896757512713, -34.164400607185257 ], [ -70.700976553743999, -34.164440216623568 ] ] ] } },
{ "type": "Feature", "properties": { "h3": "89b2c1c1817ffff", "acc_auto_m2_comercio": 51103.111298067961, "acc_auto_m2_departamento": 23489.380182993809, "acc_auto_n_deporte_y_recreacion": 4.059342090630877, "acc_auto_n_educacion_y_cultura": 45.423574522884913, "acc_auto_m2_habitacional": 261834.93712593574, "acc_auto_m2_industria": 12058.36958162273, "acc_auto_m2_oficina": 9938.1593330859432, "acc_auto_n_salud": 12.050162350990286, "acc_auto_n_paraderos": 48.912650811648376 }, "geometry": { "type": "Polygon", "coordinates": [ [ [ -70.766914509358685, -34.16989316384668 ], [ -70.768090941801674, -34.171320007946647 ], [ -70.767186490320384, -34.172708296791185 ], [ -70.765105614685268, -34.172669737721527 ], [ -70.763929218522819, -34.171242904751352 ], [ -70.764833661713595, -34.169854619721228 ], [ -70.766914509358685, -34.16989316384668 ] ] ] } },
{ "type": "Feature", "properties": { "h3": "89b2c1c540fffff", "acc_auto_m2_comercio": 15104.358707937788, "acc_auto_m2_departamento": 10028.350379598016, "acc_auto_n_deporte_y_recreacion": 5.8079196492163785, "acc_auto_n_educacion_y_cultura": 26.977917523653986, "acc_auto_m2_habitacional": 244980.95890523872, "acc_auto_m2_industria": 2403.6144502655179, "acc_auto_m2_oficina": 2903.0825964353944, "acc_auto_n_salud": 4.202444567315653, "acc_auto_n_paraderos": 4.0022103662679189 }, "geometry": { "type": "Polygon", "coordinates": [ [ [ -70.662184979542701, -34.18195404279799 ], [ -70.663359966874694, -34.183381126820365 ], [ -70.662455566847072, -34.184767819845057 ], [ -70.660376187967799, -34.184727425017762 ], [ -70.659201237104881, -34.183300352205599 ], [ -70.66010562865084, -34.181913663010725 ], [ -70.662184979542701, -34.18195404279799 ] ] ] } },
{ "type": "Feature", "properties": { "h3": "89b2c1c033bffff", "acc_auto_m2_comercio": 109929.77663392616, "acc_auto_m2_departamento": 140640.45394792114, "acc_auto_n_deporte_y_recreacion": 19.995348307075954, "acc_auto_n_educacion_y_cultura": 111.6375693312548, "acc_auto_m2_habitacional": 336424.5448820708, "acc_auto_m2_industria": 15603.416258336967, "acc_auto_m2_oficina": 18792.604505392726, "acc_auto_n_salud": 31.479412870399187, "acc_auto_n_paraderos": 70.495262586331648 }, "geometry": { "type": "Polygon", "coordinates": [ [ [ -70.742758137371297, -34.145554656488649 ], [ -70.74393410722783, -34.14698204245714 ], [ -70.743029766958813, -34.148370637661053 ], [ -70.74094946516469, -34.148331843067425 ], [ -70.739773531624266, -34.146904468257055 ], [ -70.740677863560492, -34.145515876882371 ], [ -70.742758137371297, -34.145554656488649 ] ] ] } },
{ "type": "Feature", "properties": { "h3": "89b2c1c1c03ffff", "acc_auto_m2_comercio": 81388.971199271153, "acc_auto_m2_departamento": 67423.397829256763, "acc_auto_n_deporte_y_recreacion": 4.2188630299170278, "acc_auto_n_educacion_y_cultura": 32.011292196875218, "acc_auto_m2_habitacional": 171357.96926804466, "acc_auto_m2_industria": 19474.588763490741, "acc_auto_m2_oficina": 10644.872763398094, "acc_auto_n_salud": 16.7023446243231, "acc_auto_n_paraderos": 40.167283798450178 }, "geometry": { "type": "Polygon", "coordinates": [ [ [ -70.76826785665736, -34.151649521702687 ], [ -70.769444221098723, -34.15307668697767 ], [ -70.768539835593188, -34.15446544601096 ], [ -70.766459093931743, -34.154427035947819 ], [ -70.76528276576316, -34.152999881808121 ], [ -70.766187142981892, -34.151611126596485 ], [ -70.76826785665736, -34.151649521702687 ] ] ] } },
{ "type": "Feature", "properties": { "h3": "89b2c1c73c7ffff", "acc_auto_m2_comercio": 8595.6298880482045, "acc_auto_m2_departamento": 7328.4696907566786, "acc_auto_n_deporte_y_recreacion": 3.2914394290817564, "acc_auto_n_educacion_y_cultura": 16.795792381455982, "acc_auto_m2_habitacional": 177940.61506237698, "acc_auto_m2_industria": 572.45139830535368, "acc_auto_m2_oficina": 1403.5815367637572, "acc_auto_n_salud": 1.5770174949781106, "acc_auto_n_paraderos": 2.0170597091756677 }, "geometry": { "type": "Polygon", "coordinates": [ [ [ -70.641850110511939, -34.164705051780295 ], [ -70.643024722715637, -34.166132532593274 ], [ -70.642120405542826, -34.167519402485041 ], [ -70.640041484682357, -34.167478787723141 ], [ -70.638866908978372, -34.166051318143097 ], [ -70.639771217633822, -34.164664452092232 ], [ -70.641850110511939, -34.164705051780295 ] ] ] } },
{ "type": "Feature", "properties": { "h3": "89b2c1c0bb3ffff", "acc_auto_m2_comercio": 89524.154545284997, "acc_auto_m2_departamento": 60652.824207033795, "acc_auto_n_deporte_y_recreacion": 14.496213767445388, "acc_auto_n_educacion_y_cultura": 89.944116742588164, "acc_auto_m2_habitacional": 440478.45655545656, "acc_auto_m2_industria": 4838.7350977852338, "acc_auto_m2_oficina": 8696.5658540394124, "acc_auto_n_salud": 18.862451713376426, "acc_auto_n_paraderos": 48.724259028152311 }, "geometry": { "type": "Polygon", "coordinates": [ [ [ -70.695821322903882, -34.175579749354895 ], [ -70.696996763124886, -34.177006801726364 ], [ -70.69609235514524, -34.17839406989718 ], [ -70.694012515363326, -34.178354281870739 ], [ -70.69283711155019, -34.176927240684549 ], [ -70.693741511109735, -34.175539976339692 ], [ -70.695821322903882, -34.175579749354895 ] ] ] } },
{ "type": "Feature", "properties": { "h3": "89b2c1c5483ffff", "acc_auto_m2_comercio": 14609.09734410302, "acc_auto_m2_departamento": 9281.3560571195067, "acc_auto_n_deporte_y_recreacion": 6.0670972466246607, "acc_auto_n_educacion_y_cultura": 24.754254095313666, "acc_auto_m2_habitacional": 188013.86938553801, "acc_auto_m2_industria": 978.6240751950553, "acc_auto_m2_oficina": 2505.3248928078606, "acc_auto_n_salud": 2.9507735493756764, "acc_auto_n_paraderos": 4.4592361827303284 }, "geometry": { "type": "Polygon", "coordinates": [ [ [ -70.658119109709276, -34.172044388568779 ], [ -70.659293991125324, -34.173471667707787 ], [ -70.658389631452735, -34.174858556785544 ], [ -70.656310398851062, -34.1748181628898 ], [ -70.655135553908266, -34.173390894967895 ], [ -70.656039905092527, -34.172004009724851 ], [ -70.658119109709276, -34.172044388568779 ] ] ] } },
{ "type": "Feature", "properties": { "h3": "89b2c1c188bffff", "acc_auto_m2_comercio": 74720.381168597101, "acc_auto_m2_departamento": 38370.831705392236, "acc_auto_n_deporte_y_recreacion": 4.6519486298028427, "acc_auto_n_educacion_y_cultura": 42.8954180534258, "acc_auto_m2_habitacional": 228688.6578961832, "acc_auto_m2_industria": 19545.629204423869, "acc_auto_m2_oficina": 13910.876743345994, "acc_auto_n_salud": 16.314257925932175, "acc_auto_n_paraderos": 49.648197707577928 }, "geometry": { "type": "Polygon", "coordinates": [ [ [ -70.769627819041787, -34.16572796035269 ], [ -70.770804270379131, -34.167154867266035 ], [ -70.769899831831466, -34.168543293183625 ], [ -70.767818950230406, -34.16850480837244 ], [ -70.766642535167591, -34.167077912588205 ], [ -70.767546965429958, -34.165689490486237 ], [ -70.769627819041787, -34.16572796035269 ] ] ] } },
{ "type": "Feature", "properties": { "h3": "89b2c1c08afffff", "acc_auto_m2_comercio": 33684.057581141657, "acc_auto_m2_departamento": 79176.79305473702, "acc_auto_n_deporte_y_recreacion": 7.6895983207336638, "acc_auto_n_educacion_y_cultura": 39.510932219361443, "acc_auto_m2_habitacional": 235097.42373269744, "acc_auto_m2_industria": 1878.7435587500272, "acc_auto_m2_oficina": 3927.0372532672386, "acc_auto_n_salud": 7.459459604860041, "acc_auto_n_paraderos": 53.2464664135953 }, "geometry": { "type": "Polygon", "coordinates": [ [ [ -70.694466262921537, -34.161506373093367 ], [ -70.695641616306887, -34.162933683502544 ], [ -70.694737261422219, -34.164321284797943 ], [ -70.692657561572489, -34.164281571852271 ], [ -70.691482244593232, -34.162854272634547 ], [ -70.692386591056277, -34.161466675171212 ], [ -70.694466262921537, -34.161506373093367 ] ] ] } },
{ "type": "Feature", "properties": { "h3": "89b2c1ce53bffff", "acc_auto_m2_comercio": 9231.3699570379613, "acc_auto_m2_departamento": 6032.6971001114707, "acc_auto_n_deporte_y_recreacion": 4.8160025743995325, "acc_auto_n_educacion_y_cultura": 9.1078668097731388, "acc_auto_m2_habitacional": 27467.697642675095, "acc_auto_m2_industria": 567.81172681174326, "acc_auto_m2_oficina": 1330.1928051921498, "acc_auto_n_salud": 8.9656022693241297, "acc_auto_n_paraderos": 4.16435865620159 }, "geometry": { "type": "Polygon", "coordinates": [ [ [ -70.704772416930396, -34.203837194568464 ], [ -70.705948121035917, -34.205263701208558 ], [ -70.705043600654719, -34.206650377260047 ], [ -70.702963384572442, -34.20661054285906 ], [ -70.701787716867386, -34.205184047386723 ], [ -70.702692228842793, -34.203797375147786 ], [ -70.704772416930396, -34.203837194568464 ] ] ] } },
{ "type": "Feature", "properties": { "h3": "89b2c1c119bffff", "acc_auto_m2_comercio": 3524.8332963500302, "acc_auto_m2_departamento": 3312.7898870068611, "acc_auto_n_deporte_y_recreacion": 0.40383534939360133, "acc_auto_n_educacion_y_cultura": 1.5173951858109844, "acc_auto_m2_habitacional": 9986.8461803596801, "acc_auto_m2_industria": 1041.1317139077146, "acc_auto_m2_oficina": 436.25121909116314, "acc_auto_n_salud": 0.68125371801329948, "acc_auto_n_paraderos": 1.7935035055845263 }, "geometry": { "type": "Polygon", "coordinates": [ [ [ -70.788347670969713, -34.133743172720173 ], [ -70.789524237021766, -34.135170570878181 ], [ -70.788619899719066, -34.136560022798747 ], [ -70.786539004612038, -34.136522072736447 ], [ -70.78536247479191, -34.135094685703919 ], [ -70.786266803845535, -34.133705237608424 ], [ -70.788347670969713, -34.133743172720173 ] ] ] } },
{ "type": "Feature", "properties": { "h3": "89b2c1c0e23ffff", "acc_auto_m2_comercio": 85043.729746227589, "acc_auto_m2_departamento": 144512.03802763019, "acc_auto_n_deporte_y_recreacion": 14.463949025372452, "acc_auto_n_educacion_y_cultura": 84.183502076394774, "acc_auto_m2_habitacional": 341031.27541026758, "acc_auto_m2_industria": 7262.1371803671809, "acc_auto_m2_oficina": 14506.231718094474, "acc_auto_n_salud": 22.422893416158725, "acc_auto_n_paraderos": 95.451275701714323 }, "geometry": { "type": "Polygon", "coordinates": [ [ [ -70.718882181849295, -34.156349518420036 ], [ -70.720057861018134, -34.157776815069674 ], [ -70.71915350266238, -34.159164846721147 ], [ -70.717073473513381, -34.159125577893725 ], [ -70.715897830706012, -34.157698292417635 ], [ -70.716802180684851, -34.156310264595604 ], [ -70.718882181849295, -34.156349518420036 ] ] ] } },
{ "type": "Feature", "properties": { "h3": "89b2c1c0aabffff", "acc_auto_m2_comercio": 164817.97262775895, "acc_auto_m2_departamento": 119802.04000637405, "acc_auto_n_deporte_y_recreacion": 15.529410773661276, "acc_auto_n_educacion_y_cultura": 132.38301332156891, "acc_auto_m2_habitacional": 424073.5169920841, "acc_auto_m2_industria": 9501.4100381953085, "acc_auto_m2_oficina": 26607.982130584394, "acc_auto_n_salud": 40.528121583797784, "acc_auto_n_paraderos": 90.448604871405962 }, "geometry": { "type": "Polygon", "coordinates": [ [ [ -70.720238853467563, -34.17042497749609 ], [ -70.721414619490773, -34.17185201601464 ], [ -70.720510208058258, -34.173239714550796 ], [ -70.718430038976621, -34.173200370745221 ], [ -70.717254309316687, -34.171773343394037 ], [ -70.718158712373764, -34.17038564868124 ], [ -70.720238853467563, -34.17042497749609 ] ] ] } },
{ "type": "Feature", "properties": { "h3": "89b2c1c5307ffff", "acc_auto_m2_comercio": 2290.7332736715271, "acc_auto_m2_departamento": 1782.5211824935634, "acc_auto_n_deporte_y_recreacion": 0.44952244553320364, "acc_auto_n_educacion_y_cultura": 2.5905025557222614, "acc_auto_m2_habitacional": 38777.37163606476, "acc_auto_m2_industria": 849.22750052928041, "acc_auto_m2_oficina": 253.08589874955257, "acc_auto_n_salud": 1.0701269241487879, "acc_auto_n_paraderos": 0.88336997360102376 }, "geometry": { "type": "Polygon", "coordinates": [ [ [ -70.662718895716182, -34.219869168652416 ], [ -70.663894072330919, -34.22129557041827 ], [ -70.662989532017889, -34.222681326597936 ], [ -70.660909823572098, -34.222640677197923 ], [ -70.659734683436781, -34.221214286628033 ], [ -70.660639215266499, -34.21982853426239 ], [ -70.662718895716182, -34.219869168652416 ] ] ] } },
{ "type": "Feature", "properties": { "h3": "89b2c1c03bbffff", "acc_auto_m2_comercio": 84998.492104362798, "acc_auto_m2_departamento": 147777.89556955101, "acc_auto_n_deporte_y_recreacion": 12.13620170745115, "acc_auto_n_educacion_y_cultura": 81.715665728817569, "acc_auto_m2_habitacional": 254507.85610694261, "acc_auto_m2_industria": 15434.059594066624, "acc_auto_m2_oficina": 11123.450666494438, "acc_auto_n_salud": 17.337840994402619, "acc_auto_n_paraderos": 53.161063584635976 }, "geometry": { "type": "Polygon", "coordinates": [ [ [ -70.738958799209243, -34.138456060160706 ], [ -70.740134680634995, -34.139883589822887 ], [ -70.739230369920463, -34.141272314416092 ], [ -70.737150186118043, -34.141233505514371 ], [ -70.735974341012991, -34.139805987015933 ], [ -70.736878643388309, -34.138417266255651 ], [ -70.738958799209243, -34.138456060160706 ] ] ] } },
{ "type": "Feature", "properties": { "h3": "89b2c1c1c83ffff", "acc_auto_m2_comercio": 33218.863671525476, "acc_auto_m2_departamento": 32325.660231332284, "acc_auto_n_deporte_y_recreacion": 2.1373401250192341, "acc_auto_n_educacion_y_cultura": 14.720792302869251, "acc_auto_m2_habitacional": 87573.032770642152, "acc_auto_m2_industria": 8790.6051780219514, "acc_auto_m2_oficina": 4289.4270666577595, "acc_auto_n_salud": 6.7114422743054183, "acc_auto_n_paraderos": 17.592239434770576 }, "geometry": { "type": "Polygon", "coordinates": [ [ [ -70.764466985352655, -34.144551643977969 ], [ -70.765643261390068, -34.145978953078192 ], [ -70.764738905387375, -34.147367841520058 ], [ -70.762658281639133, -34.147329417036538 ], [ -70.76148204187912, -34.145902119077206 ], [ -70.762386389588571, -34.144513234460696 ], [ -70.764466985352655, -34.144551643977969 ] ] ] } },
{ "type": "Feature", "properties": { "h3": "89b2c1c5503ffff", "acc_auto_m2_comercio": 3891.9739696622451, "acc_auto_m2_departamento": 4691.4734695381203, "acc_auto_n_deporte_y_recreacion": 1.9526575646421775, "acc_auto_n_educacion_y_cultura": 7.901485866303914, "acc_auto_m2_habitacional": 57760.098421885006, "acc_auto_m2_industria": 438.35412582070234, "acc_auto_m2_oficina": 792.20779520962617, "acc_auto_n_salud": 1.2488650686758118, "acc_auto_n_paraderos": 0.79566204671827434 }, "geometry": { "type": "Polygon", "coordinates": [ [ [ -70.641029148823563, -34.18856216124108 ], [ -70.642203863393192, -34.189989218332322 ], [ -70.641299459096118, -34.191375484748598 ], [ -70.63922034874858, -34.191334690242677 ], [ -70.638045670687248, -34.189907644376362 ], [ -70.638950066463806, -34.188521381791226 ], [ -70.641029148823563, -34.18856216124108 ] ] ] } },
{ "type": "Feature", "properties": { "h3": "89b2c1c190bffff", "acc_auto_m2_comercio": 86761.505095721252, "acc_auto_m2_departamento": 38503.570452477405, "acc_auto_n_deporte_y_recreacion": 6.3295129446805038, "acc_auto_n_educacion_y_cultura": 68.646267718248879, "acc_auto_m2_habitacional": 244375.2683493717, "acc_auto_m2_industria": 11765.499086131078, "acc_auto_m2_oficina": 21293.731785508997, "acc_auto_n_salud": 22.380934988271918, "acc_auto_n_paraderos": 38.526884829465594 }, "geometry": { "type": "Polygon", "coordinates": [ [ [ -70.7525319545381, -34.18226990256607 ], [ -70.753708240279678, -34.183696587628482 ], [ -70.752803756025827, -34.185084390968953 ], [ -70.750722994346546, -34.18504550543507 ], [ -70.749546744914639, -34.183618831509619 ], [ -70.750451220851005, -34.182231031981303 ], [ -70.7525319545381, -34.18226990256607 ] ] ] } },
{ "type": "Feature", "properties": { "h3": "89b2c1c0ea3ffff", "acc_auto_m2_comercio": 44273.665965487278, "acc_auto_m2_departamento": 107371.55602912996, "acc_auto_n_deporte_y_recreacion": 10.435695794803047, "acc_auto_n_educacion_y_cultura": 50.427343327842365, "acc_auto_m2_habitacional": 223324.89840145389, "acc_auto_m2_industria": 3712.6987985592577, "acc_auto_m2_oficina": 6593.4886477386062, "acc_auto_n_salud": 12.551338733233798, "acc_auto_n_paraderos": 69.189257609475206 }, "geometry": { "type": "Polygon", "coordinates": [ [ [ -70.715084024588805, -34.149251843023926 ], [ -70.716259615289985, -34.150679283322219 ], [ -70.715355286541012, -34.152067444374374 ], [ -70.713275375472847, -34.152028161295256 ], [ -70.71209982113777, -34.150600732176123 ], [ -70.713004141503404, -34.149212574957119 ], [ -70.715084024588805, -34.149251843023926 ] ] ] } },
{ "type": "Feature", "properties": { "h3": "89b2c1c5387ffff", "acc_auto_m2_comercio": 2482.8790589898008, "acc_auto_m2_departamento": 2236.987099425522, "acc_auto_n_deporte_y_recreacion": 0.47217630990740705, "acc_auto_n_educacion_y_cultura": 2.7210519735355359, "acc_auto_m2_habitacional": 45731.697622413936, "acc_auto_m2_industria": 892.02466185237029, "acc_auto_m2_oficina": 265.84026437081803, "acc_auto_n_salud": 1.1240564007383174, "acc_auto_n_paraderos": 0.92788775858162664 }, "geometry": { "type": "Polygon", "coordinates": [ [ [ -70.65892293084184, -34.212777348011663 ], [ -70.660098018874962, -34.214203893500276 ], [ -70.659193508300774, -34.215589779174323 ], [ -70.657113918181849, -34.215549115542302 ], [ -70.65593886663271, -34.214122581255317 ], [ -70.656843368717162, -34.212736699398931 ], [ -70.65892293084184, -34.212777348011663 ] ] ] } },
{ "type": "Feature", "properties": { "h3": "89b2c1c500fffff", "acc_auto_m2_comercio": 7609.6776801450187, "acc_auto_m2_departamento": 5198.2167447113343, "acc_auto_n_deporte_y_recreacion": 1.6330190966421456, "acc_auto_n_educacion_y_cultura": 9.4107428570711136, "acc_auto_m2_habitacional": 84189.772477845443, "acc_auto_m2_industria": 3085.0622466983305, "acc_auto_m2_oficina": 919.40705042799084, "acc_auto_n_salud": 3.8875427029968241, "acc_auto_n_paraderos": 3.209094563853514 }, "geometry": { "type": "Polygon", "coordinates": [ [ [ -70.664079232192861, -34.201647999147887 ], [ -70.665254341076619, -34.203074721920821 ], [ -70.664349866672652, -34.204460948476296 ], [ -70.662270291863166, -34.20442044843773 ], [ -70.661095219450999, -34.202993736866304 ], [ -70.661999685375378, -34.201607514132128 ], [ -70.664079232192861, -34.201647999147887 ] ] ] } },
{ "type": "Feature", "properties": { "h3": "89b2c1ca847ffff", "acc_auto_m2_comercio": 7202.0047895374992, "acc_auto_m2_departamento": 3494.6607504532849, "acc_auto_n_deporte_y_recreacion": 0.30644108314958696, "acc_auto_n_educacion_y_cultura": 4.3887131055114104, "acc_auto_m2_habitacional": 22184.324490553787, "acc_auto_m2_industria": 2824.8548517771919, "acc_auto_m2_oficina": 3921.3626491877444, "acc_auto_n_salud": 0.71504861926846142, "acc_auto_n_paraderos": 3.9884950421068774 }, "geometry": { "type": "Polygon", "coordinates": [ [ [ -70.843211289911807, -34.18533488497993 ], [ -70.844388887054194, -34.186761115810377 ], [ -70.84348431256177, -34.188149962397141 ], [ -70.841402149078164, -34.188112574360709 ], [ -70.840224588085491, -34.186686354592872 ], [ -70.841129154425346, -34.185297511799035 ], [ -70.843211289911807, -34.18533488497993 ] ] ] } },
{ "type": "Feature", "properties": { "h3": "89b2c1c1d03ffff", "acc_auto_m2_comercio": 130333.33385389997, "acc_auto_m2_departamento": 64656.41829320955, "acc_auto_n_deporte_y_recreacion": 12.566149133012814, "acc_auto_n_educacion_y_cultura": 82.567231667205277, "acc_auto_m2_habitacional": 259689.0136048492, "acc_auto_m2_industria": 16916.375890722775, "acc_auto_m2_oficina": 31701.107854715818, "acc_auto_n_salud": 53.830630410110302, "acc_auto_n_paraderos": 62.578979410029348 }, "geometry": { "type": "Polygon", "coordinates": [ [ [ -70.747372885408026, -34.161099317867517 ], [ -70.748548995820641, -34.162526405155056 ], [ -70.747644594169799, -34.163914671094396 ], [ -70.745564090430435, -34.163875845924508 ], [ -70.744388016330348, -34.16244876978574 ], [ -70.745292409655747, -34.161060507668289 ], [ -70.747372885408026, -34.161099317867517 ] ] ] } },
{ "type": "Feature", "properties": { "h3": "89b2c1c09b7ffff", "acc_auto_m2_comercio": 15115.04761870145, "acc_auto_m2_departamento": 9119.9751870289583, "acc_auto_n_deporte_y_recreacion": 4.4401836792004401, "acc_auto_n_educacion_y_cultura": 21.155541847193316, "acc_auto_m2_habitacional": 186703.53297014983, "acc_auto_m2_industria": 667.40674292329754, "acc_auto_m2_oficina": 2038.1416170671321, "acc_auto_n_salud": 2.9271845380585702, "acc_auto_n_paraderos": 5.9495216729265739 }, "geometry": { "type": "Polygon", "coordinates": [ [ [ -70.670053654720817, -34.166657065968536 ], [ -70.671228681973446, -34.168084389956611 ], [ -70.670324330895596, -34.169471560863983 ], [ -70.668244961030084, -34.169431403948828 ], [ -70.667069970228127, -34.16800409117014 ], [ -70.667974312839661, -34.166616924097426 ], [ -70.670053654720817, -34.166657065968536 ] ] ] } },
{ "type": "Feature", "properties": { "h3": "89b2c1c0d27ffff", "acc_auto_m2_comercio": 6637.2465433033867, "acc_auto_m2_departamento": 4007.3084933106061, "acc_auto_n_deporte_y_recreacion": 2.0402548075858729, "acc_auto_n_educacion_y_cultura": 8.3319124012812562, "acc_auto_m2_habitacional": 87274.79246261064, "acc_auto_m2_industria": 244.93123039743321, "acc_auto_m2_oficina": 847.90206176992592, "acc_auto_n_salud": 1.3211095084406217, "acc_auto_n_paraderos": 3.006602865320104 }, "geometry": { "type": "Polygon", "coordinates": [ [ [ -70.672225267448695, -34.156865472232091 ], [ -70.673400279060502, -34.158292962145161 ], [ -70.67249596200773, -34.159680403363041 ], [ -70.670416641803527, -34.159640350829704 ], [ -70.669241666635642, -34.158212872127777 ], [ -70.670145975226703, -34.156825434748228 ], [ -70.672225267448695, -34.156865472232091 ] ] ] } },
{ "type": "Feature", "properties": { "h3": "89b2c1c1993ffff", "acc_auto_m2_comercio": 204792.08706078693, "acc_auto_m2_departamento": 83444.90878289158, "acc_auto_n_deporte_y_recreacion": 10.76059329271316, "acc_auto_n_educacion_y_cultura": 149.8493235511647, "acc_auto_m2_habitacional": 266511.12325386307, "acc_auto_m2_industria": 13580.055006147322, "acc_auto_m2_oficina": 74581.448883076082, "acc_auto_n_salud": 62.232465248161951, "acc_auto_n_paraderos": 52.725478732460665 }, "geometry": { "type": "Polygon", "coordinates": [ [ [ -70.745203047109129, -34.17089422984251 ], [ -70.746379173337033, -34.172321151007083 ], [ -70.745474737562802, -34.173709146620439 ], [ -70.743394183889407, -34.173670217251093 ], [ -70.742218093980796, -34.172243307233508 ], [ -70.743122521424951, -34.170855315438438 ], [ -70.745203047109129, -34.17089422984251 ] ] ] } },
{ "type": "Feature", "properties": { "h3": "89b2c1c558bffff", "acc_auto_m2_comercio": 6543.876137206862, "acc_auto_m2_departamento": 6425.478029550186, "acc_auto_n_deporte_y_recreacion": 3.2734614321218931, "acc_auto_n_educacion_y_cultura": 13.290093987245095, "acc_auto_m2_habitacional": 92119.435615571056, "acc_auto_m2_industria": 736.61033976980843, "acc_auto_m2_oficina": 1319.1261116777132, "acc_auto_n_salud": 2.1023768271558891, "acc_auto_n_paraderos": 1.3394412985236264 }, "geometry": { "type": "Polygon", "coordinates": [ [ [ -70.640488548474494, -34.182935159601683 ], [ -70.641663228325029, -34.184362319841462 ], [ -70.640758845283102, -34.185748719523332 ], [ -70.638679790910444, -34.185707955132038 ], [ -70.637505147567467, -34.184280806119716 ], [ -70.638409522088267, -34.182894410271402 ], [ -70.640488548474494, -34.182935159601683 ] ] ] } },
{ "type": "Feature", "properties": { "h3": "89b2c1c198bffff", "acc_auto_m2_comercio": 162253.27176790152, "acc_auto_m2_departamento": 58809.256330532953, "acc_auto_n_deporte_y_recreacion": 9.9509467075956408, "acc_auto_n_educacion_y_cultura": 117.16480403372614, "acc_auto_m2_habitacional": 308087.90615895536, "acc_auto_m2_industria": 16165.428803925824, "acc_auto_m2_oficina": 47978.67580794407, "acc_auto_n_salud": 53.18349767040884, "acc_auto_n_paraderos": 52.015364364805478 }, "geometry": { "type": "Polygon", "coordinates": [ [ [ -70.74873149686178, -34.175174901146242 ], [ -70.749907694158082, -34.176601730115379 ], [ -70.749003239447205, -34.17798966291366 ], [ -70.746922595762598, -34.177950762927203 ], [ -70.745746434780585, -34.176523945100669 ], [ -70.74665088116754, -34.175136016118195 ], [ -70.74873149686178, -34.175174901146242 ] ] ] } },
{ "type": "Feature", "properties": { "h3": "89b2c1c09afffff", "acc_auto_m2_comercio": 13038.966102821123, "acc_auto_m2_departamento": 8051.6231512027471, "acc_auto_n_deporte_y_recreacion": 3.1481249034874423, "acc_auto_n_educacion_y_cultura": 16.441719138156348, "acc_auto_m2_habitacional": 137713.54574995273, "acc_auto_m2_industria": 483.38706000700233, "acc_auto_m2_oficina": 1519.8958183017467, "acc_auto_n_salud": 2.6074096869629591, "acc_auto_n_paraderos": 5.9346664455156182 }, "geometry": { "type": "Polygon", "coordinates": [ [ [ -70.673578807650387, -34.17093894597857 ], [ -70.674753906074145, -34.172366178007053 ], [ -70.673849535913874, -34.173753286123763 ], [ -70.671770075788686, -34.173713158379982 ], [ -70.670595013810654, -34.172285937556474 ], [ -70.67149937551072, -34.17089883327197 ], [ -70.673578807650387, -34.17093894597857 ] ] ] } },
{ "type": "Feature", "properties": { "h3": "89b2c1c0d2fffff", "acc_auto_m2_comercio": 2630.1402562878816, "acc_auto_m2_departamento": 1769.0287555981654, "acc_auto_n_deporte_y_recreacion": 0.59707258735112212, "acc_auto_n_educacion_y_cultura": 3.1562287382355043, "acc_auto_m2_habitacional": 31100.375571471755, "acc_auto_m2_industria": 93.840195096674378, "acc_auto_m2_oficina": 290.19809514219816, "acc_auto_n_salud": 0.50846815426440983, "acc_auto_n_paraderos": 1.1705544107152734 }, "geometry": { "type": "Polygon", "coordinates": [ [ [ -70.675479633543802, -34.158332955434972 ], [ -70.67665469895573, -34.1597604049879 ], [ -70.675750373447087, -34.161147850042852 ], [ -70.673670990981037, -34.161107841707974 ], [ -70.67249596200773, -34.159680403363041 ], [ -70.673400279060502, -34.158292962145161 ], [ -70.675479633543802, -34.158332955434972 ] ] ] } },
{ "type": "Feature", "properties": { "h3": "89b2c1c0637ffff", "acc_auto_m2_comercio": 13905.596390357592, "acc_auto_m2_departamento": 17401.789944484939, "acc_auto_n_deporte_y_recreacion": 2.3781171541459107, "acc_auto_n_educacion_y_cultura": 11.630031642391948, "acc_auto_m2_habitacional": 47700.650844825141, "acc_auto_m2_industria": 6483.7429884895419, "acc_auto_m2_oficina": 1858.4334459792185, "acc_auto_n_salud": 2.3221690698105686, "acc_auto_n_paraderos": 7.7950782444293338 }, "geometry": { "type": "Polygon", "coordinates": [ [ [ -70.755507305273611, -34.116268282759336 ], [ -70.756683317645141, -34.117696137398383 ], [ -70.75577907370203, -34.119085617605741 ], [ -70.753698825693689, -34.11904723933538 ], [ -70.752522849607061, -34.117619395854597 ], [ -70.753427085242549, -34.116229919486109 ], [ -70.755507305273611, -34.116268282759336 ] ] ] } },
{ "type": "Feature", "properties": { "h3": "89b2c1c129bffff", "acc_auto_m2_comercio": 1001.6653473005173, "acc_auto_m2_departamento": 607.00381107366354, "acc_auto_n_deporte_y_recreacion": 1.0324875443458144, "acc_auto_n_educacion_y_cultura": 0.28195501540193335, "acc_auto_m2_habitacional": 3736.8065124098771, "acc_auto_m2_industria": 750.89890364509961, "acc_auto_m2_oficina": 81.99011085229013, "acc_auto_n_salud": 0.12854250034527812, "acc_auto_n_paraderos": 0.33596441802584814 }, "geometry": { "type": "Polygon", "coordinates": [ [ [ -70.832053244449256, -34.134531825590912 ], [ -70.833230438849753, -34.135959017477497 ], [ -70.832326060863124, -34.137348989139632 ], [ -70.830244496644212, -34.13731176509939 ], [ -70.829067338398346, -34.135884584302694 ], [ -70.82997170821541, -34.134494616456543 ], [ -70.832053244449256, -34.134531825590912 ] ] ] } },
{ "type": "Feature", "properties": { "h3": "89b2c1c1d0bffff", "acc_auto_m2_comercio": 177875.31486441271, "acc_auto_m2_departamento": 79669.942190368034, "acc_auto_n_deporte_y_recreacion": 12.553298000070439, "acc_auto_n_educacion_y_cultura": 91.974287166073026, "acc_auto_m2_habitacional": 311387.66390104586, "acc_auto_m2_industria": 26450.393505380864, "acc_auto_m2_oficina": 43850.241729409514, "acc_auto_n_salud": 72.586708992879934, "acc_auto_n_paraderos": 82.680912280326424 }, "geometry": { "type": "Polygon", "coordinates": [ [ [ -70.750629533580948, -34.162565171027495 ], [ -70.751805697676616, -34.163992217805749 ], [ -70.750901287706114, -34.165380487565741 ], [ -70.748820721958253, -34.165341706727027 ], [ -70.747644594169799, -34.163914671094396 ], [ -70.748548995820641, -34.162526405155056 ], [ -70.750629533580948, -34.162565171027495 ] ] ] } },
{ "type": "Feature", "properties": { "h3": "89b2c1c1b87ffff", "acc_auto_m2_comercio": 90537.288690360438, "acc_auto_m2_departamento": 45203.782019318351, "acc_auto_n_deporte_y_recreacion": 6.4324578732504518, "acc_auto_n_educacion_y_cultura": 71.060602850862196, "acc_auto_m2_habitacional": 314283.35747654736, "acc_auto_m2_industria": 20787.450522824027, "acc_auto_m2_oficina": 19079.044491279328, "acc_auto_n_salud": 18.273120001942541, "acc_auto_n_paraderos": 57.161092195224583 }, "geometry": { "type": "Polygon", "coordinates": [ [ [ -70.765288998033213, -34.185316978340005 ], [ -70.766465481101562, -34.186743552829299 ], [ -70.765560974247236, -34.188131438047932 ], [ -70.763479992617732, -34.18809274496909 ], [ -70.762303545837383, -34.186666181605339 ], [ -70.763208044397189, -34.185278300195094 ], [ -70.765288998033213, -34.185316978340005 ] ] ] } },
{ "type": "Feature", "properties": { "h3": "89b2c1c0babffff", "acc_auto_m2_comercio": 36634.43039416134, "acc_auto_m2_departamento": 24987.546699682447, "acc_auto_n_deporte_y_recreacion": 6.3913621995415921, "acc_auto_n_educacion_y_cultura": 36.541334120161601, "acc_auto_m2_habitacional": 218598.70559251014, "acc_auto_m2_industria": 1901.4013102995812, "acc_auto_m2_oficina": 3549.9802520427716, "acc_auto_n_salud": 7.7718373025135286, "acc_auto_n_paraderos": 20.075704876889581 }, "geometry": { "type": "Polygon", "coordinates": [ [ [ -70.699347714707798, -34.179860814409807 ], [ -70.700523226069151, -34.181287774716331 ], [ -70.699618799055855, -34.182674980079945 ], [ -70.697538869093862, -34.182635221313724 ], [ -70.696363394135432, -34.181208272188059 ], [ -70.697267812734722, -34.179821070647947 ], [ -70.699347714707798, -34.179860814409807 ] ] ] } },
{ "type": "Feature", "properties": { "h3": "89b2c1c5407ffff", "acc_auto_m2_comercio": 15088.989637623197, "acc_auto_m2_departamento": 9985.2512242214198, "acc_auto_n_deporte_y_recreacion": 6.1237047037034023, "acc_auto_n_educacion_y_cultura": 26.808694570473289, "acc_auto_m2_habitacional": 203671.2149093051, "acc_auto_m2_industria": 1426.231026164998, "acc_auto_m2_oficina": 3057.7054613405417, "acc_auto_n_salud": 3.4459302892851, "acc_auto_n_paraderos": 3.0633507890986014 }, "geometry": { "type": "Polygon", "coordinates": [ [ [ -70.658930695150303, -34.180486538610261 ], [ -70.66010562865084, -34.181913663010725 ], [ -70.659201237104881, -34.183300352205599 ], [ -70.657121920544498, -34.183259913169174 ], [ -70.655947023518323, -34.181832799982089 ], [ -70.656851406576806, -34.18044611461827 ], [ -70.658930695150303, -34.180486538610261 ] ] ] } },
{ "type": "Feature", "properties": { "h3": "89b2c1c180fffff", "acc_auto_m2_comercio": 26190.759008974394, "acc_auto_m2_departamento": 12103.372885421302, "acc_auto_n_deporte_y_recreacion": 2.1799427752643759, "acc_auto_n_educacion_y_cultura": 23.404206109548618, "acc_auto_m2_habitacional": 162983.77122947649, "acc_auto_m2_industria": 6184.0503479872659, "acc_auto_m2_oficina": 4819.621594744568, "acc_auto_n_salud": 5.7199972377465187, "acc_auto_n_paraderos": 24.687045419880413 }, "geometry": { "type": "Polygon", "coordinates": [ [ [ -70.770443877725512, -34.174173603895767 ], [ -70.771620381205807, -34.175600355739455 ], [ -70.770715910830376, -34.176988581764313 ], [ -70.768634945257674, -34.176950052133741 ], [ -70.767458478052959, -34.175523311415425 ], [ -70.768362940144016, -34.17413508920253 ], [ -70.770443877725512, -34.174173603895767 ] ] ] } },
{ "type": "Feature", "properties": { "h3": "89b2c1c0833ffff", "acc_auto_m2_comercio": 53093.516905164244, "acc_auto_m2_departamento": 106445.25092271852, "acc_auto_n_deporte_y_recreacion": 10.753308999837987, "acc_auto_n_educacion_y_cultura": 58.399176584617365, "acc_auto_m2_habitacional": 328069.29925945878, "acc_auto_m2_industria": 2948.2552196854617, "acc_auto_m2_oficina": 6161.1772664200134, "acc_auto_n_salud": 11.816335902176013, "acc_auto_n_paraderos": 77.368304030332055 }, "geometry": { "type": "Polygon", "coordinates": [ [ [ -70.697721350360325, -34.16297333718655 ], [ -70.698896757512713, -34.164400607185257 ], [ -70.697992394212207, -34.16578821231149 ], [ -70.695912632173815, -34.165748543608373 ], [ -70.694737261422219, -34.164321284797943 ], [ -70.695641616306887, -34.162933683502544 ], [ -70.697721350360325, -34.16297333718655 ] ] ] } },
{ "type": "Feature", "properties": { "h3": "89b2c1c10a7ffff", "acc_auto_m2_comercio": 3574.1272130135617, "acc_auto_m2_departamento": 3399.4852866250485, "acc_auto_n_deporte_y_recreacion": 0.41440368248739168, "acc_auto_n_educacion_y_cultura": 1.5571052750407777, "acc_auto_m2_habitacional": 10388.55131106441, "acc_auto_m2_industria": 1068.3780328929338, "acc_auto_m2_oficina": 447.66787244469072, "acc_auto_n_salud": 0.69908206370953163, "acc_auto_n_paraderos": 1.8404393235617273 }, "geometry": { "type": "Polygon", "coordinates": [ [ [ -70.797575793050655, -34.13250495007884 ], [ -70.798752485144817, -34.133932329939029 ], [ -70.797848144334992, -34.135321926545316 ], [ -70.795767119661903, -34.135284139467835 ], [ -70.794590463782967, -34.133856770726098 ], [ -70.795494796360572, -34.132467177943575 ], [ -70.797575793050655, -34.13250495007884 ] ] ] } },
{ "type": "Feature", "properties": { "h3": "89b2c1ca8c7ffff", "acc_auto_m2_comercio": 5199.8086799893936, "acc_auto_m2_departamento": 2048.4217881115724, "acc_auto_n_deporte_y_recreacion": 0.17962275491682644, "acc_auto_n_educacion_y_cultura": 2.5724773272868671, "acc_auto_m2_habitacional": 13467.313131080327, "acc_auto_m2_industria": 1650.9599553931255, "acc_auto_m2_oficina": 2298.5363282090252, "acc_auto_n_salud": 0.41913114773118582, "acc_auto_n_paraderos": 2.3378864872554455 }, "geometry": { "type": "Polygon", "coordinates": [ [ [ -70.839405676697055, -34.178240656272401 ], [ -70.840583185503704, -34.179667031388639 ], [ -70.839678640365719, -34.181056007468435 ], [ -70.837596594578784, -34.181018604635618 ], [ -70.836419121926554, -34.179592240587624 ], [ -70.837323658905461, -34.178203268304394 ], [ -70.839405676697055, -34.178240656272401 ] ] ] } },
{ "type": "Feature", "properties": { "h3": "89b2c1c0143ffff", "acc_auto_m2_comercio": 89877.192077376851, "acc_auto_m2_departamento": 114328.93679027251, "acc_auto_n_deporte_y_recreacion": 10.406898292496679, "acc_auto_n_educacion_y_cultura": 78.303686422162755, "acc_auto_m2_habitacional": 297124.47539668536, "acc_auto_m2_industria": 20710.163264116465, "acc_auto_m2_oficina": 10118.785819496165, "acc_auto_n_salud": 13.334884772400674, "acc_auto_n_paraderos": 62.302794639402087 }, "geometry": { "type": "Polygon", "coordinates": [ [ [ -70.732175474578028, -34.132706801763717 ], [ -70.733351231248179, -34.134134463901276 ], [ -70.732446947829047, -34.135523247431252 ], [ -70.730366916089594, -34.135484364987214 ], [ -70.729191195750474, -34.134056714020907 ], [ -70.730095470818441, -34.1326679343276 ], [ -70.732175474578028, -34.132706801763717 ] ] ] } },
{ "type": "Feature", "properties": { "h3": "89b2c1c1d83ffff", "acc_auto_m2_comercio": 115624.69673771979, "acc_auto_m2_departamento": 98327.020594782211, "acc_auto_n_deporte_y_recreacion": 23.074190426117191, "acc_auto_n_educacion_y_cultura": 100.37615640989688, "acc_auto_m2_habitacional": 305312.11037406209, "acc_auto_m2_industria": 12737.671682439401, "acc_auto_m2_oficina": 25669.51494420955, "acc_auto_n_salud": 44.21429434795877, "acc_auto_n_paraderos": 69.441097420284279 }, "geometry": { "type": "Polygon", "coordinates": [ [ [ -70.743573046419897, -34.154002245277432 ], [ -70.744749068396203, -34.155429476350832 ], [ -70.743844696293991, -34.156817871708711 ], [ -70.741764310546003, -34.156779032167776 ], [ -70.740588324886872, -34.155351812248774 ], [ -70.741492688657203, -34.153963420716487 ], [ -70.743573046419897, -34.154002245277432 ] ] ] } },
{ "type": "Feature", "properties": { "h3": "89b2c1c0a2fffff", "acc_auto_m2_comercio": 186917.86431722491, "acc_auto_m2_departamento": 124436.4531543404, "acc_auto_n_deporte_y_recreacion": 17.32906524291597, "acc_auto_n_educacion_y_cultura": 124.36674849568952, "acc_auto_m2_habitacional": 453781.68764342164, "acc_auto_m2_industria": 8198.9320972705791, "acc_auto_m2_oficina": 24044.614633812947, "acc_auto_n_salud": 67.92339075967601, "acc_auto_n_paraderos": 85.372451826606593 }, "geometry": { "type": "Polygon", "coordinates": [ [ [ -70.721052937508645, -34.178868833849108 ], [ -70.722228755649837, -34.180295717436337 ], [ -70.721324312368779, -34.181683216080081 ], [ -70.71924405931972, -34.181643827317096 ], [ -70.718068277542827, -34.18021695489351 ], [ -70.718972712449357, -34.178829460069473 ], [ -70.721052937508645, -34.178868833849108 ] ] ] } },
{ "type": "Feature", "properties": { "h3": "89b2c1c7243ffff", "acc_auto_m2_comercio": 15464.24420477589, "acc_auto_m2_departamento": 9336.7026130665672, "acc_auto_n_deporte_y_recreacion": 4.1790394712152175, "acc_auto_n_educacion_y_cultura": 19.412677715914178, "acc_auto_m2_habitacional": 187946.03403185843, "acc_auto_m2_industria": 570.66983055853052, "acc_auto_m2_oficina": 1975.5427886240805, "acc_auto_n_salud": 3.0780776224728181, "acc_auto_n_paraderos": 7.0051399526509641 }, "geometry": { "type": "Polygon", "coordinates": [ [ [ -70.669512322591089, -34.161027721594103 ], [ -70.670687315120091, -34.16245514872913 ], [ -70.669782985286048, -34.163842452876487 ], [ -70.66770367138858, -34.163802326051858 ], [ -70.666528715309497, -34.162374910128662 ], [ -70.667433036676627, -34.160987609818449 ], [ -70.669512322591089, -34.161027721594103 ] ] ] } },
{ "type": "Feature", "properties": { "h3": "89b2c1c5017ffff", "acc_auto_m2_comercio": 1604.6275871550704, "acc_auto_m2_departamento": 1125.8052307341914, "acc_auto_n_deporte_y_recreacion": 0.46861542524957561, "acc_auto_n_educacion_y_cultura": 2.417840922948399, "acc_auto_m2_habitacional": 20989.623378587032, "acc_auto_m2_industria": 479.880254788407, "acc_auto_m2_oficina": 231.10122518469601, "acc_auto_n_salud": 0.79248885232523869, "acc_auto_n_paraderos": 0.54621782169459987 }, "geometry": { "type": "Polygon", "coordinates": [ [ [ -70.660554047945411, -34.197367646759595 ], [ -70.661729085626988, -34.19879446156456 ], [ -70.660824630328719, -34.200180750941733 ], [ -70.658745145833223, -34.200140221690397 ], [ -70.657570144628153, -34.198713418091351 ], [ -70.658474591440751, -34.197327132537914 ], [ -70.660554047945411, -34.197367646759595 ] ] ] } },
{ "type": "Feature", "properties": { "h3": "89b2c1c06b7ffff", "acc_auto_m2_comercio": 8137.2968600287268, "acc_auto_m2_departamento": 10183.204423531777, "acc_auto_n_deporte_y_recreacion": 1.3916300105352311, "acc_auto_n_educacion_y_cultura": 6.8056786137769691, "acc_auto_m2_habitacional": 28158.289183487232, "acc_auto_m2_industria": 3794.8307790653898, "acc_auto_m2_oficina": 1087.5207520783067, "acc_auto_n_salud": 1.3588902302189907, "acc_auto_n_paraderos": 4.5615350784995652 }, "geometry": { "type": "Polygon", "coordinates": [ [ [ -70.751707700652929, -34.109166926998363 ], [ -70.752883624630343, -34.110594925243554 ], [ -70.751979410208136, -34.111984534791894 ], [ -70.749899280121241, -34.111946142252719 ], [ -70.748723392433362, -34.11051815517142 ], [ -70.749627598541508, -34.10912854946563 ], [ -70.751707700652929, -34.109166926998363 ] ] ] } },
{ "type": "Feature", "properties": { "h3": "89b2c1c1c07ffff", "acc_auto_m2_comercio": 43778.90582019648, "acc_auto_m2_departamento": 40814.843242563766, "acc_auto_n_deporte_y_recreacion": 2.8768697597836921, "acc_auto_n_educacion_y_cultura": 21.338626016206053, "acc_auto_m2_habitacional": 131036.26647505144, "acc_auto_m2_industria": 10095.176786970194, "acc_auto_m2_oficina": 7326.2943198267803, "acc_auto_n_salud": 12.360011387511504, "acc_auto_n_paraderos": 32.481330815850917 }, "geometry": { "type": "Polygon", "coordinates": [ [ [ -70.76528276576316, -34.152999881808121 ], [ -70.766459093931743, -34.154427035947819 ], [ -70.765554706104723, -34.155815724541405 ], [ -70.763473998400087, -34.155777255173774 ], [ -70.762297706509955, -34.154350112171272 ], [ -70.763202086044657, -34.152961427399418 ], [ -70.76528276576316, -34.152999881808121 ] ] ] } },
{ "type": "Feature", "properties": { "h3": "89b2c1c0c2bffff", "acc_auto_m2_comercio": 30598.756572872637, "acc_auto_m2_departamento": 72375.283077378728, "acc_auto_n_deporte_y_recreacion": 7.9204648832859421, "acc_auto_n_educacion_y_cultura": 35.591868509068242, "acc_auto_m2_habitacional": 211666.49950224234, "acc_auto_m2_industria": 2158.3539904176782, "acc_auto_m2_oficina": 4124.910500196318, "acc_auto_n_salud": 7.4619890950674694, "acc_auto_n_paraderos": 52.486871358137499 }, "geometry": { "type": "Polygon", "coordinates": [ [ [ -70.699350160251228, -34.147548702862899 ], [ -70.700525516968469, -34.148976242010143 ], [ -70.699621208961489, -34.150364250666229 ], [ -70.697541552647763, -34.150324716338318 ], [ -70.696366232323868, -34.148897188383607 ], [ -70.697270531919031, -34.147509183564445 ], [ -70.699350160251228, -34.147548702862899 ] ] ] } },
{ "type": "Feature", "properties": { "h3": "89b2c1c5487ffff", "acc_auto_m2_comercio": 11610.039894692645, "acc_auto_m2_departamento": 7975.2603475844544, "acc_auto_n_deporte_y_recreacion": 5.0218311979978072, "acc_auto_n_educacion_y_cultura": 20.619091669161438, "acc_auto_m2_habitacional": 162992.72040072997, "acc_auto_m2_industria": 859.78882098999907, "acc_auto_m2_oficina": 2182.3579126092473, "acc_auto_n_salud": 2.4008277225357841, "acc_auto_n_paraderos": 2.8680223671024438 }, "geometry": { "type": "Polygon", "coordinates": [ [ [ -70.655135553908266, -34.173390894967895 ], [ -70.656310398851062, -34.1748181628898 ], [ -70.655406037042269, -34.176204981508363 ], [ -70.653326838783201, -34.176164528370485 ], [ -70.652152030319328, -34.174737271667617 ], [ -70.653056383634279, -34.173350456883782 ], [ -70.655135553908266, -34.173390894967895 ] ] ] } },
{ "type": "Feature", "properties": { "h3": "89b2c1c188fffff", "acc_auto_m2_comercio": 81205.488904478407, "acc_auto_m2_departamento": 38676.533504471052, "acc_auto_n_deporte_y_recreacion": 5.5742417825025008, "acc_auto_n_educacion_y_cultura": 53.63528007395896, "acc_auto_m2_habitacional": 307467.02724175982, "acc_auto_m2_industria": 19917.407168680009, "acc_auto_m2_oficina": 15631.357889676785, "acc_auto_n_salud": 18.556177719244218, "acc_auto_n_paraderos": 61.739168881570173 }, "geometry": { "type": "Polygon", "coordinates": [ [ [ -70.766642535167591, -34.167077912588205 ], [ -70.767818950230406, -34.16850480837244 ], [ -70.766914509358685, -34.16989316384668 ], [ -70.764833661713595, -34.169854619721228 ], [ -70.763657282931007, -34.168427735068022 ], [ -70.764561715511931, -34.167039383409438 ], [ -70.766642535167591, -34.167077912588205 ] ] ] } },
{ "type": "Feature", "properties": { "h3": "89b2c1c053bffff", "acc_auto_m2_comercio": 372.79368997564006, "acc_auto_m2_departamento": 460.95655791003009, "acc_auto_n_deporte_y_recreacion": 0.041512614706282591, "acc_auto_n_educacion_y_cultura": 0.32152990102215917, "acc_auto_m2_habitacional": 2230.9935723367698, "acc_auto_m2_industria": 77.489422265189106, "acc_auto_m2_oficina": 46.665132422273366, "acc_auto_n_salud": 0.05975760635268032, "acc_auto_n_paraderos": 0.2511680098155134 }, "geometry": { "type": "Polygon", "coordinates": [ [ [ -70.718068242337594, -34.115572464486107 ], [ -70.719243714724598, -34.117000494506399 ], [ -70.718339507192326, -34.118389529058653 ], [ -70.716259835647321, -34.118350529744269 ], [ -70.715084399611143, -34.116922510912829 ], [ -70.715988598767808, -34.115533480207134 ], [ -70.718068242337594, -34.115572464486107 ] ] ] } },
{ "type": "Feature", "properties": { "h3": "89b2c1c538fffff", "acc_auto_m2_comercio": 3662.1069084090441, "acc_auto_m2_departamento": 2849.6478450031768, "acc_auto_n_deporte_y_recreacion": 0.7186341911529438, "acc_auto_n_educacion_y_cultura": 4.1413364945612985, "acc_auto_m2_habitacional": 55427.561599026398, "acc_auto_m2_industria": 1357.6272420030195, "acc_auto_m2_oficina": 404.59866230787884, "acc_auto_n_salud": 1.7107706282707718, "acc_auto_n_paraderos": 1.4122094964903797 }, "geometry": { "type": "Polygon", "coordinates": [ [ [ -70.662177643334459, -34.214244497862985 ], [ -70.663352785213206, -34.215671002914853 ], [ -70.662448266155124, -34.217056892405346 ], [ -70.660368613700868, -34.217016273027745 ], [ -70.659193508300774, -34.215589779174323 ], [ -70.660098018874962, -34.214203893500276 ], [ -70.662177643334459, -34.214244497862985 ] ] ] } },
{ "type": "Feature", "properties": { "h3": "89b2c1c0e27ffff", "acc_auto_m2_comercio": 85678.327663919961, "acc_auto_m2_departamento": 148292.46472335447, "acc_auto_n_deporte_y_recreacion": 16.045854890393802, "acc_auto_n_educacion_y_cultura": 89.195709005129331, "acc_auto_m2_habitacional": 380381.18169382453, "acc_auto_m2_industria": 6789.0193925989597, "acc_auto_m2_oficina": 13599.218092617788, "acc_auto_n_salud": 22.347965927494908, "acc_auto_n_paraderos": 106.8257917825581 }, "geometry": { "type": "Polygon", "coordinates": [ [ [ -70.715897830706012, -34.157698292417635 ], [ -70.717073473513381, -34.159125577893725 ], [ -70.716169112919317, -34.160513539097778 ], [ -70.714089117899007, -34.160474210996448 ], [ -70.71291351145878, -34.159046936695837 ], [ -70.713817863670414, -34.157658979321262 ], [ -70.715897830706012, -34.157698292417635 ] ] ] } },
{ "type": "Feature", "properties": { "h3": "89b2c1c5683ffff", "acc_auto_m2_comercio": 29800.317107187664, "acc_auto_m2_departamento": 19583.227575178644, "acc_auto_n_deporte_y_recreacion": 5.7635772390417239, "acc_auto_n_educacion_y_cultura": 34.771554397250213, "acc_auto_m2_habitacional": 205814.84149354635, "acc_auto_m2_industria": 4656.9287050747253, "acc_auto_m2_oficina": 3050.5612713488817, "acc_auto_n_salud": 6.926116223360351, "acc_auto_n_paraderos": 15.855128746116618 }, "geometry": { "type": "Polygon", "coordinates": [ [ [ -70.680900586487255, -34.182315908770263 ], [ -70.682075844612214, -34.183742905196119 ], [ -70.681171425683686, -34.185129821082342 ], [ -70.679091757076577, -34.185089736716819 ], [ -70.677916535387808, -34.183662751485862 ], [ -70.678820945868623, -34.182275839425728 ], [ -70.680900586487255, -34.182315908770263 ] ] ] } },
{ "type": "Feature", "properties": { "h3": "89b2c1c7347ffff", "acc_auto_m2_comercio": 10578.877058812745, "acc_auto_m2_departamento": 9010.7192265268877, "acc_auto_n_deporte_y_recreacion": 5.5834434241222617, "acc_auto_n_educacion_y_cultura": 22.265606060958131, "acc_auto_m2_habitacional": 212641.7134305056, "acc_auto_m2_industria": 901.0498682590063, "acc_auto_m2_oficina": 2006.2980428019528, "acc_auto_n_salud": 2.2885743639380673, "acc_auto_n_paraderos": 2.1107464638977351 }, "geometry": { "type": "Polygon", "coordinates": [ [ [ -70.645644365435942, -34.171801598408699 ], [ -70.646819066207144, -34.173228935794889 ], [ -70.64591471927173, -34.174615676282784 ], [ -70.643835680074716, -34.174575075547473 ], [ -70.642661015798694, -34.173147749388583 ], [ -70.643565354223142, -34.17176101273791 ], [ -70.645644365435942, -34.171801598408699 ] ] ] } },
{ "type": "Feature", "properties": { "h3": "89b2c1c0b33ffff", "acc_auto_m2_comercio": 23712.172392670254, "acc_auto_m2_departamento": 16173.556095666823, "acc_auto_n_deporte_y_recreacion": 4.1369029262614241, "acc_auto_n_educacion_y_cultura": 23.651914463873617, "acc_auto_m2_habitacional": 144076.58556195034, "acc_auto_m2_industria": 1230.7098860927979, "acc_auto_m2_oficina": 2297.7767859720625, "acc_auto_n_salud": 5.0304356841960667, "acc_auto_n_paraderos": 12.994294433496808 }, "geometry": { "type": "Polygon", "coordinates": [ [ [ -70.699618799055855, -34.182674980079945 ], [ -70.700794327786923, -34.184101888755755 ], [ -70.699889890154068, -34.185489027485509 ], [ -70.697809932202517, -34.185449253717366 ], [ -70.696634439874728, -34.184022356221185 ], [ -70.697538869093862, -34.182635221313724 ], [ -70.699618799055855, -34.182674980079945 ] ] ] } },
{ "type": "Feature", "properties": { "h3": "89b2c1c0aafffff", "acc_auto_m2_comercio": 246287.86754391919, "acc_auto_m2_departamento": 144098.50385838409, "acc_auto_n_deporte_y_recreacion": 18.565933369880867, "acc_auto_n_educacion_y_cultura": 146.58567677815896, "acc_auto_m2_habitacional": 524598.2149006885, "acc_auto_m2_industria": 9375.7245697406215, "acc_auto_m2_oficina": 25990.938929145086, "acc_auto_n_salud": 49.614662098911261, "acc_auto_n_paraderos": 114.68176437610559 }, "geometry": { "type": "Polygon", "coordinates": [ [ [ -70.717254309316687, -34.171773343394037 ], [ -70.718430038976621, -34.173200370745221 ], [ -70.717525625303267, -34.174587998830376 ], [ -70.715445490349552, -34.174548595741136 ], [ -70.714269797058535, -34.173121579559229 ], [ -70.715174202350951, -34.171733955297476 ], [ -70.717254309316687, -34.171773343394037 ] ] ] } },
{ "type": "Feature", "properties": { "h3": "89b2c1c0cabffff", "acc_auto_m2_comercio": 17923.775174280294, "acc_auto_m2_departamento": 42387.9806639569, "acc_auto_n_deporte_y_recreacion": 4.6387730458108418, "acc_auto_n_educacion_y_cultura": 20.845064364632851, "acc_auto_m2_habitacional": 124863.83026492699, "acc_auto_m2_industria": 1264.0820899200089, "acc_auto_m2_oficina": 2415.8334045607839, "acc_auto_n_salud": 4.3702578563763588, "acc_auto_n_paraderos": 30.739948690241508 }, "geometry": { "type": "Polygon", "coordinates": [ [ [ -70.695553242471746, -34.140450080787453 ], [ -70.696728510703906, -34.141877763462979 ], [ -70.695824232342204, -34.143265901497571 ], [ -70.69374469416519, -34.143226353016217 ], [ -70.692569462330965, -34.141798681538845 ], [ -70.693473732274455, -34.140410547344878 ], [ -70.695553242471746, -34.140450080787453 ] ] ] } },
{ "type": "Feature", "properties": { "h3": "89b2c1c5507ffff", "acc_auto_m2_comercio": 2802.6997324333338, "acc_auto_m2_departamento": 3378.4376617846892, "acc_auto_n_deporte_y_recreacion": 1.4061535037531334, "acc_auto_n_educacion_y_cultura": 5.6900412222535008, "acc_auto_m2_habitacional": 41855.093946622488, "acc_auto_m2_industria": 315.66886128360977, "acc_auto_m2_oficina": 570.48700555885455, "acc_auto_n_salud": 0.89933638331265398, "acc_auto_n_paraderos": 0.57297449130632128 }, "geometry": { "type": "Polygon", "coordinates": [ [ [ -70.638045670687248, -34.189907644376362 ], [ -70.63922034874858, -34.191334690242677 ], [ -70.638315942343866, -34.192720886193349 ], [ -70.636236866402427, -34.192680032446788 ], [ -70.635062224854991, -34.191252997807382 ], [ -70.635966622733719, -34.189866805687828 ], [ -70.638045670687248, -34.189907644376362 ] ] ] } },
{ "type": "Feature", "properties": { "h3": "89b2c1c190fffff", "acc_auto_m2_comercio": 129303.58113208844, "acc_auto_m2_departamento": 61386.104912252005, "acc_auto_n_deporte_y_recreacion": 10.064702445029441, "acc_auto_n_educacion_y_cultura": 104.6783810479713, "acc_auto_m2_habitacional": 356602.05451084522, "acc_auto_m2_industria": 18590.152764177332, "acc_auto_m2_oficina": 29776.058191549015, "acc_auto_n_salud": 29.133214783217664, "acc_auto_n_paraderos": 61.679191243724922 }, "geometry": { "type": "Polygon", "coordinates": [ [ [ -70.749546744914639, -34.183618831509619 ], [ -70.750722994346546, -34.18504550543507 ], [ -70.749818507797144, -34.186433238325534 ], [ -70.747737780137541, -34.186394293478557 ], [ -70.746561567021004, -34.184967630691972 ], [ -70.747466045247364, -34.183579901613697 ], [ -70.749546744914639, -34.183618831509619 ] ] ] } },
{ "type": "Feature", "properties": { "h3": "89b2c1c0eabffff", "acc_auto_m2_comercio": 68138.753001364268, "acc_auto_m2_departamento": 152699.26354674029, "acc_auto_n_deporte_y_recreacion": 13.617479397235954, "acc_auto_n_educacion_y_cultura": 70.244065789044683, "acc_auto_m2_habitacional": 285062.51300086454, "acc_auto_m2_industria": 6451.8049842359096, "acc_auto_m2_oficina": 10214.32538193542, "acc_auto_n_salud": 15.463865152579613, "acc_auto_n_paraderos": 81.652749506997765 }, "geometry": { "type": "Polygon", "coordinates": [ [ [ -70.718339560487294, -34.150718507133298 ], [ -70.719515204917528, -34.152145907004609 ], [ -70.718610867791, -34.153534071888636 ], [ -70.716530894610457, -34.153494833069665 ], [ -70.715355286541012, -34.152067444374374 ], [ -70.716259615289985, -34.150679283322219 ], [ -70.718339560487294, -34.150718507133298 ] ] ] } },
{ "type": "Feature", "properties": { "h3": "89b2c1c0933ffff", "acc_auto_m2_comercio": 20894.018154606754, "acc_auto_m2_departamento": 13112.680815274971, "acc_auto_n_deporte_y_recreacion": 4.2412341308491595, "acc_auto_n_educacion_y_cultura": 26.322495734358501, "acc_auto_m2_habitacional": 224763.09377702142, "acc_auto_m2_industria": 1311.8153841411008, "acc_auto_m2_oficina": 2200.228564593483, "acc_auto_n_salud": 4.2857659767413168, "acc_auto_n_paraderos": 11.515777174197401 }, "geometry": { "type": "Polygon", "coordinates": [ [ [ -70.676833400477676, -34.17240624649758 ], [ -70.678008552705592, -34.173833438137748 ], [ -70.677104174090914, -34.17522055008542 ], [ -70.675024651701364, -34.175180466562132 ], [ -70.673849535913874, -34.173753286123763 ], [ -70.674753906074145, -34.172366178007053 ], [ -70.676833400477676, -34.17240624649758 ] ] ] } },
{ "type": "Feature", "properties": { "h3": "89b2c1c0ea7ffff", "acc_auto_m2_comercio": 44041.075186481823, "acc_auto_m2_departamento": 107459.77893304986, "acc_auto_n_deporte_y_recreacion": 10.516504240346862, "acc_auto_n_educacion_y_cultura": 51.829825693853572, "acc_auto_m2_habitacional": 238308.1748718826, "acc_auto_m2_industria": 3499.6063726223401, "acc_auto_m2_oficina": 6275.0178586877328, "acc_auto_n_salud": 11.833868792932051, "acc_auto_n_paraderos": 71.891123241472044 }, "geometry": { "type": "Polygon", "coordinates": [ [ [ -70.71209982113777, -34.150600732176123 ], [ -70.713275375472847, -34.152028161295256 ], [ -70.712371044492102, -34.153416251901383 ], [ -70.710291167563781, -34.153376909555412 ], [ -70.709115649600449, -34.15194949161738 ], [ -70.710019972192342, -34.150561404844424 ], [ -70.71209982113777, -34.150600732176123 ] ] ] } },
{ "type": "Feature", "properties": { "h3": "89b2c1c0b2fffff", "acc_auto_m2_comercio": 30309.921303451611, "acc_auto_m2_departamento": 19767.649377438182, "acc_auto_n_deporte_y_recreacion": 5.4295938930745153, "acc_auto_n_educacion_y_cultura": 30.448027009555616, "acc_auto_m2_habitacional": 93803.896925568028, "acc_auto_m2_industria": 2127.8815586389696, "acc_auto_m2_oficina": 4642.67942153492, "acc_auto_n_salud": 28.134786524145451, "acc_auto_n_paraderos": 13.932913547246248 }, "geometry": { "type": "Polygon", "coordinates": [ [ [ -70.70016098800275, -34.188302956620198 ], [ -70.701336551474625, -34.189729762021408 ], [ -70.700432092602085, -34.191116767477688 ], [ -70.698352078669444, -34.19107696371308 ], [ -70.697176551601572, -34.189650169488992 ], [ -70.698081002060974, -34.18826316785259 ], [ -70.70016098800275, -34.188302956620198 ] ] ] } },
{ "type": "Feature", "properties": { "h3": "89b2c1c7343ffff", "acc_auto_m2_comercio": 15291.982176742176, "acc_auto_m2_departamento": 11880.641928843132, "acc_auto_n_deporte_y_recreacion": 7.1807352857080273, "acc_auto_n_educacion_y_cultura": 31.404376584703826, "acc_auto_m2_habitacional": 282285.78356070217, "acc_auto_m2_industria": 1264.7464370731491, "acc_auto_m2_oficina": 2925.5522806615081, "acc_auto_n_salud": 3.3224647100756663, "acc_auto_n_paraderos": 3.2312691721696019 }, "geometry": { "type": "Polygon", "coordinates": [ [ [ -70.648627747333549, -34.170455317736199 ], [ -70.649802484594247, -34.171882666347749 ], [ -70.648898139778979, -34.173269477295605 ], [ -70.646819066207144, -34.173228935794889 ], [ -70.645644365435942, -34.171801598408699 ], [ -70.646548701745743, -34.17041479129805 ], [ -70.648627747333549, -34.170455317736199 ] ] ] } },
{ "type": "Feature", "properties": { "h3": "89b2c1c141bffff", "acc_auto_m2_comercio": 172.70076826361995, "acc_auto_m2_departamento": 167.08372213645538, "acc_auto_n_deporte_y_recreacion": 0.022833551436884317, "acc_auto_n_educacion_y_cultura": 0.96747904432191079, "acc_auto_m2_habitacional": 1600.2519058019898, "acc_auto_m2_industria": 62.253288794084199, "acc_auto_m2_oficina": 31.322850107791226, "acc_auto_n_salud": 0.022296364503415104, "acc_auto_n_paraderos": 0.074844639061795573 }, "geometry": { "type": "Polygon", "coordinates": [ [ [ -70.811140291835343, -34.111655205924734 ], [ -70.812317078013749, -34.113082899648028 ], [ -70.811412802128373, -34.114473181387439 ], [ -70.809331748269372, -34.114435765574108 ], [ -70.808154998276009, -34.113008082965727 ], [ -70.809059265955241, -34.111617805055964 ], [ -70.811140291835343, -34.111655205924734 ] ] ] } },
{ "type": "Feature", "properties": { "h3": "89b2c1c1d07ffff", "acc_auto_m2_comercio": 121563.08814123653, "acc_auto_m2_departamento": 56504.738109560574, "acc_auto_n_deporte_y_recreacion": 9.3947980626562533, "acc_auto_n_educacion_y_cultura": 77.704070641371118, "acc_auto_m2_habitacional": 201430.19598714609, "acc_auto_m2_industria": 11398.003321481068, "acc_auto_m2_oficina": 35240.545624427308, "acc_auto_n_salud": 74.978607671611613, "acc_auto_n_paraderos": 48.953187420847904 }, "geometry": { "type": "Polygon", "coordinates": [ [ [ -70.744388016330348, -34.16244876978574 ], [ -70.745564090430435, -34.163875845924508 ], [ -70.744659686493137, -34.165264041418837 ], [ -70.742579216785415, -34.165225156952665 ], [ -70.741403179003541, -34.163798091964608 ], [ -70.742307574609853, -34.162409900292204 ], [ -70.744388016330348, -34.16244876978574 ] ] ] } },
{ "type": "Feature", "properties": { "h3": "89b2c1ce5c3ffff", "acc_auto_m2_comercio": 58582.915762681827, "acc_auto_m2_departamento": 33796.380741831279, "acc_auto_n_deporte_y_recreacion": 5.8089908716302388, "acc_auto_n_educacion_y_cultura": 32.739214533206415, "acc_auto_m2_habitacional": 127428.45750729513, "acc_auto_m2_industria": 3104.601885056285, "acc_auto_m2_oficina": 7101.1868567708134, "acc_auto_n_salud": 24.666084713518526, "acc_auto_n_paraderos": 21.536151188546299 }, "geometry": { "type": "Polygon", "coordinates": [ [ [ -70.7131841299786, -34.194168647511901 ], [ -70.714359908502502, -34.195595290980791 ], [ -70.7134554160356, -34.196982311704154 ], [ -70.711375153433323, -34.196942685143895 ], [ -70.710199411292194, -34.195516052839444 ], [ -70.71110389536922, -34.194129035931013 ], [ -70.7131841299786, -34.194168647511901 ] ] ] } },
{ "type": "Feature", "properties": { "h3": "89b2c1c198fffff", "acc_auto_m2_comercio": 172312.65181705527, "acc_auto_m2_departamento": 82735.665433120215, "acc_auto_n_deporte_y_recreacion": 14.902435988269787, "acc_auto_n_educacion_y_cultura": 163.87550273812971, "acc_auto_m2_habitacional": 376063.22670925589, "acc_auto_m2_industria": 16227.139444786622, "acc_auto_m2_oficina": 45721.964373689072, "acc_auto_n_salud": 44.851971988724586, "acc_auto_n_paraderos": 62.060147338682683 }, "geometry": { "type": "Polygon", "coordinates": [ [ [ -70.745746434780585, -34.176523945100669 ], [ -70.746922595762598, -34.177950762927203 ], [ -70.746018138762722, -34.179338625276884 ], [ -70.743937529108962, -34.179299665984352 ], [ -70.742761404446924, -34.177872859302347 ], [ -70.743665853117335, -34.17648500076853 ], [ -70.745746434780585, -34.176523945100669 ] ] ] } },
{ "type": "Feature", "properties": { "h3": "89b2c1c159bffff", "acc_auto_m2_comercio": 2065.2147912815303, "acc_auto_m2_departamento": 1662.3624245428614, "acc_auto_n_deporte_y_recreacion": 0.22717735421613106, "acc_auto_n_educacion_y_cultura": 1.2840712728635202, "acc_auto_m2_habitacional": 5389.1069045693603, "acc_auto_m2_industria": 619.37528546906344, "acc_auto_m2_oficina": 180.25881026171595, "acc_auto_n_salud": 0.22183273200077655, "acc_auto_n_paraderos": 0.74465013146636938 }, "geometry": { "type": "Polygon", "coordinates": [ [ [ -70.786442259420738, -34.114021911222231 ], [ -70.787618703829537, -34.115449670869531 ], [ -70.786714440747659, -34.116839588993194 ], [ -70.784633741506838, -34.116801743636145 ], [ -70.783457333327547, -34.115373995122887 ], [ -70.784361588158191, -34.11398408083285 ], [ -70.786442259420738, -34.114021911222231 ] ] ] } },
{ "type": "Feature", "properties": { "h3": "89b2c1c09b3ffff", "acc_auto_m2_comercio": 32095.115094727098, "acc_auto_m2_departamento": 18867.392535732892, "acc_auto_n_deporte_y_recreacion": 7.2859663529834489, "acc_auto_n_educacion_y_cultura": 38.514875538206326, "acc_auto_m2_habitacional": 307086.16021266108, "acc_auto_m2_industria": 1145.1145447240185, "acc_auto_m2_oficina": 3541.2336819652646, "acc_auto_n_salud": 6.2047428436962599, "acc_auto_n_paraderos": 14.284058976220265 }, "geometry": { "type": "Polygon", "coordinates": [ [ [ -70.673037371347277, -34.165309911065108 ], [ -70.674212435044922, -34.166737246260617 ], [ -70.673308086128287, -34.168124487623587 ], [ -70.671228681973446, -34.168084389956611 ], [ -70.670053654720817, -34.166657065968536 ], [ -70.670957995176664, -34.165269828440216 ], [ -70.673037371347277, -34.165309911065108 ] ] ] } },
{ "type": "Feature", "properties": { "h3": "89b2c1c1b8bffff", "acc_auto_m2_comercio": 74483.011875743905, "acc_auto_m2_departamento": 40310.236086971126, "acc_auto_n_deporte_y_recreacion": 5.410765212415237, "acc_auto_n_educacion_y_cultura": 60.547299795624369, "acc_auto_m2_habitacional": 281241.80440525676, "acc_auto_m2_industria": 20883.784961828242, "acc_auto_m2_oficina": 15125.731496485389, "acc_auto_n_salud": 14.293465678533217, "acc_auto_n_paraderos": 51.016140551723552 }, "geometry": { "type": "Polygon", "coordinates": [ [ [ -70.7715320507792, -34.185432805344185 ], [ -70.772708623789697, -34.186859350366973 ], [ -70.771804110974344, -34.188247309841152 ], [ -70.76972303343031, -34.188208720485619 ], [ -70.768546496696786, -34.186782186583279 ], [ -70.769451001228973, -34.185394230916209 ], [ -70.7715320507792, -34.185432805344185 ] ] ] } },
{ "type": "Feature", "properties": { "h3": "89b2c1c0bafffff", "acc_auto_m2_comercio": 38193.112030831042, "acc_auto_m2_departamento": 26050.689480044344, "acc_auto_n_deporte_y_recreacion": 6.6632948810803851, "acc_auto_n_educacion_y_cultura": 38.096054798487934, "acc_auto_m2_habitacional": 221005.54385948184, "acc_auto_m2_industria": 1982.3000515770232, "acc_auto_m2_oficina": 3701.0209252527766, "acc_auto_n_salud": 8.1025049273756089, "acc_auto_n_paraderos": 20.929863988908831 }, "geometry": { "type": "Polygon", "coordinates": [ [ [ -70.696363394135432, -34.181208272188059 ], [ -70.697538869093862, -34.182635221313724 ], [ -70.696634439874728, -34.184022356221185 ], [ -70.694554544115391, -34.183982538179635 ], [ -70.693379105565555, -34.182555600236753 ], [ -70.69428352636514, -34.181168469152823 ], [ -70.696363394135432, -34.181208272188059 ] ] ] } },
{ "type": "Feature", "properties": { "h3": "89b2c1c73c3ffff", "acc_auto_m2_comercio": 8184.4777856192659, "acc_auto_m2_departamento": 6747.7649532135611, "acc_auto_n_deporte_y_recreacion": 3.0611197613738219, "acc_auto_n_educacion_y_cultura": 16.243785691741003, "acc_auto_m2_habitacional": 164209.7259497839, "acc_auto_m2_industria": 529.2494142954489, "acc_auto_m2_oficina": 1330.121281875407, "acc_auto_n_salud": 1.5090240850901719, "acc_auto_n_paraderos": 2.1091703007597986 }, "geometry": { "type": "Polygon", "coordinates": [ [ [ -70.64483334432343, -34.163358655733319 ], [ -70.6460079930212, -34.164786147777306 ], [ -70.645103677962041, -34.166173088127628 ], [ -70.643024722715637, -34.166132532593274 ], [ -70.641850110511939, -34.164705051780295 ], [ -70.642754417059237, -34.163318115270854 ], [ -70.64483334432343, -34.163358655733319 ] ] ] } },
{ "type": "Feature", "properties": { "h3": "89b2c1c540bffff", "acc_auto_m2_comercio": 11888.835845943993, "acc_auto_m2_departamento": 7782.8582617194388, "acc_auto_n_deporte_y_recreacion": 4.1634547745563237, "acc_auto_n_educacion_y_cultura": 20.337677423305212, "acc_auto_m2_habitacional": 197707.54633113439, "acc_auto_m2_industria": 2161.9545194881402, "acc_auto_m2_oficina": 2089.3305117335408, "acc_auto_n_salud": 3.4684430209248629, "acc_auto_n_paraderos": 3.8101941025713253 }, "geometry": { "type": "Polygon", "coordinates": [ [ [ -70.665168754158699, -34.180607603679391 ], [ -70.666343777954097, -34.182034698910044 ], [ -70.665439380074687, -34.183421462395323 ], [ -70.663359966874694, -34.183381126820365 ], [ -70.662184979542701, -34.18195404279799 ], [ -70.663089368945947, -34.180567283142508 ], [ -70.665168754158699, -34.180607603679391 ] ] ] } },
{ "type": "Feature", "properties": { "h3": "89b2c1c1913ffff", "acc_auto_m2_comercio": 122885.60931425028, "acc_auto_m2_departamento": 48021.89088132701, "acc_auto_n_deporte_y_recreacion": 8.0645063113089854, "acc_auto_n_educacion_y_cultura": 89.10393642227659, "acc_auto_m2_habitacional": 266999.45095064025, "acc_auto_m2_industria": 13054.485880859062, "acc_auto_m2_oficina": 33305.56755164692, "acc_auto_n_salud": 36.748339171086677, "acc_auto_n_paraderos": 41.367289212417724 }, "geometry": { "type": "Polygon", "coordinates": [ [ [ -70.749003239447205, -34.17798966291366 ], [ -70.750179454121607, -34.179416440205948 ], [ -70.749274988798064, -34.180804306370241 ], [ -70.747194317122464, -34.180765391427826 ], [ -70.746018138762722, -34.179338625276884 ], [ -70.746922595762598, -34.177950762927203 ], [ -70.749003239447205, -34.17798966291366 ] ] ] } },
{ "type": "Feature", "properties": { "h3": "89b2c1c550bffff", "acc_auto_m2_comercio": 11164.375323252389, "acc_auto_m2_departamento": 7896.2545688546998, "acc_auto_n_deporte_y_recreacion": 4.4533692510275937, "acc_auto_n_educacion_y_cultura": 21.209396142574342, "acc_auto_m2_habitacional": 136231.48005120602, "acc_auto_m2_industria": 2514.4775064707887, "acc_auto_m2_oficina": 1898.7448668569064, "acc_auto_n_salud": 4.7784949410828821, "acc_auto_n_paraderos": 2.7102838336571162 }, "geometry": { "type": "Polygon", "coordinates": [ [ [ -70.644283008136156, -34.190029953596373 ], [ -70.645457776568975, -34.191456970328574 ], [ -70.644553363757183, -34.192843240574739 ], [ -70.642474191025968, -34.192802490259005 ], [ -70.641299459096118, -34.191375484748598 ], [ -70.642203863393192, -34.189989218332322 ], [ -70.644283008136156, -34.190029953596373 ] ] ] } },
{ "type": "Feature", "properties": { "h3": "89b2c1c1813ffff", "acc_auto_m2_comercio": 68687.422551324271, "acc_auto_m2_departamento": 32463.904789503111, "acc_auto_n_deporte_y_recreacion": 5.1850523313461547, "acc_auto_n_educacion_y_cultura": 53.88695878491729, "acc_auto_m2_habitacional": 317999.89156754251, "acc_auto_m2_industria": 16717.687232481308, "acc_auto_m2_oficina": 13046.449370084387, "acc_auto_n_salud": 15.298373698821337, "acc_auto_n_paraderos": 60.076357696120184 }, "geometry": { "type": "Polygon", "coordinates": [ [ [ -70.769899831831466, -34.168543293183625 ], [ -70.771076300549325, -34.169970148411473 ], [ -70.770171851392618, -34.171358507700077 ], [ -70.768090941801674, -34.171320007946647 ], [ -70.766914509358685, -34.16989316384668 ], [ -70.767818950230406, -34.16850480837244 ], [ -70.769899831831466, -34.168543293183625 ] ] ] } },
{ "type": "Feature", "properties": { "h3": "89b2c1c0837ffff", "acc_auto_m2_comercio": 32190.475872253635, "acc_auto_m2_departamento": 69672.015909552618, "acc_auto_n_deporte_y_recreacion": 7.8829137435662426, "acc_auto_n_educacion_y_cultura": 36.419034649392025, "acc_auto_m2_habitacional": 211043.19875502391, "acc_auto_m2_industria": 1787.0842358393536, "acc_auto_m2_oficina": 3743.4195137438701, "acc_auto_n_salud": 7.1490749632365134, "acc_auto_n_paraderos": 48.644107876715516 }, "geometry": { "type": "Polygon", "coordinates": [ [ [ -70.694737261422219, -34.164321284797943 ], [ -70.695912632173815, -34.165748543608373 ], [ -70.695008266670555, -34.167136078282709 ], [ -70.692928538835702, -34.16709635031598 ], [ -70.691753204490567, -34.165669102695759 ], [ -70.692657561572489, -34.164281571852271 ], [ -70.694737261422219, -34.164321284797943 ] ] ] } },
{ "type": "Feature", "properties": { "h3": "89b2c1c149bffff", "acc_auto_m2_comercio": 252.53724981551289, "acc_auto_m2_departamento": 244.32395202544859, "acc_auto_n_deporte_y_recreacion": 0.033389150388209651, "acc_auto_n_educacion_y_cultura": 2.3875856423156314, "acc_auto_m2_habitacional": 2622.989371415807, "acc_auto_m2_industria": 91.032024845187607, "acc_auto_m2_oficina": 61.125402146730899, "acc_auto_n_salud": 0.03260363021375217, "acc_auto_n_paraderos": 0.10944416230183046 }, "geometry": { "type": "Polygon", "coordinates": [ [ [ -70.807337623812671, -34.104553691784062 ], [ -70.808514321668625, -34.105981529315684 ], [ -70.8076100751871, -34.107371940406075 ], [ -70.805529139060823, -34.1073345101317 ], [ -70.804352477394531, -34.105906683720633 ], [ -70.805256715663504, -34.104516276463578 ], [ -70.807337623812671, -34.104553691784062 ] ] ] } },
{ "type": "Feature", "properties": { "h3": "89b2c1ce4c3ffff", "acc_auto_m2_comercio": 205610.38477860414, "acc_auto_m2_departamento": 106672.49549374277, "acc_auto_n_deporte_y_recreacion": 15.245155344178743, "acc_auto_n_educacion_y_cultura": 116.38112552730891, "acc_auto_m2_habitacional": 398097.00426848966, "acc_auto_m2_industria": 14663.256171607265, "acc_auto_m2_oficina": 32755.74771937908, "acc_auto_n_salud": 52.942970912511925, "acc_auto_n_paraderos": 75.968721900916591 }, "geometry": { "type": "Polygon", "coordinates": [ [ [ -70.734078053650279, -34.18473317717995 ], [ -70.735254086694624, -34.186159898746183 ], [ -70.734349609973691, -34.187547412656343 ], [ -70.732269108558313, -34.187508201185715 ], [ -70.731093111857021, -34.186081490770448 ], [ -70.731997580226704, -34.184693980675029 ], [ -70.734078053650279, -34.18473317717995 ] ] ] } },
{ "type": "Feature", "properties": { "h3": "89b2c1c0cafffff", "acc_auto_m2_comercio": 12525.852646636184, "acc_auto_m2_departamento": 29622.420200129909, "acc_auto_n_deporte_y_recreacion": 3.2417605704177457, "acc_auto_n_educacion_y_cultura": 14.567366645822805, "acc_auto_m2_habitacional": 87470.203341505374, "acc_auto_m2_industria": 883.39102670945078, "acc_auto_m2_oficina": 1688.2812326150959, "acc_auto_n_salud": 3.0541113914062703, "acc_auto_n_paraderos": 21.48230849333796 }, "geometry": { "type": "Polygon", "coordinates": [ [ [ -70.692569462330965, -34.141798681538845 ], [ -70.69374469416519, -34.143226353016217 ], [ -70.69284041360477, -34.144614420604654 ], [ -70.690760909632516, -34.144574812875305 ], [ -70.689585714201911, -34.143147152598026 ], [ -70.690489986338591, -34.141759088850215 ], [ -70.692569462330965, -34.141798681538845 ] ] ] } },
{ "type": "Feature", "properties": { "h3": "89b2c1c1d87ffff", "acc_auto_m2_comercio": 114829.49351776156, "acc_auto_m2_departamento": 92620.246807951975, "acc_auto_n_deporte_y_recreacion": 21.187322170054017, "acc_auto_n_educacion_y_cultura": 99.928707312447088, "acc_auto_m2_habitacional": 296556.79387973191, "acc_auto_m2_industria": 10689.755884038446, "acc_auto_m2_oficina": 24474.614697205408, "acc_auto_n_salud": 41.771747789789266, "acc_auto_n_paraderos": 63.236860916140259 }, "geometry": { "type": "Polygon", "coordinates": [ [ [ -70.740588324886872, -34.155351812248774 ], [ -70.741764310546003, -34.156779032167776 ], [ -70.740859936163872, -34.15816735708205 ], [ -70.738779584458669, -34.158128458251895 ], [ -70.737603635122369, -34.156701249489224 ], [ -70.738508001167105, -34.155312928400562 ], [ -70.740588324886872, -34.155351812248774 ] ] ] } },
{ "type": "Feature", "properties": { "h3": "89b2c1c0a33ffff", "acc_auto_m2_comercio": 172716.62172936727, "acc_auto_m2_departamento": 113114.96547961824, "acc_auto_n_deporte_y_recreacion": 14.428668459436091, "acc_auto_n_educacion_y_cultura": 110.98083669287664, "acc_auto_m2_habitacional": 394601.34568847442, "acc_auto_m2_industria": 7440.403668668946, "acc_auto_m2_oficina": 19832.444846083756, "acc_auto_n_salud": 42.238682992368553, "acc_auto_n_paraderos": 82.524385382152403 }, "geometry": { "type": "Polygon", "coordinates": [ [ [ -70.720510208058258, -34.173239714550796 ], [ -70.721685991453683, -34.174666701429956 ], [ -70.720781569405204, -34.176054333337241 ], [ -70.718701372335076, -34.176014974543406 ], [ -70.717525625303267, -34.174587998830376 ], [ -70.718430038976621, -34.173200370745221 ], [ -70.720510208058258, -34.173239714550796 ] ] ] } },
{ "type": "Feature", "properties": { "h3": "89b2c1c7247ffff", "acc_auto_m2_comercio": 15988.406517498403, "acc_auto_m2_departamento": 9653.1712079789449, "acc_auto_n_deporte_y_recreacion": 4.1766517797597755, "acc_auto_n_educacion_y_cultura": 20.070672630697523, "acc_auto_m2_habitacional": 189333.11879688138, "acc_auto_m2_industria": 590.01274924408392, "acc_auto_m2_oficina": 2042.5040356954162, "acc_auto_n_salud": 3.1824094128901272, "acc_auto_n_paraderos": 7.2425799665245432 }, "geometry": { "type": "Polygon", "coordinates": [ [ [ -70.666528715309497, -34.162374910128662 ], [ -70.66770367138858, -34.163802326051858 ], [ -70.666799339399347, -34.165189559744292 ], [ -70.664720059802136, -34.165149373676606 ], [ -70.663545140178655, -34.163721968967195 ], [ -70.664449463695448, -34.162334739111891 ], [ -70.666528715309497, -34.162374910128662 ] ] ] } },
{ "type": "Feature", "properties": { "h3": "89b2c1c004bffff", "acc_auto_m2_comercio": 23046.919438995836, "acc_auto_m2_departamento": 30385.42970722125, "acc_auto_n_deporte_y_recreacion": 4.4277850279936191, "acc_auto_n_educacion_y_cultura": 21.467773328756262, "acc_auto_m2_habitacional": 78086.239836223307, "acc_auto_m2_industria": 8676.9045659712319, "acc_auto_m2_oficina": 3111.0701200471854, "acc_auto_n_salud": 4.3932653024268093, "acc_auto_n_paraderos": 13.425597975882148 }, "geometry": { "type": "Polygon", "coordinates": [ [ [ -70.756322630852111, -34.124719932715294 ], [ -70.757498695337915, -34.126147632546548 ], [ -70.75659441957427, -34.127536912965674 ], [ -70.754514087630142, -34.12749848971859 ], [ -70.753338059430291, -34.126070801041948 ], [ -70.754242326887251, -34.124681524457998 ], [ -70.756322630852111, -34.124719932715294 ] ] ] } },
{ "type": "Feature", "properties": { "h3": "89b2c1c1c0bffff", "acc_auto_m2_comercio": 56422.847487619802, "acc_auto_m2_departamento": 35689.381980720587, "acc_auto_n_deporte_y_recreacion": 2.5173168580461605, "acc_auto_n_educacion_y_cultura": 18.912445255812226, "acc_auto_m2_habitacional": 99780.163925972389, "acc_auto_m2_industria": 11775.775375109712, "acc_auto_m2_oficina": 6596.9102796966399, "acc_auto_n_salud": 10.412938362369022, "acc_auto_n_paraderos": 24.198582131085889 }, "geometry": { "type": "Polygon", "coordinates": [ [ [ -70.771524996706248, -34.153115037735169 ], [ -70.772701414793374, -34.154542162478712 ], [ -70.771797021006833, -34.155930925332434 ], [ -70.769716217412835, -34.155892559622401 ], [ -70.768539835593188, -34.15446544601096 ], [ -70.769444221098723, -34.15307668697767 ], [ -70.771524996706248, -34.153115037735169 ] ] ] } },
{ "type": "Feature", "properties": { "h3": "89b2c1c548bffff", "acc_auto_m2_comercio": 20402.562566754616, "acc_auto_m2_departamento": 12790.06953703983, "acc_auto_n_deporte_y_recreacion": 10.225359640211202, "acc_auto_n_educacion_y_cultura": 36.281814365255237, "acc_auto_m2_habitacional": 259152.51155675697, "acc_auto_m2_industria": 1330.3661897383365, "acc_auto_m2_oficina": 3425.3629689589998, "acc_auto_n_salud": 4.070285400596469, "acc_auto_n_paraderos": 6.2493502096529152 }, "geometry": { "type": "Polygon", "coordinates": [ [ [ -70.661373258058944, -34.173512002360191 ], [ -70.662548193304048, -34.174939241137984 ], [ -70.661643825148872, -34.176326134049241 ], [ -70.659564530229844, -34.176285784349417 ], [ -70.658389631452735, -34.174858556785544 ], [ -70.659293991125324, -34.173471667707787 ], [ -70.661373258058944, -34.173512002360191 ] ] ] } },
{ "type": "Feature", "properties": { "h3": "89b2c1c1893ffff", "acc_auto_m2_comercio": 51204.577134827137, "acc_auto_m2_departamento": 26476.777868239267, "acc_auto_n_deporte_y_recreacion": 3.1663489296107192, "acc_auto_n_educacion_y_cultura": 29.092999803832566, "acc_auto_m2_habitacional": 160463.92982461987, "acc_auto_m2_industria": 13507.592130839013, "acc_auto_m2_oficina": 9482.5316953621459, "acc_auto_n_salud": 11.04236978203674, "acc_auto_n_paraderos": 34.030228724248161 }, "geometry": { "type": "Polygon", "coordinates": [ [ [ -70.766098607096339, -34.161447055154724 ], [ -70.767274987400128, -34.162874054294313 ], [ -70.76637056774689, -34.164262543022112 ], [ -70.764289776079963, -34.164224028792454 ], [ -70.76311343205569, -34.162797040786359 ], [ -70.764017843417506, -34.161408555876633 ], [ -70.766098607096339, -34.161447055154724 ] ] ] } },
{ "type": "Feature", "properties": { "h3": "89b2c1c03c3ffff", "acc_auto_m2_comercio": 50888.938505201273, "acc_auto_m2_departamento": 70870.155542988025, "acc_auto_n_deporte_y_recreacion": 8.9175489146845397, "acc_auto_n_educacion_y_cultura": 53.575333642132819, "acc_auto_m2_habitacional": 168603.33022837975, "acc_auto_m2_industria": 11479.665901444865, "acc_auto_m2_oficina": 7454.7640635749203, "acc_auto_n_salud": 11.52886164399667, "acc_auto_n_paraderos": 31.48695465192964 }, "geometry": { "type": "Polygon", "coordinates": [ [ [ -70.751168674637725, -34.135871636231293 ], [ -70.752344718662144, -34.137299158911297 ], [ -70.751440406476291, -34.138688098651514 ], [ -70.749360058581516, -34.138649511880352 ], [ -70.748184050855471, -34.137222000355138 ], [ -70.749088354724478, -34.135833064446508 ], [ -70.751168674637725, -34.135871636231293 ] ] ] } },
{ "type": "Feature", "properties": { "h3": "89b2c1c0e2bffff", "acc_auto_m2_comercio": 93245.216874260703, "acc_auto_m2_departamento": 145024.69020559578, "acc_auto_n_deporte_y_recreacion": 14.298554937731584, "acc_auto_n_educacion_y_cultura": 88.965316001643487, "acc_auto_m2_habitacional": 346078.748036479, "acc_auto_m2_industria": 7605.4141115530128, "acc_auto_m2_oficina": 16753.459768407098, "acc_auto_n_salud": 25.944569182166539, "acc_auto_n_paraderos": 94.042638613358662 }, "geometry": { "type": "Polygon", "coordinates": [ [ [ -70.722137924285178, -34.157816024622001 ], [ -70.723313657180157, -34.159243280824576 ], [ -70.722409290453271, -34.160631316304261 ], [ -70.720329199201203, -34.160592091753351 ], [ -70.71915350266238, -34.159164846721147 ], [ -70.720057861018134, -34.157776815069674 ], [ -70.722137924285178, -34.157816024622001 ] ] ] } },
{ "type": "Feature", "properties": { "h3": "89b2c1c0ab3ffff", "acc_auto_m2_comercio": 145730.40700607313, "acc_auto_m2_departamento": 138654.9454397801, "acc_auto_n_deporte_y_recreacion": 17.505018833942696, "acc_auto_n_educacion_y_cultura": 125.68872530205275, "acc_auto_m2_habitacional": 465899.93421180564, "acc_auto_m2_industria": 8199.929960356505, "acc_auto_m2_oficina": 22476.83274559032, "acc_auto_n_salud": 40.00905958070593, "acc_auto_n_paraderos": 114.47451524701825 }, "geometry": { "type": "Polygon", "coordinates": [ [ [ -70.716711697608673, -34.166143677743449 ], [ -70.717887392526237, -34.167570808357766 ], [ -70.716983000085236, -34.168958569696272 ], [ -70.714902921106827, -34.168919196594835 ], [ -70.713727262557498, -34.167492077152282 ], [ -70.714631646616965, -34.16610431963958 ], [ -70.716711697608673, -34.166143677743449 ] ] ] } }
]
}
