{
"type": "FeatureCollection",
"name": "celdas_accesibilidades_caminata",
"crs": { "type": "name", "properties": { "name": "urn:ogc:def:crs:OGC:1.3:CRS84" } },
"features": [
{ "type": "Feature", "properties": { "h3": "89b2c1c1337ffff", "acc_caminata_m2_comercio": 28.295032996436909, "acc_caminata_m2_departamento": 4.9461428764204113e-06, "acc_caminata_n_deporte_y_recreacion": 2.7361954913115793e-09, "acc_caminata_n_educacion_y_cultura": 0.44983737462308709, "acc_caminata_m2_habitacional": 3218.2163365419124, "acc_caminata_m2_industria": 2.8146802403501196e-06, "acc_caminata_m2_oficina": 1.3215641399944361e-05, "acc_caminata_n_salud": 1.2577189339627573e-10, "acc_caminata_n_paraderos": 1.1499492976137411 }, "geometry": { "type": "Polygon", "coordinates": [ [ [ -70.803012906687357, -34.156502263351662 ], [ -70.804189791438262, -34.157929189155553 ], [ -70.803285357579028, -34.159318256655766 ], [ -70.801204047191433, -34.159280394539529 ], [ -70.800027198653154, -34.157853479841094 ], [ -70.800931624288495, -34.156464416153653 ], [ -70.803012906687357, -34.156502263351662 ] ] ] } },
{ "type": "Feature", "properties": { "h3": "89b2c1c42cbffff", "acc_caminata_m2_comercio": 0.22149681124751577, "acc_caminata_m2_departamento": 0.00097092620141391636, "acc_caminata_n_deporte_y_recreacion": 6.6705148055192371e-08, "acc_caminata_n_educacion_y_cultura": 2.0404109297933069e-07, "acc_caminata_m2_habitacional": 1023.6021206617629, "acc_caminata_m2_industria": 7.8027182811851013e-07, "acc_caminata_m2_oficina": 2.7204591862134294e-05, "acc_caminata_n_salud": 1.2789470006833896e-09, "acc_caminata_n_paraderos": 3.1386643274467975e-17 }, "geometry": { "type": "Polygon", "coordinates": [ [ [ -70.629095430165293, -34.193943315558528 ], [ -70.63026999866797, -34.195370327738388 ], [ -70.62936558597022, -34.196756312288052 ], [ -70.627286613310986, -34.196715280826901 ], [ -70.626112081339173, -34.195288279879712 ], [ -70.62701648549438, -34.193902299161209 ], [ -70.629095430165293, -34.193943315558528 ] ] ] } },
{ "type": "Feature", "properties": { "h3": "89b2c1c1c23ffff", "acc_caminata_m2_comercio": 680.99742263392807, "acc_caminata_m2_departamento": 940.05607461579712, "acc_caminata_n_deporte_y_recreacion": 0.099741250296688733, "acc_caminata_n_educacion_y_cultura": 0.015469523444384568, "acc_caminata_m2_habitacional": 14729.729242448349, "acc_caminata_m2_industria": 284.83347130853969, "acc_caminata_m2_oficina": 16.317109667120288, "acc_caminata_n_salud": 0.046077704125965652, "acc_caminata_n_paraderos": 8.552348256537579 }, "geometry": { "type": "Polygon", "coordinates": [ [ [ -70.762569608256555, -34.157165873326882 ], [ -70.76374591752429, -34.158592964668287 ], [ -70.762841516771729, -34.159981516200681 ], [ -70.760760815047632, -34.159942972571343 ], [ -70.759584542064403, -34.158515892367824 ], [ -70.760488934519415, -34.157127344655954 ], [ -70.762569608256555, -34.157165873326882 ] ] ] } },
{ "type": "Feature", "properties": { "h3": "89b2c1c54a3ffff", "acc_caminata_m2_comercio": 4032.3299013604014, "acc_caminata_m2_departamento": 613.88341465867302, "acc_caminata_n_deporte_y_recreacion": 0.21626407654011107, "acc_caminata_n_educacion_y_cultura": 4.1824358649679736, "acc_caminata_m2_habitacional": 12991.77372428124, "acc_caminata_m2_industria": 628.92830320421035, "acc_caminata_m2_oficina": 769.39301787699833, "acc_caminata_n_salud": 5.0000000038991779, "acc_caminata_n_paraderos": 8.550858458768347e-10 }, "geometry": { "type": "Polygon", "coordinates": [ [ [ -70.652422474843249, -34.177551276529115 ], [ -70.653597300667414, -34.178978481659364 ], [ -70.652692926102205, -34.180365163190878 ], [ -70.650613734210523, -34.180324635758858 ], [ -70.649438944871278, -34.178897441848356 ], [ -70.65034331093743, -34.177510764150341 ], [ -70.652422474843249, -34.177551276529115 ] ] ] } },
{ "type": "Feature", "properties": { "h3": "89b2c1c18abffff", "acc_caminata_m2_comercio": 461.20356250881622, "acc_caminata_m2_departamento": 356.7751903411264, "acc_caminata_n_deporte_y_recreacion": 0.023269108612833881, "acc_caminata_n_educacion_y_cultura": 2.2867953363150946, "acc_caminata_m2_habitacional": 24041.687057932544, "acc_caminata_m2_industria": 57.169758338193169, "acc_caminata_m2_oficina": 42.317065665555852, "acc_caminata_n_salud": 0.0060944222978550613, "acc_caminata_n_paraderos": 6.744424730270854 }, "geometry": { "type": "Polygon", "coordinates": [ [ [ -70.763929218522819, -34.171242904751352 ], [ -70.765105614685268, -34.172669737721527 ], [ -70.764201160884411, -34.174057956121239 ], [ -70.762120319215796, -34.17401933773651 ], [ -70.760943959339599, -34.172592515898046 ], [ -70.761848404844429, -34.171204301312805 ], [ -70.763929218522819, -34.171242904751352 ] ] ] } },
{ "type": "Feature", "properties": { "h3": "89b2c1c08cfffff", "acc_caminata_m2_comercio": 724.20002985211806, "acc_caminata_m2_departamento": 12221.624501787359, "acc_caminata_n_deporte_y_recreacion": 0.40443784231261865, "acc_caminata_n_educacion_y_cultura": 0.86489013170022033, "acc_caminata_m2_habitacional": 23870.634810828284, "acc_caminata_m2_industria": 1.3311415742244035, "acc_caminata_m2_oficina": 22.71226454923783, "acc_caminata_n_salud": 0.0066405462899652053, "acc_caminata_n_paraderos": 9.6123962026064405 }, "geometry": { "type": "Polygon", "coordinates": [ [ [ -70.709658025863774, -34.157580249596144 ], [ -70.710833578562699, -34.159007564328689 ], [ -70.709929224123286, -34.160395451255084 ], [ -70.707849325377396, -34.160356019618369 ], [ -70.70667380905661, -34.158928716066377 ], [ -70.707578155102254, -34.157540832970724 ], [ -70.709658025863774, -34.157580249596144 ] ] ] } },
{ "type": "Feature", "properties": { "h3": "89b2c1ce55bffff", "acc_caminata_m2_comercio": 0.019146040139368894, "acc_caminata_m2_departamento": 0.0077729362524837208, "acc_caminata_n_deporte_y_recreacion": 0.043697013167010364, "acc_caminata_n_educacion_y_cultura": 0.31982335580243731, "acc_caminata_m2_habitacional": 423.82296376554569, "acc_caminata_m2_industria": 4.175878054090554e-07, "acc_caminata_m2_oficina": 0.0016507196935337766, "acc_caminata_n_salud": 6.3390836705000872e-05, "acc_caminata_n_paraderos": 4.3795485725366383e-06 }, "geometry": { "type": "Polygon", "coordinates": [ [ [ -70.719967773203521, -34.199914574951691 ], [ -70.721143676602239, -34.201341085724131 ], [ -70.720239156754715, -34.202728047426682 ], [ -70.718158741885034, -34.202688494545782 ], [ -70.716982874858786, -34.201261994930235 ], [ -70.717887386328385, -34.1998750370389 ], [ -70.719967773203521, -34.199914574951691 ] ] ] } },
{ "type": "Feature", "properties": { "h3": "89b2c1c0a4bffff", "acc_caminata_m2_comercio": 8738.8278778959411, "acc_caminata_m2_departamento": 11886.063338130334, "acc_caminata_n_deporte_y_recreacion": 3.94110850291045, "acc_caminata_n_educacion_y_cultura": 50.139617071960643, "acc_caminata_m2_habitacional": 15192.698709993683, "acc_caminata_m2_industria": 931.35055163099889, "acc_caminata_m2_oficina": 8327.9702561694703, "acc_caminata_n_salud": 0.58340592142673631, "acc_caminata_n_paraderos": 5.4151016633815923 }, "geometry": { "type": "Polygon", "coordinates": [ [ [ -70.739233172617006, -34.173592254877555 ], [ -70.740409226200669, -34.175019153746227 ], [ -70.739504785865549, -34.176407008462974 ], [ -70.73742430028652, -34.176367960492904 ], [ -70.736248283033476, -34.174941072775077 ], [ -70.737152715027491, -34.173553221876659 ], [ -70.739233172617006, -34.173592254877555 ] ] ] } },
{ "type": "Feature", "properties": { "h3": "89b2c1c0e43ffff", "acc_caminata_m2_comercio": 2187.6795955995103, "acc_caminata_m2_departamento": 3834.5721250425754, "acc_caminata_n_deporte_y_recreacion": 0.2119468907073194, "acc_caminata_n_educacion_y_cultura": 5.2345813137951644, "acc_caminata_m2_habitacional": 24573.365209163992, "acc_caminata_m2_industria": 9.6969757870935567, "acc_caminata_m2_oficina": 510.79183404777979, "acc_caminata_n_salud": 4.3012252661895136, "acc_caminata_n_paraderos": 1.411911002788355 }, "geometry": { "type": "Polygon", "coordinates": [ [ [ -70.73407592925966, -34.152419438991522 ], [ -70.735251807522587, -34.15384673985632 ], [ -70.734347449821101, -34.155235057118141 ], [ -70.732267222204371, -34.155196069687229 ], [ -70.73109138027489, -34.153768779985086 ], [ -70.731995729627343, -34.152380466551399 ], [ -70.73407592925966, -34.152419438991522 ] ] ] } },
{ "type": "Feature", "properties": { "h3": "89b2c1c1aa7ffff", "acc_caminata_m2_comercio": 0.032962723408279333, "acc_caminata_m2_departamento": 0.053102311276218381, "acc_caminata_n_deporte_y_recreacion": 6.2376071168675745e-06, "acc_caminata_n_educacion_y_cultura": 0.02872397888429094, "acc_caminata_m2_habitacional": 3368.552907956333, "acc_caminata_m2_industria": 0.16441096396206126, "acc_caminata_m2_oficina": 0.013326238595380912, "acc_caminata_n_salud": 4.7726677656250092e-08, "acc_caminata_n_paraderos": 0.0025063828395396207 }, "geometry": { "type": "Polygon", "coordinates": [ [ [ -70.78048890266669, -34.181383882975979 ], [ -70.781665584473984, -34.182810461348581 ], [ -70.780761078671659, -34.184198632163437 ], [ -70.778679899327258, -34.184160220798873 ], [ -70.777503253779855, -34.182733653540943 ], [ -70.778407751315612, -34.181345486533111 ], [ -70.78048890266669, -34.181383882975979 ] ] ] } },
{ "type": "Feature", "properties": { "h3": "89b2c1c0acbffff", "acc_caminata_m2_comercio": 28134.79415512261, "acc_caminata_m2_departamento": 7031.8403713038178, "acc_caminata_n_deporte_y_recreacion": 0.84967459037302451, "acc_caminata_n_educacion_y_cultura": 29.2449875586573, "acc_caminata_m2_habitacional": 19583.629740750643, "acc_caminata_m2_industria": 78.67839442111169, "acc_caminata_m2_oficina": 7471.8531093032634, "acc_caminata_n_salud": 2.7490612691685028, "acc_caminata_n_paraderos": 9.2612281154571825 }, "geometry": { "type": "Polygon", "coordinates": [ [ [ -70.735433599665299, -34.166496347105976 ], [ -70.736609564793696, -34.167923389786857 ], [ -70.735705154027144, -34.169311373941625 ], [ -70.733624786478401, -34.169272311593716 ], [ -70.732448857685242, -34.167845280069329 ], [ -70.733353260104266, -34.166457299736557 ], [ -70.735433599665299, -34.166496347105976 ] ] ] } },
{ "type": "Feature", "properties": { "h3": "89b2c1c336fffff", "acc_caminata_m2_comercio": 2.8308952661439446, "acc_caminata_m2_departamento": 2.3087330783728452e-13, "acc_caminata_n_deporte_y_recreacion": 1.9477577129621747e-12, "acc_caminata_n_educacion_y_cultura": 1.8764663316460386e-07, "acc_caminata_m2_habitacional": 120.95525813731116, "acc_caminata_m2_industria": 13.419405231508023, "acc_caminata_m2_oficina": 3.3648022550159579e-06, "acc_caminata_n_salud": 7.3289600710842253e-19, "acc_caminata_n_paraderos": 1.1120654463311461e-17 }, "geometry": { "type": "Polygon", "coordinates": [ [ [ -70.789427217036049, -34.112669697603231 ], [ -70.790603697668644, -34.114097468382667 ], [ -70.789699436943224, -34.115487456932506 ], [ -70.787618703829537, -34.115449670869531 ], [ -70.786442259420738, -34.114021911222231 ], [ -70.787346511900466, -34.112631926505969 ], [ -70.789427217036049, -34.112669697603231 ] ] ] } },
{ "type": "Feature", "properties": { "h3": "89b2c1c1ca3ffff", "acc_caminata_m2_comercio": 21.168010955706201, "acc_caminata_m2_departamento": 818.52247307446873, "acc_caminata_n_deporte_y_recreacion": 0.0058466326120577752, "acc_caminata_n_educacion_y_cultura": 0.079578859564226376, "acc_caminata_m2_habitacional": 10911.039074897422, "acc_caminata_m2_industria": 1.2941811631162807, "acc_caminata_m2_oficina": 0.2844911532548407, "acc_caminata_n_salud": 0.00032073014734559333, "acc_caminata_n_paraderos": 0.13698768929217398 }, "geometry": { "type": "Polygon", "coordinates": [ [ [ -70.7587689729136, -34.150068498823686 ], [ -70.759945193766441, -34.151495733993528 ], [ -70.759040822529897, -34.152884414942449 ], [ -70.756960238743162, -34.1528458568975 ], [ -70.755784054179443, -34.151418632871184 ], [ -70.756688417111988, -34.150029955746476 ], [ -70.7587689729136, -34.150068498823686 ] ] ] } },
{ "type": "Feature", "properties": { "h3": "89b2c1c5523ffff", "acc_caminata_m2_comercio": 10.256625501566862, "acc_caminata_m2_departamento": 0.00030517336452319955, "acc_caminata_n_deporte_y_recreacion": 1.1631150297169148e-07, "acc_caminata_n_educacion_y_cultura": 2.7441418103929439e-07, "acc_caminata_m2_habitacional": 104.12975905790285, "acc_caminata_m2_industria": 1.5471644342812725e-06, "acc_caminata_m2_oficina": 0.00049103628666140417, "acc_caminata_n_salud": 1.2442552428755591e-09, "acc_caminata_n_paraderos": 2.4933499058077973e-15 }, "geometry": { "type": "Polygon", "coordinates": [ [ [ -70.635332457895004, -34.194066157931168 ], [ -70.636507116801965, -34.195493140992227 ], [ -70.635602697665632, -34.196879199839536 ], [ -70.633523628152275, -34.196838271796054 ], [ -70.632349005765249, -34.195411299962558 ], [ -70.633253416370337, -34.194025244945195 ], [ -70.635332457895004, -34.194066157931168 ] ] ] } },
{ "type": "Feature", "properties": { "h3": "89b2c1c192bffff", "acc_caminata_m2_comercio": 17174.83386642491, "acc_caminata_m2_departamento": 65.764148613625821, "acc_caminata_n_deporte_y_recreacion": 0.00078843807743120807, "acc_caminata_n_educacion_y_cultura": 0.28204046658627541, "acc_caminata_m2_habitacional": 4599.4254229706412, "acc_caminata_m2_industria": 269.97106341227368, "acc_caminata_m2_oficina": 58.660189437047421, "acc_caminata_n_salud": 0.076050544821502586, "acc_caminata_n_paraderos": 2.7647200758485533 }, "geometry": { "type": "Polygon", "coordinates": [ [ [ -70.746833291297619, -34.187781955918233 ], [ -70.748009521793236, -34.189208567016067 ], [ -70.747105022339554, -34.190596162815233 ], [ -70.745024300717162, -34.190557143705782 ], [ -70.743848106542927, -34.189130543747517 ], [ -70.744752597668366, -34.187742951759333 ], [ -70.746833291297619, -34.187781955918233 ] ] ] } },
{ "type": "Feature", "properties": { "h3": "89b2c1c094fffff", "acc_caminata_m2_comercio": 3338.7443334937134, "acc_caminata_m2_departamento": 13.132067764253746, "acc_caminata_n_deporte_y_recreacion": 0.5834127554078663, "acc_caminata_n_educacion_y_cultura": 2.6267380021987226, "acc_caminata_m2_habitacional": 15684.897515872768, "acc_caminata_m2_industria": 0.0015762160381159191, "acc_caminata_m2_oficina": 41.708527612185279, "acc_caminata_n_salud": 0.00028893679920174011, "acc_caminata_n_paraderos": 3.3667639928179733 }, "geometry": { "type": "Polygon", "coordinates": [ [ [ -70.692566124664268, -34.174112883538399 ], [ -70.693741511109735, -34.175539976339692 ], [ -70.69283711155019, -34.176927240684549 ], [ -70.690757333969827, -34.176887408401065 ], [ -70.689581983937543, -34.175460326788198 ], [ -70.690486375071131, -34.174073066270566 ], [ -70.692566124664268, -34.174112883538399 ] ] ] } },
{ "type": "Feature", "properties": { "h3": "89b2c1c113bffff", "acc_caminata_m2_comercio": 0.018533504461157927, "acc_caminata_m2_departamento": 0.17560438177060511, "acc_caminata_n_deporte_y_recreacion": 8.4923227887420181e-08, "acc_caminata_n_educacion_y_cultura": 0.0002157718595752436, "acc_caminata_m2_habitacional": 280.39075702047819, "acc_caminata_m2_industria": 14.006886479052183, "acc_caminata_m2_oficina": 0.00085899142758931912, "acc_caminata_n_salud": 1.4893173988762214e-06, "acc_caminata_n_paraderos": 4.482796573133079e-05 }, "geometry": { "type": "Polygon", "coordinates": [ [ [ -70.786451276090844, -34.146361050161936 ], [ -70.787627875429877, -34.147788230537138 ], [ -70.786723493353634, -34.149177345577812 ], [ -70.784642520190388, -34.149139276423206 ], [ -70.783465957090385, -34.147712107170463 ], [ -70.784370330913248, -34.146322995950051 ], [ -70.786451276090844, -34.146361050161936 ] ] ] } },
{ "type": "Feature", "properties": { "h3": "89b2c1c0ec3ffff", "acc_caminata_m2_comercio": 3338.1909751308308, "acc_caminata_m2_departamento": 266.83913338812766, "acc_caminata_n_deporte_y_recreacion": 0.099045557503833689, "acc_caminata_n_educacion_y_cultura": 1.2796311659361495, "acc_caminata_m2_habitacional": 8491.4032777138491, "acc_caminata_m2_industria": 556.55778321277342, "acc_caminata_m2_oficina": 219.04375844112235, "acc_caminata_n_salud": 0.016193511013746848, "acc_caminata_n_paraderos": 3.4914910848728815 }, "geometry": { "type": "Polygon", "coordinates": [ [ [ -70.730276974932536, -34.145321461019833 ], [ -70.731452764749179, -34.146748905575869 ], [ -70.730548436621916, -34.148137352236354 ], [ -70.728468327032132, -34.148098350509194 ], [ -70.727292573553598, -34.146670917121433 ], [ -70.728196893325389, -34.145282474292763 ], [ -70.730276974932536, -34.145321461019833 ] ] ] } },
{ "type": "Feature", "properties": { "h3": "89b2c1c0b4bffff", "acc_caminata_m2_comercio": 443.92204092438584, "acc_caminata_m2_departamento": 7902.279922399307, "acc_caminata_n_deporte_y_recreacion": 0.076820174496580851, "acc_caminata_n_educacion_y_cultura": 1.173018820266625, "acc_caminata_m2_habitacional": 23368.660383906048, "acc_caminata_m2_industria": 2.3819178332939233, "acc_caminata_m2_oficina": 127.70061822315098, "acc_caminata_n_salud": 7.2625683360621185, "acc_caminata_n_paraderos": 3.1865670681103788 }, "geometry": { "type": "Polygon", "coordinates": [ [ [ -70.718339613796289, -34.183031255507693 ], [ -70.719515412946365, -34.184458076279959 ], [ -70.718610956805833, -34.185845437835184 ], [ -70.716530709893604, -34.185805974799813 ], [ -70.715354947113866, -34.184379165191871 ], [ -70.716259394874655, -34.182991807455174 ], [ -70.718339613796289, -34.183031255507693 ] ] ] } },
{ "type": "Feature", "properties": { "h3": "89b2c1c502fffff", "acc_caminata_m2_comercio": 658.12997113045867, "acc_caminata_m2_departamento": 498.87622993368944, "acc_caminata_n_deporte_y_recreacion": 6.7853865432495835e-12, "acc_caminata_n_educacion_y_cultura": 1.7683787489762761e-07, "acc_caminata_m2_habitacional": 9808.0430575625323, "acc_caminata_m2_industria": 0.68774417422126544, "acc_caminata_m2_oficina": 0.00015268359741800946, "acc_caminata_n_salud": 6.7365793543758206e-13, "acc_caminata_n_paraderos": 1.9200506388134683e-12 }, "geometry": { "type": "Polygon", "coordinates": [ [ [ -70.658381796140887, -34.207152130846069 ], [ -70.659556849441444, -34.208578779591974 ], [ -70.658652360121948, -34.209964798566823 ], [ -70.656572825990906, -34.209924164975838 ], [ -70.655397809173593, -34.208497527434048 ], [ -70.65630229000277, -34.207111512279305 ], [ -70.658381796140887, -34.207152130846069 ] ] ] } },
{ "type": "Feature", "properties": { "h3": "89b2c1c1d23ffff", "acc_caminata_m2_comercio": 100703.86294990094, "acc_caminata_m2_departamento": 11106.256970702734, "acc_caminata_n_deporte_y_recreacion": 0.42500120610869047, "acc_caminata_n_educacion_y_cultura": 21.593425799870296, "acc_caminata_m2_habitacional": 8295.6821891137006, "acc_caminata_m2_industria": 160.05010138988828, "acc_caminata_m2_oficina": 21194.42850031651, "acc_caminata_n_salud": 16.474453211588578, "acc_caminata_n_paraderos": 3.4949149702546469 }, "geometry": { "type": "Polygon", "coordinates": [ [ [ -70.741674810566678, -34.166613282001229 ], [ -70.742850865723696, -34.168040295336866 ], [ -70.74194644889235, -34.169428353759649 ], [ -70.739865985238879, -34.169389395026251 ], [ -70.738689966406142, -34.167962392842021 ], [ -70.739594374901259, -34.166574338239975 ], [ -70.741674810566678, -34.166613282001229 ] ] ] } },
{ "type": "Feature", "properties": { "h3": "89b2c1ce4dbffff", "acc_caminata_m2_comercio": 2905.9134104619616, "acc_caminata_m2_departamento": 404.86207924143793, "acc_caminata_n_deporte_y_recreacion": 0.25027241463637118, "acc_caminata_n_educacion_y_cultura": 4.5600630162265849, "acc_caminata_m2_habitacional": 17032.441587643745, "acc_caminata_m2_industria": 381.82894343521048, "acc_caminata_m2_oficina": 288.09562479018444, "acc_caminata_n_salud": 0.0097039958644648105, "acc_caminata_n_paraderos": 2.6104728761394678 }, "geometry": { "type": "Polygon", "coordinates": [ [ [ -70.737063027253171, -34.183384733835773 ], [ -70.738239096634885, -34.184811466551075 ], [ -70.737334622183425, -34.186199050913544 ], [ -70.735254086694624, -34.186159898746183 ], [ -70.734078053650279, -34.18473317717995 ], [ -70.734982519756031, -34.183345596632194 ], [ -70.737063027253171, -34.183384733835773 ] ] ] } },
{ "type": "Feature", "properties": { "h3": "89b2c1c55a3ffff", "acc_caminata_m2_comercio": 59.671168772581957, "acc_caminata_m2_departamento": 0.084551965865735088, "acc_caminata_n_deporte_y_recreacion": 3.9312153620275176e-07, "acc_caminata_n_educacion_y_cultura": 1.6442822732193682e-05, "acc_caminata_m2_habitacional": 66.453071219868178, "acc_caminata_m2_industria": 6.7171485002172238e-05, "acc_caminata_m2_oficina": 0.0013798271826563791, "acc_caminata_n_salud": 1.1144565618865184e-07, "acc_caminata_n_paraderos": 8.5043333303231734e-17 }, "geometry": { "type": "Polygon", "coordinates": [ [ [ -70.631538442685098, -34.18697171005919 ], [ -70.632713012996049, -34.188398836610865 ], [ -70.63180862364915, -34.189785024898029 ], [ -70.629729672527574, -34.189744082800111 ], [ -70.628555138741078, -34.188316967481676 ], [ -70.62945951955038, -34.18693078302811 ], [ -70.631538442685098, -34.18697171005919 ] ] ] } },
{ "type": "Feature", "properties": { "h3": "89b2c1c50abffff", "acc_caminata_m2_comercio": 1.4549771147411024, "acc_caminata_m2_departamento": 0.0033647452203112572, "acc_caminata_n_deporte_y_recreacion": 5.263872312668935e-06, "acc_caminata_n_educacion_y_cultura": 5.3429806853359431e-06, "acc_caminata_m2_habitacional": 14853.824941889607, "acc_caminata_m2_industria": 0.015484275108691556, "acc_caminata_m2_oficina": 0.0063152833192880462, "acc_caminata_n_salud": 6.4890747811352496e-08, "acc_caminata_n_paraderos": 4.8257972997406401e-12 }, "geometry": { "type": "Polygon", "coordinates": [ [ [ -70.657570144628153, -34.198713418091351 ], [ -70.658745145833223, -34.200140221690397 ], [ -70.657840688394231, -34.201526440602066 ], [ -70.655761238240018, -34.201485852091125 ], [ -70.65458627351714, -34.200059059699932 ], [ -70.655490722464947, -34.198672844612013 ], [ -70.657570144628153, -34.198713418091351 ] ] ] } },
{ "type": "Feature", "properties": { "h3": "89b2c1c19abffff", "acc_caminata_m2_comercio": 2341.556548433688, "acc_caminata_m2_departamento": 4047.9620875371124, "acc_caminata_n_deporte_y_recreacion": 0.071933807083828974, "acc_caminata_n_educacion_y_cultura": 1.9497326109843429, "acc_caminata_m2_habitacional": 36220.228362325302, "acc_caminata_m2_industria": 197.55170375263674, "acc_caminata_m2_oficina": 332.00054264690471, "acc_caminata_n_salud": 0.21465913991517335, "acc_caminata_n_paraderos": 5.2847837507422506 }, "geometry": { "type": "Polygon", "coordinates": [ [ [ -70.743033069825088, -34.180687457884673 ], [ -70.744209211864501, -34.18211421289233 ], [ -70.743304741966995, -34.1835019381572 ], [ -70.741224138363407, -34.183462904599935 ], [ -70.740048032650009, -34.182036160737496 ], [ -70.740952494212848, -34.180648439287303 ], [ -70.743033069825088, -34.180687457884673 ] ] ] } },
{ "type": "Feature", "properties": { "h3": "89b2c1c09cfffff", "acc_caminata_m2_comercio": 13.586939270241217, "acc_caminata_m2_departamento": 0.77974747049715576, "acc_caminata_n_deporte_y_recreacion": 0.035720047882248272, "acc_caminata_n_educacion_y_cultura": 4.2221595239234855, "acc_caminata_m2_habitacional": 25659.412036909438, "acc_caminata_m2_industria": 9.0164432736821101e-06, "acc_caminata_m2_oficina": 0.60492182335797573, "acc_caminata_n_salud": 2.2716381823568017e-05, "acc_caminata_n_paraderos": 0.013867769170158518 }, "geometry": { "type": "Polygon", "coordinates": [ [ [ -70.688769179581058, -34.16701679088046 ], [ -70.689944477514061, -34.168444027308531 ], [ -70.689040107620301, -34.169831421076907 ], [ -70.686960448224568, -34.169791574586526 ], [ -70.685785186709325, -34.168364349352544 ], [ -70.686689548170733, -34.166976959415052 ], [ -70.688769179581058, -34.16701679088046 ] ] ] } },
{ "type": "Feature", "properties": { "h3": "89b2c1c3273ffff", "acc_caminata_m2_comercio": 1.0703015387704736e-08, "acc_caminata_m2_departamento": 8.7288307552212457e-22, "acc_caminata_n_deporte_y_recreacion": 7.3640593570077562e-21, "acc_caminata_n_educacion_y_cultura": 0.32237527162271096, "acc_caminata_m2_habitacional": 843.96955107454687, "acc_caminata_m2_industria": 5.0735928808244631e-08, "acc_caminata_m2_oficina": 5.0774105280576993, "acc_caminata_n_salud": 2.7709245677441486e-27, "acc_caminata_n_paraderos": 4.2044839053440883e-26 }, "geometry": { "type": "Polygon", "coordinates": [ [ [ -70.809777842084586, -34.097563555150288 ], [ -70.810954541367764, -34.098991507063033 ], [ -70.8100503184736, -34.100382121745326 ], [ -70.807969404502586, -34.100344780679322 ], [ -70.806792741402688, -34.098916839887629 ], [ -70.807696956089174, -34.09752622904108 ], [ -70.809777842084586, -34.097563555150288 ] ] ] } },
{ "type": "Feature", "properties": { "h3": "89b2c1c084fffff", "acc_caminata_m2_comercio": 4192.3444203992285, "acc_caminata_m2_departamento": 275.51365145480082, "acc_caminata_n_deporte_y_recreacion": 0.29957247025652606, "acc_caminata_n_educacion_y_cultura": 7.8831078810749009, "acc_caminata_m2_habitacional": 20451.776267970949, "acc_caminata_m2_industria": 3.0427251315859851, "acc_caminata_m2_oficina": 28.074291488212243, "acc_caminata_n_salud": 0.14639405375372216, "acc_caminata_n_paraderos": 5.5811283906377884 }, "geometry": { "type": "Polygon", "coordinates": [ [ [ -70.713456005437777, -34.164677148573276 ], [ -70.714631646616965, -34.16610431963958 ], [ -70.713727262557498, -34.167492077152282 ], [ -70.711647245704839, -34.167452659771797 ], [ -70.710471640899186, -34.166025499880426 ], [ -70.711376016571293, -34.164637746194785 ], [ -70.713456005437777, -34.164677148573276 ] ] ] } },
{ "type": "Feature", "properties": { "h3": "89b2c1c12bbffff", "acc_caminata_m2_comercio": 0.060278331522508707, "acc_caminata_m2_departamento": 4.7536577672933238e-11, "acc_caminata_n_deporte_y_recreacion": 0.034256199911848147, "acc_caminata_n_educacion_y_cultura": 5.5327297448579849e-10, "acc_caminata_m2_habitacional": 565.36811923003052, "acc_caminata_m2_industria": 13.547019234687207, "acc_caminata_m2_oficina": 2.3253131222334011e-13, "acc_caminata_n_salud": 4.0316221894630111e-16, "acc_caminata_n_paraderos": 1.2232763403926244e-14 }, "geometry": { "type": "Polygon", "coordinates": [ [ [ -70.826354202902024, -34.140054213766952 ], [ -70.827531342374257, -34.141481331767352 ], [ -70.826626948935981, -34.142871095962846 ], [ -70.824545424204416, -34.142833738343299 ], [ -70.823368320898567, -34.141406631435416 ], [ -70.824272706156535, -34.140016871054776 ], [ -70.826354202902024, -34.140054213766952 ] ] ] } },
{ "type": "Feature", "properties": { "h3": "89b2c1c0bcbffff", "acc_caminata_m2_comercio": 2064.0013511496181, "acc_caminata_m2_departamento": 2155.4958828038866, "acc_caminata_n_deporte_y_recreacion": 6.0447158335782865, "acc_caminata_n_educacion_y_cultura": 4.305063126413641, "acc_caminata_m2_habitacional": 17869.405243867648, "acc_caminata_m2_industria": 621.79526015502915, "acc_caminata_m2_oficina": 616.11313959729512, "acc_caminata_n_salud": 0.63912882011540539, "acc_caminata_n_paraderos": 5.0620548924567146 }, "geometry": { "type": "Polygon", "coordinates": [ [ [ -70.714541074440348, -34.175936153374522 ], [ -70.71571678510287, -34.177363117919526 ], [ -70.71481235857668, -34.178750608922599 ], [ -70.712732229772769, -34.178711131558728 ], [ -70.711556555485203, -34.177284178183719 ], [ -70.712460973625241, -34.175896691002812 ], [ -70.714541074440348, -34.175936153374522 ] ] ] } },
{ "type": "Feature", "properties": { "h3": "89b2c1c182bffff", "acc_caminata_m2_comercio": 212.62824492009136, "acc_caminata_m2_departamento": 1.9318936879971307, "acc_caminata_n_deporte_y_recreacion": 0.054909938554807476, "acc_caminata_n_educacion_y_cultura": 1.192471928105111, "acc_caminata_m2_habitacional": 22035.15252911919, "acc_caminata_m2_industria": 1.1406935407895706, "acc_caminata_m2_oficina": 5.6239694576110004, "acc_caminata_n_salud": 0.0037172982046515864, "acc_caminata_n_paraderos": 5.4319844355399765 }, "geometry": { "type": "Polygon", "coordinates": [ [ [ -70.767730472556664, -34.178338207713068 ], [ -70.768906957142889, -34.179764896733964 ], [ -70.7680024738317, -34.181152985677805 ], [ -70.76592151422247, -34.181114381790209 ], [ -70.76474506591785, -34.179687703895418 ], [ -70.765649540939449, -34.178299618762338 ], [ -70.767730472556664, -34.178338207713068 ] ] ] } },
{ "type": "Feature", "properties": { "h3": "89b2c1c5423ffff", "acc_caminata_m2_comercio": 80.478258395825023, "acc_caminata_m2_departamento": 19.025352791695276, "acc_caminata_n_deporte_y_recreacion": 0.69475471143025502, "acc_caminata_n_educacion_y_cultura": 0.4659910233540458, "acc_caminata_m2_habitacional": 6786.809009523331, "acc_caminata_m2_industria": 5.5103315967866235, "acc_caminata_m2_oficina": 120.02874283080727, "acc_caminata_n_salud": 0.0092198600574811412, "acc_caminata_n_paraderos": 3.0930136152539681e-10 }, "geometry": { "type": "Polygon", "coordinates": [ [ [ -70.656217526860857, -34.184646531902729 ], [ -70.657392441249058, -34.186073593502755 ], [ -70.656488036940047, -34.187460145604142 ], [ -70.654408726734161, -34.187419632275834 ], [ -70.653233848826318, -34.185992581889863 ], [ -70.654138244642652, -34.18460603361833 ], [ -70.656217526860857, -34.184646531902729 ] ] ] } },
{ "type": "Feature", "properties": { "h3": "89b2c1c5427ffff", "acc_caminata_m2_comercio": 1.0857774291119244, "acc_caminata_m2_departamento": 0.15788407697203197, "acc_caminata_n_deporte_y_recreacion": 0.0057662316957275035, "acc_caminata_n_educacion_y_cultura": 0.0038828007343465693, "acc_caminata_m2_habitacional": 1557.2661475895277, "acc_caminata_m2_industria": 0.045744686594160401, "acc_caminata_m2_oficina": 0.99771315621055345, "acc_caminata_n_salud": 7.6512074311073031e-05, "acc_caminata_n_paraderos": 1.9331405285145595e-10 }, "geometry": { "type": "Polygon", "coordinates": [ [ [ -70.653233848826318, -34.185992581889863 ], [ -70.654408726734161, -34.187419632275834 ], [ -70.65350432029193, -34.188806113914467 ], [ -70.651425044438724, -34.188765541337482 ], [ -70.65025020301691, -34.187338502167528 ], [ -70.651154600960922, -34.185952024358741 ], [ -70.653233848826318, -34.185992581889863 ] ] ] } },
{ "type": "Feature", "properties": { "h3": "89b2c1c182fffff", "acc_caminata_m2_comercio": 937.71536623884731, "acc_caminata_m2_departamento": 3.3003667829750669, "acc_caminata_n_deporte_y_recreacion": 0.3266373967982632, "acc_caminata_n_educacion_y_cultura": 0.58436055818786914, "acc_caminata_m2_habitacional": 27857.35381316251, "acc_caminata_m2_industria": 2.6952751699187689, "acc_caminata_m2_oficina": 19.261014313897753, "acc_caminata_n_salud": 0.00040837161742945005, "acc_caminata_n_paraderos": 6.1869673016633797 }, "geometry": { "type": "Polygon", "coordinates": [ [ [ -70.76474506591785, -34.179687703895418 ], [ -70.76592151422247, -34.181114381790209 ], [ -70.765017028590179, -34.182502400287056 ], [ -70.762936102946981, -34.182463737078521 ], [ -70.761759690929651, -34.181037070311739 ], [ -70.762664168266838, -34.179649055625688 ], [ -70.76474506591785, -34.179687703895418 ] ] ] } },
{ "type": "Feature", "properties": { "h3": "89b2c1c0853ffff", "acc_caminata_m2_comercio": 622.16198706474177, "acc_caminata_m2_departamento": 2334.1698483590244, "acc_caminata_n_deporte_y_recreacion": 0.47386041377138627, "acc_caminata_n_educacion_y_cultura": 0.5786844427449237, "acc_caminata_m2_habitacional": 17853.174785372281, "acc_caminata_m2_industria": 2.8190288854615257, "acc_caminata_m2_oficina": 3.1228596581902139, "acc_caminata_n_salud": 0.020301045419494994, "acc_caminata_n_paraderos": 10.223147914384098 }, "geometry": { "type": "Polygon", "coordinates": [ [ [ -70.71291351145878, -34.159046936695837 ], [ -70.714089117899007, -34.160474210996448 ], [ -70.713184755071623, -34.161862101752348 ], [ -70.711104794190661, -34.161822714378296 ], [ -70.709929224123286, -34.160395451255084 ], [ -70.710833578562699, -34.159007564328689 ], [ -70.71291351145878, -34.159046936695837 ] ] ] } },
{ "type": "Feature", "properties": { "h3": "89b2c1c50afffff", "acc_caminata_m2_comercio": 15.490636888142593, "acc_caminata_m2_departamento": 41.537973872234566, "acc_caminata_n_deporte_y_recreacion": 1.5971003251321751e-13, "acc_caminata_n_educacion_y_cultura": 4.1622953341642138e-09, "acc_caminata_m2_habitacional": 20313.907961583114, "acc_caminata_m2_industria": 0.016187676814805447, "acc_caminata_m2_oficina": 3.5937675993012707e-06, "acc_caminata_n_salud": 1.5856124052145402e-14, "acc_caminata_n_paraderos": 4.5192908023345317e-14 }, "geometry": { "type": "Polygon", "coordinates": [ [ [ -70.65458627351714, -34.200059059699932 ], [ -70.655761238240018, -34.201485852091125 ], [ -70.654856778665319, -34.202872000536544 ], [ -70.652777362863077, -34.20283135276722 ], [ -70.651602434628003, -34.201404571585805 ], [ -70.652506885706018, -34.200018426964128 ], [ -70.65458627351714, -34.200059059699932 ] ] ] } },
{ "type": "Feature", "properties": { "h3": "89b2c1c73dbffff", "acc_caminata_m2_comercio": 15.864198499088733, "acc_caminata_m2_departamento": 28.663993047438822, "acc_caminata_n_deporte_y_recreacion": 3.408242253593856e-05, "acc_caminata_n_educacion_y_cultura": 1.022549787137776, "acc_caminata_m2_habitacional": 2932.002151569106, "acc_caminata_m2_industria": 0.0012144151176509443, "acc_caminata_m2_oficina": 0.49301706417609614, "acc_caminata_n_salud": 6.2705128405216303e-06, "acc_caminata_n_paraderos": 3.6008902848573506e-11 }, "geometry": { "type": "Polygon", "coordinates": [ [ [ -70.6478166103972, -34.162012130001671 ], [ -70.6489912955834, -34.163439633274749 ], [ -70.64808698264288, -34.164826644082915 ], [ -70.6460079930212, -34.164786147777306 ], [ -70.64483334432343, -34.163358655733319 ], [ -70.645737648757589, -34.161971648766034 ], [ -70.6478166103972, -34.162012130001671 ] ] ] } },
{ "type": "Feature", "properties": { "h3": "89b2c1c0bc7ffff", "acc_caminata_m2_comercio": 1951.5782047386822, "acc_caminata_m2_departamento": 6781.0710746208979, "acc_caminata_n_deporte_y_recreacion": 1.0356070365614629, "acc_caminata_n_educacion_y_cultura": 2.62740516623353, "acc_caminata_m2_habitacional": 26714.682591941269, "acc_caminata_m2_industria": 3.8003482682062257, "acc_caminata_m2_oficina": 55.98148419151245, "acc_caminata_n_salud": 0.10713130465436281, "acc_caminata_n_paraderos": 0.4699305721154689 }, "geometry": { "type": "Polygon", "coordinates": [ [ [ -70.708300868283203, -34.175817662693177 ], [ -70.709476488819348, -34.177244656530704 ], [ -70.708572068453492, -34.178632073258399 ], [ -70.706492035947591, -34.178592492325294 ], [ -70.705316451797373, -34.177165509662828 ], [ -70.706220863765779, -34.175778096758599 ], [ -70.708300868283203, -34.175817662693177 ] ] ] } },
{ "type": "Feature", "properties": { "h3": "89b2c1c1da3ffff", "acc_caminata_m2_comercio": 1924.5603511079128, "acc_caminata_m2_departamento": 734.6468608733112, "acc_caminata_n_deporte_y_recreacion": 0.28580689606780585, "acc_caminata_n_educacion_y_cultura": 11.428915955671453, "acc_caminata_m2_habitacional": 17565.448085047679, "acc_caminata_m2_industria": 19.486995166431093, "acc_caminata_m2_oficina": 536.87053100132914, "acc_caminata_n_salud": 0.43291984124062599, "acc_caminata_n_paraderos": 0.75221189461085891 }, "geometry": { "type": "Polygon", "coordinates": [ [ [ -70.73787520780165, -34.159516712721818 ], [ -70.739051174511403, -34.160943869846463 ], [ -70.738146787241888, -34.1623320576957 ], [ -70.73606644160391, -34.162293084596058 ], [ -70.734890511223043, -34.160865938628447 ], [ -70.735794890149947, -34.159477754603621 ], [ -70.73787520780165, -34.159516712721818 ] ] ] } },
{ "type": "Feature", "properties": { "h3": "89b2c1c0dc7ffff", "acc_caminata_m2_comercio": 3.7052560381707304e-06, "acc_caminata_m2_departamento": 1.506334802042398e-05, "acc_caminata_n_deporte_y_recreacion": 1.58191795085076e-07, "acc_caminata_n_educacion_y_cultura": 3.4161281300226867e-09, "acc_caminata_m2_habitacional": 663.31630138499304, "acc_caminata_m2_industria": 3.6639200875672311e-07, "acc_caminata_m2_oficina": 1.1931441826427071e-05, "acc_caminata_n_salud": 3.0272443451198936e-11, "acc_caminata_n_paraderos": 4.0481976007380603e-07 }, "geometry": { "type": "Polygon", "coordinates": [ [ [ -70.683618314041581, -34.145843705641568 ], [ -70.684793436648022, -34.147271343512848 ], [ -70.683889149521548, -34.148659199758427 ], [ -70.681809748227522, -34.148619414292227 ], [ -70.680634662041683, -34.147191787626817 ], [ -70.681538940727904, -34.145803935221934 ], [ -70.683618314041581, -34.145843705641568 ] ] ] } },
{ "type": "Feature", "properties": { "h3": "89b2c1c5623ffff", "acc_caminata_m2_comercio": 245.20689186058522, "acc_caminata_m2_departamento": 0.00016145638634194396, "acc_caminata_n_deporte_y_recreacion": 2.2386615104236615e-07, "acc_caminata_n_educacion_y_cultura": 0.003712761195884462, "acc_caminata_m2_habitacional": 109.05098009484699, "acc_caminata_m2_industria": 219.64502009496491, "acc_caminata_m2_oficina": 522.00070070647462, "acc_caminata_n_salud": 4.4896593133255668e-09, "acc_caminata_n_paraderos": 4.022432807623032e-08 }, "geometry": { "type": "Polygon", "coordinates": [ [ [ -70.678999778192775, -34.194917364603562 ], [ -70.680175069349573, -34.196344143355127 ], [ -70.679270605754411, -34.197730722230894 ], [ -70.67719085945312, -34.197690518534081 ], [ -70.676015604739618, -34.196263750974374 ], [ -70.676920059882775, -34.194877175919821 ], [ -70.678999778192775, -34.194917364603562 ] ] ] } },
{ "type": "Feature", "properties": { "h3": "89b2c1c0a4fffff", "acc_caminata_m2_comercio": 2914.3273503502705, "acc_caminata_m2_departamento": 5867.2597968813161, "acc_caminata_n_deporte_y_recreacion": 0.32186573145537006, "acc_caminata_n_educacion_y_cultura": 7.1825803735770624, "acc_caminata_m2_habitacional": 25983.81719838153, "acc_caminata_m2_industria": 47.150272552497775, "acc_caminata_m2_oficina": 2004.8975811671828, "acc_caminata_n_salud": 0.34728092029715907, "acc_caminata_n_paraderos": 6.5296166608811221 }, "geometry": { "type": "Polygon", "coordinates": [ [ [ -70.736248283033476, -34.174941072775077 ], [ -70.73742430028652, -34.176367960492904 ], [ -70.736519857678459, -34.177755744760212 ], [ -70.734439406162608, -34.177716637491542 ], [ -70.733263425245894, -34.176289760926487 ], [ -70.734167859507323, -34.174901980477536 ], [ -70.736248283033476, -34.174941072775077 ] ] ] } },
{ "type": "Feature", "properties": { "h3": "89b2c1c7263ffff", "acc_caminata_m2_comercio": 310.42699533474462, "acc_caminata_m2_departamento": 0.77193221433675319, "acc_caminata_n_deporte_y_recreacion": 0.0094649743485094914, "acc_caminata_n_educacion_y_cultura": 0.19656104327734908, "acc_caminata_m2_habitacional": 10910.253016903331, "acc_caminata_m2_industria": 0.0050516582434095864, "acc_caminata_m2_oficina": 8.0159258878679349, "acc_caminata_n_salud": 9.3104448274473661e-05, "acc_caminata_n_paraderos": 4.2485977384574235e-06 }, "geometry": { "type": "Polygon", "coordinates": [ [ [ -70.663815725662744, -34.166536536913419 ], [ -70.664990662647071, -34.167963890054018 ], [ -70.664086317884852, -34.169350986670388 ], [ -70.662007044614583, -34.169310726310464 ], [ -70.660832144091856, -34.167883384384339 ], [ -70.661736480376419, -34.166496291603877 ], [ -70.663815725662744, -34.166536536913419 ] ] ] } },
{ "type": "Feature", "properties": { "h3": "89b2c1c1c27ffff", "acc_caminata_m2_comercio": 4382.239464631667, "acc_caminata_m2_departamento": 357.09699537928759, "acc_caminata_n_deporte_y_recreacion": 0.084574223151400799, "acc_caminata_n_educacion_y_cultura": 0.035907502607438711, "acc_caminata_m2_habitacional": 10044.154383379173, "acc_caminata_m2_industria": 1858.173241018226, "acc_caminata_m2_oficina": 86.816431265933218, "acc_caminata_n_salud": 0.014029375808740953, "acc_caminata_n_paraderos": 3.8646245694653247 }, "geometry": { "type": "Polygon", "coordinates": [ [ [ -70.759584542064403, -34.158515892367824 ], [ -70.760760815047632, -34.159942972571343 ], [ -70.75985641198308, -34.161331453661752 ], [ -70.757775744237009, -34.161292850728294 ], [ -70.756599507543953, -34.159865781664628 ], [ -70.75750390230543, -34.158477304394751 ], [ -70.759584542064403, -34.158515892367824 ] ] ] } },
{ "type": "Feature", "properties": { "h3": "89b2c1c0c4bffff", "acc_caminata_m2_comercio": 163.29316952855788, "acc_caminata_m2_departamento": 30.12004909777777, "acc_caminata_n_deporte_y_recreacion": 0.003083776292053838, "acc_caminata_n_educacion_y_cultura": 0.014018971018880999, "acc_caminata_m2_habitacional": 1333.1094138482295, "acc_caminata_m2_industria": 1.0470391246822821, "acc_caminata_m2_oficina": 0.14476207360633839, "acc_caminata_n_salud": 2.068494919554287e-06, "acc_caminata_n_paraderos": 0.015992451026553202 }, "geometry": { "type": "Polygon", "coordinates": [ [ [ -70.714541520943854, -34.143620285697132 ], [ -70.715717076909812, -34.145047829188243 ], [ -70.714812769389837, -34.146436123462728 ], [ -70.712732914286519, -34.146396870410705 ], [ -70.711557394685954, -34.144969338101227 ], [ -70.712461693821965, -34.143581047662352 ], [ -70.714541520943854, -34.143620285697132 ] ] ] } },
{ "type": "Feature", "properties": { "h3": "89b2c1c54a7ffff", "acc_caminata_m2_comercio": 1795.4427502123385, "acc_caminata_m2_departamento": 261.60707526583877, "acc_caminata_n_deporte_y_recreacion": 0.10761118934060379, "acc_caminata_n_educacion_y_cultura": 1.1948444690659403, "acc_caminata_m2_habitacional": 11318.870023279345, "acc_caminata_m2_industria": 100.85581941746734, "acc_caminata_m2_oficina": 481.86231289455662, "acc_caminata_n_salud": 0.66217278441492622, "acc_caminata_n_paraderos": 1.1826447637335631e-10 }, "geometry": { "type": "Polygon", "coordinates": [ [ [ -70.649438944871278, -34.178897441848356 ], [ -70.650613734210523, -34.180324635758858 ], [ -70.649709357518617, -34.181711246829039 ], [ -70.647630199990729, -34.181670660155362 ], [ -70.646455447142088, -34.180243477466512 ], [ -70.647359815329395, -34.178856870229858 ], [ -70.649438944871278, -34.178897441848356 ] ] ] } },
{ "type": "Feature", "properties": { "h3": "89b2c1c18afffff", "acc_caminata_m2_comercio": 5228.5710495029261, "acc_caminata_m2_departamento": 308.80519793988321, "acc_caminata_n_deporte_y_recreacion": 0.085689790143555628, "acc_caminata_n_educacion_y_cultura": 11.376978757282412, "acc_caminata_m2_habitacional": 21951.470697291224, "acc_caminata_m2_industria": 102.99812721755968, "acc_caminata_m2_oficina": 34.479865289541394, "acc_caminata_n_salud": 0.0013299742929802248, "acc_caminata_n_paraderos": 4.8761766755454143 }, "geometry": { "type": "Polygon", "coordinates": [ [ [ -70.760943959339599, -34.172592515898046 ], [ -70.762120319215796, -34.17401933773651 ], [ -70.761215863100389, -34.175407485690648 ], [ -70.759135055409004, -34.175368807992044 ], [ -70.757958731824729, -34.173941997287223 ], [ -70.758863179638595, -34.172553853147591 ], [ -70.760943959339599, -34.172592515898046 ] ] ] } },
{ "type": "Feature", "properties": { "h3": "89b2c1c08d3ffff", "acc_caminata_m2_comercio": 304.25420315595267, "acc_caminata_m2_departamento": 1034.4754422584181, "acc_caminata_n_deporte_y_recreacion": 0.089863299832531912, "acc_caminata_n_educacion_y_cultura": 0.87520187859953535, "acc_caminata_m2_habitacional": 26397.073008061063, "acc_caminata_m2_industria": 45.666742301012007, "acc_caminata_m2_oficina": 9.2306887856060396, "acc_caminata_n_salud": 0.018590497010223046, "acc_caminata_n_paraderos": 3.26650558529191 }, "geometry": { "type": "Polygon", "coordinates": [ [ [ -70.709115649600449, -34.15194949161738 ], [ -70.710291167563781, -34.153376909555412 ], [ -70.709386834356252, -34.154764929714794 ], [ -70.707306991578434, -34.154725528103164 ], [ -70.706131509992517, -34.153298121348165 ], [ -70.70703583480568, -34.151910105021976 ], [ -70.709115649600449, -34.15194949161738 ] ] ] } },
{ "type": "Feature", "properties": { "h3": "89b2c1c1e23ffff", "acc_caminata_m2_comercio": 24.317256283351785, "acc_caminata_m2_departamento": 4390.7021189044799, "acc_caminata_n_deporte_y_recreacion": 0.010760343197075068, "acc_caminata_n_educacion_y_cultura": 0.0013881390674350424, "acc_caminata_m2_habitacional": 4391.3945780762551, "acc_caminata_m2_industria": 10.33589935926212, "acc_caminata_m2_oficina": 3.2667820039538622, "acc_caminata_n_salud": 9.5294477297021971e-07, "acc_caminata_n_paraderos": 0.031442523674801083 }, "geometry": { "type": "Polygon", "coordinates": [ [ [ -70.785371350072225, -34.167423119826829 ], [ -70.786548034845083, -34.168849927268639 ], [ -70.785643576172845, -34.170238505509737 ], [ -70.783562440983118, -34.170200272497418 ], [ -70.78238579245739, -34.168773476171374 ], [ -70.783290242872894, -34.167384901742068 ], [ -70.785371350072225, -34.167423119826829 ] ] ] } },
{ "type": "Feature", "properties": { "h3": "89b2c1c0e47ffff", "acc_caminata_m2_comercio": 5636.4761404150713, "acc_caminata_m2_departamento": 1920.8966643922972, "acc_caminata_n_deporte_y_recreacion": 0.073923563681133689, "acc_caminata_n_educacion_y_cultura": 5.8977483013347385, "acc_caminata_m2_habitacional": 18426.989143522194, "acc_caminata_m2_industria": 46.721857966607082, "acc_caminata_m2_oficina": 1075.4565555371701, "acc_caminata_n_salud": 0.54525701553356998, "acc_caminata_n_paraderos": 5.128177830109923 }, "geometry": { "type": "Polygon", "coordinates": [ [ [ -70.73109138027489, -34.153768779985086 ], [ -70.732267222204371, -34.155196069687229 ], [ -70.73136286223901, -34.156584316504627 ], [ -70.729282668697422, -34.156545269791955 ], [ -70.728106863107087, -34.1551179912544 ], [ -70.7290112147179, -34.153729748265135 ], [ -70.73109138027489, -34.153768779985086 ] ] ] } },
{ "type": "Feature", "properties": { "h3": "89b2c1c56a3ffff", "acc_caminata_m2_comercio": 3.5328282472493289, "acc_caminata_m2_departamento": 0.00061844396485494582, "acc_caminata_n_deporte_y_recreacion": 6.0352444760928164e-06, "acc_caminata_n_educacion_y_cultura": 0.049991285658040348, "acc_caminata_m2_habitacional": 16968.120786730236, "acc_caminata_m2_industria": 38.639048835676341, "acc_caminata_m2_oficina": 0.73082740295765247, "acc_caminata_n_salud": 2.7349915881061548e-07, "acc_caminata_n_paraderos": 2.3841145208090633e-06 }, "geometry": { "type": "Polygon", "coordinates": [ [ [ -70.675203278360129, -34.187823213481508 ], [ -70.676378480973014, -34.189250135903592 ], [ -70.675474047076833, -34.190636844235236 ], [ -70.673394419024859, -34.190596626320101 ], [ -70.672219252859847, -34.189169715095545 ], [ -70.6731236782976, -34.187783010588788 ], [ -70.675203278360129, -34.187823213481508 ] ] ] } },
{ "type": "Feature", "properties": { "h3": "89b2c1c0acfffff", "acc_caminata_m2_comercio": 5920.0747581329642, "acc_caminata_m2_departamento": 3211.1985030722462, "acc_caminata_n_deporte_y_recreacion": 0.12844227144089471, "acc_caminata_n_educacion_y_cultura": 9.1504281167927122, "acc_caminata_m2_habitacional": 25070.783709446121, "acc_caminata_m2_industria": 41.06021801708772, "acc_caminata_m2_oficina": 3345.8379455380368, "acc_caminata_n_salud": 4.8771651219558096, "acc_caminata_n_paraderos": 2.7246822131871768 }, "geometry": { "type": "Polygon", "coordinates": [ [ [ -70.732448857685242, -34.167845280069329 ], [ -70.733624786478401, -34.169272311593716 ], [ -70.732720373445446, -34.17066022530048 ], [ -70.73064003997105, -34.170621103661041 ], [ -70.729464147518826, -34.169194083295046 ], [ -70.730368552198726, -34.167806173410305 ], [ -70.732448857685242, -34.167845280069329 ] ] ] } },
{ "type": "Feature", "properties": { "h3": "89b2c1c532bffff", "acc_caminata_m2_comercio": 2.6337736228610637e-05, "acc_caminata_m2_departamento": 5.8660782548766848e-06, "acc_caminata_n_deporte_y_recreacion": 1.9916153179590521e-18, "acc_caminata_n_educacion_y_cultura": 2.9613992747071952e-14, "acc_caminata_m2_habitacional": 345.64657118886623, "acc_caminata_m2_industria": 1.1517209487757409e-07, "acc_caminata_m2_oficina": 2.5568940616297488e-11, "acc_caminata_n_salud": 1.2472833643398326e-19, "acc_caminata_n_paraderos": 3.2235356786722693e-19 }, "geometry": { "type": "Polygon", "coordinates": [ [ [ -70.663260175060458, -34.225493366235618 ], [ -70.664435386412947, -34.226919664697995 ], [ -70.663530824844159, -34.228305287559195 ], [ -70.661451060404247, -34.228264608146645 ], [ -70.66027588553186, -34.226838320877725 ], [ -70.661180438617947, -34.225452701828097 ], [ -70.663260175060458, -34.225493366235618 ] ] ] } },
{ "type": "Feature", "properties": { "h3": "89b2c1c0067ffff", "acc_caminata_m2_comercio": 153.50722205060714, "acc_caminata_m2_departamento": 139.53627440528976, "acc_caminata_n_deporte_y_recreacion": 0.058844968308016929, "acc_caminata_n_educacion_y_cultura": 1.5473419211937025, "acc_caminata_m2_habitacional": 13164.509232178038, "acc_caminata_m2_industria": 62.200379195895493, "acc_caminata_m2_oficina": 5.5576478976131352, "acc_caminata_n_salud": 4.7426905094115591e-05, "acc_caminata_n_paraderos": 2.2411616774592833 }, "geometry": { "type": "Polygon", "coordinates": [ [ [ -70.744384535400357, -34.130122627754972 ], [ -70.745560454708254, -34.131550282956248 ], [ -70.744656169771233, -34.132939281634961 ], [ -70.742575973853761, -34.132900621277287 ], [ -70.741400090854526, -34.131472977238353 ], [ -70.742304367462751, -34.13008398239495 ], [ -70.744384535400357, -34.130122627754972 ] ] ] } },
{ "type": "Feature", "properties": { "h3": "89b2c1c1ca7ffff", "acc_caminata_m2_comercio": 38.511838446126006, "acc_caminata_m2_departamento": 1278.9347926871737, "acc_caminata_n_deporte_y_recreacion": 0.43228350125711618, "acc_caminata_n_educacion_y_cultura": 2.0157002743877501, "acc_caminata_m2_habitacional": 7200.0030254050216, "acc_caminata_m2_industria": 19.571542005734994, "acc_caminata_m2_oficina": 0.869417508119111, "acc_caminata_n_salud": 0.26960892018501653, "acc_caminata_n_paraderos": 4.2660388035417505 }, "geometry": { "type": "Polygon", "coordinates": [ [ [ -70.755784054179443, -34.151418632871184 ], [ -70.756960238743162, -34.1528458568975 ], [ -70.756055865201176, -34.154234467405864 ], [ -70.753975315403622, -34.154195850063886 ], [ -70.752799167134711, -34.15276863718303 ], [ -70.753703532367183, -34.151380030498892 ], [ -70.755784054179443, -34.151418632871184 ] ] ] } },
{ "type": "Feature", "properties": { "h3": "89b2c1c0ccbffff", "acc_caminata_m2_comercio": 0.61097208280277238, "acc_caminata_m2_departamento": 0.11286114124444314, "acc_caminata_n_deporte_y_recreacion": 1.3750067897734651e-05, "acc_caminata_n_educacion_y_cultura": 5.249285362806431e-05, "acc_caminata_m2_habitacional": 744.1519629711031, "acc_caminata_m2_industria": 0.0039223504104511989, "acc_caminata_m2_oficina": 0.00070827971827615343, "acc_caminata_n_salud": 7.7387911942156073e-09, "acc_caminata_n_paraderos": 6.5479085473355987e-05 }, "geometry": { "type": "Polygon", "coordinates": [ [ [ -70.710743805646672, -34.136521360523204 ], [ -70.711919273148837, -34.137949047585174 ], [ -70.711014995241626, -34.139337471236182 ], [ -70.708935258221231, -34.139298203986108 ], [ -70.707759827089035, -34.137870528111392 ], [ -70.708664096605901, -34.136482108299681 ], [ -70.710743805646672, -34.136521360523204 ] ] ] } },
{ "type": "Feature", "properties": { "h3": "89b2c1c162fffff", "acc_caminata_m2_comercio": 0.0082603973733812522, "acc_caminata_m2_departamento": 2.4859779854483218e-12, "acc_caminata_n_deporte_y_recreacion": 0.0017914659198207299, "acc_caminata_n_educacion_y_cultura": 7.5814246134983032e-11, "acc_caminata_m2_habitacional": 182.95884583583873, "acc_caminata_m2_industria": 0.70845637684710328, "acc_caminata_m2_oficina": 1.2160484769903052e-14, "acc_caminata_n_salud": 2.1083814820679971e-17, "acc_caminata_n_paraderos": 6.4800623239678104e-16 }, "geometry": { "type": "Polygon", "coordinates": [ [ [ -70.82553600552491, -34.131602857299143 ], [ -70.826713092838389, -34.133030130399852 ], [ -70.825808731196716, -34.134420094428755 ], [ -70.823727290421417, -34.13438278153864 ], [ -70.822550239273241, -34.132955519534107 ], [ -70.823454592733682, -34.131565559323718 ], [ -70.82553600552491, -34.131602857299143 ] ] ] } },
{ "type": "Feature", "properties": { "h3": "89b2c1c192fffff", "acc_caminata_m2_comercio": 354.62529613661809, "acc_caminata_m2_departamento": 17.35069138639912, "acc_caminata_n_deporte_y_recreacion": 2.9209296868464545e-05, "acc_caminata_n_educacion_y_cultura": 3.4897438232620139, "acc_caminata_m2_habitacional": 17620.480790871447, "acc_caminata_m2_industria": 5.624204450298631, "acc_caminata_m2_oficina": 1.1859873312056015, "acc_caminata_n_salud": 0.0014781900522965895, "acc_caminata_n_paraderos": 0.5172454192134619 }, "geometry": { "type": "Polygon", "coordinates": [ [ [ -70.743848106542927, -34.189130543747517 ], [ -70.745024300717162, -34.190557143705782 ], [ -70.744119798977465, -34.191944669052731 ], [ -70.742039111395954, -34.191905590630583 ], [ -70.740862953548799, -34.190479001813806 ], [ -70.741767446954725, -34.189091480277888 ], [ -70.743848106542927, -34.189130543747517 ] ] ] } },
{ "type": "Feature", "properties": { "h3": "89b2c1c0953ffff", "acc_caminata_m2_comercio": 42.450390705192071, "acc_caminata_m2_departamento": 1.4558959952522874, "acc_caminata_n_deporte_y_recreacion": 0.16545424325774452, "acc_caminata_n_educacion_y_cultura": 3.716002381086625, "acc_caminata_m2_habitacional": 31471.344444317085, "acc_caminata_m2_industria": 1.9485879893035437e-05, "acc_caminata_m2_oficina": 1.8904577248528978, "acc_caminata_n_salud": 6.9414520648838275e-05, "acc_caminata_n_paraderos": 0.041400613625093771 }, "geometry": { "type": "Polygon", "coordinates": [ [ [ -70.692024171134705, -34.168483814537687 ], [ -70.693199522846143, -34.169911010555992 ], [ -70.692295144525858, -34.171298408154023 ], [ -70.69021542291928, -34.171258605904299 ], [ -70.689040107620301, -34.169831421076907 ], [ -70.689944477514061, -34.168444027308531 ], [ -70.692024171134705, -34.168483814537687 ] ] ] } },
{ "type": "Feature", "properties": { "h3": "89b2c1c15b7ffff", "acc_caminata_m2_comercio": 0.12626492441210199, "acc_caminata_m2_departamento": 1.7421445750123948e-08, "acc_caminata_n_deporte_y_recreacion": 2.8782401676523992e-08, "acc_caminata_n_educacion_y_cultura": 1.0741815625711917e-09, "acc_caminata_m2_habitacional": 140.03287360446748, "acc_caminata_m2_industria": 0.00068057010529514101, "acc_caminata_m2_oficina": 3.5523634281931264e-05, "acc_caminata_n_salud": 1.0427714001048445e-13, "acc_caminata_n_paraderos": 1.8957823857038423e-12 }, "geometry": { "type": "Polygon", "coordinates": [ [ [ -70.77450274433761, -34.119429468518575 ], [ -70.775679043794312, -34.120857183618085 ], [ -70.774774771336737, -34.122246820029233 ], [ -70.772694207694357, -34.122208737507336 ], [ -70.771517944489858, -34.12078103354964 ], [ -70.772422208674172, -34.119391400972241 ], [ -70.77450274433761, -34.119429468518575 ] ] ] } },
{ "type": "Feature", "properties": { "h3": "89b2c1c0263ffff", "acc_caminata_m2_comercio": 0.13134366830690472, "acc_caminata_m2_departamento": 0.52762253272432857, "acc_caminata_n_deporte_y_recreacion": 0.028844675791226126, "acc_caminata_n_educacion_y_cultura": 0.00058874771533951357, "acc_caminata_m2_habitacional": 38.383670606376093, "acc_caminata_m2_industria": 1444.0696533678174, "acc_caminata_m2_oficina": 0.00232361955190442, "acc_caminata_n_salud": 4.0248529072117876e-06, "acc_caminata_n_paraderos": 0.00012513340786273727 }, "geometry": { "type": "Polygon", "coordinates": [ [ [ -70.770164976765741, -34.139033825626207 ], [ -70.771341307964079, -34.140461208649633 ], [ -70.770436967213001, -34.141850304576515 ], [ -70.768356303544721, -34.14181201365367 ], [ -70.767180008612087, -34.14038464176852 ], [ -70.768084341080666, -34.138995549668138 ], [ -70.770164976765741, -34.139033825626207 ] ] ] } },
{ "type": "Feature", "properties": { "h3": "89b2c1c1ea3ffff", "acc_caminata_m2_comercio": 3.6298107328402791, "acc_caminata_m2_departamento": 0.11235754024896281, "acc_caminata_n_deporte_y_recreacion": 6.2155947062512645e-05, "acc_caminata_n_educacion_y_cultura": 0.0080859263324281807, "acc_caminata_m2_habitacional": 1687.7283852025103, "acc_caminata_m2_industria": 0.063938821864148107, "acc_caminata_m2_oficina": 0.30020889318352717, "acc_caminata_n_salud": 2.8570587076706972e-06, "acc_caminata_n_paraderos": 0.14286543119482364 }, "geometry": { "type": "Polygon", "coordinates": [ [ [ -70.781569270600514, -34.160326853845518 ], [ -70.782745866979084, -34.161753805256033 ], [ -70.7818414377778, -34.163142512939409 ], [ -70.779760420459752, -34.163104265396996 ], [ -70.778583860332958, -34.161677325107895 ], [ -70.779488281271071, -34.160288621239978 ], [ -70.781569270600514, -34.160326853845518 ] ] ] } },
{ "type": "Feature", "properties": { "h3": "89b2c1c0ec7ffff", "acc_caminata_m2_comercio": 141.49433712811907, "acc_caminata_m2_departamento": 5293.2332406572923, "acc_caminata_n_deporte_y_recreacion": 0.19866081564247406, "acc_caminata_n_educacion_y_cultura": 0.42134367036109149, "acc_caminata_m2_habitacional": 6891.8856442447859, "acc_caminata_m2_industria": 10.799336781573404, "acc_caminata_m2_oficina": 7.1753796913152907, "acc_caminata_n_salud": 0.00014199362685502398, "acc_caminata_n_paraderos": 0.66785826602701615 }, "geometry": { "type": "Polygon", "coordinates": [ [ [ -70.727292573553598, -34.146670917121433 ], [ -70.728468327032132, -34.148098350509194 ], [ -70.727563996647532, -34.149486726726678 ], [ -70.725483921144033, -34.1494476657248 ], [ -70.724308204009262, -34.148020243507254 ], [ -70.725212526032877, -34.146631871121599 ], [ -70.727292573553598, -34.146670917121433 ] ] ] } },
{ "type": "Feature", "properties": { "h3": "89b2c1c09cbffff", "acc_caminata_m2_comercio": 15.989422911888045, "acc_caminata_m2_departamento": 11.24312893873932, "acc_caminata_n_deporte_y_recreacion": 0.2016399527869801, "acc_caminata_n_educacion_y_cultura": 0.792674115384019, "acc_caminata_m2_habitacional": 16009.521907437227, "acc_caminata_m2_industria": 0.0001026642497420966, "acc_caminata_m2_oficina": 0.70686424766347944, "acc_caminata_n_salud": 4.3204877782994642e-05, "acc_caminata_n_paraderos": 0.036616203022655495 }, "geometry": { "type": "Polygon", "coordinates": [ [ [ -70.691753204490567, -34.165669102695759 ], [ -70.692928538835702, -34.16709635031598 ], [ -70.692024171134705, -34.168483814537687 ], [ -70.689944477514061, -34.168444027308531 ], [ -70.688769179581058, -34.16701679088046 ], [ -70.689673538855203, -34.165629330489615 ], [ -70.691753204490567, -34.165669102695759 ] ] ] } },
{ "type": "Feature", "properties": { "h3": "89b2c1c0b4fffff", "acc_caminata_m2_comercio": 81.572644860218176, "acc_caminata_m2_departamento": 1476.3473639056883, "acc_caminata_n_deporte_y_recreacion": 0.013893524208267401, "acc_caminata_n_educacion_y_cultura": 0.42599735195231192, "acc_caminata_m2_habitacional": 11437.590141787317, "acc_caminata_m2_industria": 0.43127896462799692, "acc_caminata_m2_oficina": 110.50266292290755, "acc_caminata_n_salud": 1.3855874365664433, "acc_caminata_n_paraderos": 0.58231996418733778 }, "geometry": { "type": "Polygon", "coordinates": [ [ [ -70.715354947113866, -34.184379165191871 ], [ -70.716530709893604, -34.185805974799813 ], [ -70.715626251515189, -34.18719326590044 ], [ -70.713546038740958, -34.187153743574783 ], [ -70.712370312337228, -34.185726945133112 ], [ -70.713274762330386, -34.184339657851027 ], [ -70.715354947113866, -34.184379165191871 ] ] ] } },
{ "type": "Feature", "properties": { "h3": "89b2c1c19a7ffff", "acc_caminata_m2_comercio": 7626.0449027250907, "acc_caminata_m2_departamento": 1901.2943154066757, "acc_caminata_n_deporte_y_recreacion": 2.1765734846142331, "acc_caminata_n_educacion_y_cultura": 0.85322111596440142, "acc_caminata_m2_habitacional": 15116.374884696357, "acc_caminata_m2_industria": 1892.7773796410152, "acc_caminata_m2_oficina": 86.338673755861507, "acc_caminata_n_salud": 0.015464102427651573, "acc_caminata_n_paraderos": 0.91340935005814383 }, "geometry": { "type": "Polygon", "coordinates": [ [ [ -70.736791439084925, -34.180570298449219 ], [ -70.737967491089961, -34.181997082836411 ], [ -70.737063027253171, -34.183384733835773 ], [ -70.734982519756031, -34.183345596632194 ], [ -70.733806504087994, -34.181918823395286 ], [ -70.734710959578763, -34.180531176211865 ], [ -70.736791439084925, -34.180570298449219 ] ] ] } },
{ "type": "Feature", "properties": { "h3": "89b2c1c7363ffff", "acc_caminata_m2_comercio": 12.792762006406631, "acc_caminata_m2_departamento": 20.788834558693228, "acc_caminata_n_deporte_y_recreacion": 0.12566048623284748, "acc_caminata_n_educacion_y_cultura": 0.033307849878625902, "acc_caminata_m2_habitacional": 6387.6714001452629, "acc_caminata_m2_industria": 538.32792992899704, "acc_caminata_m2_oficina": 1.8027730162224194, "acc_caminata_n_salud": 0.0021917343964563143, "acc_caminata_n_paraderos": 3.9823662841504762e-13 }, "geometry": { "type": "Polygon", "coordinates": [ [ [ -70.64293133102413, -34.17596174557471 ], [ -70.644106012658511, -34.17738902017345 ], [ -70.643201652981588, -34.178775623575319 ], [ -70.641122620185115, -34.178734948542633 ], [ -70.639947975051896, -34.177307685171883 ], [ -70.640852326212652, -34.175921085606021 ], [ -70.64293133102413, -34.17596174557471 ] ] ] } },
{ "type": "Feature", "properties": { "h3": "89b2c1c53abffff", "acc_caminata_m2_comercio": 7.4453101347410295e-05, "acc_caminata_m2_departamento": 1.6582583826913305e-05, "acc_caminata_n_deporte_y_recreacion": 3.2122152034048768e-18, "acc_caminata_n_educacion_y_cultura": 8.3714364062863581e-14, "acc_caminata_m2_habitacional": 1399.0490896068825, "acc_caminata_m2_industria": 3.255754244739854e-07, "acc_caminata_m2_oficina": 7.2279822792930652e-11, "acc_caminata_n_salud": 3.189070536710899e-19, "acc_caminata_n_paraderos": 9.0894452497699533e-19 }, "geometry": { "type": "Polygon", "coordinates": [ [ [ -70.659464092499022, -34.218402092048549 ], [ -70.660639215266499, -34.21982853426239 ], [ -70.659734683436781, -34.221214286628033 ], [ -70.657655037327373, -34.22117359296481 ], [ -70.656479951044588, -34.21974716195011 ], [ -70.657384474385182, -34.218361413399691 ], [ -70.659464092499022, -34.218402092048549 ] ] ] } },
{ "type": "Feature", "properties": { "h3": "89b2c1c5033ffff", "acc_caminata_m2_comercio": 13.112541032729117, "acc_caminata_m2_departamento": 35.161135771830374, "acc_caminata_n_deporte_y_recreacion": 1.3519162380412446e-13, "acc_caminata_n_educacion_y_cultura": 3.523306933967473e-09, "acc_caminata_m2_habitacional": 21045.968558710043, "acc_caminata_m2_industria": 0.013702572592168349, "acc_caminata_m2_oficina": 3.0420585963125478e-06, "acc_caminata_n_salud": 1.342191923773962e-14, "acc_caminata_n_paraderos": 3.8254970736424213e-14 }, "geometry": { "type": "Polygon", "coordinates": [ [ [ -70.657840688394231, -34.201526440602066 ], [ -70.659015706963999, -34.202953192587763 ], [ -70.658111238898385, -34.204339344855725 ], [ -70.656031760752555, -34.204298741315654 ], [ -70.654856778665319, -34.202872000536544 ], [ -70.655761238240018, -34.201485852091125 ], [ -70.657840688394231, -34.201526440602066 ] ] ] } },
{ "type": "Feature", "properties": { "h3": "89b2c1c1d27ffff", "acc_caminata_m2_comercio": 33303.957891693848, "acc_caminata_m2_departamento": 18756.35761872842, "acc_caminata_n_deporte_y_recreacion": 4.2955572576877064, "acc_caminata_n_educacion_y_cultura": 37.850353984543638, "acc_caminata_m2_habitacional": 14848.468552232322, "acc_caminata_m2_industria": 161.71533299343315, "acc_caminata_m2_oficina": 24708.401924214475, "acc_caminata_n_salud": 11.605650236895224, "acc_caminata_n_paraderos": 4.7719881215817566 }, "geometry": { "type": "Polygon", "coordinates": [ [ [ -70.738689966406142, -34.167962392842021 ], [ -70.739865985238879, -34.169389395026251 ], [ -70.738961566130612, -34.170777383001798 ], [ -70.736881136529973, -34.17073836497255 ], [ -70.735705154027144, -34.169311373941625 ], [ -70.736609564793696, -34.167923389786857 ], [ -70.738689966406142, -34.167962392842021 ] ] ] } },
{ "type": "Feature", "properties": { "h3": "89b2c1c55a7ffff", "acc_caminata_m2_comercio": 460.00094788045755, "acc_caminata_m2_departamento": 0.010966731994158268, "acc_caminata_n_deporte_y_recreacion": 5.0989453462424042e-08, "acc_caminata_n_educacion_y_cultura": 2.1327006212696283e-06, "acc_caminata_m2_habitacional": 8.6192321515170036, "acc_caminata_m2_industria": 8.7124133203267614e-06, "acc_caminata_m2_oficina": 0.00017896916713298249, "acc_caminata_n_salud": 1.4454952416775774e-08, "acc_caminata_n_paraderos": 1.1030464338433211e-17 }, "geometry": { "type": "Polygon", "coordinates": [ [ [ -70.628555138741078, -34.188316967481676 ], [ -70.629729672527574, -34.189744082800111 ], [ -70.628825281088993, -34.191130200620968 ], [ -70.626746364405733, -34.191089199289955 ], [ -70.625571867149375, -34.189662095206693 ], [ -70.626476250044831, -34.188275981219441 ], [ -70.628555138741078, -34.188316967481676 ] ] ] } },
{ "type": "Feature", "properties": { "h3": "89b2c1c19afffff", "acc_caminata_m2_comercio": 4820.1146466172786, "acc_caminata_m2_departamento": 8892.0307678425033, "acc_caminata_n_deporte_y_recreacion": 0.16070586519888261, "acc_caminata_n_educacion_y_cultura": 0.587816339592383, "acc_caminata_m2_habitacional": 22172.229266767517, "acc_caminata_m2_industria": 305.09624743046317, "acc_caminata_m2_oficina": 72.594342004576859, "acc_caminata_n_salud": 0.10231318143201538, "acc_caminata_n_paraderos": 6.9864442919493097 }, "geometry": { "type": "Polygon", "coordinates": [ [ [ -70.740048032650009, -34.182036160737496 ], [ -70.741224138363407, -34.183462904599935 ], [ -70.740319666186423, -34.184850559413974 ], [ -70.738239096634885, -34.184811466551075 ], [ -70.737063027253171, -34.183384733835773 ], [ -70.737967491089961, -34.181997082836411 ], [ -70.740048032650009, -34.182036160737496 ] ] ] } },
{ "type": "Feature", "properties": { "h3": "89b2c1c09d3ffff", "acc_caminata_m2_comercio": 1.3670583518548878, "acc_caminata_m2_departamento": 0.0040371993103297818, "acc_caminata_n_deporte_y_recreacion": 3.8504004711716539e-06, "acc_caminata_n_educacion_y_cultura": 0.00037014237097720599, "acc_caminata_m2_habitacional": 444.90557770971577, "acc_caminata_m2_industria": 9.253926009072594e-09, "acc_caminata_m2_oficina": 0.17109607716700684, "acc_caminata_n_salud": 0.00050590258731451703, "acc_caminata_n_paraderos": 0.00025522652908510364 }, "geometry": { "type": "Polygon", "coordinates": [ [ [ -70.688227343740081, -34.161387175837639 ], [ -70.68940260694248, -34.162814515453881 ], [ -70.688498258287723, -34.164202042465277 ], [ -70.686418654862166, -34.164162226027287 ], [ -70.685243428076816, -34.162734897607592 ], [ -70.686147768298625, -34.161347374429532 ], [ -70.688227343740081, -34.161387175837639 ] ] ] } },
{ "type": "Feature", "properties": { "h3": "89b2c1c0bcfffff", "acc_caminata_m2_comercio": 851.36487043489956, "acc_caminata_m2_departamento": 3164.3322200328712, "acc_caminata_n_deporte_y_recreacion": 0.19647690303837351, "acc_caminata_n_educacion_y_cultura": 1.731364859472283, "acc_caminata_m2_habitacional": 23418.09763887454, "acc_caminata_m2_industria": 14.276327040910006, "acc_caminata_m2_oficina": 38.455370085587212, "acc_caminata_n_salud": 0.33818328844703777, "acc_caminata_n_paraderos": 0.66929711455798879 }, "geometry": { "type": "Polygon", "coordinates": [ [ [ -70.711556555485203, -34.177284178183719 ], [ -70.712732229772769, -34.178711131558728 ], [ -70.711827801015232, -34.180098552108625 ], [ -70.70974770636046, -34.180059015461481 ], [ -70.708572068453492, -34.178632073258399 ], [ -70.709476488819348, -34.177244656530704 ], [ -70.711556555485203, -34.177284178183719 ] ] ] } },
{ "type": "Feature", "properties": { "h3": "89b2c1c542bffff", "acc_caminata_m2_comercio": 3.1511263783161825, "acc_caminata_m2_departamento": 0.78569403083513434, "acc_caminata_n_deporte_y_recreacion": 0.017916228679623742, "acc_caminata_n_educacion_y_cultura": 0.013591960572307195, "acc_caminata_m2_habitacional": 2643.5109834911559, "acc_caminata_m2_industria": 0.14125333936779841, "acc_caminata_m2_oficina": 3.1786298552879129, "acc_caminata_n_salud": 0.00023587067615334848, "acc_caminata_n_paraderos": 1.2090187049539286e-08 }, "geometry": { "type": "Polygon", "coordinates": [ [ [ -70.659471785796981, -34.186114047581164 ], [ -70.660646754022736, -34.187541068800655 ], [ -70.659742341226845, -34.188927624730646 ], [ -70.65766296869073, -34.188887155612733 ], [ -70.656488036940047, -34.187460145604142 ], [ -70.657392441249058, -34.186073593502755 ], [ -70.659471785796981, -34.186114047581164 ] ] ] } },
{ "type": "Feature", "properties": { "h3": "89b2c1c1833ffff", "acc_caminata_m2_comercio": 424.04746557206892, "acc_caminata_m2_departamento": 69.895414723062729, "acc_caminata_n_deporte_y_recreacion": 0.036907004261911479, "acc_caminata_n_educacion_y_cultura": 1.1334279224111496, "acc_caminata_m2_habitacional": 28501.151631660916, "acc_caminata_m2_industria": 13.188701075902985, "acc_caminata_m2_oficina": 7.2213015667778055, "acc_caminata_n_salud": 0.0013337296861192104, "acc_caminata_n_paraderos": 7.8824283408387519 }, "geometry": { "type": "Polygon", "coordinates": [ [ [ -70.764201160884411, -34.174057956121239 ], [ -70.765377574427134, -34.175484737404005 ], [ -70.764473110015999, -34.176872889171364 ], [ -70.762392240356533, -34.17683425584292 ], [ -70.761215863100389, -34.175407485690648 ], [ -70.762120319215796, -34.17401933773651 ], [ -70.764201160884411, -34.174057956121239 ] ] ] } },
{ "type": "Feature", "properties": { "h3": "89b2c1c0857ffff", "acc_caminata_m2_comercio": 351.83897054094848, "acc_caminata_m2_departamento": 1009.916765795331, "acc_caminata_n_deporte_y_recreacion": 0.33218685832973094, "acc_caminata_n_educacion_y_cultura": 0.42448766300332264, "acc_caminata_m2_habitacional": 10794.99826513613, "acc_caminata_m2_industria": 0.87864391652189089, "acc_caminata_m2_oficina": 1.9838885772814199, "acc_caminata_n_salud": 0.017239549334630198, "acc_caminata_n_paraderos": 2.1775398974839422 }, "geometry": { "type": "Polygon", "coordinates": [ [ [ -70.709929224123286, -34.160395451255084 ], [ -70.711104794190661, -34.161822714378296 ], [ -70.710200429135014, -34.163210534685291 ], [ -70.7081205024041, -34.163171088039704 ], [ -70.706944968715206, -34.161743836095823 ], [ -70.707849325377396, -34.160356019618369 ], [ -70.709929224123286, -34.160395451255084 ] ] ] } },
{ "type": "Feature", "properties": { "h3": "89b2c1c14bbffff", "acc_caminata_m2_comercio": 0.0024473723914466379, "acc_caminata_m2_departamento": 1.9959514796624146e-16, "acc_caminata_n_deporte_y_recreacion": 1.6838801876354893e-15, "acc_caminata_n_educacion_y_cultura": 0.00013702155543838398, "acc_caminata_m2_habitacional": 244.58601096301774, "acc_caminata_m2_industria": 0.011601376520708528, "acc_caminata_m2_oficina": 0.0021580898520621693, "acc_caminata_n_salud": 6.3360502066254e-22, "acc_caminata_n_paraderos": 9.6140549718741755e-21 }, "geometry": { "type": "Polygon", "coordinates": [ [ [ -70.80163973662566, -34.110077631471995 ], [ -70.802816379474606, -34.1115053951264 ], [ -70.801912117625278, -34.112895598782245 ], [ -70.799831221148978, -34.112858034951735 ], [ -70.79865461450143, -34.111430282420507 ], [ -70.799558868127463, -34.110040082596861 ], [ -70.80163973662566, -34.110077631471995 ] ] ] } },
{ "type": "Feature", "properties": { "h3": "89b2c1c0167ffff", "acc_caminata_m2_comercio": 86.969179031699369, "acc_caminata_m2_departamento": 11614.632062567409, "acc_caminata_n_deporte_y_recreacion": 0.00075123777732240596, "acc_caminata_n_educacion_y_cultura": 0.011433093902730439, "acc_caminata_m2_habitacional": 20007.797519145908, "acc_caminata_m2_industria": 27.175073991835227, "acc_caminata_m2_oficina": 0.018432984160144706, "acc_caminata_n_salud": 3.2219395938184078e-07, "acc_caminata_n_paraderos": 0.0025502602729973976 }, "geometry": { "type": "Polygon", "coordinates": [ [ [ -70.723494091050995, -34.139572350247057 ], [ -70.724669756079081, -34.140999927271508 ], [ -70.723765455281452, -34.142388432875173 ], [ -70.721685497821753, -34.142349357619089 ], [ -70.720509869142035, -34.140921791770488 ], [ -70.721414161572284, -34.139533290002326 ], [ -70.723494091050995, -34.139572350247057 ] ] ] } },
{ "type": "Feature", "properties": { "h3": "89b2c1c1da7ffff", "acc_caminata_m2_comercio": 5351.7605681096193, "acc_caminata_m2_departamento": 2147.9996161587419, "acc_caminata_n_deporte_y_recreacion": 0.79765438262793886, "acc_caminata_n_educacion_y_cultura": 2.5621111134882479, "acc_caminata_m2_habitacional": 20887.385612264392, "acc_caminata_m2_industria": 55.263856648291238, "acc_caminata_m2_oficina": 1217.8210895834322, "acc_caminata_n_salud": 0.51346287682736036, "acc_caminata_n_paraderos": 3.3422802652576191 }, "geometry": { "type": "Polygon", "coordinates": [ [ [ -70.734890511223043, -34.160865938628447 ], [ -70.73606644160391, -34.162293084596058 ], [ -70.735162052064013, -34.163681201999459 ], [ -70.733081740490036, -34.163642169611002 ], [ -70.731905846443709, -34.162215034802337 ], [ -70.732810227635454, -34.160826921223375 ], [ -70.734890511223043, -34.160865938628447 ] ] ] } },
{ "type": "Feature", "properties": { "h3": "89b2c1ce45bffff", "acc_caminata_m2_comercio": 104.38185118535253, "acc_caminata_m2_departamento": 1767.9411255282173, "acc_caminata_n_deporte_y_recreacion": 0.0019403776595191126, "acc_caminata_n_educacion_y_cultura": 0.73579565779455569, "acc_caminata_m2_habitacional": 14109.655378699636, "acc_caminata_m2_industria": 46.781738897978741, "acc_caminata_m2_oficina": 5.9866838638861744, "acc_caminata_n_salud": 0.00070435997933837276, "acc_caminata_n_paraderos": 0.71178742321000943 }, "geometry": { "type": "Polygon", "coordinates": [ [ [ -70.740862953548799, -34.190479001813806 ], [ -70.742039111395954, -34.191905590630583 ], [ -70.74113460737523, -34.193293045524555 ], [ -70.7390539538453, -34.193253907790911 ], [ -70.737877832330881, -34.191827330117562 ], [ -70.738782328012306, -34.190439879034635 ], [ -70.740862953548799, -34.190479001813806 ] ] ] } },
{ "type": "Feature", "properties": { "h3": "89b2c1c502bffff", "acc_caminata_m2_comercio": 870.71090023033503, "acc_caminata_m2_departamento": 85.870677943868003, "acc_caminata_n_deporte_y_recreacion": 3.8658677392470121e-11, "acc_caminata_n_educacion_y_cultura": 1.0075061034272901e-06, "acc_caminata_m2_habitacional": 9799.2051774584725, "acc_caminata_m2_industria": 3.9183147474805105, "acc_caminata_m2_oficina": 0.00086989088949939396, "acc_caminata_n_salud": 3.8380606075961117e-12, "acc_caminata_n_paraderos": 1.0939187878241064e-11 }, "geometry": { "type": "Polygon", "coordinates": [ [ [ -70.66136581531245, -34.205806604526998 ], [ -70.662540905090594, -34.207233264475093 ], [ -70.661636417913371, -34.208619353917534 ], [ -70.659556849441444, -34.208578779591974 ], [ -70.658381796140887, -34.207152130846069 ], [ -70.659286274833335, -34.205766045223719 ], [ -70.66136581531245, -34.205806604526998 ] ] ] } },
{ "type": "Feature", "properties": { "h3": "89b2c1c5627ffff", "acc_caminata_m2_comercio": 45.910241210202692, "acc_caminata_m2_departamento": 0.00039739354061871799, "acc_caminata_n_deporte_y_recreacion": 2.1640956462423456e-07, "acc_caminata_n_educacion_y_cultura": 0.0064081955258929908, "acc_caminata_m2_habitacional": 2079.8072581000501, "acc_caminata_m2_industria": 381.04443435927226, "acc_caminata_m2_oficina": 22.35083390479398, "acc_caminata_n_salud": 1.036070483991785e-09, "acc_caminata_n_paraderos": 6.9048425671512173e-08 }, "geometry": { "type": "Polygon", "coordinates": [ [ [ -70.676015604739618, -34.196263750974374 ], [ -70.67719085945312, -34.197690518534081 ], [ -70.676286393686169, -34.199077026947222 ], [ -70.674206681661929, -34.199036763979628 ], [ -70.673031463397365, -34.197610007613747 ], [ -70.673935920706782, -34.19622350302182 ], [ -70.676015604739618, -34.196263750974374 ] ] ] } },
{ "type": "Feature", "properties": { "h3": "89b2c1c0a53ffff", "acc_caminata_m2_comercio": 24220.579762681926, "acc_caminata_m2_departamento": 22458.200789386312, "acc_caminata_n_deporte_y_recreacion": 0.60458060000539515, "acc_caminata_n_educacion_y_cultura": 36.355385570728053, "acc_caminata_m2_habitacional": 13418.864997218039, "acc_caminata_m2_industria": 289.60723561122819, "acc_caminata_m2_oficina": 9113.4793518552251, "acc_caminata_n_salud": 6.3255640082405202, "acc_caminata_n_paraderos": 5.240270416420751 }, "geometry": { "type": "Polygon", "coordinates": [ [ [ -70.735705154027144, -34.169311373941625 ], [ -70.736881136529973, -34.17073836497255 ], [ -70.735976715149789, -34.172126282500109 ], [ -70.733896319612683, -34.172087205176155 ], [ -70.732720373445446, -34.17066022530048 ], [ -70.733624786478401, -34.169272311593716 ], [ -70.735705154027144, -34.169311373941625 ] ] ] } },
{ "type": "Feature", "properties": { "h3": "89b2c1c7267ffff", "acc_caminata_m2_comercio": 60.74291332530629, "acc_caminata_m2_departamento": 0.65915128308977056, "acc_caminata_n_deporte_y_recreacion": 0.00087054959204831671, "acc_caminata_n_educacion_y_cultura": 2.0049514647930522, "acc_caminata_m2_habitacional": 16212.746457978608, "acc_caminata_m2_industria": 0.00046884131378288092, "acc_caminata_m2_oficina": 0.74304637020195163, "acc_caminata_n_salud": 8.5596157147344777e-06, "acc_caminata_n_paraderos": 3.9059749175975866e-07 }, "geometry": { "type": "Polygon", "coordinates": [ [ [ -70.660832144091856, -34.167883384384339 ], [ -70.662007044614583, -34.169310726310464 ], [ -70.661102697706696, -34.170697752469778 ], [ -70.659023458757844, -34.170657432867237 ], [ -70.657848594702372, -34.169230102157528 ], [ -70.658752933127133, -34.167843079834114 ], [ -70.660832144091856, -34.167883384384339 ] ] ] } },
{ "type": "Feature", "properties": { "h3": "89b2c1c52afffff", "acc_caminata_m2_comercio": 0.0037451342187956303, "acc_caminata_m2_departamento": 0.00040919275396828934, "acc_caminata_n_deporte_y_recreacion": 1.0545419881938442e-12, "acc_caminata_n_educacion_y_cultura": 4.0509594600504947e-10, "acc_caminata_m2_habitacional": 846.33762837412348, "acc_caminata_m2_industria": 0.0015749921093405031, "acc_caminata_m2_oficina": 3.4965870495318172e-07, "acc_caminata_n_salud": 1.7019442306016739e-14, "acc_caminata_n_paraderos": 5.4657503511620072e-15 }, "geometry": { "type": "Polygon", "coordinates": [ [ [ -70.677369616912458, -34.210328948046794 ], [ -70.67854495846926, -34.211755457414995 ], [ -70.67764043958023, -34.213141632592304 ], [ -70.675560587589061, -34.21310129458648 ], [ -70.674385282482987, -34.21167479640588 ], [ -70.675289792916004, -34.210288625043709 ], [ -70.677369616912458, -34.210328948046794 ] ] ] } },
{ "type": "Feature", "properties": { "h3": "89b2c1c42d3ffff", "acc_caminata_m2_comercio": 1339.0196977272699, "acc_caminata_m2_departamento": 0.00021448728570915259, "acc_caminata_n_deporte_y_recreacion": 1.4735832786341218e-08, "acc_caminata_n_educacion_y_cultura": 4.5074703623232165e-08, "acc_caminata_m2_habitacional": 85.705774271512723, "acc_caminata_m2_industria": 1.7178198837604793e-07, "acc_caminata_m2_oficina": 5.4076921836376303e-06, "acc_caminata_n_salud": 2.8253215373191831e-10, "acc_caminata_n_paraderos": 5.0264590113852775e-18 }, "geometry": { "type": "Polygon", "coordinates": [ [ [ -70.625571867149375, -34.189662095206693 ], [ -70.626746364405733, -34.191089199289955 ], [ -70.625841970880515, -34.192475246643788 ], [ -70.623763088646228, -34.192434186080924 ], [ -70.622588627925666, -34.191007093234724 ], [ -70.623493012902244, -34.189621049714518 ], [ -70.625571867149375, -34.189662095206693 ] ] ] } },
{ "type": "Feature", "properties": { "h3": "89b2c1c0363ffff", "acc_caminata_m2_comercio": 168.23588608921631, "acc_caminata_m2_departamento": 4722.247052974807, "acc_caminata_n_deporte_y_recreacion": 0.074244686114266795, "acc_caminata_n_educacion_y_cultura": 0.027953710397137562, "acc_caminata_m2_habitacional": 4666.8296183293714, "acc_caminata_m2_industria": 5.2982745440767571, "acc_caminata_m2_oficina": 1.06914977073081, "acc_caminata_n_salud": 0.019217345823330269, "acc_caminata_n_paraderos": 0.68899735762119441 }, "geometry": { "type": "Polygon", "coordinates": [ [ [ -70.749270864426876, -34.148486814266747 ], [ -70.750446941646075, -34.149914119281732 ], [ -70.749542584728914, -34.151302722140379 ], [ -70.74746215891237, -34.151264016157491 ], [ -70.74628611799865, -34.149836722294282 ], [ -70.747190466594645, -34.148448123262376 ], [ -70.749270864426876, -34.148486814266747 ] ] ] } },
{ "type": "Feature", "properties": { "h3": "89b2c1c54abffff", "acc_caminata_m2_comercio": 4139.1031246068233, "acc_caminata_m2_departamento": 443.73917262895986, "acc_caminata_n_deporte_y_recreacion": 0.13416537112002724, "acc_caminata_n_educacion_y_cultura": 1.6747891291056614, "acc_caminata_m2_habitacional": 7994.2371768214971, "acc_caminata_m2_industria": 100.30526714864996, "acc_caminata_m2_oficina": 2067.7659481141777, "acc_caminata_n_salud": 0.50759972596473657, "acc_caminata_n_paraderos": 1.814995232943136e-09 }, "geometry": { "type": "Polygon", "coordinates": [ [ [ -70.655676526912202, -34.179018949848526 ], [ -70.656851406576806, -34.18044611461827 ], [ -70.655947023518323, -34.181832799982089 ], [ -70.653867769287146, -34.181792316744087 ], [ -70.652692926102205, -34.180365163190878 ], [ -70.653597300667414, -34.178978481659364 ], [ -70.655676526912202, -34.179018949848526 ] ] ] } },
{ "type": "Feature", "properties": { "h3": "89b2c1c18b3ffff", "acc_caminata_m2_comercio": 2333.241993143974, "acc_caminata_m2_departamento": 444.85516826931581, "acc_caminata_n_deporte_y_recreacion": 0.30726134419177592, "acc_caminata_n_educacion_y_cultura": 10.270421415233558, "acc_caminata_m2_habitacional": 23173.139855926798, "acc_caminata_m2_industria": 459.70082800632366, "acc_caminata_m2_oficina": 948.072358735737, "acc_caminata_n_salud": 0.1204919699333727, "acc_caminata_n_paraderos": 7.9761601031398763 }, "geometry": { "type": "Polygon", "coordinates": [ [ [ -70.760400172124506, -34.166962221380459 ], [ -70.76157649724216, -34.168389146578114 ], [ -70.760672062347723, -34.169777427792567 ], [ -70.758591310636433, -34.169738779992656 ], [ -70.75741502180999, -34.168311865931152 ], [ -70.758319448402247, -34.166923588533592 ], [ -70.760400172124506, -34.166962221380459 ] ] ] } },
{ "type": "Feature", "properties": { "h3": "89b2c1c08d7ffff", "acc_caminata_m2_comercio": 275.88527911474546, "acc_caminata_m2_departamento": 1482.4285441020293, "acc_caminata_n_deporte_y_recreacion": 0.30148059634307461, "acc_caminata_n_educacion_y_cultura": 0.55401008802808371, "acc_caminata_m2_habitacional": 17674.535737111986, "acc_caminata_m2_industria": 40.944578693176197, "acc_caminata_m2_oficina": 16.859155078917265, "acc_caminata_n_salud": 0.0034869156541441622, "acc_caminata_n_paraderos": 6.2817412423408339 }, "geometry": { "type": "Polygon", "coordinates": [ [ [ -70.706131509992517, -34.153298121348165 ], [ -70.707306991578434, -34.154725528103164 ], [ -70.706402656149137, -34.15611347781504 ], [ -70.704322847532467, -34.156074016938938 ], [ -70.703147402329662, -34.154646621368897 ], [ -70.704051729359065, -34.153258675490228 ], [ -70.706131509992517, -34.153298121348165 ] ] ] } },
{ "type": "Feature", "properties": { "h3": "89b2c1c735bffff", "acc_caminata_m2_comercio": 25.938217632347317, "acc_caminata_m2_departamento": 21.261962005333725, "acc_caminata_n_deporte_y_recreacion": 0.003227848230443683, "acc_caminata_n_educacion_y_cultura": 1.0428461353123835, "acc_caminata_m2_habitacional": 17900.766935211486, "acc_caminata_m2_industria": 0.27868204272049729, "acc_caminata_m2_oficina": 2.5033388320294612, "acc_caminata_n_salud": 0.0018444723263379959, "acc_caminata_n_paraderos": 5.9920457172631043e-12 }, "geometry": { "type": "Polygon", "coordinates": [ [ [ -70.651611161475813, -34.169108907370585 ], [ -70.652785935220379, -34.170536267205584 ], [ -70.651881592530287, -34.171923148612656 ], [ -70.649802484594247, -34.171882666347749 ], [ -70.648627747333549, -34.170455317736199 ], [ -70.649532081523674, -34.169068440166313 ], [ -70.651611161475813, -34.169108907370585 ] ] ] } },
{ "type": "Feature", "properties": { "h3": "89b2c1c0b47ffff", "acc_caminata_m2_comercio": 189.52876327620092, "acc_caminata_m2_departamento": 171.17324781613391, "acc_caminata_n_deporte_y_recreacion": 0.021572915933724044, "acc_caminata_n_educacion_y_cultura": 1.2287893173841546, "acc_caminata_m2_habitacional": 3029.3917982498165, "acc_caminata_m2_industria": 1.8330348518119612, "acc_caminata_m2_oficina": 7.1203078516145348, "acc_caminata_n_salud": 0.027292444773323477, "acc_caminata_n_paraderos": 0.36039060219878172 }, "geometry": { "type": "Polygon", "coordinates": [ [ [ -70.712099053299156, -34.182912807760538 ], [ -70.713274762330386, -34.184339657851027 ], [ -70.712370312337228, -34.185726945133112 ], [ -70.710290161702545, -34.185687378505129 ], [ -70.709114489052652, -34.184260539584045 ], [ -70.710018930654769, -34.182873256121738 ], [ -70.712099053299156, -34.182912807760538 ] ] ] } },
{ "type": "Feature", "properties": { "h3": "89b2c1c1e27ffff", "acc_caminata_m2_comercio": 125.35957821313221, "acc_caminata_m2_departamento": 22634.813700680603, "acc_caminata_n_deporte_y_recreacion": 0.055471393190743221, "acc_caminata_n_educacion_y_cultura": 0.0071560921991830079, "acc_caminata_m2_habitacional": 10776.179422455827, "acc_caminata_m2_industria": 53.283313258394017, "acc_caminata_m2_oficina": 16.840814989899854, "acc_caminata_n_salud": 4.912591840459486e-06, "acc_caminata_n_paraderos": 0.16209153943605181 }, "geometry": { "type": "Polygon", "coordinates": [ [ [ -70.78238579245739, -34.168773476171374 ], [ -70.783562440983118, -34.170200272497418 ], [ -70.782657979960192, -34.171588780296801 ], [ -70.780576878672491, -34.171550487958491 ], [ -70.779400266399591, -34.170123702750139 ], [ -70.780304719160227, -34.16873519876259 ], [ -70.78238579245739, -34.168773476171374 ] ] ] } },
{ "type": "Feature", "properties": { "h3": "89b2c1c0e4bffff", "acc_caminata_m2_comercio": 10857.471539463359, "acc_caminata_m2_departamento": 1943.3507253962189, "acc_caminata_n_deporte_y_recreacion": 3.3155321142820005, "acc_caminata_n_educacion_y_cultura": 15.797918692370235, "acc_caminata_m2_habitacional": 12103.475690080852, "acc_caminata_m2_industria": 6.7873002671779998, "acc_caminata_m2_oficina": 3738.7357019308424, "acc_caminata_n_salud": 2.4972793662643102, "acc_caminata_n_paraderos": 4.1850010148627659 }, "geometry": { "type": "Polygon", "coordinates": [ [ [ -70.737332069203802, -34.153885668004271 ], [ -70.738508001167105, -34.155312928400562 ], [ -70.737603635122369, -34.156701249489224 ], [ -70.735523345456244, -34.156662306354924 ], [ -70.734347449821101, -34.155235057118141 ], [ -70.735251807522587, -34.15384673985632 ], [ -70.737332069203802, -34.153885668004271 ] ] ] } },
{ "type": "Feature", "properties": { "h3": "89b2c1c56a7ffff", "acc_caminata_m2_comercio": 0.21201036517514468, "acc_caminata_m2_departamento": 5.8619593323825627e-06, "acc_caminata_n_deporte_y_recreacion": 1.1881710848187044e-06, "acc_caminata_n_educacion_y_cultura": 0.12283839604493464, "acc_caminata_m2_habitacional": 8049.4596057848148, "acc_caminata_m2_industria": 31.086141720978052, "acc_caminata_m2_oficina": 0.018404650903224618, "acc_caminata_n_salud": 3.2330994523355409e-10, "acc_caminata_n_paraderos": 4.1484133419810554e-07 }, "geometry": { "type": "Polygon", "coordinates": [ [ [ -70.672219252859847, -34.189169715095545 ], [ -70.673394419024859, -34.190596626320101 ], [ -70.672489982963427, -34.191983264190497 ], [ -70.67041038919956, -34.191942987011643 ], [ -70.66923525948809, -34.190516086986541 ], [ -70.67013968708558, -34.189129452941046 ], [ -70.672219252859847, -34.189169715095545 ] ] ] } },
{ "type": "Feature", "properties": { "h3": "89b2c1c0ad3ffff", "acc_caminata_m2_comercio": 4940.8575991382204, "acc_caminata_m2_departamento": 4955.4945441465279, "acc_caminata_n_deporte_y_recreacion": 0.37792028728697274, "acc_caminata_n_educacion_y_cultura": 20.618493112671864, "acc_caminata_m2_habitacional": 14707.906528424879, "acc_caminata_m2_industria": 206.09720163512176, "acc_caminata_m2_oficina": 1535.1585274123327, "acc_caminata_n_salud": 0.58756243087910187, "acc_caminata_n_paraderos": 1.1525072547029931 }, "geometry": { "type": "Polygon", "coordinates": [ [ [ -70.731905846443709, -34.162215034802337 ], [ -70.733081740490036, -34.163642169611002 ], [ -70.732177348684743, -34.165030216567843 ], [ -70.73009707118544, -34.164991124891728 ], [ -70.72892121347931, -34.163564001243948 ], [ -70.729825596930951, -34.16217595811159 ], [ -70.731905846443709, -34.162215034802337 ] ] ] } },
{ "type": "Feature", "properties": { "h3": "89b2c1c532fffff", "acc_caminata_m2_comercio": 0.00022497802896176162, "acc_caminata_m2_departamento": 5.0108282354337572e-05, "acc_caminata_n_deporte_y_recreacion": 9.8063103324057413e-18, "acc_caminata_n_educacion_y_cultura": 2.5296317829983291e-13, "acc_caminata_m2_habitacional": 1158.0020861071516, "acc_caminata_m2_industria": 9.8380478382978852e-07, "acc_caminata_m2_oficina": 2.1841094288041409e-10, "acc_caminata_n_salud": 9.636546907850171e-19, "acc_caminata_n_paraderos": 2.746595426706446e-18 }, "geometry": { "type": "Polygon", "coordinates": [ [ [ -70.66027588553186, -34.226838320877725 ], [ -70.661451060404247, -34.228264608146645 ], [ -70.660546496689662, -34.2296501605354 ], [ -70.658466766589584, -34.229609421843833 ], [ -70.657291628202984, -34.228183145770316 ], [ -70.658196183429325, -34.226797597193155 ], [ -70.66027588553186, -34.226838320877725 ] ] ] } },
{ "type": "Feature", "properties": { "h3": "89b2c1c006bffff", "acc_caminata_m2_comercio": 88.228848779172566, "acc_caminata_m2_departamento": 1.1705485457869826, "acc_caminata_n_deporte_y_recreacion": 0.39261947714649309, "acc_caminata_n_educacion_y_cultura": 0.37821891151766895, "acc_caminata_m2_habitacional": 1332.706632109963, "acc_caminata_m2_industria": 102.68178477038165, "acc_caminata_m2_oficina": 0.096332716860429921, "acc_caminata_n_salud": 3.5851008973971195e-06, "acc_caminata_n_paraderos": 5.3561810136582992e-05 }, "geometry": { "type": "Polygon", "coordinates": [ [ [ -70.750625231251803, -34.130238356727759 ], [ -70.751801240531634, -34.131665982638914 ], [ -70.750896949562986, -34.133055055587931 ], [ -70.748816657630599, -34.133016498791953 ], [ -70.747640684648445, -34.131588884038024 ], [ -70.748544967299622, -34.130199814923053 ], [ -70.750625231251803, -34.130238356727759 ] ] ] } },
{ "type": "Feature", "properties": { "h3": "89b2c1c1cabffff", "acc_caminata_m2_comercio": 87.452885347103177, "acc_caminata_m2_departamento": 2940.6725581004289, "acc_caminata_n_deporte_y_recreacion": 0.0051384895854878375, "acc_caminata_n_educacion_y_cultura": 0.33467261028460488, "acc_caminata_m2_habitacional": 24498.082221627803, "acc_caminata_m2_industria": 1.3151983515377006, "acc_caminata_m2_oficina": 1.5457689615118275, "acc_caminata_n_salud": 0.0038273657920832108, "acc_caminata_n_paraderos": 0.76769471012462887 }, "geometry": { "type": "Polygon", "coordinates": [ [ [ -70.762025811531672, -34.151534232740261 ], [ -70.763202086044657, -34.152961427399418 ], [ -70.762297706509955, -34.154350112171272 ], [ -70.760217060759103, -34.154311598461248 ], [ -70.759040822529897, -34.152884414942449 ], [ -70.759945193766441, -34.151495733993528 ], [ -70.762025811531672, -34.151534232740261 ] ] ] } },
{ "type": "Feature", "properties": { "h3": "89b2c1c1933ffff", "acc_caminata_m2_comercio": 416.68619172683435, "acc_caminata_m2_departamento": 668.82985520388968, "acc_caminata_n_deporte_y_recreacion": 0.017829783678784489, "acc_caminata_n_educacion_y_cultura": 0.17375366794924268, "acc_caminata_m2_habitacional": 3178.7210783453106, "acc_caminata_m2_industria": 2912.391027150662, "acc_caminata_m2_oficina": 26.323361028295533, "acc_caminata_n_salud": 1.009510389051711, "acc_caminata_n_paraderos": 1.6318368567045287 }, "geometry": { "type": "Polygon", "coordinates": [ [ [ -70.743304741966995, -34.1835019381572 ], [ -70.744480901384222, -34.184928641486096 ], [ -70.743576420872856, -34.186316300113575 ], [ -70.74149578927728, -34.186277251598909 ], [ -70.740319666186423, -34.184850559413974 ], [ -70.741224138363407, -34.183462904599935 ], [ -70.743304741966995, -34.1835019381572 ] ] ] } },
{ "type": "Feature", "properties": { "h3": "89b2c1c0957ffff", "acc_caminata_m2_comercio": 403.80230559814754, "acc_caminata_m2_departamento": 0.43426006938600836, "acc_caminata_n_deporte_y_recreacion": 0.061273926265134802, "acc_caminata_n_educacion_y_cultura": 4.6335374456870912, "acc_caminata_m2_habitacional": 30729.540394150987, "acc_caminata_m2_industria": 4.5067859072617392e-05, "acc_caminata_m2_oficina": 13.002618647950289, "acc_caminata_n_salud": 0.0010515923121647809, "acc_caminata_n_paraderos": 0.30242785208141848 }, "geometry": { "type": "Polygon", "coordinates": [ [ [ -70.689040107620301, -34.169831421076907 ], [ -70.69021542291928, -34.171258605904299 ], [ -70.689311042405734, -34.172645933048251 ], [ -70.687231355023911, -34.172606071535363 ], [ -70.686056076143061, -34.17117889790083 ], [ -70.686960448224568, -34.169791574586526 ], [ -70.689040107620301, -34.169831421076907 ] ] ] } },
{ "type": "Feature", "properties": { "h3": "89b2c1c025bffff", "acc_caminata_m2_comercio": 0.057244390009627479, "acc_caminata_m2_departamento": 6.4200756615261724e-05, "acc_caminata_n_deporte_y_recreacion": 1.1170040537859501e-09, "acc_caminata_n_educacion_y_cultura": 2.7169159049727082e-08, "acc_caminata_m2_habitacional": 214.34787461213054, "acc_caminata_m2_industria": 1.3757199378163196e-05, "acc_caminata_m2_oficina": 4.4221906667814236e-07, "acc_caminata_n_salud": 4.2823510413329129e-10, "acc_caminata_n_paraderos": 7.9344903359793234e-09 }, "geometry": { "type": "Polygon", "coordinates": [ [ [ -70.778847971396374, -34.132163756893902 ], [ -70.780024393980241, -34.133591224967034 ], [ -70.779120070837521, -34.134980598803992 ], [ -70.777039333375868, -34.134942500740358 ], [ -70.775862947040309, -34.133515043800955 ], [ -70.77676726191676, -34.132125673791634 ], [ -70.778847971396374, -34.132163756893902 ] ] ] } },
{ "type": "Feature", "properties": { "h3": "89b2c1c1ea7ffff", "acc_caminata_m2_comercio": 38.699535112654665, "acc_caminata_m2_departamento": 1.1979329118311901, "acc_caminata_n_deporte_y_recreacion": 0.00066269388318073667, "acc_caminata_n_educacion_y_cultura": 0.086202035587765707, "acc_caminata_m2_habitacional": 3007.2732887105358, "acc_caminata_m2_industria": 0.6817025264620088, "acc_caminata_m2_oficina": 3.2007652781654867, "acc_caminata_n_salud": 3.0461370455145874e-05, "acc_caminata_n_paraderos": 0.46074224783380541 }, "geometry": { "type": "Polygon", "coordinates": [ [ [ -70.778583860332958, -34.161677325107895 ], [ -70.779760420459752, -34.163104265396996 ], [ -70.77885598891433, -34.164492902640077 ], [ -70.776775005509506, -34.164454595778729 ], [ -70.775598481640188, -34.16302766661294 ], [ -70.776502904916867, -34.161639033185374 ], [ -70.778583860332958, -34.161677325107895 ] ] ] } },
{ "type": "Feature", "properties": { "h3": "89b2c1c0ecbffff", "acc_caminata_m2_comercio": 2758.9339532780759, "acc_caminata_m2_departamento": 295.46772793414999, "acc_caminata_n_deporte_y_recreacion": 1.0353368186150269, "acc_caminata_n_educacion_y_cultura": 9.8221960545279554, "acc_caminata_m2_habitacional": 19978.654983919019, "acc_caminata_m2_industria": 181.83188850527563, "acc_caminata_m2_oficina": 1179.7696974455969, "acc_caminata_n_salud": 0.057308772017802261, "acc_caminata_n_paraderos": 2.313561889593736 }, "geometry": { "type": "Polygon", "coordinates": [ [ [ -70.733532908414574, -34.146787848027131 ], [ -70.734708751934477, -34.148215252134726 ], [ -70.733804415457556, -34.149603702625747 ], [ -70.731724243809026, -34.149564745178822 ], [ -70.730548436621916, -34.148137352236354 ], [ -70.731452764749179, -34.146748905575869 ], [ -70.733532908414574, -34.146787848027131 ] ] ] } },
{ "type": "Feature", "properties": { "h3": "89b2c1c0b53ffff", "acc_caminata_m2_comercio": 862.27736426477202, "acc_caminata_m2_departamento": 3664.5801618754899, "acc_caminata_n_deporte_y_recreacion": 0.57198903539314572, "acc_caminata_n_educacion_y_cultura": 1.0323944137592402, "acc_caminata_m2_habitacional": 19851.356578353854, "acc_caminata_m2_industria": 57.75554316427943, "acc_caminata_m2_oficina": 66.825312753890501, "acc_caminata_n_salud": 0.39135221666785258, "acc_caminata_n_paraderos": 2.9807951167569007 }, "geometry": { "type": "Polygon", "coordinates": [ [ [ -70.71481235857668, -34.178750608922599 ], [ -70.715988086611162, -34.180177521826295 ], [ -70.715083649467772, -34.18156494619717 ], [ -70.713003492674417, -34.18152545384357 ], [ -70.711827801015232, -34.180098552108625 ], [ -70.712732229772769, -34.178711131558728 ], [ -70.71481235857668, -34.178750608922599 ] ] ] } },
{ "type": "Feature", "properties": { "h3": "89b2c1c7367ffff", "acc_caminata_m2_comercio": 66.167632693254731, "acc_caminata_m2_departamento": 5.7334994490646958, "acc_caminata_n_deporte_y_recreacion": 0.012621099464501916, "acc_caminata_n_educacion_y_cultura": 0.012887595511416871, "acc_caminata_m2_habitacional": 8084.0031858296206, "acc_caminata_m2_industria": 2.6560531074842491, "acc_caminata_m2_oficina": 1.9207785063718363, "acc_caminata_n_salud": 0.00062169428657287773, "acc_caminata_n_paraderos": 1.1296142314962101e-13 }, "geometry": { "type": "Polygon", "coordinates": [ [ [ -70.639947975051896, -34.177307685171883 ], [ -70.641122620185115, -34.178734948542633 ], [ -70.640218258397525, -34.180121481482416 ], [ -70.638139259997061, -34.180080747215634 ], [ -70.636964651370661, -34.178653495074791 ], [ -70.637869004636585, -34.177266965971029 ], [ -70.639947975051896, -34.177307685171883 ] ] ] } },
{ "type": "Feature", "properties": { "h3": "89b2c1c5037ffff", "acc_caminata_m2_comercio": 10.989084218584726, "acc_caminata_m2_departamento": 29.467109483455832, "acc_caminata_n_deporte_y_recreacion": 1.1329856935605255e-13, "acc_caminata_n_educacion_y_cultura": 2.9527394063935847e-09, "acc_caminata_m2_habitacional": 1425.3663127945806, "acc_caminata_m2_industria": 0.011483565530949471, "acc_caminata_m2_oficina": 2.5494248619934011e-06, "acc_caminata_n_salud": 1.1248361435850908e-14, "acc_caminata_n_paraderos": 3.2059926001586228e-14 }, "geometry": { "type": "Polygon", "coordinates": [ [ [ -70.654856778665319, -34.202872000536544 ], [ -70.656031760752555, -34.204298741315654 ], [ -70.655127290550737, -34.205684823116677 ], [ -70.653047846756706, -34.205644160316268 ], [ -70.651872901157645, -34.2042174307457 ], [ -70.652777362863077, -34.20283135276722 ], [ -70.654856778665319, -34.202872000536544 ] ] ] } },
{ "type": "Feature", "properties": { "h3": "89b2c1ce5d7ffff", "acc_caminata_m2_comercio": 7.9457309333055184, "acc_caminata_m2_departamento": 11.47754720641176, "acc_caminata_n_deporte_y_recreacion": 0.052546437401152502, "acc_caminata_n_educacion_y_cultura": 5.1903044746209295, "acc_caminata_m2_habitacional": 785.35965688097076, "acc_caminata_m2_industria": 0.00061661174023816578, "acc_caminata_m2_oficina": 2.4374589719597259, "acc_caminata_n_salud": 0.093603150354295409, "acc_caminata_n_paraderos": 0.0064668580638366398 }, "geometry": { "type": "Polygon", "coordinates": [ [ [ -70.709928170601557, -34.192702351965863 ], [ -70.71110389536922, -34.194129035931013 ], [ -70.710199411292194, -34.195516052839444 ], [ -70.708119210841815, -34.195476381966792 ], [ -70.70694352246224, -34.194049709169263 ], [ -70.707847998143578, -34.192662696076972 ], [ -70.709928170601557, -34.192702351965863 ] ] ] } },
{ "type": "Feature", "properties": { "h3": "89b2c1c1d2bffff", "acc_caminata_m2_comercio": 80442.21481774452, "acc_caminata_m2_departamento": 8784.6524225526027, "acc_caminata_n_deporte_y_recreacion": 0.079466406330817502, "acc_caminata_n_educacion_y_cultura": 12.035553539886903, "acc_caminata_m2_habitacional": 7141.0380853136385, "acc_caminata_m2_industria": 401.32063759389672, "acc_caminata_m2_oficina": 23794.9131803936, "acc_caminata_n_salud": 12.733971344928422, "acc_caminata_n_paraderos": 2.1600929333743335 }, "geometry": { "type": "Polygon", "coordinates": [ [ [ -70.74493136341934, -34.168079194773199 ], [ -70.746107472270836, -34.16950616760024 ], [ -70.745203047109129, -34.17089422984251 ], [ -70.743122521424951, -34.170855315438438 ], [ -70.74194644889235, -34.169428353759649 ], [ -70.742850865723696, -34.168040295336866 ], [ -70.74493136341934, -34.168079194773199 ] ] ] } },
{ "type": "Feature", "properties": { "h3": "89b2c1c55abffff", "acc_caminata_m2_comercio": 10.171951975725969, "acc_caminata_m2_departamento": 0.49804959445884922, "acc_caminata_n_deporte_y_recreacion": 2.3156649248076963e-06, "acc_caminata_n_educacion_y_cultura": 9.6855716004665693e-05, "acc_caminata_m2_habitacional": 122.56646023930682, "acc_caminata_m2_industria": 0.00039567064493397161, "acc_caminata_m2_oficina": 0.0081278106512222958, "acc_caminata_n_salud": 6.5646568120129664e-07, "acc_caminata_n_paraderos": 5.0094397249571065e-16 }, "geometry": { "type": "Polygon", "coordinates": [ [ [ -70.63479199854531, -34.188439719474452 ], [ -70.635966622733719, -34.189866805687828 ], [ -70.635062224854991, -34.191252997807382 ], [ -70.632983211318347, -34.191212099881355 ], [ -70.63180862364915, -34.189785024898029 ], [ -70.632713012996049, -34.188398836610865 ], [ -70.63479199854531, -34.188439719474452 ] ] ] } },
{ "type": "Feature", "properties": { "h3": "89b2c1c19b3ffff", "acc_caminata_m2_comercio": 1042.2468527819053, "acc_caminata_m2_departamento": 1166.6951739097565, "acc_caminata_n_deporte_y_recreacion": 19.203403287341729, "acc_caminata_n_educacion_y_cultura": 5.3141146498171778, "acc_caminata_m2_habitacional": 7124.103182197654, "acc_caminata_m2_industria": 88.257799305192307, "acc_caminata_m2_oficina": 1077.1255471336244, "acc_caminata_n_salud": 0.074210318545377033, "acc_caminata_n_paraderos": 3.5314245917835421 }, "geometry": { "type": "Polygon", "coordinates": [ [ [ -70.739504785865549, -34.176407008462974 ], [ -70.74068085682535, -34.177833855667288 ], [ -70.739776405876469, -34.179221643751717 ], [ -70.737695892307258, -34.17918258081491 ], [ -70.736519857678459, -34.177755744760212 ], [ -70.73742430028652, -34.176367960492904 ], [ -70.739504785865549, -34.176407008462974 ] ] ] } },
{ "type": "Feature", "properties": { "h3": "89b2c1c09d7ffff", "acc_caminata_m2_comercio": 6.7373134187296984, "acc_caminata_m2_departamento": 0.019896646731037543, "acc_caminata_n_deporte_y_recreacion": 1.8976040581376441e-05, "acc_caminata_n_educacion_y_cultura": 0.0018241834077100665, "acc_caminata_m2_habitacional": 1573.6110017609758, "acc_caminata_m2_industria": 4.5606392581751801e-08, "acc_caminata_m2_oficina": 0.84321777122769803, "acc_caminata_n_salud": 0.0024932544287224242, "acc_caminata_n_paraderos": 0.0012578403232661748 }, "geometry": { "type": "Polygon", "coordinates": [ [ [ -70.685243428076816, -34.162734897607592 ], [ -70.686418654862166, -34.164162226027287 ], [ -70.685514304020657, -34.165549682586011 ], [ -70.683434734830954, -34.165509806891912 ], [ -70.682259544468337, -34.164082489670697 ], [ -70.683163886871355, -34.162695036945308 ], [ -70.685243428076816, -34.162734897607592 ] ] ] } },
{ "type": "Feature", "properties": { "h3": "89b2c1c094bffff", "acc_caminata_m2_comercio": 1226.1432324662137, "acc_caminata_m2_departamento": 29.992245377922313, "acc_caminata_n_deporte_y_recreacion": 0.10148498841256205, "acc_caminata_n_educacion_y_cultura": 1.1715439056802079, "acc_caminata_m2_habitacional": 9172.336381606905, "acc_caminata_m2_industria": 0.0018280081003976868, "acc_caminata_m2_oficina": 61.79524755713318, "acc_caminata_n_salud": 0.00017635478306426804, "acc_caminata_n_paraderos": 0.30499247734725365 }, "geometry": { "type": "Polygon", "coordinates": [ [ [ -70.69555029741116, -34.172765310567513 ], [ -70.696725720264112, -34.174192414555307 ], [ -70.695821322903882, -34.175579749354895 ], [ -70.693741511109735, -34.175539976339692 ], [ -70.692566124664268, -34.174112883538399 ], [ -70.693470513604083, -34.172725552566007 ], [ -70.69555029741116, -34.172765310567513 ] ] ] } },
{ "type": "Feature", "properties": { "h3": "89b2c1c327bffff", "acc_caminata_m2_comercio": 2.2828859742111277e-08, "acc_caminata_m2_departamento": 1.861804788699893e-21, "acc_caminata_n_deporte_y_recreacion": 1.5707076193390891e-20, "acc_caminata_n_educacion_y_cultura": 0.68760621129763011, "acc_caminata_m2_habitacional": 609.50378546847105, "acc_caminata_m2_industria": 1.0821655026112648e-07, "acc_caminata_m2_oficina": 10.829797827937679, "acc_caminata_n_salud": 5.9102081069292061e-27, "acc_caminata_n_paraderos": 8.9679001558128287e-26 }, "geometry": { "type": "Polygon", "coordinates": [ [ [ -70.813035489126406, -34.099028788829763 ], [ -70.814212241965677, -34.100456700231341 ], [ -70.813308010869704, -34.101847318748128 ], [ -70.811227035134934, -34.101810022029021 ], [ -70.8100503184736, -34.100382121745326 ], [ -70.810954541367764, -34.098991507063033 ], [ -70.813035489126406, -34.099028788829763 ] ] ] } },
{ "type": "Feature", "properties": { "h3": "89b2c1c1927ffff", "acc_caminata_m2_comercio": 135.1484216658877, "acc_caminata_m2_departamento": 13405.009079258909, "acc_caminata_n_deporte_y_recreacion": 0.0051645441774546968, "acc_caminata_n_educacion_y_cultura": 0.076380463649809341, "acc_caminata_m2_habitacional": 19098.583352945876, "acc_caminata_m2_industria": 60.268447815044659, "acc_caminata_m2_oficina": 8.0619685257988554, "acc_caminata_n_salud": 0.0037761653624960368, "acc_caminata_n_paraderos": 0.54489350591683483 }, "geometry": { "type": "Polygon", "coordinates": [ [ [ -70.740591306485925, -34.187664839774854 ], [ -70.741767446954725, -34.189091480277888 ], [ -70.740862953548799, -34.190479001813806 ], [ -70.738782328012306, -34.190439879034635 ], [ -70.737606223875915, -34.189013249676243 ], [ -70.738510708942258, -34.187625731952593 ], [ -70.740591306485925, -34.187664839774854 ] ] ] } },
{ "type": "Feature", "properties": { "h3": "89b2c1c12c3ffff", "acc_caminata_m2_comercio": 5.8389486144060001, "acc_caminata_m2_departamento": 9.2774626055764011e-15, "acc_caminata_n_deporte_y_recreacion": 6.6856014725746206e-06, "acc_caminata_n_educacion_y_cultura": 5.266278697524658e-09, "acc_caminata_m2_habitacional": 203.77068461143108, "acc_caminata_m2_industria": 0.0026439001400472362, "acc_caminata_m2_oficina": 4.5631661358700045e-17, "acc_caminata_n_salud": 7.8683039321638207e-20, "acc_caminata_n_paraderos": 9.3253931252563511e-16 }, "geometry": { "type": "Polygon", "coordinates": [ [ [ -70.838570944361337, -34.137460453709608 ], [ -70.839748245830549, -34.138887564346938 ], [ -70.838843851522356, -34.140277543637268 ], [ -70.836762163901426, -34.14024040847702 ], [ -70.83558489857613, -34.138813308923261 ], [ -70.836489284726454, -34.137423333446399 ], [ -70.838570944361337, -34.137460453709608 ] ] ] } },
{ "type": "Feature", "properties": { "h3": "89b2c1c0bd3ffff", "acc_caminata_m2_comercio": 19362.558598478234, "acc_caminata_m2_departamento": 2390.096972296134, "acc_caminata_n_deporte_y_recreacion": 2.0789648271803634, "acc_caminata_n_educacion_y_cultura": 5.2563649612668542, "acc_caminata_m2_habitacional": 16005.677205610489, "acc_caminata_m2_industria": 394.14242088779264, "acc_caminata_m2_oficina": 615.53464804935834, "acc_caminata_n_salud": 0.39263816052756501, "acc_caminata_n_paraderos": 4.264531015576754 }, "geometry": { "type": "Polygon", "coordinates": [ [ [ -70.711014084685843, -34.171655075540166 ], [ -70.712189724231564, -34.173082132182131 ], [ -70.71128531670881, -34.174469685992129 ], [ -70.709205278031263, -34.174430179335694 ], [ -70.708029674865472, -34.173003133868107 ], [ -70.708934073995934, -34.171615583882762 ], [ -70.711014084685843, -34.171655075540166 ] ] ] } },
{ "type": "Feature", "properties": { "h3": "89b2c1c542fffff", "acc_caminata_m2_comercio": 9.5986067145772349, "acc_caminata_m2_departamento": 1.8900547362224616, "acc_caminata_n_deporte_y_recreacion": 0.0690284529714255, "acc_caminata_n_educacion_y_cultura": 0.04648160913918381, "acc_caminata_m2_habitacional": 4825.7318808369328, "acc_caminata_m2_industria": 0.54750770344672406, "acc_caminata_m2_oficina": 11.931574260473274, "acc_caminata_n_salud": 0.00091593789532273936, "acc_caminata_n_paraderos": 2.3141924727588896e-09 }, "geometry": { "type": "Polygon", "coordinates": [ [ [ -70.656488036940047, -34.187460145604142 ], [ -70.65766296869073, -34.188887155612733 ], [ -70.65675855375612, -34.190273641080005 ], [ -70.65467921556187, -34.190233112710253 ], [ -70.65350432029193, -34.188806113914467 ], [ -70.654408726734161, -34.187419632275834 ], [ -70.656488036940047, -34.187460145604142 ] ] ] } },
{ "type": "Feature", "properties": { "h3": "89b2c1c1837ffff", "acc_caminata_m2_comercio": 534.25340837019667, "acc_caminata_m2_departamento": 51.19154070300155, "acc_caminata_n_deporte_y_recreacion": 0.073326102807042381, "acc_caminata_n_educacion_y_cultura": 1.1996661995785172, "acc_caminata_m2_habitacional": 32673.881932460605, "acc_caminata_m2_industria": 18.95476601644085, "acc_caminata_m2_oficina": 7.0161058468753605, "acc_caminata_n_salud": 0.0003813513885903617, "acc_caminata_n_paraderos": 8.898389940210059 }, "geometry": { "type": "Polygon", "coordinates": [ [ [ -70.761215863100389, -34.175407485690648 ], [ -70.762392240356533, -34.17683425584292 ], [ -70.761487773630307, -34.17822233716398 ], [ -70.759406937947915, -34.178183644519684 ], [ -70.758230596984063, -34.17675688549982 ], [ -70.759135055409004, -34.175368807992044 ], [ -70.761215863100389, -34.175407485690648 ] ] ] } },
{ "type": "Feature", "properties": { "h3": "89b2c1c085bffff", "acc_caminata_m2_comercio": 599.64683787033357, "acc_caminata_m2_departamento": 4470.738189858188, "acc_caminata_n_deporte_y_recreacion": 0.36443704859578924, "acc_caminata_n_educacion_y_cultura": 1.0305418038920116, "acc_caminata_m2_habitacional": 17016.332954084242, "acc_caminata_m2_industria": 47.019883576516158, "acc_caminata_m2_oficina": 10.752861675920602, "acc_caminata_n_salud": 0.22293786275409663, "acc_caminata_n_paraderos": 7.2821930589652037 }, "geometry": { "type": "Polygon", "coordinates": [ [ [ -70.716169112919317, -34.160513539097778 ], [ -70.717344773096286, -34.161940772957671 ], [ -70.716440401886786, -34.163328667541833 ], [ -70.714360378881096, -34.163289324438018 ], [ -70.713184755071623, -34.161862101752348 ], [ -70.714089117899007, -34.160474210996448 ], [ -70.716169112919317, -34.160513539097778 ] ] ] } },
{ "type": "Feature", "properties": { "h3": "89b2c1c016bffff", "acc_caminata_m2_comercio": 6398.3801897507483, "acc_caminata_m2_departamento": 1802.4637009478911, "acc_caminata_n_deporte_y_recreacion": 0.0061123593090869769, "acc_caminata_n_educacion_y_cultura": 0.13781291215679725, "acc_caminata_m2_habitacional": 4770.6921332391057, "acc_caminata_m2_industria": 34.348708501659409, "acc_caminata_m2_oficina": 6.1174323798884096, "acc_caminata_n_salud": 0.0013989056122341232, "acc_caminata_n_paraderos": 0.25168335722709601 }, "geometry": { "type": "Polygon", "coordinates": [ [ [ -70.729734071826911, -34.139689323934249 ], [ -70.730909826903911, -34.141116871704213 ], [ -70.730005520000958, -34.142505451583681 ], [ -70.72792546637578, -34.142466479859138 ], [ -70.726749747636191, -34.141038943259908 ], [ -70.727654046183048, -34.139650367214685 ], [ -70.729734071826911, -34.139689323934249 ] ] ] } },
{ "type": "Feature", "properties": { "h3": "89b2c1c1dabffff", "acc_caminata_m2_comercio": 4765.5783671832269, "acc_caminata_m2_departamento": 647.28107526120243, "acc_caminata_n_deporte_y_recreacion": 0.88721340084322964, "acc_caminata_n_educacion_y_cultura": 9.0844187715374467, "acc_caminata_m2_habitacional": 23018.502201051859, "acc_caminata_m2_industria": 73.883102653516985, "acc_caminata_m2_oficina": 1176.8328196623274, "acc_caminata_n_salud": 6.0478318135908538, "acc_caminata_n_paraderos": 4.0195821063647408 }, "geometry": { "type": "Polygon", "coordinates": [ [ [ -70.741131554202681, -34.16098278365611 ], [ -70.742307574609853, -34.162409900292204 ], [ -70.741403179003541, -34.163798091964608 ], [ -70.739322771325519, -34.163759163177943 ], [ -70.738146787241888, -34.1623320576957 ], [ -70.739051174511403, -34.160943869846463 ], [ -70.741131554202681, -34.16098278365611 ] ] ] } },
{ "type": "Feature", "properties": { "h3": "89b2c1c0dcfffff", "acc_caminata_m2_comercio": 4.0235607508071135e-05, "acc_caminata_m2_departamento": 0.00016357384009729059, "acc_caminata_n_deporte_y_recreacion": 1.7178146159051083e-06, "acc_caminata_n_educacion_y_cultura": 3.7095949435314098e-08, "acc_caminata_m2_habitacional": 678.20723008615334, "acc_caminata_m2_industria": 3.9786737830153567e-06, "acc_caminata_m2_oficina": 0.00012956427447602547, "acc_caminata_n_salud": 3.2873036045683243e-10, "acc_caminata_n_paraderos": 4.3959631426395542e-06 }, "geometry": { "type": "Polygon", "coordinates": [ [ [ -70.686872872178782, -34.147311069734641 ], [ -70.688048048562536, -34.14873866724438 ], [ -70.687143753001578, -34.150126527329419 ], [ -70.685064289490001, -34.150086786065458 ], [ -70.683889149521548, -34.148659199758427 ], [ -70.684793436648022, -34.147271343512848 ], [ -70.686872872178782, -34.147311069734641 ] ] ] } },
{ "type": "Feature", "properties": { "h3": "89b2c1c0a57ffff", "acc_caminata_m2_comercio": 8100.4224417033147, "acc_caminata_m2_departamento": 12568.614598991091, "acc_caminata_n_deporte_y_recreacion": 0.074225291619211251, "acc_caminata_n_educacion_y_cultura": 16.1678377059464, "acc_caminata_m2_habitacional": 24660.318648553512, "acc_caminata_m2_industria": 44.781233882702473, "acc_caminata_m2_oficina": 5547.1225508590242, "acc_caminata_n_salud": 15.210631967120621, "acc_caminata_n_paraderos": 2.0526977921694152 }, "geometry": { "type": "Polygon", "coordinates": [ [ [ -70.732720373445446, -34.17066022530048 ], [ -70.733896319612683, -34.172087205176155 ], [ -70.732991895965569, -34.173475052254986 ], [ -70.730911534502667, -34.173435915637519 ], [ -70.729735624676707, -34.17200894691905 ], [ -70.73064003997105, -34.170621103661041 ], [ -70.732720373445446, -34.17066022530048 ] ] ] } },
{ "type": "Feature", "properties": { "h3": "89b2c1c726bffff", "acc_caminata_m2_comercio": 896.44479506181835, "acc_caminata_m2_departamento": 0.41139207350763657, "acc_caminata_n_deporte_y_recreacion": 0.0061814142915528206, "acc_caminata_n_educacion_y_cultura": 0.016582923787149952, "acc_caminata_m2_habitacional": 12975.219460522912, "acc_caminata_m2_industria": 0.0033162382485220176, "acc_caminata_m2_oficina": 5.0194738672780721, "acc_caminata_n_salud": 7.2132452924555764e-05, "acc_caminata_n_paraderos": 3.7870561831400841e-06 }, "geometry": { "type": "Polygon", "coordinates": [ [ [ -70.667069970228127, -34.16800409117014 ], [ -70.668244961030084, -34.169431403948828 ], [ -70.667340607796049, -34.170818504399904 ], [ -70.665261272230509, -34.170778288237784 ], [ -70.664086317884852, -34.169350986670388 ], [ -70.664990662647071, -34.167963890054018 ], [ -70.667069970228127, -34.16800409117014 ] ] ] } },
{ "type": "Feature", "properties": { "h3": "89b2c1c1343ffff", "acc_caminata_m2_comercio": 0.00099214481897234451, "acc_caminata_m2_departamento": 1.7199268506997802e-10, "acc_caminata_n_deporte_y_recreacion": 1.6007028223155083e-13, "acc_caminata_n_educacion_y_cultura": 0.22994457031251256, "acc_caminata_m2_habitacional": 1888.8356653892097, "acc_caminata_m2_industria": 1.2360167131184948e-10, "acc_caminata_m2_oficina": 1.7171821318701168e-08, "acc_caminata_n_salud": 4.3734777162797476e-15, "acc_caminata_n_paraderos": 6.2241005676985048e-05 }, "geometry": { "type": "Polygon", "coordinates": [ [ [ -70.821473186399672, -34.154025085980734 ], [ -70.822650323081916, -34.155451974942018 ], [ -70.821745882407583, -34.156841331801537 ], [ -70.81966431323977, -34.15680379588985 ], [ -70.81848721273667, -34.155376918020011 ], [ -70.819391645220875, -34.153987564970585 ], [ -70.821473186399672, -34.154025085980734 ] ] ] } },
{ "type": "Feature", "properties": { "h3": "89b2c1c0367ffff", "acc_caminata_m2_comercio": 620.79177333257212, "acc_caminata_m2_departamento": 7649.5704670362447, "acc_caminata_n_deporte_y_recreacion": 1.8600299069446873, "acc_caminata_n_educacion_y_cultura": 7.8138668096135291, "acc_caminata_m2_habitacional": 17656.905253229626, "acc_caminata_m2_industria": 4.9283306426159585, "acc_caminata_m2_oficina": 79.836271280432186, "acc_caminata_n_salud": 0.13912010241968659, "acc_caminata_n_paraderos": 2.8611216562275095 }, "geometry": { "type": "Polygon", "coordinates": [ [ [ -70.74628611799865, -34.149836722294282 ], [ -70.74746215891237, -34.151264016157491 ], [ -70.746557799705826, -34.152652548574778 ], [ -70.744477407910864, -34.152613783302264 ], [ -70.743301403308251, -34.151186500592772 ], [ -70.744205754188158, -34.149797972002261 ], [ -70.74628611799865, -34.149836722294282 ] ] ] } },
{ "type": "Feature", "properties": { "h3": "89b2c1c1c2fffff", "acc_caminata_m2_comercio": 612.93595722268776, "acc_caminata_m2_departamento": 130.90946792293607, "acc_caminata_n_deporte_y_recreacion": 0.035877465883531905, "acc_caminata_n_educacion_y_cultura": 0.051942817029045713, "acc_caminata_m2_habitacional": 10699.455721708408, "acc_caminata_m2_industria": 370.45196298162773, "acc_caminata_m2_oficina": 16.569099061698495, "acc_caminata_n_salud": 0.017359716908830623, "acc_caminata_n_paraderos": 4.6406492074481545 }, "geometry": { "type": "Polygon", "coordinates": [ [ [ -70.762841516771729, -34.159981516200681 ], [ -70.764017843417506, -34.161408555876633 ], [ -70.76311343205569, -34.162797040786359 ], [ -70.761032702344011, -34.162758482201042 ], [ -70.75985641198308, -34.161331453661752 ], [ -70.760760815047632, -34.159942972571343 ], [ -70.762841516771729, -34.159981516200681 ] ] ] } },
{ "type": "Feature", "properties": { "h3": "89b2c1c54afffff", "acc_caminata_m2_comercio": 5814.8507879502968, "acc_caminata_m2_departamento": 504.52929138851698, "acc_caminata_n_deporte_y_recreacion": 0.48981758862384933, "acc_caminata_n_educacion_y_cultura": 9.1479206956986623, "acc_caminata_m2_habitacional": 10709.107184833279, "acc_caminata_m2_industria": 396.12815354047405, "acc_caminata_m2_oficina": 2099.0616521925053, "acc_caminata_n_salud": 0.2712461002873417, "acc_caminata_n_paraderos": 6.7666170684234584e-10 }, "geometry": { "type": "Polygon", "coordinates": [ [ [ -70.652692926102205, -34.180365163190878 ], [ -70.653867769287146, -34.181792316744087 ], [ -70.652963384096466, -34.183178931646566 ], [ -70.650884164218283, -34.183138389163751 ], [ -70.649709357518617, -34.181711246829039 ], [ -70.650613734210523, -34.180324635758858 ], [ -70.652692926102205, -34.180365163190878 ] ] ] } },
{ "type": "Feature", "properties": { "h3": "89b2c1c03d7ffff", "acc_caminata_m2_comercio": 8.6263785113385598, "acc_caminata_m2_departamento": 14.141856762405462, "acc_caminata_n_deporte_y_recreacion": 0.014182573750839211, "acc_caminata_n_educacion_y_cultura": 0.043422066674940307, "acc_caminata_m2_habitacional": 7681.5633189324817, "acc_caminata_m2_industria": 551.26151991354971, "acc_caminata_m2_oficina": 0.29058799669366375, "acc_caminata_n_salud": 4.3313002765560144e-05, "acc_caminata_n_paraderos": 0.00064710106718985131 }, "geometry": { "type": "Polygon", "coordinates": [ [ [ -70.747912364370606, -34.134405501304705 ], [ -70.749088354724478, -34.135833064446508 ], [ -70.748184050855471, -34.137222000355138 ], [ -70.746103764953915, -34.137183369289353 ], [ -70.744927810903732, -34.135755817305515 ], [ -70.745832106450052, -34.134366885229724 ], [ -70.747912364370606, -34.134405501304705 ] ] ] } },
{ "type": "Feature", "properties": { "h3": "89b2c1c18b7ffff", "acc_caminata_m2_comercio": 4172.739334341356, "acc_caminata_m2_departamento": 677.79067108477921, "acc_caminata_n_deporte_y_recreacion": 3.0008637407020555, "acc_caminata_n_educacion_y_cultura": 2.6201794094615081, "acc_caminata_m2_habitacional": 19365.748393232778, "acc_caminata_m2_industria": 2122.3988120852191, "acc_caminata_m2_oficina": 319.42612626610588, "acc_caminata_n_salud": 0.029802941872815389, "acc_caminata_n_paraderos": 5.3982523877475233 }, "geometry": { "type": "Polygon", "coordinates": [ [ [ -70.75741502180999, -34.168311865931152 ], [ -70.758591310636433, -34.169738779992656 ], [ -70.757686873433457, -34.171126990762225 ], [ -70.755606155710396, -34.171088283653525 ], [ -70.754429903180849, -34.169661380730069 ], [ -70.755334332076146, -34.168273173777436 ], [ -70.75741502180999, -34.168311865931152 ] ] ] } },
{ "type": "Feature", "properties": { "h3": "89b2c1c08dbffff", "acc_caminata_m2_comercio": 521.83747003809185, "acc_caminata_m2_departamento": 4973.7211488992907, "acc_caminata_n_deporte_y_recreacion": 0.30605792290609124, "acc_caminata_n_educacion_y_cultura": 3.8567394008833835, "acc_caminata_m2_habitacional": 25520.773250802959, "acc_caminata_m2_industria": 3.4308722693677134, "acc_caminata_m2_oficina": 37.494050918534398, "acc_caminata_n_salud": 0.044862931044636893, "acc_caminata_n_paraderos": 9.226385731772611 }, "geometry": { "type": "Polygon", "coordinates": [ [ [ -70.712371044492102, -34.153416251901383 ], [ -70.713546616195103, -34.15484362941875 ], [ -70.712642274599034, -34.15623165341006 ], [ -70.710562369687139, -34.156192296052282 ], [ -70.709386834356252, -34.154764929714794 ], [ -70.710291167563781, -34.153376909555412 ], [ -70.712371044492102, -34.153416251901383 ] ] ] } },
{ "type": "Feature", "properties": { "h3": "89b2c1c0e4fffff", "acc_caminata_m2_comercio": 3558.2157566977826, "acc_caminata_m2_departamento": 2509.8956656423993, "acc_caminata_n_deporte_y_recreacion": 0.30546363255033981, "acc_caminata_n_educacion_y_cultura": 2.4883054609898014, "acc_caminata_m2_habitacional": 20370.865113272142, "acc_caminata_m2_industria": 17.841626449288739, "acc_caminata_m2_oficina": 527.57583233470029, "acc_caminata_n_salud": 2.4302422893115634, "acc_caminata_n_paraderos": 5.8997715534411856 }, "geometry": { "type": "Polygon", "coordinates": [ [ [ -70.734347449821101, -34.155235057118141 ], [ -70.735523345456244, -34.156662306354924 ], [ -70.734618977142162, -34.158050556999207 ], [ -70.732538721540323, -34.158011554580007 ], [ -70.73136286223901, -34.156584316504627 ], [ -70.732267222204371, -34.155196069687229 ], [ -70.734347449821101, -34.155235057118141 ] ] ] } },
{ "type": "Feature", "properties": { "h3": "89b2c1c56abffff", "acc_caminata_m2_comercio": 6.9047751306143708, "acc_caminata_m2_departamento": 0.00019091288759146572, "acc_caminata_n_deporte_y_recreacion": 3.8696476705720569e-05, "acc_caminata_n_educacion_y_cultura": 4.0006133728175834, "acc_caminata_m2_habitacional": 10919.019749671847, "acc_caminata_m2_industria": 1012.4166244628815, "acc_caminata_m2_oficina": 0.59940454203379079, "acc_caminata_n_salud": 1.0529591171095491e-08, "acc_caminata_n_paraderos": 1.3510594753967134e-05 }, "geometry": { "type": "Polygon", "coordinates": [ [ [ -70.678458143302493, -34.189290294553764 ], [ -70.679633399724352, -34.19071717655379 ], [ -70.678728957375554, -34.192103888709077 ], [ -70.676649267056149, -34.192063715040895 ], [ -70.675474047076833, -34.190636844235236 ], [ -70.676378480973014, -34.189250135903592 ], [ -70.678458143302493, -34.189290294553764 ] ] ] } },
{ "type": "Feature", "properties": { "h3": "89b2c1c0ad7ffff", "acc_caminata_m2_comercio": 8951.7603685177492, "acc_caminata_m2_departamento": 548.23017850371718, "acc_caminata_n_deporte_y_recreacion": 0.072916454282545937, "acc_caminata_n_educacion_y_cultura": 12.46653895743205, "acc_caminata_m2_habitacional": 2456.7611620594989, "acc_caminata_m2_industria": 1271.7412004129292, "acc_caminata_m2_oficina": 2678.9506167374789, "acc_caminata_n_salud": 7.0728227139847855, "acc_caminata_n_paraderos": 0.51184013628481939 }, "geometry": { "type": "Polygon", "coordinates": [ [ [ -70.72892121347931, -34.163564001243948 ], [ -70.73009707118544, -34.164991124891728 ], [ -70.729192677119769, -34.16637910140124 ], [ -70.727112433705813, -34.166339950438676 ], [ -70.725936612345592, -34.164912837953715 ], [ -70.726840998052083, -34.163524865268698 ], [ -70.72892121347931, -34.163564001243948 ] ] ] } },
{ "type": "Feature", "properties": { "h3": "89b2c1c5333ffff", "acc_caminata_m2_comercio": 0.0016734948027745669, "acc_caminata_m2_departamento": 0.00037272950822321029, "acc_caminata_n_deporte_y_recreacion": 7.2201498003528014e-17, "acc_caminata_n_educacion_y_cultura": 1.881661752719633e-12, "acc_caminata_m2_habitacional": 322.90635330098155, "acc_caminata_m2_industria": 7.3180132312552808e-06, "acc_caminata_m2_oficina": 1.6246456574725826e-09, "acc_caminata_n_salud": 7.16812714619417e-18, "acc_caminata_n_paraderos": 2.0430498005202427e-17 }, "geometry": { "type": "Polygon", "coordinates": [ [ [ -70.659734683436781, -34.221214286628033 ], [ -70.660909823572098, -34.222640677197923 ], [ -70.660005281114309, -34.224026362906514 ], [ -70.657925607008679, -34.223985654231392 ], [ -70.656750503358396, -34.222559274859393 ], [ -70.657655037327373, -34.22117359296481 ], [ -70.659734683436781, -34.221214286628033 ] ] ] } },
{ "type": "Feature", "properties": { "h3": "89b2c1c006fffff", "acc_caminata_m2_comercio": 2.69121057051587, "acc_caminata_m2_departamento": 2.9791528015447208, "acc_caminata_n_deporte_y_recreacion": 0.0068968701226051372, "acc_caminata_n_educacion_y_cultura": 0.01778634456854539, "acc_caminata_m2_habitacional": 6602.196710465415, "acc_caminata_m2_industria": 5176.2979962622903, "acc_caminata_m2_oficina": 0.061937688904315322, "acc_caminata_n_salud": 9.1244067742553496e-06, "acc_caminata_n_paraderos": 0.00013631964965364287 }, "geometry": { "type": "Polygon", "coordinates": [ [ [ -70.747640684648445, -34.131588884038024 ], [ -70.748816657630599, -34.133016498791953 ], [ -70.747912364370606, -34.134405501304705 ], [ -70.745832106450052, -34.134366885229724 ], [ -70.744656169771233, -34.132939281634961 ], [ -70.745560454708254, -34.131550282956248 ], [ -70.747640684648445, -34.131588884038024 ] ] ] } },
{ "type": "Feature", "properties": { "h3": "89b2c1c1cafffff", "acc_caminata_m2_comercio": 63.283202592186129, "acc_caminata_m2_departamento": 1830.3963954120718, "acc_caminata_n_deporte_y_recreacion": 0.038992118739906885, "acc_caminata_n_educacion_y_cultura": 0.049120208263793583, "acc_caminata_m2_habitacional": 9949.3915689957939, "acc_caminata_m2_industria": 8.3278717082589022, "acc_caminata_m2_oficina": 0.69945889274060835, "acc_caminata_n_salud": 0.0019179969000753493, "acc_caminata_n_paraderos": 0.57861880148757405 }, "geometry": { "type": "Polygon", "coordinates": [ [ [ -70.759040822529897, -34.152884414942449 ], [ -70.760217060759103, -34.154311598461248 ], [ -70.759312678913417, -34.155700212792603 ], [ -70.75723206714089, -34.155661639782373 ], [ -70.756055865201176, -34.154234467405864 ], [ -70.756960238743162, -34.1528458568975 ], [ -70.759040822529897, -34.152884414942449 ] ] ] } },
{ "type": "Feature", "properties": { "h3": "89b2c1c0ac7ffff", "acc_caminata_m2_comercio": 2323.1314948603681, "acc_caminata_m2_departamento": 843.90688036052495, "acc_caminata_n_deporte_y_recreacion": 0.058126374482191032, "acc_caminata_n_educacion_y_cultura": 2.5236455557533359, "acc_caminata_m2_habitacional": 11977.133044942608, "acc_caminata_m2_industria": 51.277297408098349, "acc_caminata_m2_oficina": 1014.385295463052, "acc_caminata_n_salud": 0.77729852246948228, "acc_caminata_n_paraderos": 3.7620974079467566 }, "geometry": { "type": "Polygon", "coordinates": [ [ [ -70.729192677119769, -34.16637910140124 ], [ -70.730368552198726, -34.167806173410305 ], [ -70.729464147518826, -34.169194083295046 ], [ -70.7273838761175, -34.169154917347633 ], [ -70.726208037384794, -34.167727856500129 ], [ -70.727112433705813, -34.166339950438676 ], [ -70.729192677119769, -34.16637910140124 ] ] ] } },
{ "type": "Feature", "properties": { "h3": "89b2c1c1937ffff", "acc_caminata_m2_comercio": 397.46096239248527, "acc_caminata_m2_departamento": 1701.6686298521463, "acc_caminata_n_deporte_y_recreacion": 0.022667626589336673, "acc_caminata_n_educacion_y_cultura": 0.10261007318681294, "acc_caminata_m2_habitacional": 11186.753461647389, "acc_caminata_m2_industria": 118.91390988114381, "acc_caminata_m2_oficina": 16.531012738972933, "acc_caminata_n_salud": 0.017186496436062959, "acc_caminata_n_paraderos": 2.530916785660505 }, "geometry": { "type": "Polygon", "coordinates": [ [ [ -70.740319666186423, -34.184850559413974 ], [ -70.74149578927728, -34.186277251598909 ], [ -70.740591306485925, -34.187664839774854 ], [ -70.738510708942258, -34.187625731952593 ], [ -70.737334622183425, -34.186199050913544 ], [ -70.738239096634885, -34.184811466551075 ], [ -70.740319666186423, -34.184850559413974 ] ] ] } },
{ "type": "Feature", "properties": { "h3": "89b2c1c095bffff", "acc_caminata_m2_comercio": 283.65361422434358, "acc_caminata_m2_departamento": 15.723428078307391, "acc_caminata_n_deporte_y_recreacion": 0.025514668968019377, "acc_caminata_n_educacion_y_cultura": 0.26194402434390429, "acc_caminata_m2_habitacional": 4428.2874130170812, "acc_caminata_m2_industria": 0.0021167823289943389, "acc_caminata_m2_oficina": 16.176060172213838, "acc_caminata_n_salud": 0.0024119194602035612, "acc_caminata_n_paraderos": 0.11705179832358456 }, "geometry": { "type": "Polygon", "coordinates": [ [ [ -70.695279278666774, -34.169950753541336 ], [ -70.696454684152187, -34.171377909141064 ], [ -70.69555029741116, -34.172765310567513 ], [ -70.693470513604083, -34.172725552566007 ], [ -70.692295144525858, -34.171298408154023 ], [ -70.693199522846143, -34.169911010555992 ], [ -70.695279278666774, -34.169950753541336 ] ] ] } },
{ "type": "Feature", "properties": { "h3": "89b2c1c1aa3ffff", "acc_caminata_m2_comercio": 3.9740323200814891, "acc_caminata_m2_departamento": 0.00094179668010089396, "acc_caminata_n_deporte_y_recreacion": 5.766424897499202e-05, "acc_caminata_n_educacion_y_cultura": 0.022053037384607888, "acc_caminata_m2_habitacional": 5806.5776222550185, "acc_caminata_m2_industria": 0.00038030142110101841, "acc_caminata_m2_oficina": 0.031471880770403783, "acc_caminata_n_salud": 0.001191752120138199, "acc_caminata_n_paraderos": 0.0044835894732395704 }, "geometry": { "type": "Polygon", "coordinates": [ [ [ -70.783474583123549, -34.180033982634889 ], [ -70.784651301185079, -34.181460572120244 ], [ -70.783746797730444, -34.182848813380488 ], [ -70.781665584473984, -34.182810461348581 ], [ -70.78048890266669, -34.181383882975979 ], [ -70.781393397860271, -34.17999564552273 ], [ -70.783474583123549, -34.180033982634889 ] ] ] } },
{ "type": "Feature", "properties": { "h3": "89b2c1c569bffff", "acc_caminata_m2_comercio": 54.659781291554843, "acc_caminata_m2_departamento": 0.019528289763006378, "acc_caminata_n_deporte_y_recreacion": 0.092001657452390237, "acc_caminata_n_educacion_y_cultura": 0.27794111605072674, "acc_caminata_m2_habitacional": 15381.793667739159, "acc_caminata_m2_industria": 0.27369692571635862, "acc_caminata_m2_oficina": 1.4707404103546595, "acc_caminata_n_salud": 1.290552072164004e-06, "acc_caminata_n_paraderos": 0.051561669949912292 }, "geometry": { "type": "Polygon", "coordinates": [ [ [ -70.683884669668856, -34.180968936332803 ], [ -70.685059964224365, -34.182395943951647 ], [ -70.684155547475612, -34.183782930296225 ], [ -70.682075844612214, -34.183742905196119 ], [ -70.680900586487255, -34.182315908770263 ], [ -70.681804994793808, -34.180928926251731 ], [ -70.683884669668856, -34.180968936332803 ] ] ] } },
{ "type": "Feature", "properties": { "h3": "89b2c1c0ecfffff", "acc_caminata_m2_comercio": 485.88295669023489, "acc_caminata_m2_departamento": 72.382684561393603, "acc_caminata_n_deporte_y_recreacion": 0.021367564125074789, "acc_caminata_n_educacion_y_cultura": 2.3211484447072084, "acc_caminata_m2_habitacional": 17908.309556347329, "acc_caminata_m2_industria": 43.720266078596723, "acc_caminata_m2_oficina": 275.85576882384925, "acc_caminata_n_salud": 0.025604090250098025, "acc_caminata_n_paraderos": 2.4878451177362444 }, "geometry": { "type": "Polygon", "coordinates": [ [ [ -70.730548436621916, -34.148137352236354 ], [ -70.731724243809026, -34.149564745178822 ], [ -70.730819905069268, -34.150953125226884 ], [ -70.728739767496222, -34.150914108502093 ], [ -70.727563996647532, -34.149486726726678 ], [ -70.728468327032132, -34.148098350509194 ], [ -70.730548436621916, -34.148137352236354 ] ] ] } },
{ "type": "Feature", "properties": { "h3": "89b2c1c0b57ffff", "acc_caminata_m2_comercio": 1324.2695524839671, "acc_caminata_m2_departamento": 819.17655421242307, "acc_caminata_n_deporte_y_recreacion": 0.13753889853399315, "acc_caminata_n_educacion_y_cultura": 8.1319625326636693, "acc_caminata_m2_habitacional": 17646.455708972557, "acc_caminata_m2_industria": 11.897505303639401, "acc_caminata_m2_oficina": 28.720509387813404, "acc_caminata_n_salud": 0.052288447874086715, "acc_caminata_n_paraderos": 2.3682475470161277 }, "geometry": { "type": "Polygon", "coordinates": [ [ [ -70.711827801015232, -34.180098552108625 ], [ -70.713003492674417, -34.18152545384357 ], [ -70.712099053299156, -34.182912807760538 ], [ -70.710018930654769, -34.182873256121738 ], [ -70.70884327537658, -34.181446365557449 ], [ -70.70974770636046, -34.180059015461481 ], [ -70.711827801015232, -34.180098552108625 ] ] ] } },
{ "type": "Feature", "properties": { "h3": "89b2c1c736bffff", "acc_caminata_m2_comercio": 226.596659634389, "acc_caminata_m2_departamento": 36.527080946287384, "acc_caminata_n_deporte_y_recreacion": 0.014313893907936429, "acc_caminata_n_educacion_y_cultura": 0.085725962432554259, "acc_caminata_m2_habitacional": 10359.945919777318, "acc_caminata_m2_industria": 7.6842722860299197, "acc_caminata_m2_oficina": 29.17282909253219, "acc_caminata_n_salud": 0.039999216197631568, "acc_caminata_n_paraderos": 7.1438852068456234e-12 }, "geometry": { "type": "Polygon", "coordinates": [ [ [ -70.64618507984035, -34.177429635970839 ], [ -70.647359815329395, -34.178856870229858 ], [ -70.646455447142088, -34.180243477466512 ], [ -70.644376351974756, -34.180202846609546 ], [ -70.643201652981588, -34.178775623575319 ], [ -70.644106012658511, -34.17738902017345 ], [ -70.64618507984035, -34.177429635970839 ] ] ] } },
{ "type": "Feature", "properties": { "h3": "89b2c1c503bffff", "acc_caminata_m2_comercio": 98.541291999599736, "acc_caminata_m2_departamento": 10.772634655633004, "acc_caminata_n_deporte_y_recreacion": 1.6033594366007927e-10, "acc_caminata_n_educacion_y_cultura": 4.1786075658079419e-06, "acc_caminata_m2_habitacional": 8237.5982114585713, "acc_caminata_m2_industria": 16.251117083401883, "acc_caminata_m2_oficina": 0.0036078517439491562, "acc_caminata_n_salud": 1.5918264949834011e-11, "acc_caminata_n_paraderos": 4.5370021160483824e-11 }, "geometry": { "type": "Polygon", "coordinates": [ [ [ -70.661095219450999, -34.202993736866304 ], [ -70.662270291863166, -34.20442044843773 ], [ -70.66136581531245, -34.205806604526998 ], [ -70.659286274833335, -34.205766045223719 ], [ -70.658111238898385, -34.204339344855725 ], [ -70.659015706963999, -34.202953192587763 ], [ -70.661095219450999, -34.202993736866304 ] ] ] } },
{ "type": "Feature", "properties": { "h3": "89b2c1c1d2fffff", "acc_caminata_m2_comercio": 39748.331060082164, "acc_caminata_m2_departamento": 19539.152324839364, "acc_caminata_n_deporte_y_recreacion": 0.44616102882246628, "acc_caminata_n_educacion_y_cultura": 34.914098234595485, "acc_caminata_m2_habitacional": 8010.5010419619284, "acc_caminata_m2_industria": 734.56403774293869, "acc_caminata_m2_oficina": 26919.029291502211, "acc_caminata_n_salud": 3.1402597892469739, "acc_caminata_n_paraderos": 2.458336450976315 }, "geometry": { "type": "Polygon", "coordinates": [ [ [ -70.74194644889235, -34.169428353759649 ], [ -70.743122521424951, -34.170855315438438 ], [ -70.742218093980796, -34.172243307233508 ], [ -70.740137602338592, -34.172204333530452 ], [ -70.738961566130612, -34.170777383001798 ], [ -70.739865985238879, -34.169389395026251 ], [ -70.74194644889235, -34.169428353759649 ] ] ] } },
{ "type": "Feature", "properties": { "h3": "89b2c1c11b7ffff", "acc_caminata_m2_comercio": 0.01919983812143183, "acc_caminata_m2_departamento": 0.072424728472755065, "acc_caminata_n_deporte_y_recreacion": 1.000000013787828, "acc_caminata_n_educacion_y_cultura": 8.0815148667461579e-05, "acc_caminata_m2_habitacional": 712.56838429675668, "acc_caminata_m2_industria": 41.661127850201041, "acc_caminata_m2_oficina": 0.00031895437492353881, "acc_caminata_n_salud": 5.5247617542500649e-07, "acc_caminata_n_paraderos": 1.7176584632454193e-05 }, "geometry": { "type": "Polygon", "coordinates": [ [ [ -70.7764070755197, -34.139148446235154 ], [ -70.777583496609935, -34.140575799879699 ], [ -70.776679149917143, -34.141964970067079 ], [ -70.774598390403952, -34.141926782784893 ], [ -70.773422005568406, -34.140499440273537 ], [ -70.774326343990026, -34.139110273911371 ], [ -70.7764070755197, -34.139148446235154 ] ] ] } },
{ "type": "Feature", "properties": { "h3": "89b2c1c55afffff", "acc_caminata_m2_comercio": 44.152853595398561, "acc_caminata_m2_departamento": 0.0065951103399555311, "acc_caminata_n_deporte_y_recreacion": 4.5310118432305509e-07, "acc_caminata_n_educacion_y_cultura": 1.3859686039344765e-06, "acc_caminata_m2_habitacional": 1406.6738135866601, "acc_caminata_m2_industria": 5.2819968512877355e-06, "acc_caminata_m2_oficina": 0.00016627711296587756, "acc_caminata_n_salud": 8.6873714788576271e-09, "acc_caminata_n_paraderos": 1.5455485713172441e-16 }, "geometry": { "type": "Polygon", "coordinates": [ [ [ -70.63180862364915, -34.189785024898029 ], [ -70.632983211318347, -34.191212099881355 ], [ -70.632078811342453, -34.192598221534595 ], [ -70.629999832233338, -34.192557264372304 ], [ -70.628825281088993, -34.191130200620968 ], [ -70.629729672527574, -34.189744082800111 ], [ -70.63180862364915, -34.189785024898029 ] ] ] } },
{ "type": "Feature", "properties": { "h3": "89b2c1c19b7ffff", "acc_caminata_m2_comercio": 2483.9743235677065, "acc_caminata_m2_departamento": 374.85255979999289, "acc_caminata_n_deporte_y_recreacion": 6.0396326523464525, "acc_caminata_n_educacion_y_cultura": 0.23885465853850615, "acc_caminata_m2_habitacional": 17234.662053151402, "acc_caminata_m2_industria": 21.365974613681907, "acc_caminata_m2_oficina": 261.3809603694616, "acc_caminata_n_salud": 0.016847909980853195, "acc_caminata_n_paraderos": 2.2944225107477298 }, "geometry": { "type": "Polygon", "coordinates": [ [ [ -70.736519857678459, -34.177755744760212 ], [ -70.737695892307258, -34.17918258081491 ], [ -70.736791439084925, -34.180570298449219 ], [ -70.734710959578763, -34.180531176211865 ], [ -70.733534961286622, -34.179104351308709 ], [ -70.734439406162608, -34.177716637491542 ], [ -70.736519857678459, -34.177755744760212 ] ] ] } },
{ "type": "Feature", "properties": { "h3": "89b2c1c09dbffff", "acc_caminata_m2_comercio": 1.2899352988533936, "acc_caminata_m2_departamento": 10.012799326470676, "acc_caminata_n_deporte_y_recreacion": 0.16029139877790299, "acc_caminata_n_educacion_y_cultura": 0.049176736235548739, "acc_caminata_m2_habitacional": 1559.8631306279497, "acc_caminata_m2_industria": 9.0242921266118413e-05, "acc_caminata_m2_oficina": 0.052596241879390146, "acc_caminata_n_salud": 1.8082238991611061e-05, "acc_caminata_n_paraderos": 0.020852575093693124 }, "geometry": { "type": "Polygon", "coordinates": [ [ [ -70.691482244593232, -34.162854272634547 ], [ -70.692657561572489, -34.164281571852271 ], [ -70.691753204490567, -34.165669102695759 ], [ -70.689673538855203, -34.165629330489615 ], [ -70.688498258287723, -34.164202042465277 ], [ -70.68940260694248, -34.162814515453881 ], [ -70.691482244593232, -34.162854272634547 ] ] ] } },
{ "type": "Feature", "properties": { "h3": "89b2c1c12c7ffff", "acc_caminata_m2_comercio": 0.57238167214238689, "acc_caminata_m2_departamento": 9.2559514895186747e-15, "acc_caminata_n_deporte_y_recreacion": 6.6689083439982344e-06, "acc_caminata_n_educacion_y_cultura": 3.4306006729262239e-06, "acc_caminata_m2_habitacional": 971.986741684207, "acc_caminata_m2_industria": 0.0026372986450042021, "acc_caminata_m2_oficina": 2.1230665131324486e-16, "acc_caminata_n_salud": 7.8520353736884382e-20, "acc_caminata_n_paraderos": 6.0594169782322819e-13 }, "geometry": { "type": "Polygon", "coordinates": [ [ [ -70.83558489857613, -34.138813308923261 ], [ -70.836762163901426, -34.14024040847702 ], [ -70.835857767153371, -34.141630317341054 ], [ -70.833776113242038, -34.141593122838046 ], [ -70.832598884066343, -34.140166034369777 ], [ -70.833503272651001, -34.138776129319247 ], [ -70.83558489857613, -34.138813308923261 ] ] ] } },
{ "type": "Feature", "properties": { "h3": "89b2c1ce557ffff", "acc_caminata_m2_comercio": 0.12990749028511478, "acc_caminata_m2_departamento": 0.0074371024876199263, "acc_caminata_n_deporte_y_recreacion": 10.003031488557861, "acc_caminata_n_educacion_y_cultura": 0.058187517639744987, "acc_caminata_m2_habitacional": 181.05644267212028, "acc_caminata_m2_industria": 3.9954570647804622e-07, "acc_caminata_m2_oficina": 0.0015793994882204838, "acc_caminata_n_salud": 6.0652002542852228e-05, "acc_caminata_n_paraderos": 4.1903278922501012e-06 }, "geometry": { "type": "Polygon", "coordinates": [ [ [ -70.713726708847929, -34.199795857585585 ], [ -70.714902522120852, -34.201222397717423 ], [ -70.713998008415828, -34.202609285149869 ], [ -70.711917689825825, -34.202569628638216 ], [ -70.710741912936356, -34.201143099668371 ], [ -70.711646418252116, -34.199756216048399 ], [ -70.713726708847929, -34.199795857585585 ] ] ] } },
{ "type": "Feature", "properties": { "h3": "89b2c1c1bb3ffff", "acc_caminata_m2_comercio": 88.94366760897249, "acc_caminata_m2_departamento": 0.52726875612429158, "acc_caminata_n_deporte_y_recreacion": 0.0034941021486905514, "acc_caminata_n_educacion_y_cultura": 0.20043825752415675, "acc_caminata_m2_habitacional": 3595.8909978057836, "acc_caminata_m2_industria": 1.7245456474504015, "acc_caminata_m2_oficina": 138.8425647446783, "acc_caminata_n_salud": 0.00028511190775930268, "acc_caminata_n_paraderos": 0.18731025212426961 }, "geometry": { "type": "Polygon", "coordinates": [ [ [ -70.762303545837383, -34.186666181605339 ], [ -70.763479992617732, -34.18809274496909 ], [ -70.762575483446284, -34.189480559738548 ], [ -70.7604945357932, -34.189441807336031 ], [ -70.759318125306535, -34.188015255099742 ], [ -70.760222626177935, -34.186627444138708 ], [ -70.762303545837383, -34.186666181605339 ] ] ] } },
{ "type": "Feature", "properties": { "h3": "89b2c1c0bd7ffff", "acc_caminata_m2_comercio": 7260.2655089743075, "acc_caminata_m2_departamento": 2849.8048717861898, "acc_caminata_n_deporte_y_recreacion": 0.094589474499580092, "acc_caminata_n_educacion_y_cultura": 13.463699618735395, "acc_caminata_m2_habitacional": 10818.072023900986, "acc_caminata_m2_industria": 9.4177203778571386, "acc_caminata_m2_oficina": 66.307326684992972, "acc_caminata_n_salud": 0.17385627897238576, "acc_caminata_n_paraderos": 2.3503356007953733 }, "geometry": { "type": "Polygon", "coordinates": [ [ [ -70.708029674865472, -34.173003133868107 ], [ -70.709205278031263, -34.174430179335694 ], [ -70.708300868283203, -34.175817662693177 ], [ -70.706220863765779, -34.175778096758599 ], [ -70.705045296985546, -34.174351062467316 ], [ -70.705949698335814, -34.172963582934514 ], [ -70.708029674865472, -34.173003133868107 ] ] ] } },
{ "type": "Feature", "properties": { "h3": "89b2c1c5433ffff", "acc_caminata_m2_comercio": 1043.3946677753597, "acc_caminata_m2_departamento": 2030.4918605737917, "acc_caminata_n_deporte_y_recreacion": 0.24233723267389062, "acc_caminata_n_educacion_y_cultura": 1.6886880958363724, "acc_caminata_m2_habitacional": 3603.5414891126397, "acc_caminata_m2_industria": 68.624450940854487, "acc_caminata_m2_oficina": 405.69962056086149, "acc_caminata_n_salud": 0.1568871140484229, "acc_caminata_n_paraderos": 3.9137706407987805e-10 }, "geometry": { "type": "Polygon", "coordinates": [ [ [ -70.655947023518323, -34.181832799982089 ], [ -70.657121920544498, -34.183259913169174 ], [ -70.656217526860857, -34.184646531902729 ], [ -70.654138244642652, -34.18460603361833 ], [ -70.652963384096466, -34.183178931646566 ], [ -70.653867769287146, -34.181792316744087 ], [ -70.655947023518323, -34.181832799982089 ] ] ] } },
{ "type": "Feature", "properties": { "h3": "89b2c1c183bffff", "acc_caminata_m2_comercio": 80.234668615464685, "acc_caminata_m2_departamento": 12.542008673680176, "acc_caminata_n_deporte_y_recreacion": 0.036977097021490671, "acc_caminata_n_educacion_y_cultura": 1.8920410142889448, "acc_caminata_m2_habitacional": 22911.578304089981, "acc_caminata_m2_industria": 2.7032926598796392, "acc_caminata_m2_oficina": 2.2657928741791076, "acc_caminata_n_salud": 0.0019618617623218312, "acc_caminata_n_paraderos": 8.9309774073321577 }, "geometry": { "type": "Polygon", "coordinates": [ [ [ -70.767458478052959, -34.175523311415425 ], [ -70.768634945257674, -34.176950052133741 ], [ -70.767730472556664, -34.178338207713068 ], [ -70.765649540939449, -34.178299618762338 ], [ -70.764473110015999, -34.176872889171364 ], [ -70.765377574427134, -34.175484737404005 ], [ -70.767458478052959, -34.175523311415425 ] ] ] } },
{ "type": "Feature", "properties": { "h3": "89b2c1c50bbffff", "acc_caminata_m2_comercio": 2.9717673360143868, "acc_caminata_m2_departamento": 0.006872437950002243, "acc_caminata_n_deporte_y_recreacion": 1.0751374465792556e-05, "acc_caminata_n_educacion_y_cultura": 1.0912952043553234e-05, "acc_caminata_m2_habitacional": 7525.280067718968, "acc_caminata_m2_industria": 0.03162638265829916, "acc_caminata_m2_oficina": 0.012898864522192938, "acc_caminata_n_salud": 1.3253830785485458e-07, "acc_caminata_n_paraderos": 9.8566133036034219e-12 }, "geometry": { "type": "Polygon", "coordinates": [ [ [ -70.657299607599953, -34.195900277329912 ], [ -70.658474591440751, -34.197327132537914 ], [ -70.657570144628153, -34.198713418091351 ], [ -70.655490722464947, -34.198672844612013 ], [ -70.654315775105943, -34.197246000613106 ], [ -70.655220213427043, -34.195859718884634 ], [ -70.657299607599953, -34.195900277329912 ] ] ] } },
{ "type": "Feature", "properties": { "h3": "89b2c1c14c3ffff", "acc_caminata_m2_comercio": 3.2121384572121032e-06, "acc_caminata_m2_departamento": 2.6196554839630932e-19, "acc_caminata_n_deporte_y_recreacion": 2.2100667340001486e-18, "acc_caminata_n_educacion_y_cultura": 0.013020820329088746, "acc_caminata_m2_habitacional": 140.99671909507214, "acc_caminata_m2_industria": 1.5226627467484856e-05, "acc_caminata_m2_oficina": 0.20507792018361223, "acc_caminata_n_salud": 8.3159680180497976e-25, "acc_caminata_n_paraderos": 1.2618298634419922e-23 }, "geometry": { "type": "Polygon", "coordinates": [ [ [ -70.813853074700816, -34.107484023916832 ], [ -70.815029879678249, -34.108911780401087 ], [ -70.814125616789084, -34.110302199154383 ], [ -70.81204455712205, -34.110264857592803 ], [ -70.810867788323591, -34.108837112222773 ], [ -70.811772043011857, -34.107446697300304 ], [ -70.813853074700816, -34.107484023916832 ] ] ] } },
{ "type": "Feature", "properties": { "h3": "89b2c1c016fffff", "acc_caminata_m2_comercio": 24.748167697730029, "acc_caminata_m2_departamento": 5937.848599574063, "acc_caminata_n_deporte_y_recreacion": 0.0046172545272492229, "acc_caminata_n_educacion_y_cultura": 0.070270034570149409, "acc_caminata_m2_habitacional": 9560.3799965097878, "acc_caminata_m2_industria": 167.02332763982452, "acc_caminata_m2_oficina": 0.11329273118757836, "acc_caminata_n_salud": 1.9802671837277787e-06, "acc_caminata_n_paraderos": 0.015674399167106268 }, "geometry": { "type": "Polygon", "coordinates": [ [ [ -70.726749747636191, -34.141038943259908 ], [ -70.72792546637578, -34.142466479859138 ], [ -70.727021157216555, -34.143854989297068 ], [ -70.724941137677973, -34.143815958301708 ], [ -70.723765455281452, -34.142388432875173 ], [ -70.724669756079081, -34.140999927271508 ], [ -70.726749747636191, -34.141038943259908 ] ] ] } },
{ "type": "Feature", "properties": { "h3": "89b2c1c08cbffff", "acc_caminata_m2_comercio": 445.0931437303675, "acc_caminata_m2_departamento": 24260.325231972933, "acc_caminata_n_deporte_y_recreacion": 1.3422769014387812, "acc_caminata_n_educacion_y_cultura": 1.4581421784696544, "acc_caminata_m2_habitacional": 12701.867207988284, "acc_caminata_m2_industria": 1.3280063767954882, "acc_caminata_m2_oficina": 27.076801182884331, "acc_caminata_n_salud": 0.010575156191127809, "acc_caminata_n_paraderos": 9.4371086438396645 }, "geometry": { "type": "Polygon", "coordinates": [ [ [ -70.712642274599034, -34.15623165341006 ], [ -70.713817863670414, -34.157658979321262 ], [ -70.71291351145878, -34.159046936695837 ], [ -70.710833578562699, -34.159007564328689 ], [ -70.709658025863774, -34.157580249596144 ], [ -70.710562369687139, -34.156192296052282 ], [ -70.712642274599034, -34.15623165341006 ] ] ] } },
{ "type": "Feature", "properties": { "h3": "89b2c1c1dafffff", "acc_caminata_m2_comercio": 10408.129884276297, "acc_caminata_m2_departamento": 1360.6852118955144, "acc_caminata_n_deporte_y_recreacion": 5.4041527975375141, "acc_caminata_n_educacion_y_cultura": 3.8913432638288294, "acc_caminata_m2_habitacional": 20261.768257475851, "acc_caminata_m2_industria": 213.49147626289144, "acc_caminata_m2_oficina": 2184.4971162704337, "acc_caminata_n_salud": 5.1178853187423883, "acc_caminata_n_paraderos": 3.5765127024028684 }, "geometry": { "type": "Polygon", "coordinates": [ [ [ -70.738146787241888, -34.1623320576957 ], [ -70.739322771325519, -34.163759163177943 ], [ -70.738418373443295, -34.165147284404547 ], [ -70.736337999818431, -34.165108296325911 ], [ -70.735162052064013, -34.163681201999459 ], [ -70.73606644160391, -34.162293084596058 ], [ -70.738146787241888, -34.1623320576957 ] ] ] } },
{ "type": "Feature", "properties": { "h3": "89b2c1c18a7ffff", "acc_caminata_m2_comercio": 3090.5981407247, "acc_caminata_m2_departamento": 995.0248803701005, "acc_caminata_n_deporte_y_recreacion": 0.24068713063700967, "acc_caminata_n_educacion_y_cultura": 8.1897352135316961, "acc_caminata_m2_habitacional": 28471.320690680048, "acc_caminata_m2_industria": 813.09263355239523, "acc_caminata_m2_oficina": 287.81190439514631, "acc_caminata_n_salud": 0.013430089217655837, "acc_caminata_n_paraderos": 3.1762331758693887 }, "geometry": { "type": "Polygon", "coordinates": [ [ [ -70.757686873433457, -34.171126990762225 ], [ -70.758863179638595, -34.172553853147591 ], [ -70.757958731824729, -34.173941997287223 ], [ -70.75587798611177, -34.173903275225996 ], [ -70.754701716203925, -34.172476423977457 ], [ -70.755606155710396, -34.171088283653525 ], [ -70.757686873433457, -34.171126990762225 ] ] ] } },
{ "type": "Feature", "properties": { "h3": "89b2c1c562fffff", "acc_caminata_m2_comercio": 19.443669578802641, "acc_caminata_m2_departamento": 0.00016830207145205993, "acc_caminata_n_deporte_y_recreacion": 9.1652667407703695e-08, "acc_caminata_n_educacion_y_cultura": 0.0027139660589309842, "acc_caminata_m2_habitacional": 1696.5406375154012, "acc_caminata_m2_industria": 161.37798193220885, "acc_caminata_m2_oficina": 9.465910389487016, "acc_caminata_n_salud": 4.3879125049357296e-10, "acc_caminata_n_paraderos": 2.9243034632434953e-08 }, "geometry": { "type": "Polygon", "coordinates": [ [ [ -70.679270605754411, -34.197730722230894 ], [ -70.680445914279318, -34.199157449351674 ], [ -70.679541440060646, -34.20054396158482 ], [ -70.677461665767453, -34.20050374287738 ], [ -70.676286393686169, -34.199077026947222 ], [ -70.67719085945312, -34.197690518534081 ], [ -70.679270605754411, -34.197730722230894 ] ] ] } },
{ "type": "Feature", "properties": { "h3": "89b2c1c0a5bffff", "acc_caminata_m2_comercio": 16007.746354722849, "acc_caminata_m2_departamento": 13341.512110409922, "acc_caminata_n_deporte_y_recreacion": 2.1401571940862958, "acc_caminata_n_educacion_y_cultura": 40.575104230713947, "acc_caminata_m2_habitacional": 15901.655897295919, "acc_caminata_m2_industria": 512.97383947611809, "acc_caminata_m2_oficina": 15171.129146585999, "acc_caminata_n_salud": 2.3899083838326884, "acc_caminata_n_paraderos": 3.8960495284545207 }, "geometry": { "type": "Polygon", "coordinates": [ [ [ -70.738961566130612, -34.170777383001798 ], [ -70.740137602338592, -34.172204333530452 ], [ -70.739233172617006, -34.173592254877555 ], [ -70.737152715027491, -34.173553221876659 ], [ -70.735976715149789, -34.172126282500109 ], [ -70.736881136529973, -34.17073836497255 ], [ -70.738961566130612, -34.170777383001798 ] ] ] } },
{ "type": "Feature", "properties": { "h3": "89b2c1c726fffff", "acc_caminata_m2_comercio": 334.63661012191284, "acc_caminata_m2_departamento": 3.1195165780858587, "acc_caminata_n_deporte_y_recreacion": 0.19129513321672345, "acc_caminata_n_educacion_y_cultura": 0.23948524778530625, "acc_caminata_m2_habitacional": 10909.095692158206, "acc_caminata_m2_industria": 0.1071072937194078, "acc_caminata_m2_oficina": 6.4412279807997059, "acc_caminata_n_salud": 0.00080172148638496066, "acc_caminata_n_paraderos": 1.9770166867649733e-06 }, "geometry": { "type": "Polygon", "coordinates": [ [ [ -70.664086317884852, -34.169350986670388 ], [ -70.665261272230509, -34.170778288237784 ], [ -70.664356916845279, -34.172165318231805 ], [ -70.662277615590369, -34.172125042823943 ], [ -70.661102697706696, -34.170697752469778 ], [ -70.662007044614583, -34.169310726310464 ], [ -70.664086317884852, -34.169350986670388 ] ] ] } },
{ "type": "Feature", "properties": { "h3": "89b2c1c42dbffff", "acc_caminata_m2_comercio": 0.097554207045546334, "acc_caminata_m2_departamento": 0.00042762663329195774, "acc_caminata_n_deporte_y_recreacion": 2.9379058722016003e-08, "acc_caminata_n_educacion_y_cultura": 8.986615616809872e-08, "acc_caminata_m2_habitacional": 702.5126110651014, "acc_caminata_m2_industria": 3.43656412222655e-07, "acc_caminata_m2_oficina": 1.1981763404000233e-05, "acc_caminata_n_salud": 5.6328874353646853e-10, "acc_caminata_n_paraderos": 1.3823671226763506e-17 }, "geometry": { "type": "Polygon", "coordinates": [ [ [ -70.628825281088993, -34.191130200620968 ], [ -70.629999832233338, -34.192557264372304 ], [ -70.629095430165293, -34.193943315558528 ], [ -70.62701648549438, -34.193902299161209 ], [ -70.625841970880515, -34.192475246643788 ], [ -70.626746364405733, -34.191089199289955 ], [ -70.628825281088993, -34.191130200620968 ] ] ] } },
{ "type": "Feature", "properties": { "h3": "89b2c1c036bffff", "acc_caminata_m2_comercio": 34.475925673809385, "acc_caminata_m2_departamento": 3923.4059009420957, "acc_caminata_n_deporte_y_recreacion": 2.1028801196212132, "acc_caminata_n_educacion_y_cultura": 0.16344402329410077, "acc_caminata_m2_habitacional": 5312.3073728726886, "acc_caminata_m2_industria": 9.108243774538737, "acc_caminata_m2_oficina": 1.5388667098966318, "acc_caminata_n_salud": 0.15903163402807119, "acc_caminata_n_paraderos": 8.1125262537505112 }, "geometry": { "type": "Polygon", "coordinates": [ [ [ -70.752527401473486, -34.149952765973829 ], [ -70.753703532367183, -34.151380030498892 ], [ -70.752799167134711, -34.15276863718303 ], [ -70.750718679322489, -34.152729975516806 ], [ -70.749542584728914, -34.151302722140379 ], [ -70.750446941646075, -34.149914119281732 ], [ -70.752527401473486, -34.149952765973829 ] ] ] } },
{ "type": "Feature", "properties": { "h3": "89b2c1c1c33ffff", "acc_caminata_m2_comercio": 207.03800554419482, "acc_caminata_m2_departamento": 16740.906859822633, "acc_caminata_n_deporte_y_recreacion": 0.18524760036015919, "acc_caminata_n_educacion_y_cultura": 0.10938739687487414, "acc_caminata_m2_habitacional": 20451.901596581458, "acc_caminata_m2_industria": 39.516029402228632, "acc_caminata_m2_oficina": 4.7256571069241726, "acc_caminata_n_salud": 0.012082588361481125, "acc_caminata_n_paraderos": 5.6100204181097979 }, "geometry": { "type": "Polygon", "coordinates": [ [ [ -70.762297706509955, -34.154350112171272 ], [ -70.763473998400087, -34.155777255173774 ], [ -70.762569608256555, -34.157165873326882 ], [ -70.760488934519415, -34.157127344655954 ], [ -70.759312678913417, -34.155700212792603 ], [ -70.760217060759103, -34.154311598461248 ], [ -70.762297706509955, -34.154350112171272 ] ] ] } },
{ "type": "Feature", "properties": { "h3": "89b2c1c54b3ffff", "acc_caminata_m2_comercio": 900.54838414125152, "acc_caminata_m2_departamento": 129.63483636368508, "acc_caminata_n_deporte_y_recreacion": 0.045494195565056766, "acc_caminata_n_educacion_y_cultura": 0.45572057723189185, "acc_caminata_m2_habitacional": 11399.885149461075, "acc_caminata_m2_industria": 51.540855170617149, "acc_caminata_m2_oficina": 98.600006700242304, "acc_caminata_n_salud": 0.38781426512596334, "acc_caminata_n_paraderos": 1.8133905937003154e-10 }, "geometry": { "type": "Polygon", "coordinates": [ [ [ -70.652152030319328, -34.174737271667617 ], [ -70.653326838783201, -34.176164528370485 ], [ -70.652422474843249, -34.177551276529115 ], [ -70.65034331093743, -34.177510764150341 ], [ -70.649168538958151, -34.176083518668435 ], [ -70.650072894398761, -34.174696774344532 ], [ -70.652152030319328, -34.174737271667617 ] ] ] } },
{ "type": "Feature", "properties": { "h3": "89b2c1c18bbffff", "acc_caminata_m2_comercio": 812.92189889305575, "acc_caminata_m2_departamento": 346.60778137162526, "acc_caminata_n_deporte_y_recreacion": 0.035289017769007447, "acc_caminata_n_educacion_y_cultura": 1.9754117809613903, "acc_caminata_m2_habitacional": 30522.0116004382, "acc_caminata_m2_industria": 76.351977511977537, "acc_caminata_m2_oficina": 84.534076593316357, "acc_caminata_n_salud": 0.031201103487590632, "acc_caminata_n_paraderos": 4.243588869957688 }, "geometry": { "type": "Polygon", "coordinates": [ [ [ -70.763657282931007, -34.168427735068022 ], [ -70.764833661713595, -34.169854619721228 ], [ -70.763929218522819, -34.171242904751352 ], [ -70.761848404844429, -34.171204301312805 ], [ -70.760672062347723, -34.169777427792567 ], [ -70.76157649724216, -34.168389146578114 ], [ -70.763657282931007, -34.168427735068022 ] ] ] } },
{ "type": "Feature", "properties": { "h3": "89b2c1c1e2fffff", "acc_caminata_m2_comercio": 9.855791428271667, "acc_caminata_m2_departamento": 11299.60606899955, "acc_caminata_n_deporte_y_recreacion": 0.0021030496189061174, "acc_caminata_n_educacion_y_cultura": 0.00036745162588989647, "acc_caminata_m2_habitacional": 11183.906657046942, "acc_caminata_m2_industria": 7232.9509786663912, "acc_caminata_m2_oficina": 0.6515857944472514, "acc_caminata_n_salud": 2.5224234158942059e-07, "acc_caminata_n_paraderos": 0.068070591187807131 }, "geometry": { "type": "Polygon", "coordinates": [ [ [ -70.785643576172845, -34.170238505509737 ], [ -70.786820278329316, -34.171665261246737 ], [ -70.785915809049968, -34.173053772856676 ], [ -70.783834645869206, -34.173015524919251 ], [ -70.782657979960192, -34.171588780296801 ], [ -70.783562440983118, -34.170200272497418 ], [ -70.785643576172845, -34.170238505509737 ] ] ] } },
{ "type": "Feature", "properties": { "h3": "89b2c1c0e53ffff", "acc_caminata_m2_comercio": 2374.1080135006277, "acc_caminata_m2_departamento": 658.92964059664939, "acc_caminata_n_deporte_y_recreacion": 0.096841286812158922, "acc_caminata_n_educacion_y_cultura": 11.02983133625168, "acc_caminata_m2_habitacional": 23756.284149158651, "acc_caminata_m2_industria": 22.181640204741559, "acc_caminata_m2_oficina": 666.98661153630803, "acc_caminata_n_salud": 0.70827718441243481, "acc_caminata_n_paraderos": 2.1298548374831765 }, "geometry": { "type": "Polygon", "coordinates": [ [ [ -70.733804415457556, -34.149603702625747 ], [ -70.73498027634875, -34.151031055114146 ], [ -70.73407592925966, -34.152419438991522 ], [ -70.731995729627343, -34.152380466551399 ], [ -70.730819905069268, -34.150953125226884 ], [ -70.731724243809026, -34.149564745178822 ], [ -70.733804415457556, -34.149603702625747 ] ] ] } },
{ "type": "Feature", "properties": { "h3": "89b2c1c56afffff", "acc_caminata_m2_comercio": 0.23705728777121518, "acc_caminata_m2_departamento": 6.5544917071002237e-06, "acc_caminata_n_deporte_y_recreacion": 1.3285417179609003e-06, "acc_caminata_n_educacion_y_cultura": 0.13735053461429747, "acc_caminata_m2_habitacional": 6954.8932104385358, "acc_caminata_m2_industria": 34.758661151113401, "acc_caminata_m2_oficina": 0.020578977928226164, "acc_caminata_n_salud": 3.6150580969572158e-10, "acc_caminata_n_paraderos": 4.6385072474713329e-07 }, "geometry": { "type": "Polygon", "coordinates": [ [ [ -70.675474047076833, -34.190636844235236 ], [ -70.676649267056149, -34.192063715040895 ], [ -70.675744822536586, -34.193450356734957 ], [ -70.673665166494516, -34.193410123799886 ], [ -70.672489982963427, -34.191983264190497 ], [ -70.673394419024859, -34.190596626320101 ], [ -70.675474047076833, -34.190636844235236 ] ] ] } },
{ "type": "Feature", "properties": { "h3": "89b2c1c1ab7ffff", "acc_caminata_m2_comercio": 14.144098882977477, "acc_caminata_m2_departamento": 0.003057468011172116, "acc_caminata_n_deporte_y_recreacion": 0.00020387256407309348, "acc_caminata_n_educacion_y_cultura": 0.07162683716295748, "acc_caminata_m2_habitacional": 22187.321482278468, "acc_caminata_m2_industria": 0.0012483602758958142, "acc_caminata_m2_oficina": 0.10218642831243702, "acc_caminata_n_salud": 0.0043113809173278197, "acc_caminata_n_paraderos": 0.014570809443095176 }, "geometry": { "type": "Polygon", "coordinates": [ [ [ -70.780216733437243, -34.178569015434604 ], [ -70.781393397860271, -34.17999564552273 ], [ -70.78048890266669, -34.181383882975979 ], [ -70.778407751315612, -34.181345486533111 ], [ -70.777231123152148, -34.179918867560914 ], [ -70.778135610078834, -34.178530633915877 ], [ -70.780216733437243, -34.178569015434604 ] ] ] } },
{ "type": "Feature", "properties": { "h3": "89b2c1c0adbffff", "acc_caminata_m2_comercio": 12796.856504216632, "acc_caminata_m2_departamento": 2468.3493684424743, "acc_caminata_n_deporte_y_recreacion": 4.4350349098637212, "acc_caminata_n_educacion_y_cultura": 7.133288661352462, "acc_caminata_m2_habitacional": 18856.186467965359, "acc_caminata_m2_industria": 66.950945299704657, "acc_caminata_m2_oficina": 3825.792639548049, "acc_caminata_n_salud": 1.1495507235064046, "acc_caminata_n_paraderos": 8.9665011065095488 }, "geometry": { "type": "Polygon", "coordinates": [ [ [ -70.735162052064013, -34.163681201999459 ], [ -70.736337999818431, -34.165108296325911 ], [ -70.735433599665299, -34.166496347105976 ], [ -70.733353260104266, -34.166457299736557 ], [ -70.732177348684743, -34.165030216567843 ], [ -70.733081740490036, -34.163642169611002 ], [ -70.735162052064013, -34.163681201999459 ] ] ] } },
{ "type": "Feature", "properties": { "h3": "89b2c1c104fffff", "acc_caminata_m2_comercio": 0.0051800051031822688, "acc_caminata_m2_departamento": 6.6780717452253866e-10, "acc_caminata_n_deporte_y_recreacion": 0.48124070332551838, "acc_caminata_n_educacion_y_cultura": 4.8360931109217131e-11, "acc_caminata_m2_habitacional": 241.62295679080643, "acc_caminata_m2_industria": 190.31232539632475, "acc_caminata_m2_oficina": 3.2666647199201918e-12, "acc_caminata_n_salud": 5.6637359163965362e-15, "acc_caminata_n_paraderos": 1.7048499228043092e-13 }, "geometry": { "type": "Polygon", "coordinates": [ [ [ -70.819837152867677, -34.137125126095789 ], [ -70.821014185229899, -34.13855232530895 ], [ -70.820109808158065, -34.139942081873471 ], [ -70.818028406914621, -34.139904635407639 ], [ -70.816851410729456, -34.138477447293319 ], [ -70.817755779609314, -34.137087694546175 ], [ -70.819837152867677, -34.137125126095789 ] ] ] } },
{ "type": "Feature", "properties": { "h3": "89b2c1c0cd7ffff", "acc_caminata_m2_comercio": 0.014732431190604734, "acc_caminata_m2_departamento": 0.0027214320331124188, "acc_caminata_n_deporte_y_recreacion": 3.3155676809362648e-07, "acc_caminata_n_educacion_y_cultura": 1.2657654512237111e-06, "acc_caminata_m2_habitacional": 1018.3621594040773, "acc_caminata_m2_industria": 9.4580029356376033e-05, "acc_caminata_m2_oficina": 1.707881997707042e-05, "acc_caminata_n_salud": 1.8660624924828675e-10, "acc_caminata_n_paraderos": 1.5789037638751576e-06 }, "geometry": { "type": "Polygon", "coordinates": [ [ [ -70.704233675900412, -34.133587316577469 ], [ -70.705409035928355, -34.135015084404365 ], [ -70.704504774807646, -34.136403500375536 ], [ -70.702425162059654, -34.136364144678254 ], [ -70.701249838412323, -34.134936388044942 ], [ -70.702154091131035, -34.133547975915555 ], [ -70.704233675900412, -34.133587316577469 ] ] ] } },
{ "type": "Feature", "properties": { "h3": "89b2c1c5533ffff", "acc_caminata_m2_comercio": 10.291521883433244, "acc_caminata_m2_departamento": 0.052527062705036404, "acc_caminata_n_deporte_y_recreacion": 3.6087454331846551e-06, "acc_caminata_n_educacion_y_cultura": 1.1038611336799715e-05, "acc_caminata_m2_habitacional": 1551.3635642276397, "acc_caminata_m2_industria": 4.2068709318556512e-05, "acc_caminata_m2_oficina": 0.0013243217912909055, "acc_caminata_n_salud": 6.919097375025514e-08, "acc_caminata_n_paraderos": 1.2309593400951038e-15 }, "geometry": { "type": "Polygon", "coordinates": [ [ [ -70.635062224854991, -34.191252997807382 ], [ -70.636236866402427, -34.192680032446788 ], [ -70.635332457895004, -34.194066157931168 ], [ -70.633253416370337, -34.194025244945195 ], [ -70.632078811342453, -34.192598221534595 ], [ -70.632983211318347, -34.191212099881355 ], [ -70.635062224854991, -34.191252997807382 ] ] ] } },
{ "type": "Feature", "properties": { "h3": "89b2c1c193bffff", "acc_caminata_m2_comercio": 6293.8792186431292, "acc_caminata_m2_departamento": 66.677584794050915, "acc_caminata_n_deporte_y_recreacion": 0.001750554752145922, "acc_caminata_n_educacion_y_cultura": 0.029680333057505365, "acc_caminata_m2_habitacional": 889.51939358910272, "acc_caminata_m2_industria": 6739.7677176128782, "acc_caminata_m2_oficina": 194.31858157378858, "acc_caminata_n_salud": 0.077612842381135749, "acc_caminata_n_paraderos": 0.23841923843645488 }, "geometry": { "type": "Polygon", "coordinates": [ [ [ -70.746561567021004, -34.184967630691972 ], [ -70.747737780137541, -34.186394293478557 ], [ -70.746833291297619, -34.187781955918233 ], [ -70.744752597668366, -34.187742951759333 ], [ -70.743576420872856, -34.186316300113575 ], [ -70.744480901384222, -34.184928641486096 ], [ -70.746561567021004, -34.184967630691972 ] ] ] } },
{ "type": "Feature", "properties": { "h3": "89b2c1c1eafffff", "acc_caminata_m2_comercio": 31.34319201648659, "acc_caminata_m2_departamento": 0.97021669517251796, "acc_caminata_n_deporte_y_recreacion": 0.00053672176705439807, "acc_caminata_n_educacion_y_cultura": 0.069816795507167156, "acc_caminata_m2_habitacional": 13218.41310417058, "acc_caminata_m2_industria": 0.55211703909503118, "acc_caminata_m2_oficina": 2.5923287352190849, "acc_caminata_n_salud": 2.4670939316827186e-05, "acc_caminata_n_paraderos": 2.05446641838823 }, "geometry": { "type": "Polygon", "coordinates": [ [ [ -70.7818414377778, -34.163142512939409 ], [ -70.783018051538306, -34.164569412659489 ], [ -70.782113611729997, -34.165958053716814 ], [ -70.780032566422733, -34.165919791239993 ], [ -70.77885598891433, -34.164492902640077 ], [ -70.779760420459752, -34.163104265396996 ], [ -70.7818414377778, -34.163142512939409 ] ] ] } },
{ "type": "Feature", "properties": { "h3": "89b2c1c0ed3ffff", "acc_caminata_m2_comercio": 7010.3554601766218, "acc_caminata_m2_departamento": 548.07306858568666, "acc_caminata_n_deporte_y_recreacion": 0.025324826556301958, "acc_caminata_n_educacion_y_cultura": 0.22261558416278521, "acc_caminata_m2_habitacional": 2840.6756148645027, "acc_caminata_m2_industria": 85.945713405310826, "acc_caminata_m2_oficina": 33.661532590501075, "acc_caminata_n_salud": 0.0035631806059224173, "acc_caminata_n_paraderos": 0.57235119044029203 }, "geometry": { "type": "Polygon", "coordinates": [ [ [ -70.730005520000958, -34.142505451583681 ], [ -70.731181292447545, -34.143932947748887 ], [ -70.730276974932536, -34.145321461019833 ], [ -70.728196893325389, -34.145282474292763 ], [ -70.727021157216555, -34.143854989297068 ], [ -70.72792546637578, -34.142466479859138 ], [ -70.730005520000958, -34.142505451583681 ] ] ] } },
{ "type": "Feature", "properties": { "h3": "89b2c1c0b5bffff", "acc_caminata_m2_comercio": 1429.6686375583113, "acc_caminata_m2_departamento": 2100.5220605652348, "acc_caminata_n_deporte_y_recreacion": 0.15533283190523894, "acc_caminata_n_educacion_y_cultura": 0.64629236873444063, "acc_caminata_m2_habitacional": 26414.633664562218, "acc_caminata_m2_industria": 8.1588157277277293, "acc_caminata_m2_oficina": 29.116768807297195, "acc_caminata_n_salud": 1.7891888261419966, "acc_caminata_n_paraderos": 4.7820450008066446 }, "geometry": { "type": "Polygon", "coordinates": [ [ [ -70.718068277542827, -34.18021695489351 ], [ -70.71924405931972, -34.181643827317096 ], [ -70.718339613796289, -34.183031255507693 ], [ -70.716259394874655, -34.182991807455174 ], [ -70.715083649467772, -34.18156494619717 ], [ -70.715988086611162, -34.180177521826295 ], [ -70.718068277542827, -34.18021695489351 ] ] ] } },
{ "type": "Feature", "properties": { "h3": "89b2c1c736fffff", "acc_caminata_m2_comercio": 14.849847657097978, "acc_caminata_m2_departamento": 52.927870265768142, "acc_caminata_n_deporte_y_recreacion": 0.028674138845300005, "acc_caminata_n_educacion_y_cultura": 0.064155479540060081, "acc_caminata_m2_habitacional": 2672.1142431120084, "acc_caminata_m2_industria": 5.9803302988556082, "acc_caminata_m2_oficina": 2.5916027386664755, "acc_caminata_n_salud": 0.0013709809775034755, "acc_caminata_n_paraderos": 3.2840332018515124e-13 }, "geometry": { "type": "Polygon", "coordinates": [ [ [ -70.643201652981588, -34.178775623575319 ], [ -70.644376351974756, -34.180202846609546 ], [ -70.643471981671269, -34.181589383384114 ], [ -70.64139292088916, -34.181548693289876 ], [ -70.640218258397525, -34.180121481482416 ], [ -70.641122620185115, -34.178734948542633 ], [ -70.643201652981588, -34.178775623575319 ] ] ] } },
{ "type": "Feature", "properties": { "h3": "89b2c1c0a47ffff", "acc_caminata_m2_comercio": 2149.9284480906858, "acc_caminata_m2_departamento": 5210.2146580001181, "acc_caminata_n_deporte_y_recreacion": 0.070287113458622638, "acc_caminata_n_educacion_y_cultura": 15.351299447393011, "acc_caminata_m2_habitacional": 28399.352267182083, "acc_caminata_m2_industria": 19.113224712001308, "acc_caminata_m2_oficina": 1911.0688454323893, "acc_caminata_n_salud": 1.2901807628375106, "acc_caminata_n_paraderos": 0.88633660656628765 }, "geometry": { "type": "Polygon", "coordinates": [ [ [ -70.732991895965569, -34.173475052254986 ], [ -70.734167859507323, -34.174901980477536 ], [ -70.733263425245894, -34.176289760926487 ], [ -70.731183035793777, -34.176250609333501 ], [ -70.730007108593654, -34.17482369226687 ], [ -70.730911534502667, -34.173435915637519 ], [ -70.732991895965569, -34.173475052254986 ] ] ] } },
{ "type": "Feature", "properties": { "h3": "89b2c1c1d33ffff", "acc_caminata_m2_comercio": 19423.001961793616, "acc_caminata_m2_departamento": 6929.7524313512849, "acc_caminata_n_deporte_y_recreacion": 0.41710865548608161, "acc_caminata_n_educacion_y_cultura": 14.766709409934398, "acc_caminata_m2_habitacional": 9332.457669715337, "acc_caminata_m2_industria": 97.384048274212631, "acc_caminata_m2_oficina": 10333.688905600939, "acc_caminata_n_salud": 27.645725724562212, "acc_caminata_n_paraderos": 6.3153832805249941 }, "geometry": { "type": "Polygon", "coordinates": [ [ [ -70.741403179003541, -34.163798091964608 ], [ -70.742579216785415, -34.165225156952665 ], [ -70.741674810566678, -34.166613282001229 ], [ -70.739594374901259, -34.166574338239975 ], [ -70.738418373443295, -34.165147284404547 ], [ -70.739322771325519, -34.163759163177943 ], [ -70.741403179003541, -34.163798091964608 ] ] ] } },
{ "type": "Feature", "properties": { "h3": "89b2c1c19bbffff", "acc_caminata_m2_comercio": 1134.6169340456868, "acc_caminata_m2_departamento": 980.24792781655685, "acc_caminata_n_deporte_y_recreacion": 0.062443245577574788, "acc_caminata_n_educacion_y_cultura": 12.306752740581333, "acc_caminata_m2_habitacional": 31370.479263187073, "acc_caminata_m2_industria": 43.062454014524015, "acc_caminata_m2_oficina": 261.28149964041705, "acc_caminata_n_salud": 2.0357831033876752, "acc_caminata_n_paraderos": 1.7183980877960456 }, "geometry": { "type": "Polygon", "coordinates": [ [ [ -70.742761404446924, -34.177872859302347 ], [ -70.743937529108962, -34.179299665984352 ], [ -70.743033069825088, -34.180687457884673 ], [ -70.740952494212848, -34.180648439287303 ], [ -70.739776405876469, -34.179221643751717 ], [ -70.74068085682535, -34.177833855667288 ], [ -70.742761404446924, -34.177872859302347 ] ] ] } },
{ "type": "Feature", "properties": { "h3": "89b2c1c0667ffff", "acc_caminata_m2_comercio": 0.10562360984919709, "acc_caminata_m2_departamento": 3.9946167553756495e-06, "acc_caminata_n_deporte_y_recreacion": 2.8583660572324458e-05, "acc_caminata_n_educacion_y_cultura": 1.0611417714576543e-06, "acc_caminata_m2_habitacional": 136.99892639894793, "acc_caminata_m2_industria": 1.1850902619871166, "acc_caminata_m2_oficina": 0.30641480286792905, "acc_caminata_n_salud": 1.4800878316872681e-11, "acc_caminata_n_paraderos": 2.3815520814192254e-10 }, "geometry": { "type": "Polygon", "coordinates": [ [ [ -70.765276535133353, -34.120666549462875 ], [ -70.766452708442955, -34.122094282746325 ], [ -70.765548439611891, -34.123483774462741 ], [ -70.763468005760004, -34.123445529060803 ], [ -70.762291868719331, -34.122017806926152 ], [ -70.763196129260223, -34.12062831904484 ], [ -70.765276535133353, -34.120666549462875 ] ] ] } },
{ "type": "Feature", "properties": { "h3": "89b2c1c12cbffff", "acc_caminata_m2_comercio": 0.11721064431449311, "acc_caminata_m2_departamento": 1.9013686045066399e-15, "acc_caminata_n_deporte_y_recreacion": 1.365639540338217e-06, "acc_caminata_n_educacion_y_cultura": 1.3047136735810826e-05, "acc_caminata_m2_habitacional": 2520.3091741588414, "acc_caminata_m2_industria": 0.00054005830092708452, "acc_caminata_m2_oficina": 6.4503146958301491e-16, "acc_caminata_n_salud": 1.6203985028911657e-20, "acc_caminata_n_paraderos": 2.3044871081795363e-12 }, "geometry": { "type": "Polygon", "coordinates": [ [ [ -70.841829967150346, -34.138924640163296 ], [ -70.843007322147059, -34.140351710162811 ], [ -70.842102919686837, -34.141741693265367 ], [ -70.840021170380538, -34.141704602556388 ], [ -70.838843851522356, -34.140277543637268 ], [ -70.839748245830549, -34.138887564346938 ], [ -70.841829967150346, -34.138924640163296 ] ] ] } },
{ "type": "Feature", "properties": { "h3": "89b2c1c1bb7ffff", "acc_caminata_m2_comercio": 37.087897583137561, "acc_caminata_m2_departamento": 2.253654972387884, "acc_caminata_n_deporte_y_recreacion": 0.00063590899894652633, "acc_caminata_n_educacion_y_cultura": 0.73226131091286506, "acc_caminata_m2_habitacional": 1922.1038313909826, "acc_caminata_m2_industria": 7.8140831709315073, "acc_caminata_m2_oficina": 591.81397388621508, "acc_caminata_n_salud": 0.0015581926085155003, "acc_caminata_n_paraderos": 0.17804629037657488 }, "geometry": { "type": "Polygon", "coordinates": [ [ [ -70.759318125306535, -34.188015255099742 ], [ -70.7604945357932, -34.189441807336031 ], [ -70.759590024309674, -34.190829551655554 ], [ -70.757509110643667, -34.190790739930542 ], [ -70.756332736456386, -34.189364198823647 ], [ -70.75723723963435, -34.187976458312562 ], [ -70.759318125306535, -34.188015255099742 ] ] ] } },
{ "type": "Feature", "properties": { "h3": "89b2c1c0bdbffff", "acc_caminata_m2_comercio": 9677.951426587455, "acc_caminata_m2_departamento": 762.65554413932682, "acc_caminata_n_deporte_y_recreacion": 0.46295364128565203, "acc_caminata_n_educacion_y_cultura": 7.6848514724980976, "acc_caminata_m2_habitacional": 18636.114891798952, "acc_caminata_m2_industria": 65.602211541485033, "acc_caminata_m2_oficina": 292.93383148463391, "acc_caminata_n_salud": 4.4695660066033938, "acc_caminata_n_paraderos": 7.5088338026362775 }, "geometry": { "type": "Polygon", "coordinates": [ [ [ -70.714269797058535, -34.173121579559229 ], [ -70.715445490349552, -34.174548595741136 ], [ -70.714541074440348, -34.175936153374522 ], [ -70.712460973625241, -34.175896691002812 ], [ -70.71128531670881, -34.174469685992129 ], [ -70.712189724231564, -34.173082132182131 ], [ -70.714269797058535, -34.173121579559229 ] ] ] } },
{ "type": "Feature", "properties": { "h3": "89b2c1c5437ffff", "acc_caminata_m2_comercio": 593.11686102162389, "acc_caminata_m2_departamento": 141.04877893873149, "acc_caminata_n_deporte_y_recreacion": 5.1129866230571377, "acc_caminata_n_educacion_y_cultura": 3.4547303240953346, "acc_caminata_m2_habitacional": 8260.5609126550771, "acc_caminata_m2_industria": 40.852020496961387, "acc_caminata_m2_oficina": 887.89355705605794, "acc_caminata_n_salud": 0.068353528958962476, "acc_caminata_n_paraderos": 6.0584487118483501e-11 }, "geometry": { "type": "Polygon", "coordinates": [ [ [ -70.652963384096466, -34.183178931646566 ], [ -70.654138244642652, -34.18460603361833 ], [ -70.653233848826318, -34.185992581889863 ], [ -70.651154600960922, -34.185952024358741 ], [ -70.649979776900423, -34.184524933604209 ], [ -70.650884164218283, -34.183138389163751 ], [ -70.652963384096466, -34.183178931646566 ] ] ] } },
{ "type": "Feature", "properties": { "h3": "89b2c1c0863ffff", "acc_caminata_m2_comercio": 2723.3023703995391, "acc_caminata_m2_departamento": 135.15224659626105, "acc_caminata_n_deporte_y_recreacion": 1.2008049028475547, "acc_caminata_n_educacion_y_cultura": 13.374658586168259, "acc_caminata_m2_habitacional": 17460.380165056245, "acc_caminata_m2_industria": 13.69042011128251, "acc_caminata_m2_oficina": 60.838165355984003, "acc_caminata_n_salud": 0.20965492575706868, "acc_caminata_n_paraderos": 6.0662199064413507 }, "geometry": { "type": "Polygon", "coordinates": [ [ [ -70.707487308286673, -34.167373721463726 ], [ -70.70866287671312, -34.168800870178245 ], [ -70.707758488200042, -34.170188486789506 ], [ -70.705678539657526, -34.170148950859364 ], [ -70.704503007615941, -34.168721813323621 ], [ -70.705407387730645, -34.16733420053945 ], [ -70.707487308286673, -34.167373721463726 ] ] ] } },
{ "type": "Feature", "properties": { "h3": "89b2c1c1d9bffff", "acc_caminata_m2_comercio": 555.84360657239972, "acc_caminata_m2_departamento": 2378.3646392969645, "acc_caminata_n_deporte_y_recreacion": 20.273624952535627, "acc_caminata_n_educacion_y_cultura": 6.1413248943593253, "acc_caminata_m2_habitacional": 12024.593453962038, "acc_caminata_m2_industria": 20.007614351461104, "acc_caminata_m2_oficina": 99.688532341102999, "acc_caminata_n_salud": 0.075172021383632562, "acc_caminata_n_paraderos": 4.38238122480145 }, "geometry": { "type": "Polygon", "coordinates": [ [ [ -70.746557799705826, -34.152652548574778 ], [ -70.747733857993595, -34.154079790800658 ], [ -70.746829488176289, -34.155468256601367 ], [ -70.744749068396203, -34.155429476350832 ], [ -70.743573046419897, -34.154002245277432 ], [ -70.744477407910864, -34.152613783302264 ], [ -70.746557799705826, -34.152652548574778 ] ] ] } },
{ "type": "Feature", "properties": { "h3": "89b2c1c14c7ffff", "acc_caminata_m2_comercio": 2.5246528498124004e-06, "acc_caminata_m2_departamento": 2.0589774604094412e-19, "acc_caminata_n_deporte_y_recreacion": 1.7370519212010991e-18, "acc_caminata_n_educacion_y_cultura": 0.010234008150215461, "acc_caminata_m2_habitacional": 357.49391736004816, "acc_caminata_m2_industria": 1.196771214593974e-05, "acc_caminata_m2_oficina": 0.1611856283662586, "acc_caminata_n_salud": 6.5361230953724767e-25, "acc_caminata_n_paraderos": 9.9176371229096118e-24 }, "geometry": { "type": "Polygon", "coordinates": [ [ [ -70.810867788323591, -34.108837112222773 ], [ -70.81204455712205, -34.110264857592803 ], [ -70.811140291835343, -34.111655205924734 ], [ -70.809059265955241, -34.111617805055964 ], [ -70.807882533341456, -34.110190070802091 ], [ -70.808786790421735, -34.108799726301029 ], [ -70.810867788323591, -34.108837112222773 ] ] ] } },
{ "type": "Feature", "properties": { "h3": "89b2c1c015bffff", "acc_caminata_m2_comercio": 958.7580219809571, "acc_caminata_m2_departamento": 185.37881461859317, "acc_caminata_n_deporte_y_recreacion": 0.099291299885897105, "acc_caminata_n_educacion_y_cultura": 1.1885000994829424, "acc_caminata_m2_habitacional": 16487.648678955211, "acc_caminata_m2_industria": 18247.070931243172, "acc_caminata_m2_oficina": 20.537600473911397, "acc_caminata_n_salud": 0.00017933017094937033, "acc_caminata_n_paraderos": 3.927376363816605 }, "geometry": { "type": "Polygon", "coordinates": [ [ [ -70.735159785211536, -34.13135675980061 ], [ -70.736335578207019, -34.132784433107531 ], [ -70.735431297053182, -34.134173287076067 ], [ -70.733351231248179, -34.134134463901276 ], [ -70.732175474578028, -34.132706801763717 ], [ -70.733079747386242, -34.131317951631779 ], [ -70.735159785211536, -34.13135675980061 ] ] ] } },
{ "type": "Feature", "properties": { "h3": "89b2c1c1db3ffff", "acc_caminata_m2_comercio": 21344.48597498356, "acc_caminata_m2_departamento": 4491.1162531049758, "acc_caminata_n_deporte_y_recreacion": 0.60247063976715798, "acc_caminata_n_educacion_y_cultura": 4.0756703827625635, "acc_caminata_m2_habitacional": 16648.816544679808, "acc_caminata_m2_industria": 5.9574085050178613, "acc_caminata_m2_oficina": 354.25338527139877, "acc_caminata_n_salud": 0.48676413081605252, "acc_caminata_n_paraderos": 1.1151284610308871 }, "geometry": { "type": "Polygon", "coordinates": [ [ [ -70.737603635122369, -34.156701249489224 ], [ -70.738779584458669, -34.158128458251895 ], [ -70.73787520780165, -34.159516712721818 ], [ -70.735794890149947, -34.159477754603621 ], [ -70.734618977142162, -34.158050556999207 ], [ -70.735523345456244, -34.156662306354924 ], [ -70.737603635122369, -34.156701249489224 ] ] ] } },
{ "type": "Feature", "properties": { "h3": "89b2c1c5633ffff", "acc_caminata_m2_comercio": 39.880848330426623, "acc_caminata_m2_departamento": 0.00023353562042765914, "acc_caminata_n_deporte_y_recreacion": 2.061045295035298e-05, "acc_caminata_n_educacion_y_cultura": 0.6681675847687728, "acc_caminata_m2_habitacional": 2088.4941625446863, "acc_caminata_m2_industria": 6063.8212386475661, "acc_caminata_m2_oficina": 2.9466576792235331, "acc_caminata_n_salud": 5.4445222394409808e-09, "acc_caminata_n_paraderos": 7.1953701103922694e-06 }, "geometry": { "type": "Polygon", "coordinates": [ [ [ -70.678728957375554, -34.192103888709077 ], [ -70.67990423116467, -34.193530719087065 ], [ -70.678999778192775, -34.194917364603562 ], [ -70.676920059882775, -34.194877175919821 ], [ -70.675744822536586, -34.193450356734957 ], [ -70.676649267056149, -34.192063715040895 ], [ -70.678728957375554, -34.192103888709077 ] ] ] } },
{ "type": "Feature", "properties": { "h3": "89b2c1c036fffff", "acc_caminata_m2_comercio": 225.54595906289734, "acc_caminata_m2_departamento": 4040.3872842132737, "acc_caminata_n_deporte_y_recreacion": 0.48252506822687169, "acc_caminata_n_educacion_y_cultura": 0.18167449715948233, "acc_caminata_m2_habitacional": 8461.6354702335138, "acc_caminata_m2_industria": 34.434118044901709, "acc_caminata_m2_oficina": 6.9485318487661427, "acc_caminata_n_salud": 0.1248958220426766, "acc_caminata_n_paraderos": 4.4778759853954826 }, "geometry": { "type": "Polygon", "coordinates": [ [ [ -70.749542584728914, -34.151302722140379 ], [ -70.750718679322489, -34.152729975516806 ], [ -70.749814311795078, -34.154118511759613 ], [ -70.747733857993595, -34.154079790800658 ], [ -70.746557799705826, -34.152652548574778 ], [ -70.74746215891237, -34.151264016157491 ], [ -70.749542584728914, -34.151302722140379 ] ] ] } },
{ "type": "Feature", "properties": { "h3": "89b2c1c1c37ffff", "acc_caminata_m2_comercio": 398.6722271236921, "acc_caminata_m2_departamento": 3111.4167288575286, "acc_caminata_n_deporte_y_recreacion": 1.0006020468473744, "acc_caminata_n_educacion_y_cultura": 0.02471326638018671, "acc_caminata_m2_habitacional": 10557.691009521008, "acc_caminata_m2_industria": 212.93290212073472, "acc_caminata_m2_oficina": 8.3903377129295826, "acc_caminata_n_salud": 0.005606378126945295, "acc_caminata_n_paraderos": 2.0090434617720945 }, "geometry": { "type": "Polygon", "coordinates": [ [ [ -70.759312678913417, -34.155700212792603 ], [ -70.760488934519415, -34.157127344655954 ], [ -70.759584542064403, -34.158515892367824 ], [ -70.75750390230543, -34.158477304394751 ], [ -70.756327682989266, -34.157050183672467 ], [ -70.75723206714089, -34.155661639782373 ], [ -70.759312678913417, -34.155700212792603 ] ] ] } },
{ "type": "Feature", "properties": { "h3": "89b2c1c0c5bffff", "acc_caminata_m2_comercio": 35.536059125470295, "acc_caminata_m2_departamento": 6.5548365043815249, "acc_caminata_n_deporte_y_recreacion": 0.00067238451832717192, "acc_caminata_n_educacion_y_cultura": 0.0030508289135111016, "acc_caminata_m2_habitacional": 592.71571601075743, "acc_caminata_m2_industria": 0.22785960363671123, "acc_caminata_m2_oficina": 0.031600858777766042, "acc_caminata_n_salud": 4.501480505137698e-07, "acc_caminata_n_paraderos": 0.003483571321625174 }, "geometry": { "type": "Polygon", "coordinates": [ [ [ -70.714270279250599, -34.140804329733498 ], [ -70.715445817849613, -34.142231924814411 ], [ -70.714541520943854, -34.143620285697132 ], [ -70.712461693821965, -34.143581047662352 ], [ -70.711286191587959, -34.142153463764295 ], [ -70.712190480109484, -34.140765106718383 ], [ -70.714270279250599, -34.140804329733498 ] ] ] } },
{ "type": "Feature", "properties": { "h3": "89b2c1ce4d7ffff", "acc_caminata_m2_comercio": 15419.227344436371, "acc_caminata_m2_departamento": 787.84152153402897, "acc_caminata_n_deporte_y_recreacion": 0.2438443956245048, "acc_caminata_n_educacion_y_cultura": 2.9540340964361875, "acc_caminata_m2_habitacional": 22714.739107340403, "acc_caminata_m2_industria": 113.2796541869514, "acc_caminata_m2_oficina": 323.87081580719422, "acc_caminata_n_salud": 0.084826151817390644, "acc_caminata_n_paraderos": 5.0365810871679573 }, "geometry": { "type": "Polygon", "coordinates": [ [ [ -70.730821600901365, -34.183267218590359 ], [ -70.731997580226704, -34.184693980675029 ], [ -70.731093111857021, -34.186081490770448 ], [ -70.729012672517698, -34.186042234965406 ], [ -70.727836729540726, -34.184615484034879 ], [ -70.728741189553361, -34.18322797775545 ], [ -70.730821600901365, -34.183267218590359 ] ] ] } },
{ "type": "Feature", "properties": { "h3": "89b2c1c54b7ffff", "acc_caminata_m2_comercio": 1170.6041890846582, "acc_caminata_m2_departamento": 47.273042456569897, "acc_caminata_n_deporte_y_recreacion": 0.039494096938731613, "acc_caminata_n_educacion_y_cultura": 0.32979935001514238, "acc_caminata_m2_habitacional": 13137.456999512779, "acc_caminata_m2_industria": 28.034842651970269, "acc_caminata_m2_oficina": 66.041070195483087, "acc_caminata_n_salud": 0.17469236735375093, "acc_caminata_n_paraderos": 5.4300595936230602e-11 }, "geometry": { "type": "Polygon", "coordinates": [ [ [ -70.649168538958151, -34.176083518668435 ], [ -70.65034331093743, -34.177510764150341 ], [ -70.649438944871278, -34.178897441848356 ], [ -70.647359815329395, -34.178856870229858 ], [ -70.64618507984035, -34.177429635970839 ], [ -70.647089437401604, -34.176042962107594 ], [ -70.649168538958151, -34.176083518668435 ] ] ] } },
{ "type": "Feature", "properties": { "h3": "89b2c1c50a7ffff", "acc_caminata_m2_comercio": 12.967217906424931, "acc_caminata_m2_departamento": 0.030079217985224199, "acc_caminata_n_deporte_y_recreacion": 4.7072960917061083e-05, "acc_caminata_n_educacion_y_cultura": 4.5520052406780255e-05, "acc_caminata_m2_habitacional": 1944.1562446541079, "acc_caminata_m2_industria": 0.0016488045339728401, "acc_caminata_m2_oficina": 0.054634200365986978, "acc_caminata_n_salud": 5.8029533709053364e-07, "acc_caminata_n_paraderos": 1.6821819642010114e-12 }, "geometry": { "type": "Polygon", "coordinates": [ [ [ -70.651331974834491, -34.19859159417625 ], [ -70.652506885706018, -34.200018426964128 ], [ -70.651602434628003, -34.201404571585805 ], [ -70.649523081179652, -34.201363879594787 ], [ -70.648348206801245, -34.199937058019856 ], [ -70.649252649376734, -34.198550917223187 ], [ -70.651331974834491, -34.19859159417625 ] ] ] } },
{ "type": "Feature", "properties": { "h3": "89b2c1c1e33ffff", "acc_caminata_m2_comercio": 4.806705121121265, "acc_caminata_m2_departamento": 0.14878754912057757, "acc_caminata_n_deporte_y_recreacion": 8.2308948791578736e-05, "acc_caminata_n_educacion_y_cultura": 0.010707542592697152, "acc_caminata_m2_habitacional": 4594.2721439604748, "acc_caminata_m2_industria": 0.084669890224938441, "acc_caminata_m2_oficina": 0.39754648724067843, "acc_caminata_n_salud": 3.783411080965275e-06, "acc_caminata_n_paraderos": 0.30699379439374891 }, "geometry": { "type": "Polygon", "coordinates": [ [ [ -70.785099130747909, -34.164607615814255 ], [ -70.786275798137581, -34.166034474956518 ], [ -70.785371350072225, -34.167423119826829 ], [ -70.783290242872894, -34.167384901742068 ], [ -70.782113611729997, -34.165958053716814 ], [ -70.783018051538306, -34.164569412659489 ], [ -70.785099130747909, -34.164607615814255 ] ] ] } },
{ "type": "Feature", "properties": { "h3": "89b2c1c0e57ffff", "acc_caminata_m2_comercio": 1312.7051225285172, "acc_caminata_m2_departamento": 448.57482204681764, "acc_caminata_n_deporte_y_recreacion": 0.023916457692162298, "acc_caminata_n_educacion_y_cultura": 35.967882705975988, "acc_caminata_m2_habitacional": 17216.488103324744, "acc_caminata_m2_industria": 18.254624238187674, "acc_caminata_m2_oficina": 4359.1193186701385, "acc_caminata_n_salud": 0.25243071781025017, "acc_caminata_n_paraderos": 3.0962845926505347 }, "geometry": { "type": "Polygon", "coordinates": [ [ [ -70.730819905069268, -34.150953125226884 ], [ -70.731995729627343, -34.152380466551399 ], [ -70.73109138027489, -34.153768779985086 ], [ -70.7290112147179, -34.153729748265135 ], [ -70.727835426498615, -34.152302418106451 ], [ -70.728739767496222, -34.150914108502093 ], [ -70.730819905069268, -34.150953125226884 ] ] ] } },
{ "type": "Feature", "properties": { "h3": "89b2c1c56b3ffff", "acc_caminata_m2_comercio": 11.318646986832441, "acc_caminata_m2_departamento": 0.0020911664384387673, "acc_caminata_n_deporte_y_recreacion": 2.4374934151189161e-06, "acc_caminata_n_educacion_y_cultura": 0.012600994711784408, "acc_caminata_m2_habitacional": 13404.371784587887, "acc_caminata_m2_industria": 9.7209164451395846, "acc_caminata_m2_oficina": 2.4529504003508458, "acc_caminata_n_salud": 9.5664569170333711e-07, "acc_caminata_n_paraderos": 1.8833438514488616e-06 }, "geometry": { "type": "Polygon", "coordinates": [ [ [ -70.674932516386235, -34.185009464480089 ], [ -70.676107701633143, -34.186436438514207 ], [ -70.675203278360129, -34.187823213481508 ], [ -70.6731236782976, -34.187783010588788 ], [ -70.671948529498195, -34.186356047753435 ], [ -70.672852944312467, -34.18496927661225 ], [ -70.674932516386235, -34.185009464480089 ] ] ] } },
{ "type": "Feature", "properties": { "h3": "89b2c1c084bffff", "acc_caminata_m2_comercio": 1172.811641795066, "acc_caminata_m2_departamento": 1211.8703893310969, "acc_caminata_n_deporte_y_recreacion": 2.3203063396465149, "acc_caminata_n_educacion_y_cultura": 2.5972263786262069, "acc_caminata_m2_habitacional": 18016.665668416459, "acc_caminata_m2_industria": 9.2365555806891546, "acc_caminata_m2_oficina": 37.416867100141182, "acc_caminata_n_salud": 2.0019908143419989, "acc_caminata_n_paraderos": 9.9997321671810191 }, "geometry": { "type": "Polygon", "coordinates": [ [ [ -70.716440401886786, -34.163328667541833 ], [ -70.717616079433839, -34.164755849781145 ], [ -70.716711697608673, -34.166143677743449 ], [ -70.714631646616965, -34.16610431963958 ], [ -70.713456005437777, -34.164677148573276 ], [ -70.714360378881096, -34.163289324438018 ], [ -70.716440401886786, -34.163328667541833 ] ] ] } },
{ "type": "Feature", "properties": { "h3": "89b2c1c1827ffff", "acc_caminata_m2_comercio": 108.0591811441403, "acc_caminata_m2_departamento": 4.9739616873061534, "acc_caminata_n_deporte_y_recreacion": 4.0005662590231408, "acc_caminata_n_educacion_y_cultura": 0.17580089555006959, "acc_caminata_m2_habitacional": 21065.014378404998, "acc_caminata_m2_industria": 6.2130816689877468, "acc_caminata_m2_oficina": 6.427057455130706, "acc_caminata_n_salud": 0.00014156450475592808, "acc_caminata_n_paraderos": 2.8376066013686856 }, "geometry": { "type": "Polygon", "coordinates": [ [ [ -70.761487773630307, -34.17822233716398 ], [ -70.762664168266838, -34.179649055625688 ], [ -70.761759690929651, -34.181037070311739 ], [ -70.759678827255527, -34.180998362724225 ], [ -70.758502468911644, -34.17957165539368 ], [ -70.759406937947915, -34.178183644519684 ], [ -70.761487773630307, -34.17822233716398 ] ] ] } },
{ "type": "Feature", "properties": { "h3": "89b2c1c13cbffff", "acc_caminata_m2_comercio": 6.6956103437445282e-05, "acc_caminata_m2_departamento": 1.1607118966861919e-11, "acc_caminata_n_deporte_y_recreacion": 1.1958600625283531e-14, "acc_caminata_n_educacion_y_cultura": 0.019611120872522397, "acc_caminata_m2_habitacional": 860.32145859713182, "acc_caminata_m2_industria": 8.7985820671278734e-12, "acc_caminata_m2_oficina": 1.1588595924458443e-09, "acc_caminata_n_salud": 2.9514904154862719e-16, "acc_caminata_n_paraderos": 4.200403971924515e-06 }, "geometry": { "type": "Polygon", "coordinates": [ [ [ -70.820927814744138, -34.148392239319442 ], [ -70.82210491665127, -34.149819231715604 ], [ -70.821200497178594, -34.151208721817923 ], [ -70.81911898398819, -34.151171215711742 ], [ -70.817941918259521, -34.149744234409496 ], [ -70.818846329541444, -34.148354748119701 ], [ -70.820927814744138, -34.148392239319442 ] ] ] } },
{ "type": "Feature", "properties": { "h3": "89b2c1c0077ffff", "acc_caminata_m2_comercio": 111.71347038337878, "acc_caminata_m2_departamento": 180.85512319141492, "acc_caminata_n_deporte_y_recreacion": 0.24327748973505955, "acc_caminata_n_educacion_y_cultura": 1.1852609190443357, "acc_caminata_m2_habitacional": 9802.5829389538594, "acc_caminata_m2_industria": 93.469368641119772, "acc_caminata_m2_oficina": 3.3207593851707342, "acc_caminata_n_salud": 7.3340148831083849e-06, "acc_caminata_n_paraderos": 2.7309356487175687 }, "geometry": { "type": "Polygon", "coordinates": [ [ [ -70.744112907790864, -34.127305855671914 ], [ -70.745288809728294, -34.128733562475297 ], [ -70.744384535400357, -34.130122627754972 ], [ -70.742304367462751, -34.13008398239495 ], [ -70.741128501833657, -34.128656286755131 ], [ -70.742032767832484, -34.127267225311982 ], [ -70.744112907790864, -34.127305855671914 ] ] ] } },
{ "type": "Feature", "properties": { "h3": "89b2c1c1cb7ffff", "acc_caminata_m2_comercio": 10.407667468373338, "acc_caminata_m2_departamento": 357.93529905425169, "acc_caminata_n_deporte_y_recreacion": 0.11714968723064573, "acc_caminata_n_educacion_y_cultura": 0.51337533998086093, "acc_caminata_m2_habitacional": 1938.0001428204998, "acc_caminata_m2_industria": 5.0076163963597411, "acc_caminata_m2_oficina": 0.23402540340441047, "acc_caminata_n_salud": 0.074709470209849499, "acc_caminata_n_paraderos": 1.1376950648051087 }, "geometry": { "type": "Polygon", "coordinates": [ [ [ -70.755512249923825, -34.148602680074731 ], [ -70.756688417111988, -34.150029955746476 ], [ -70.755784054179443, -34.151418632871184 ], [ -70.753703532367183, -34.151380030498892 ], [ -70.752527401473486, -34.149952765973829 ], [ -70.753431756096205, -34.14856409267459 ], [ -70.755512249923825, -34.148602680074731 ] ] ] } },
{ "type": "Feature", "properties": { "h3": "89b2c1c5537ffff", "acc_caminata_m2_comercio": 2.0650468508646695, "acc_caminata_m2_departamento": 0.0090520855959920488, "acc_caminata_n_deporte_y_recreacion": 6.2190175629167849e-07, "acc_caminata_n_educacion_y_cultura": 1.9023046613212909e-06, "acc_caminata_m2_habitacional": 876.05960672058688, "acc_caminata_m2_industria": 7.2745872610959181e-06, "acc_caminata_m2_oficina": 0.00025363234999884946, "acc_caminata_n_salud": 1.1923808118540871e-08, "acc_caminata_n_paraderos": 2.9262222100671362e-16 }, "geometry": { "type": "Polygon", "coordinates": [ [ [ -70.632078811342453, -34.192598221534595 ], [ -70.633253416370337, -34.194025244945195 ], [ -70.632349005765249, -34.195411299962558 ], [ -70.63026999866797, -34.195370327738388 ], [ -70.629095430165293, -34.193943315558528 ], [ -70.629999832233338, -34.192557264372304 ], [ -70.632078811342453, -34.192598221534595 ] ] ] } },
{ "type": "Feature", "properties": { "h3": "89b2c1c73d7ffff", "acc_caminata_m2_comercio": 4.4422151358738775, "acc_caminata_m2_departamento": 2.8546992737039667, "acc_caminata_n_deporte_y_recreacion": 2.4850234053456602e-06, "acc_caminata_n_educacion_y_cultura": 0.00014458150129811854, "acc_caminata_m2_habitacional": 2738.55049107476, "acc_caminata_m2_industria": 6.4902316261301093e-05, "acc_caminata_m2_oficina": 0.0095563365755865388, "acc_caminata_n_salud": 2.7617584288942994e-07, "acc_caminata_n_paraderos": 1.4377840323398863e-14 }, "geometry": { "type": "Polygon", "coordinates": [ [ [ -70.64157982221208, -34.161890582915312 ], [ -70.642754417059237, -34.163318115270854 ], [ -70.641850110511939, -34.164705051780295 ], [ -70.639771217633822, -34.164664452092232 ], [ -70.638596659286037, -34.163236930970861 ], [ -70.639500957315676, -34.161849998303552 ], [ -70.64157982221208, -34.161890582915312 ] ] ] } },
{ "type": "Feature", "properties": { "h3": "89b2c1c0bc3ffff", "acc_caminata_m2_comercio": 3274.1832171128221, "acc_caminata_m2_departamento": 2090.9989557852637, "acc_caminata_n_deporte_y_recreacion": 0.53428951689477955, "acc_caminata_n_educacion_y_cultura": 16.174401152072896, "acc_caminata_m2_habitacional": 17088.392286553233, "acc_caminata_m2_industria": 56.986982648483696, "acc_caminata_m2_oficina": 359.05804122914941, "acc_caminata_n_salud": 5.3825529193244321, "acc_caminata_n_paraderos": 3.219934739388548 }, "geometry": { "type": "Polygon", "coordinates": [ [ [ -70.71128531670881, -34.174469685992129 ], [ -70.712460973625241, -34.175896691002812 ], [ -70.711556555485203, -34.177284178183719 ], [ -70.709476488819348, -34.177244656530704 ], [ -70.708300868283203, -34.175817662693177 ], [ -70.709205278031263, -34.174430179335694 ], [ -70.71128531670881, -34.174469685992129 ] ] ] } },
{ "type": "Feature", "properties": { "h3": "89b2c1c0963ffff", "acc_caminata_m2_comercio": 549.71413224320588, "acc_caminata_m2_departamento": 0.16424812515716372, "acc_caminata_n_deporte_y_recreacion": 1.0625249690681482, "acc_caminata_n_educacion_y_cultura": 1.57467869081739, "acc_caminata_m2_habitacional": 15628.277321818685, "acc_caminata_m2_industria": 0.010222216814982799, "acc_caminata_m2_oficina": 6.3668037776256714, "acc_caminata_n_salud": 6.8452386652042511e-05, "acc_caminata_n_paraderos": 1.5429097443207149 }, "geometry": { "type": "Polygon", "coordinates": [ [ [ -70.686597875246676, -34.176807640317371 ], [ -70.687773188860092, -34.178234710739879 ], [ -70.686868784917024, -34.179621834173005 ], [ -70.684789075796189, -34.179581883356597 ], [ -70.683613798607297, -34.178154824126402 ], [ -70.68451819411338, -34.176767704520508 ], [ -70.686597875246676, -34.176807640317371 ] ] ] } },
{ "type": "Feature", "properties": { "h3": "89b2c1c0ed7ffff", "acc_caminata_m2_comercio": 158.51708455869596, "acc_caminata_m2_departamento": 10325.772019384925, "acc_caminata_n_deporte_y_recreacion": 0.039704595511367381, "acc_caminata_n_educacion_y_cultura": 0.60426456516785965, "acc_caminata_m2_habitacional": 8191.5413236310751, "acc_caminata_m2_industria": 1436.2633954365649, "acc_caminata_m2_oficina": 0.97422440968632318, "acc_caminata_n_salud": 1.7028670841152038e-05, "acc_caminata_n_paraderos": 0.13478695513553082 }, "geometry": { "type": "Polygon", "coordinates": [ [ [ -70.727021157216555, -34.143854989297068 ], [ -70.728196893325389, -34.145282474292763 ], [ -70.727292573553598, -34.146670917121433 ], [ -70.725212526032877, -34.146631871121599 ], [ -70.724036826267451, -34.145204397297356 ], [ -70.724941137677973, -34.143815958301708 ], [ -70.727021157216555, -34.143854989297068 ] ] ] } },
{ "type": "Feature", "properties": { "h3": "89b2c1c7373ffff", "acc_caminata_m2_comercio": 355.17751731118426, "acc_caminata_m2_departamento": 107.99729451223385, "acc_caminata_n_deporte_y_recreacion": 0.080129569890628041, "acc_caminata_n_educacion_y_cultura": 5.0556709998177958, "acc_caminata_m2_habitacional": 16195.275181832956, "acc_caminata_m2_industria": 0.96057604489955772, "acc_caminata_m2_oficina": 2.1516782685258602, "acc_caminata_n_salud": 0.00025213092423386727, "acc_caminata_n_paraderos": 4.3648330957973696e-13 }, "geometry": { "type": "Polygon", "coordinates": [ [ [ -70.642661015798694, -34.173147749388583 ], [ -70.643835680074716, -34.174575075547473 ], [ -70.64293133102413, -34.17596174557471 ], [ -70.640852326212652, -34.175921085606021 ], [ -70.639677698437424, -34.174493770676349 ], [ -70.640582038971516, -34.173107104486341 ], [ -70.642661015798694, -34.173147749388583 ] ] ] } },
{ "type": "Feature", "properties": { "h3": "89b2c1c53bbffff", "acc_caminata_m2_comercio": 1.270297326871921e-05, "acc_caminata_m2_departamento": 2.8292725926440248e-06, "acc_caminata_n_deporte_y_recreacion": 5.4805888705460655e-19, "acc_caminata_n_educacion_y_cultura": 1.4283103183792042e-14, "acc_caminata_m2_habitacional": 5220.2967583419077, "acc_caminata_m2_industria": 5.5548739262676957e-08, "acc_caminata_m2_oficina": 1.233217475417225e-11, "acc_caminata_n_salud": 5.4411001082236549e-20, "acc_caminata_n_paraderos": 1.5508149149696956e-19 }, "geometry": { "type": "Polygon", "coordinates": [ [ [ -70.659193508300774, -34.215589779174323 ], [ -70.660368613700868, -34.217016273027745 ], [ -70.659464092499022, -34.218402092048549 ], [ -70.657384474385182, -34.218361413399691 ], [ -70.656209405469426, -34.216934930746667 ], [ -70.657113918181849, -34.215549115542302 ], [ -70.659193508300774, -34.215589779174323 ] ] ] } },
{ "type": "Feature", "properties": { "h3": "89b2c1c5043ffff", "acc_caminata_m2_comercio": 1.3158382005010794, "acc_caminata_m2_departamento": 0.0041373400268660265, "acc_caminata_n_deporte_y_recreacion": 5.4904986735846596e-09, "acc_caminata_n_educacion_y_cultura": 0.00015014945902059351, "acc_caminata_m2_habitacional": 2077.0060185448228, "acc_caminata_m2_industria": 9.8690276383786717, "acc_caminata_m2_oficina": 0.1296388377973185, "acc_caminata_n_salud": 4.2206943204217722e-10, "acc_caminata_n_paraderos": 1.6264397928115304e-09 }, "geometry": { "type": "Polygon", "coordinates": [ [ [ -70.673302213728221, -34.200423201929439 ], [ -70.674477449360182, -34.201849906667022 ], [ -70.673572970801956, -34.203236277972792 ], [ -70.671493265073209, -34.203195940721123 ], [ -70.670318065896211, -34.201769247178028 ], [ -70.671222535991674, -34.200382879692292 ], [ -70.673302213728221, -34.200423201929439 ] ] ] } },
{ "type": "Feature", "properties": { "h3": "89b2c1ca87bffff", "acc_caminata_m2_comercio": 5.7012391855117617, "acc_caminata_m2_departamento": 2.0724828281305203e-15, "acc_caminata_n_deporte_y_recreacion": 1.9639376408468022e-20, "acc_caminata_n_educacion_y_cultura": 1.3568525110231192e-06, "acc_caminata_m2_habitacional": 129.62366263393284, "acc_caminata_m2_industria": 1.0532259309578906, "acc_caminata_m2_oficina": 0.0024361695008727697, "acc_caminata_n_salud": 2.641238760915857e-24, "acc_caminata_n_paraderos": 7.8557920206962879e-06 }, "geometry": { "type": "Polygon", "coordinates": [ [ [ -70.84348431256177, -34.188149962397141 ], [ -70.844661927100745, -34.189576141434792 ], [ -70.843757342007365, -34.190964921374437 ], [ -70.841675150525944, -34.190927518484926 ], [ -70.840497572137068, -34.18950135050865 ], [ -70.841402149078164, -34.188112574360709 ], [ -70.84348431256177, -34.188149962397141 ] ] ] } },
{ "type": "Feature", "properties": { "h3": "89b2c1c1d37ffff", "acc_caminata_m2_comercio": 23867.024749794331, "acc_caminata_m2_departamento": 20907.6317821952, "acc_caminata_n_deporte_y_recreacion": 1.0795901072073437, "acc_caminata_n_educacion_y_cultura": 31.731512239748422, "acc_caminata_m2_habitacional": 11300.639279955398, "acc_caminata_m2_industria": 248.34930345428188, "acc_caminata_m2_oficina": 12266.00706368648, "acc_caminata_n_salud": 8.628786835252269, "acc_caminata_n_paraderos": 3.507659779214789 }, "geometry": { "type": "Polygon", "coordinates": [ [ [ -70.738418373443295, -34.165147284404547 ], [ -70.739594374901259, -34.166574338239975 ], [ -70.738689966406142, -34.167962392842021 ], [ -70.736609564793696, -34.167923389786857 ], [ -70.735433599665299, -34.166496347105976 ], [ -70.736337999818431, -34.165108296325911 ], [ -70.738418373443295, -34.165147284404547 ] ] ] } },
{ "type": "Feature", "properties": { "h3": "89b2c1c543bffff", "acc_caminata_m2_comercio": 5.185101431590927, "acc_caminata_m2_departamento": 1.6197937726990521, "acc_caminata_n_deporte_y_recreacion": 0.0047986427972440638, "acc_caminata_n_educacion_y_cultura": 0.010947441334168083, "acc_caminata_m2_habitacional": 4147.6795949204297, "acc_caminata_m2_industria": 0.13381376787484164, "acc_caminata_m2_oficina": 1.5829081265591212, "acc_caminata_n_salud": 0.00069456414731025064, "acc_caminata_n_paraderos": 5.1800206509787838e-08 }, "geometry": { "type": "Polygon", "coordinates": [ [ [ -70.659201237104881, -34.183300352205599 ], [ -70.660376187967799, -34.184727425017762 ], [ -70.659471785796981, -34.186114047581164 ], [ -70.657392441249058, -34.186073593502755 ], [ -70.656217526860857, -34.184646531902729 ], [ -70.657121920544498, -34.183259913169174 ], [ -70.659201237104881, -34.183300352205599 ] ] ] } },
{ "type": "Feature", "properties": { "h3": "89b2c1c1843ffff", "acc_caminata_m2_comercio": 187.56608987423698, "acc_caminata_m2_departamento": 6144.1527552077896, "acc_caminata_n_deporte_y_recreacion": 0.056924272030185165, "acc_caminata_n_educacion_y_cultura": 0.0099458089561061652, "acc_caminata_m2_habitacional": 3979.0438417251976, "acc_caminata_m2_industria": 1358.3175070262944, "acc_caminata_m2_oficina": 17.636791125473415, "acc_caminata_n_salud": 6.8275667168009743e-06, "acc_caminata_n_paraderos": 0.60690024855426195 }, "geometry": { "type": "Polygon", "coordinates": [ [ [ -70.779672415303935, -34.172938925315385 ], [ -70.780849044959766, -34.174365658821365 ], [ -70.779944570983062, -34.175754029545629 ], [ -70.777863475616684, -34.175715662953486 ], [ -70.776686882219721, -34.17428894056588 ], [ -70.777591347928919, -34.17290057365225 ], [ -70.779672415303935, -34.172938925315385 ] ] ] } },
{ "type": "Feature", "properties": { "h3": "89b2c1c0867ffff", "acc_caminata_m2_comercio": 1006.9531116677751, "acc_caminata_m2_departamento": 142.33372724721764, "acc_caminata_n_deporte_y_recreacion": 1.2323852027360942, "acc_caminata_n_educacion_y_cultura": 1.8565307533202882, "acc_caminata_m2_habitacional": 15447.053382403117, "acc_caminata_m2_industria": 1.4310038703760912, "acc_caminata_m2_oficina": 382.86918763390685, "acc_caminata_n_salud": 2.0097626232553383, "acc_caminata_n_paraderos": 1.105327822295842 }, "geometry": { "type": "Polygon", "coordinates": [ [ [ -70.704503007615941, -34.168721813323621 ], [ -70.705678539657526, -34.170148950859364 ], [ -70.704774148925154, -34.171536497018799 ], [ -70.702694234553704, -34.171496901815594 ], [ -70.701518738902664, -34.170069775460576 ], [ -70.702423121231149, -34.168682233128251 ], [ -70.704503007615941, -34.168721813323621 ] ] ] } },
{ "type": "Feature", "properties": { "h3": "89b2c1c326bffff", "acc_caminata_m2_comercio": 1.32139587781053e-07, "acc_caminata_m2_departamento": 1.0776627483228066e-20, "acc_caminata_n_deporte_y_recreacion": 9.091678677282484e-20, "acc_caminata_n_educacion_y_cultura": 0.53150696747209492, "acc_caminata_m2_habitacional": 409.27712685012955, "acc_caminata_m2_industria": 6.2638653459396927e-07, "acc_caminata_m2_oficina": 8.3712347376855138, "acc_caminata_n_salud": 3.4209876085455386e-26, "acc_caminata_n_paraderos": 5.1908621071634863e-25 }, "geometry": { "type": "Polygon", "coordinates": [ [ [ -70.813308010869704, -34.101847318748128 ], [ -70.814484781087913, -34.10327517851502 ], [ -70.813580539394422, -34.104665730445952 ], [ -70.811499535682898, -34.104628418776905 ], [ -70.810322801642968, -34.103200570126674 ], [ -70.811227035134934, -34.101810022029021 ], [ -70.813308010869704, -34.101847318748128 ] ] ] } },
{ "type": "Feature", "properties": { "h3": "89b2c1cac73ffff", "acc_caminata_m2_comercio": 0.00034189526538013138, "acc_caminata_m2_departamento": 3.8132181725168777e-11, "acc_caminata_n_deporte_y_recreacion": 8.4747169245803271e-17, "acc_caminata_n_educacion_y_cultura": 1.0839838103377145e-05, "acc_caminata_m2_habitacional": 358.00814944591497, "acc_caminata_m2_industria": 1.4216305569910863e-06, "acc_caminata_m2_oficina": 0.4608777363296922, "acc_caminata_n_salud": 1.0164605901012984e-20, "acc_caminata_n_paraderos": 4.4825733364868444e-07 }, "geometry": { "type": "Polygon", "coordinates": [ [ [ -70.838313889958044, -34.166978067410149 ], [ -70.83949132918967, -34.168404649596283 ], [ -70.838586826452925, -34.169793892224789 ], [ -70.836504892643518, -34.169756548865919 ], [ -70.835327489564961, -34.168329977752975 ], [ -70.836231984141392, -34.166940738925888 ], [ -70.838313889958044, -34.166978067410149 ] ] ] } },
{ "type": "Feature", "properties": { "h3": "89b2c1c50c3ffff", "acc_caminata_m2_comercio": 57.366511647738832, "acc_caminata_m2_departamento": 0.00052640286627134863, "acc_caminata_n_deporte_y_recreacion": 1.4103144839869264e-07, "acc_caminata_n_educacion_y_cultura": 0.0029514171710142379, "acc_caminata_m2_habitacional": 79.841984298241869, "acc_caminata_m2_industria": 175.60967417553695, "acc_caminata_m2_oficina": 2.3881512773942837, "acc_caminata_n_salud": 2.6690127011276083e-08, "acc_caminata_n_paraderos": 3.2463954193548687e-08 }, "geometry": { "type": "Polygon", "coordinates": [ [ [ -70.669505950977907, -34.193329554420067 ], [ -70.670681098055098, -34.194756402831253 ], [ -70.669776649209041, -34.196142903600702 ], [ -70.6676970617536, -34.196102552135478 ], [ -70.666521951135948, -34.194675714924458 ], [ -70.667426391512862, -34.193289217978695 ], [ -70.669505950977907, -34.193329554420067 ] ] ] } },
{ "type": "Feature", "properties": { "h3": "89b2c1c0177ffff", "acc_caminata_m2_comercio": 13.927656398562922, "acc_caminata_m2_departamento": 2024.8427025052792, "acc_caminata_n_deporte_y_recreacion": 0.00015694397312720666, "acc_caminata_n_educacion_y_cultura": 0.0023885316159505138, "acc_caminata_m2_habitacional": 5317.8183614479276, "acc_caminata_m2_industria": 5.1596846114991077, "acc_caminata_m2_oficina": 0.0038509056093999146, "acc_caminata_n_salud": 6.7310779129349533e-08, "acc_caminata_n_paraderos": 0.00053278468127530463 }, "geometry": { "type": "Polygon", "coordinates": [ [ [ -70.723222733575881, -34.136756149419384 ], [ -70.724398381235972, -34.138183778037323 ], [ -70.723494091050995, -34.139572350247057 ], [ -70.721414161572284, -34.139533290002326 ], [ -70.72023855026022, -34.138105672561473 ], [ -70.72114283207749, -34.136717104188463 ], [ -70.723222733575881, -34.136756149419384 ] ] ] } },
{ "type": "Feature", "properties": { "h3": "89b2c1c1db7ffff", "acc_caminata_m2_comercio": 2052.5807309079973, "acc_caminata_m2_departamento": 3638.305014443079, "acc_caminata_n_deporte_y_recreacion": 0.18772910373579152, "acc_caminata_n_educacion_y_cultura": 8.554836966114145, "acc_caminata_m2_habitacional": 24352.523265763222, "acc_caminata_m2_industria": 38.818785277004139, "acc_caminata_m2_oficina": 450.50907572094553, "acc_caminata_n_salud": 0.28956351395417235, "acc_caminata_n_paraderos": 2.8055315940665646 }, "geometry": { "type": "Polygon", "coordinates": [ [ [ -70.734618977142162, -34.158050556999207 ], [ -70.735794890149947, -34.159477754603621 ], [ -70.734890511223043, -34.160865938628447 ], [ -70.732810227635454, -34.160826921223375 ], [ -70.731634350961869, -34.159399734779164 ], [ -70.732538721540323, -34.158011554580007 ], [ -70.734618977142162, -34.158050556999207 ] ] ] } },
{ "type": "Feature", "properties": { "h3": "89b2c1c5637ffff", "acc_caminata_m2_comercio": 238.63832299932932, "acc_caminata_m2_departamento": 0.00088714319846093655, "acc_caminata_n_deporte_y_recreacion": 3.4468641474214548e-06, "acc_caminata_n_educacion_y_cultura": 0.11128142928314692, "acc_caminata_m2_habitacional": 517.54799320983329, "acc_caminata_m2_industria": 6619.0685255531789, "acc_caminata_m2_oficina": 17.329927041902792, "acc_caminata_n_salud": 1.4570857655338299e-09, "acc_caminata_n_paraderos": 1.1983934421815327e-06 }, "geometry": { "type": "Polygon", "coordinates": [ [ [ -70.675744822536586, -34.193450356734957 ], [ -70.676920059882775, -34.194877175919821 ], [ -70.676015604739618, -34.196263750974374 ], [ -70.673935920706782, -34.19622350302182 ], [ -70.67276071980919, -34.194796695031989 ], [ -70.673665166494516, -34.193410123799886 ], [ -70.675744822536586, -34.193450356734957 ] ] ] } },
{ "type": "Feature", "properties": { "h3": "89b2c1c0a63ffff", "acc_caminata_m2_comercio": 3235.5949335139212, "acc_caminata_m2_departamento": 923.64224709924554, "acc_caminata_n_deporte_y_recreacion": 0.12087554895003137, "acc_caminata_n_educacion_y_cultura": 0.25958820644472796, "acc_caminata_m2_habitacional": 17915.220770124779, "acc_caminata_m2_industria": 9.3568733113746863, "acc_caminata_m2_oficina": 13400.133098356679, "acc_caminata_n_salud": 0.11822643554356058, "acc_caminata_n_paraderos": 1.8921011272724604 }, "geometry": { "type": "Polygon", "coordinates": [ [ [ -70.730278599269937, -34.177638319332267 ], [ -70.731454543844677, -34.179065184742626 ], [ -70.730550096705741, -34.180452828108855 ], [ -70.728469713348389, -34.180413602246546 ], [ -70.727293805121292, -34.178986747992816 ], [ -70.728198243902568, -34.17759910844498 ], [ -70.730278599269937, -34.177638319332267 ] ] ] } },
{ "type": "Feature", "properties": { "h3": "89b2c1c09c7ffff", "acc_caminata_m2_comercio": 68.855710627495583, "acc_caminata_m2_departamento": 0.048570004895342064, "acc_caminata_n_deporte_y_recreacion": 0.00035640648674074583, "acc_caminata_n_educacion_y_cultura": 0.03366045771236495, "acc_caminata_m2_habitacional": 20933.120082533951, "acc_caminata_m2_industria": 6.5875082501842992e-07, "acc_caminata_m2_oficina": 8.2563105333269942, "acc_caminata_n_salud": 0.0058090886705010935, "acc_caminata_n_paraderos": 0.02345981597678401 }, "geometry": { "type": "Polygon", "coordinates": [ [ [ -70.685514304020657, -34.165549682586011 ], [ -70.686689548170733, -34.166976959415052 ], [ -70.685785186709325, -34.168364349352544 ], [ -70.683705589534696, -34.168324458629051 ], [ -70.682530381807737, -34.166897192997268 ], [ -70.683434734830954, -34.165509806891912 ], [ -70.685514304020657, -34.165549682586011 ] ] ] } },
{ "type": "Feature", "properties": { "h3": "89b2c1c19a3ffff", "acc_caminata_m2_comercio": 2401.1349221882174, "acc_caminata_m2_departamento": 8345.8125295523823, "acc_caminata_n_deporte_y_recreacion": 0.43707233882884561, "acc_caminata_n_educacion_y_cultura": 1.9795193742319974, "acc_caminata_m2_habitacional": 34307.897734977749, "acc_caminata_m2_industria": 142.55631025896679, "acc_caminata_m2_oficina": 213.83149571709859, "acc_caminata_n_salud": 0.12823761778497389, "acc_caminata_n_paraderos": 3.8753192172897863 }, "geometry": { "type": "Polygon", "coordinates": [ [ [ -70.739776405876469, -34.179221643751717 ], [ -70.740952494212848, -34.180648439287303 ], [ -70.740048032650009, -34.182036160737496 ], [ -70.737967491089961, -34.181997082836411 ], [ -70.736791439084925, -34.180570298449219 ], [ -70.737695892307258, -34.17918258081491 ], [ -70.739776405876469, -34.179221643751717 ] ] ] } },
{ "type": "Feature", "properties": { "h3": "89b2c1c134fffff", "acc_caminata_m2_comercio": 0.00036804250356144174, "acc_caminata_m2_departamento": 6.3802047389444918e-11, "acc_caminata_n_deporte_y_recreacion": 3.7078019651428482e-14, "acc_caminata_n_educacion_y_cultura": 0.0063427402425016381, "acc_caminata_m2_habitacional": 128.74930418792422, "acc_caminata_m2_industria": 3.8886244009372561e-11, "acc_caminata_m2_oficina": 6.0875958798664181e-07, "acc_caminata_n_salud": 1.6223761632492171e-15, "acc_caminata_n_paraderos": 2.3088794113100788e-05 }, "geometry": { "type": "Polygon", "coordinates": [ [ [ -70.821745882407583, -34.156841331801537 ], [ -70.822923036478088, -34.158268169038784 ], [ -70.822018585202628, -34.159657459273987 ], [ -70.819936988045129, -34.159619908463213 ], [ -70.818759870154125, -34.158193082316146 ], [ -70.81966431323977, -34.15680379588985 ], [ -70.821745882407583, -34.156841331801537 ] ] ] } },
{ "type": "Feature", "properties": { "h3": "89b2c1c0373ffff", "acc_caminata_m2_comercio": 652.66192913694022, "acc_caminata_m2_departamento": 999.7847800204878, "acc_caminata_n_deporte_y_recreacion": 0.015718937688294281, "acc_caminata_n_educacion_y_cultura": 0.00591830412230397, "acc_caminata_m2_habitacional": 1481.8776345763392, "acc_caminata_m2_industria": 1.1217401779521412, "acc_caminata_m2_oficina": 0.22635826892319943, "acc_caminata_n_salud": 0.0040686583423144851, "acc_caminata_n_paraderos": 0.14587315400833553 }, "geometry": { "type": "Polygon", "coordinates": [ [ [ -70.748999150888764, -34.145670788145061 ], [ -70.750175210733985, -34.147098144794207 ], [ -70.749270864426876, -34.148486814266747 ], [ -70.747190466594645, -34.148448123262376 ], [ -70.746014443054534, -34.147020777766237 ], [ -70.746918781040179, -34.14563211212166 ], [ -70.748999150888764, -34.145670788145061 ] ] ] } },
{ "type": "Feature", "properties": { "h3": "89b2c1c1c3bffff", "acc_caminata_m2_comercio": 620.77237345517722, "acc_caminata_m2_departamento": 1450.3403966247186, "acc_caminata_n_deporte_y_recreacion": 0.011610836708062103, "acc_caminata_n_educacion_y_cultura": 0.063033098146204544, "acc_caminata_m2_habitacional": 13490.576369524615, "acc_caminata_m2_industria": 31.084679121428483, "acc_caminata_m2_oficina": 53.190106834377175, "acc_caminata_n_salud": 0.19006233017688542, "acc_caminata_n_paraderos": 8.8549967790447326 }, "geometry": { "type": "Polygon", "coordinates": [ [ [ -70.765554706104723, -34.155815724541405 ], [ -70.766731051651263, -34.157242827018784 ], [ -70.765826653215697, -34.158631448992381 ], [ -70.76374591752429, -34.158592964668287 ], [ -70.762569608256555, -34.157165873326882 ], [ -70.763473998400087, -34.155777255173774 ], [ -70.765554706104723, -34.155815724541405 ] ] ] } },
{ "type": "Feature", "properties": { "h3": "89b2c1c54bbffff", "acc_caminata_m2_comercio": 1574.5587535864825, "acc_caminata_m2_departamento": 4258.3184568491915, "acc_caminata_n_deporte_y_recreacion": 1.1004143032912426, "acc_caminata_n_educacion_y_cultura": 3.9900598456039833, "acc_caminata_m2_habitacional": 14470.056349992035, "acc_caminata_m2_industria": 86.42477967954504, "acc_caminata_m2_oficina": 262.63839780163107, "acc_caminata_n_salud": 0.62725922086196462, "acc_caminata_n_paraderos": 2.5873310663199744e-09 }, "geometry": { "type": "Polygon", "coordinates": [ [ [ -70.655406037042269, -34.176204981508363 ], [ -70.656580899345755, -34.177632197856376 ], [ -70.655676526912202, -34.179018949848526 ], [ -70.653597300667414, -34.178978481659364 ], [ -70.652422474843249, -34.177551276529115 ], [ -70.653326838783201, -34.176164528370485 ], [ -70.655406037042269, -34.176204981508363 ] ] ] } },
{ "type": "Feature", "properties": { "h3": "89b2c1c18c3ffff", "acc_caminata_m2_comercio": 38002.857348120153, "acc_caminata_m2_departamento": 451.99736659109868, "acc_caminata_n_deporte_y_recreacion": 1.0245388815258978, "acc_caminata_n_educacion_y_cultura": 0.51842839892794679, "acc_caminata_m2_habitacional": 7912.3102084018346, "acc_caminata_m2_industria": 244.63695286838697, "acc_caminata_m2_oficina": 146.43012325567298, "acc_caminata_n_salud": 0.0003557761255706449, "acc_caminata_n_paraderos": 1.6496342342736687 }, "geometry": { "type": "Polygon", "coordinates": [ [ [ -70.775870571625006, -34.165843162580728 ], [ -70.777047112875579, -34.167270040058547 ], [ -70.776142668383045, -34.168658540233025 ], [ -70.774061690912546, -34.168620159115576 ], [ -70.772885185925475, -34.167193292761773 ], [ -70.773789622144079, -34.165804796401609 ], [ -70.775870571625006, -34.165843162580728 ] ] ] } },
{ "type": "Feature", "properties": { "h3": "89b2c1c5143ffff", "acc_caminata_m2_comercio": 2.6254557710486752e-07, "acc_caminata_m2_departamento": 5.8475523006245231e-08, "acc_caminata_n_deporte_y_recreacion": 1.1327303753644067e-20, "acc_caminata_n_educacion_y_cultura": 2.9520376756764848e-16, "acc_caminata_m2_habitacional": 3699.8907154205572, "acc_caminata_m2_industria": 1.1480836414164791e-09, "acc_caminata_m2_oficina": 2.5488189806437915e-13, "acc_caminata_n_salud": 1.1245688216291005e-21, "acc_caminata_n_paraderos": 3.2052306827738947e-21 }, "geometry": { "type": "Polygon", "coordinates": [ [ [ -70.652413854426257, -34.209842794291426 ], [ -70.653588834754643, -34.211269420627161 ], [ -70.652684341165696, -34.212655298664671 ], [ -70.650604875748328, -34.21261454654649 ], [ -70.649429931914511, -34.211187931418728 ], [ -70.650334417002128, -34.209802057201344 ], [ -70.652413854426257, -34.209842794291426 ] ] ] } },
{ "type": "Feature", "properties": { "h3": "89b2c1c154bffff", "acc_caminata_m2_comercio": 0.12615163092200496, "acc_caminata_m2_departamento": 1.8110227012457591e-09, "acc_caminata_n_deporte_y_recreacion": 2.5005585051538361e-08, "acc_caminata_n_educacion_y_cultura": 2.0208466321187263e-12, "acc_caminata_m2_habitacional": 149.50393290959693, "acc_caminata_m2_industria": 1.0417714333630677e-06, "acc_caminata_m2_oficina": 8.5284368961959605e-12, "acc_caminata_n_salud": 1.3814989679701712e-14, "acc_caminata_n_paraderos": 4.2951053657186197e-13 }, "geometry": { "type": "Polygon", "coordinates": [ [ [ -70.800016394385878, -34.125518528863722 ], [ -70.801193087928411, -34.126946023163761 ], [ -70.800288770697506, -34.128335823408499 ], [ -70.798207768149965, -34.12829812552723 ], [ -70.797031110816263, -34.126870642346169 ], [ -70.797935419819908, -34.125480845927569 ], [ -70.800016394385878, -34.125518528863722 ] ] ] } },
{ "type": "Feature", "properties": { "h3": "89b2c1c1d1bffff", "acc_caminata_m2_comercio": 6306.5738363486271, "acc_caminata_m2_departamento": 1009.2679142142113, "acc_caminata_n_deporte_y_recreacion": 1.117633179691341, "acc_caminata_n_educacion_y_cultura": 3.0849715148678252, "acc_caminata_m2_habitacional": 21561.641059554117, "acc_caminata_m2_industria": 1065.1823494720884, "acc_caminata_m2_oficina": 1307.4608678425541, "acc_caminata_n_salud": 0.42333581896218819, "acc_caminata_n_paraderos": 5.9966177044703759 }, "geometry": { "type": "Polygon", "coordinates": [ [ [ -70.75035778622086, -34.159749736209505 ], [ -70.751533932940347, -34.161176834643896 ], [ -70.750629533580948, -34.162565171027495 ], [ -70.748548995820641, -34.162526405155056 ], [ -70.747372885408026, -34.161099317867517 ], [ -70.748277276447482, -34.159710985305772 ], [ -70.75035778622086, -34.159749736209505 ] ] ] } },
{ "type": "Feature", "properties": { "h3": "89b2c1c1e37ffff", "acc_caminata_m2_comercio": 215.18814042496444, "acc_caminata_m2_departamento": 38.704671193439978, "acc_caminata_n_deporte_y_recreacion": 1.0071578884993548, "acc_caminata_n_educacion_y_cultura": 0.012664427626478526, "acc_caminata_m2_habitacional": 23148.517168567028, "acc_caminata_m2_industria": 20.922495455205571, "acc_caminata_m2_oficina": 3.9098869914855952, "acc_caminata_n_salud": 8.6940162842796516e-06, "acc_caminata_n_paraderos": 0.040616836974294079 }, "geometry": { "type": "Polygon", "coordinates": [ [ [ -70.782113611729997, -34.165958053716814 ], [ -70.783290242872894, -34.167384901742068 ], [ -70.78238579245739, -34.168773476171374 ], [ -70.780304719160227, -34.16873519876259 ], [ -70.779128124269803, -34.167308361856279 ], [ -70.780032566422733, -34.165919791239993 ], [ -70.782113611729997, -34.165958053716814 ] ] ] } },
{ "type": "Feature", "properties": { "h3": "89b2c1c0e5bffff", "acc_caminata_m2_comercio": 3327.2897479369053, "acc_caminata_m2_departamento": 844.59463214123639, "acc_caminata_n_deporte_y_recreacion": 0.23092716801071297, "acc_caminata_n_educacion_y_cultura": 18.936387450095015, "acc_caminata_m2_habitacional": 24129.120777561915, "acc_caminata_m2_industria": 15.384678417469054, "acc_caminata_m2_oficina": 514.87377575110474, "acc_caminata_n_salud": 1.0962284625823795, "acc_caminata_n_paraderos": 1.9160972386364341 }, "geometry": { "type": "Polygon", "coordinates": [ [ [ -70.73706051004568, -34.151069968273283 ], [ -70.738236424636426, -34.152497280298817 ], [ -70.737332069203802, -34.153885668004271 ], [ -70.735251807522587, -34.15384673985632 ], [ -70.73407592925966, -34.152419438991522 ], [ -70.73498027634875, -34.151031055114146 ], [ -70.73706051004568, -34.151069968273283 ] ] ] } },
{ "type": "Feature", "properties": { "h3": "89b2c1c56b7ffff", "acc_caminata_m2_comercio": 16.101060899902549, "acc_caminata_m2_departamento": 0.0030012942143828503, "acc_caminata_n_deporte_y_recreacion": 1.9922339582098663e-06, "acc_caminata_n_educacion_y_cultura": 0.0043903283909429392, "acc_caminata_m2_habitacional": 18080.040836755215, "acc_caminata_m2_industria": 3.3652797760858544, "acc_caminata_m2_oficina": 3.4664958774121497, "acc_caminata_n_salud": 1.3746435624831908e-06, "acc_caminata_n_paraderos": 2.1447994451246885e-06 }, "geometry": { "type": "Polygon", "coordinates": [ [ [ -70.671948529498195, -34.186356047753435 ], [ -70.6731236782976, -34.187783010588788 ], [ -70.672219252859847, -34.189169715095545 ], [ -70.67013968708558, -34.189129452941046 ], [ -70.668964574739334, -34.187702501306397 ], [ -70.66986899171286, -34.186315800625749 ], [ -70.671948529498195, -34.186356047753435 ] ] ] } },
{ "type": "Feature", "properties": { "h3": "89b2c1c10b7ffff", "acc_caminata_m2_comercio": 0.57487422061059568, "acc_caminata_m2_departamento": 8.2528482293695546e-09, "acc_caminata_n_deporte_y_recreacion": 1.1395069657325824e-07, "acc_caminata_n_educacion_y_cultura": 9.2090179423130169e-12, "acc_caminata_m2_habitacional": 274.38204852669202, "acc_caminata_m2_industria": 4.7473626494709859e-06, "acc_caminata_m2_oficina": 3.8864170664257192e-11, "acc_caminata_n_salud": 6.2955043599651412e-14, "acc_caminata_n_paraderos": 1.957283731895996e-12 }, "geometry": { "type": "Polygon", "coordinates": [ [ [ -70.797303448544483, -34.129687855343676 ], [ -70.798480123258187, -34.131115286866496 ], [ -70.797575793050655, -34.13250495007884 ], [ -70.795494796360572, -34.132467177943575 ], [ -70.794318157861724, -34.131039757540421 ], [ -70.795222479836752, -34.129650098153057 ], [ -70.797303448544483, -34.129687855343676 ] ] ] } },
{ "type": "Feature", "properties": { "h3": "89b2c1c1cbbffff", "acc_caminata_m2_comercio": 38.596426717096961, "acc_caminata_m2_departamento": 1687.8553496683937, "acc_caminata_n_deporte_y_recreacion": 0.0023184923881588112, "acc_caminata_n_educacion_y_cultura": 0.21250375841832139, "acc_caminata_m2_habitacional": 16281.215479782253, "acc_caminata_m2_industria": 0.62715699873257846, "acc_caminata_m2_oficina": 0.60559047101675934, "acc_caminata_n_salud": 0.00084061449926227405, "acc_caminata_n_paraderos": 0.203119063204765 }, "geometry": { "type": "Polygon", "coordinates": [ [ [ -70.761753923321479, -34.1487182350401 ], [ -70.762930180457758, -34.150145481351544 ], [ -70.762025811531672, -34.151534232740261 ], [ -70.759945193766441, -34.151495733993528 ], [ -70.7587689729136, -34.150068498823686 ], [ -70.759673333541215, -34.148679751259166 ], [ -70.761753923321479, -34.1487182350401 ] ] ] } },
{ "type": "Feature", "properties": { "h3": "89b2c1c553bffff", "acc_caminata_m2_comercio": 46.949744211559704, "acc_caminata_m2_departamento": 0.0018667017936357983, "acc_caminata_n_deporte_y_recreacion": 5.307459113789987e-07, "acc_caminata_n_educacion_y_cultura": 1.2515716445303498e-06, "acc_caminata_m2_habitacional": 1582.8192140221524, "acc_caminata_m2_industria": 7.1120113695742942e-06, "acc_caminata_m2_oficina": 0.0022453639237874318, "acc_caminata_n_salud": 5.6748103961032095e-09, "acc_caminata_n_paraderos": 1.1371692462312701e-14 }, "geometry": { "type": "Polygon", "coordinates": [ [ [ -70.638315942343866, -34.192720886193349 ], [ -70.639490637765064, -34.194147880480038 ], [ -70.638586220731924, -34.195534009794351 ], [ -70.636507116801965, -34.195493140992227 ], [ -70.635332457895004, -34.194066157931168 ], [ -70.636236866402427, -34.192680032446788 ], [ -70.638315942343866, -34.192720886193349 ] ] ] } },
{ "type": "Feature", "properties": { "h3": "89b2c1c1943ffff", "acc_caminata_m2_comercio": 48.272761277254773, "acc_caminata_m2_departamento": 14.207602218570107, "acc_caminata_n_deporte_y_recreacion": 0.035964578042231479, "acc_caminata_n_educacion_y_cultura": 0.48195387922560962, "acc_caminata_m2_habitacional": 20215.189594501066, "acc_caminata_m2_industria": 37.64000107326099, "acc_caminata_m2_oficina": 228.28418510316902, "acc_caminata_n_salud": 0.00027374470048667591, "acc_caminata_n_paraderos": 6.0269698352634471 }, "geometry": { "type": "Polygon", "coordinates": [ [ [ -70.758774347607769, -34.182386306962492 ], [ -70.759950723332139, -34.183812962599333 ], [ -70.759046233072638, -34.185200840199954 ], [ -70.756965375393634, -34.185162058353065 ], [ -70.755789035967936, -34.183735413848083 ], [ -70.756693517921235, -34.182347540058345 ], [ -70.758774347607769, -34.182386306962492 ] ] ] } },
{ "type": "Feature", "properties": { "h3": "89b2c1ce457ffff", "acc_caminata_m2_comercio": 1.7417165136116577, "acc_caminata_m2_departamento": 6862.5415072801425, "acc_caminata_n_deporte_y_recreacion": 0.00014072659479998965, "acc_caminata_n_educacion_y_cultura": 0.0035726367638882098, "acc_caminata_m2_habitacional": 156.18163092265675, "acc_caminata_m2_industria": 3.28547463302084, "acc_caminata_m2_oficina": 0.41404468916855169, "acc_caminata_n_salud": 1.9100664749899234e-05, "acc_caminata_n_paraderos": 0.0057637012754717934 }, "geometry": { "type": "Polygon", "coordinates": [ [ [ -70.734621173058486, -34.190361529818198 ], [ -70.735797240856812, -34.19178814803 ], [ -70.734892742904918, -34.193175528659197 ], [ -70.73281218550396, -34.193136287264473 ], [ -70.731636154049383, -34.191709680201171 ], [ -70.732540643650651, -34.190322303384285 ], [ -70.734621173058486, -34.190361529818198 ] ] ] } },
{ "type": "Feature", "properties": { "h3": "89b2c1c5027ffff", "acc_caminata_m2_comercio": 74.956087070504807, "acc_caminata_m2_departamento": 3930.9051058004516, "acc_caminata_n_deporte_y_recreacion": 7.7280483620769484e-13, "acc_caminata_n_educacion_y_cultura": 2.014051286164883e-08, "acc_caminata_m2_habitacional": 11811.48445560192, "acc_caminata_m2_industria": 0.078328923565984976, "acc_caminata_m2_oficina": 1.7389521104234334e-05, "acc_caminata_n_salud": 7.6724606201510559e-14, "acc_caminata_n_paraderos": 2.1867942378535495e-13 }, "geometry": { "type": "Polygon", "coordinates": [ [ [ -70.655127290550737, -34.205684823116677 ], [ -70.65630229000277, -34.207111512279305 ], [ -70.655397809173593, -34.208497527434048 ], [ -70.653318337387148, -34.208456849605014 ], [ -70.652143374423645, -34.207030171649677 ], [ -70.653047846756706, -34.205644160316268 ], [ -70.655127290550737, -34.205684823116677 ] ] ] } },
{ "type": "Feature", "properties": { "h3": "89b2c1c320bffff", "acc_caminata_m2_comercio": 2.6174280632033605e-09, "acc_caminata_m2_departamento": 2.1346401691540817e-22, "acc_caminata_n_deporte_y_recreacion": 1.8008846032558031e-21, "acc_caminata_n_educacion_y_cultura": 0.078837042857792222, "acc_caminata_m2_habitacional": 571.76442216997964, "acc_caminata_m2_industria": 1.2407498173639954e-08, "acc_caminata_m2_oficina": 1.241683425010228, "acc_caminata_n_salud": 6.7763106581765435e-28, "acc_caminata_n_paraderos": 1.0282087586061516e-26 }, "geometry": { "type": "Polygon", "coordinates": [ [ [ -70.809505372475627, -34.094744870347974 ], [ -70.81068205438109, -34.096172873885358 ], [ -70.809777842084586, -34.097563555150288 ], [ -70.807696956089174, -34.09752622904108 ], [ -70.806520310366636, -34.096098236625991 ], [ -70.807424514455192, -34.094707559198007 ], [ -70.809505372475627, -34.094744870347974 ] ] ] } },
{ "type": "Feature", "properties": { "h3": "89b2c1c0edbffff", "acc_caminata_m2_comercio": 13158.755977373556, "acc_caminata_m2_departamento": 567.77596653803005, "acc_caminata_n_deporte_y_recreacion": 0.19594381512698122, "acc_caminata_n_educacion_y_cultura": 1.7147520021203397, "acc_caminata_m2_habitacional": 11387.75260948594, "acc_caminata_m2_industria": 134.70050434331409, "acc_caminata_m2_oficina": 144.48701853606113, "acc_caminata_n_salud": 0.020843108637575252, "acc_caminata_n_paraderos": 2.8061937987462628 }, "geometry": { "type": "Polygon", "coordinates": [ [ [ -70.733261408130474, -34.143971875202013 ], [ -70.734437234279525, -34.14539933092442 ], [ -70.733532908414574, -34.146787848027131 ], [ -70.731452764749179, -34.146748905575869 ], [ -70.730276974932536, -34.145321461019833 ], [ -70.731181292447545, -34.143932947748887 ], [ -70.733261408130474, -34.143971875202013 ] ] ] } },
{ "type": "Feature", "properties": { "h3": "89b2c1c0b63ffff", "acc_caminata_m2_comercio": 339.69132733239229, "acc_caminata_m2_departamento": 9.6985959558872352, "acc_caminata_n_deporte_y_recreacion": 0.027431071972504037, "acc_caminata_n_educacion_y_cultura": 8.6951192072043302, "acc_caminata_m2_habitacional": 1566.1753546741697, "acc_caminata_m2_industria": 0.027864028129718506, "acc_caminata_m2_oficina": 132.29988475120192, "acc_caminata_n_salud": 0.30751956975158118, "acc_caminata_n_paraderos": 0.024588748222155277 }, "geometry": { "type": "Polygon", "coordinates": [ [ [ -70.709385709482049, -34.187074595331843 ], [ -70.710561399504058, -34.188501382605331 ], [ -70.709656936664928, -34.189888532794548 ], [ -70.70757679219868, -34.189848891891906 ], [ -70.706401138564004, -34.188422115788541 ], [ -70.707305593006879, -34.187034969417894 ], [ -70.709385709482049, -34.187074595331843 ] ] ] } },
{ "type": "Feature", "properties": { "h3": "89b2c1c7377ffff", "acc_caminata_m2_comercio": 12.453680616157994, "acc_caminata_m2_departamento": 17.904914951076371, "acc_caminata_n_deporte_y_recreacion": 0.038615160084258748, "acc_caminata_n_educacion_y_cultura": 0.26620831028467656, "acc_caminata_m2_habitacional": 2868.2733941630204, "acc_caminata_m2_industria": 0.46291023170238699, "acc_caminata_m2_oficina": 100.15144895200399, "acc_caminata_n_salud": 0.0001215041568075997, "acc_caminata_n_paraderos": 7.1532587443342612e-14 }, "geometry": { "type": "Polygon", "coordinates": [ [ [ -70.639677698437424, -34.174493770676349 ], [ -70.640852326212652, -34.175921085606021 ], [ -70.639947975051896, -34.177307685171883 ], [ -70.637869004636585, -34.177266965971029 ], [ -70.636694413367806, -34.175839662272523 ], [ -70.637598756006568, -34.174453066543904 ], [ -70.639677698437424, -34.174493770676349 ] ] ] } },
{ "type": "Feature", "properties": { "h3": "89b2c1c5047ffff", "acc_caminata_m2_comercio": 1.7780752060875866, "acc_caminata_m2_departamento": 0.18427545395670883, "acc_caminata_n_deporte_y_recreacion": 4.1944731523652171e-10, "acc_caminata_n_educacion_y_cultura": 1.0931458566901207e-05, "acc_caminata_m2_habitacional": 12854.900858192506, "acc_caminata_m2_industria": 664.29841967052027, "acc_caminata_m2_oficina": 0.0094383311266696534, "acc_caminata_n_salud": 4.1643023666526355e-11, "acc_caminata_n_paraderos": 1.1869037680243658e-10 }, "geometry": { "type": "Polygon", "coordinates": [ [ [ -70.670318065896211, -34.201769247178028 ], [ -70.671493265073209, -34.203195940721123 ], [ -70.670588784352731, -34.204582241562129 ], [ -70.668509112922166, -34.204541845040161 ], [ -70.667333950205787, -34.203115162693472 ], [ -70.668238422458003, -34.201728865672528 ], [ -70.670318065896211, -34.201769247178028 ] ] ] } },
{ "type": "Feature", "properties": { "h3": "89b2c1c1d3bffff", "acc_caminata_m2_comercio": 28346.435134655825, "acc_caminata_m2_departamento": 2381.9828092702155, "acc_caminata_n_deporte_y_recreacion": 0.082091162930915174, "acc_caminata_n_educacion_y_cultura": 25.188821333814882, "acc_caminata_m2_habitacional": 11256.842896890092, "acc_caminata_m2_industria": 803.61922152050897, "acc_caminata_m2_oficina": 22529.78935712438, "acc_caminata_n_salud": 172.46688413844109, "acc_caminata_n_paraderos": 4.4956429774534206 }, "geometry": { "type": "Polygon", "coordinates": [ [ [ -70.744659686493137, -34.165264041418837 ], [ -70.745835777968708, -34.166691065903933 ], [ -70.74493136341934, -34.168079194773199 ], [ -70.742850865723696, -34.168040295336866 ], [ -70.741674810566678, -34.166613282001229 ], [ -70.742579216785415, -34.165225156952665 ], [ -70.744659686493137, -34.165264041418837 ] ] ] } },
{ "type": "Feature", "properties": { "h3": "89b2c1c19c3ffff", "acc_caminata_m2_comercio": 612.28354499085492, "acc_caminata_m2_departamento": 464.63650727508917, "acc_caminata_n_deporte_y_recreacion": 0.008310401879433953, "acc_caminata_n_educacion_y_cultura": 5.2119249696133494, "acc_caminata_m2_habitacional": 2223.7321078588307, "acc_caminata_m2_industria": 791.1893375103889, "acc_caminata_m2_oficina": 38.115234201029729, "acc_caminata_n_salud": 0.0098704564866911437, "acc_caminata_n_paraderos": 2.5244037168705407 }, "geometry": { "type": "Polygon", "coordinates": [ [ [ -70.754973535993912, -34.175291348919266 ], [ -70.75614982328058, -34.17671814848849 ], [ -70.755245362551094, -34.178106155549195 ], [ -70.753164622846199, -34.178067359226333 ], [ -70.751988371862836, -34.176640570794611 ], [ -70.752892824279726, -34.175252567548441 ], [ -70.754973535993912, -34.175291348919266 ] ] ] } },
{ "type": "Feature", "properties": { "h3": "89b2c1c7357ffff", "acc_caminata_m2_comercio": 168.74112623571907, "acc_caminata_m2_departamento": 156.85380951263684, "acc_caminata_n_deporte_y_recreacion": 0.027795965942575634, "acc_caminata_n_educacion_y_cultura": 0.24470653743479637, "acc_caminata_m2_habitacional": 21287.017277123545, "acc_caminata_m2_industria": 0.38235318474105212, "acc_caminata_m2_oficina": 72.215485082589922, "acc_caminata_n_salud": 0.00046287127561651535, "acc_caminata_n_paraderos": 1.8197172215409194e-11 }, "geometry": { "type": "Polygon", "coordinates": [ [ [ -70.645374018332802, -34.168987402354873 ], [ -70.646548701745743, -34.17041479129805 ], [ -70.645644365435942, -34.171801598408699 ], [ -70.643565354223142, -34.17176101273791 ], [ -70.642390707304997, -34.170333635023248 ], [ -70.64329503510352, -34.168946831751057 ], [ -70.645374018332802, -34.168987402354873 ] ] ] } },
{ "type": "Feature", "properties": { "h3": "89b2c1c0b43ffff", "acc_caminata_m2_comercio": 61.212567990503551, "acc_caminata_m2_departamento": 1500.7490649290853, "acc_caminata_n_deporte_y_recreacion": 0.016815647207582392, "acc_caminata_n_educacion_y_cultura": 4.0808602644551017, "acc_caminata_m2_habitacional": 16578.527993526888, "acc_caminata_m2_industria": 0.5552467158542348, "acc_caminata_m2_oficina": 13.453281167738691, "acc_caminata_n_salud": 0.48770742295859454, "acc_caminata_n_paraderos": 0.30099527717881053 }, "geometry": { "type": "Polygon", "coordinates": [ [ [ -70.715083649467772, -34.18156494619717 ], [ -70.716259394874655, -34.182991807455174 ], [ -70.715354947113866, -34.184379165191871 ], [ -70.713274762330386, -34.184339657851027 ], [ -70.712099053299156, -34.182912807760538 ], [ -70.713003492674417, -34.18152545384357 ], [ -70.715083649467772, -34.18156494619717 ] ] ] } },
{ "type": "Feature", "properties": { "h3": "89b2c1c12d3ffff", "acc_caminata_m2_comercio": 56.235641644824256, "acc_caminata_m2_departamento": 8.4789623954239248e-15, "acc_caminata_n_deporte_y_recreacion": 6.1101796780811921e-06, "acc_caminata_n_educacion_y_cultura": 4.813016331997314e-09, "acc_caminata_m2_habitacional": 368.28574705129262, "acc_caminata_m2_industria": 0.002416342788732137, "acc_caminata_m2_oficina": 4.1704198360238797e-17, "acc_caminata_n_salud": 7.1910883387967204e-20, "acc_caminata_n_paraderos": 8.5227675920857225e-16 }, "geometry": { "type": "Polygon", "coordinates": [ [ [ -70.838298043991614, -34.134643245456061 ], [ -70.839475328072325, -34.136070407807196 ], [ -70.838570944361337, -34.137460453709608 ], [ -70.836489284726454, -34.137423333446399 ], [ -70.835312036789304, -34.135996182180044 ], [ -70.836216412342111, -34.134606140092323 ], [ -70.838298043991614, -34.134643245456061 ] ] ] } },
{ "type": "Feature", "properties": { "h3": "89b2c1c1847ffff", "acc_caminata_m2_comercio": 86.040727677629462, "acc_caminata_m2_departamento": 0.022047902796516524, "acc_caminata_n_deporte_y_recreacion": 0.0050954885395384049, "acc_caminata_n_educacion_y_cultura": 0.029364702631258434, "acc_caminata_m2_habitacional": 24723.008959460982, "acc_caminata_m2_industria": 0.0093059022698378947, "acc_caminata_m2_oficina": 0.034843803644646648, "acc_caminata_n_salud": 0.059480165915328731, "acc_caminata_n_paraderos": 0.014114966802021076 }, "geometry": { "type": "Polygon", "coordinates": [ [ [ -70.776686882219721, -34.17428894056588 ], [ -70.777863475616684, -34.175715662953486 ], [ -70.776958999298856, -34.177103963233783 ], [ -70.774877937855706, -34.177065537316032 ], [ -70.773701380723296, -34.175638826048718 ], [ -70.774605848768132, -34.174250529579091 ], [ -70.776686882219721, -34.17428894056588 ] ] ] } },
{ "type": "Feature", "properties": { "h3": "89b2c1c086bffff", "acc_caminata_m2_comercio": 3602.1560360122448, "acc_caminata_m2_departamento": 302.3906282080398, "acc_caminata_n_deporte_y_recreacion": 0.253865577927121, "acc_caminata_n_educacion_y_cultura": 1.7526656696852771, "acc_caminata_m2_habitacional": 24485.46776755065, "acc_caminata_m2_industria": 165.6417881175021, "acc_caminata_m2_oficina": 97.08752831849219, "acc_caminata_n_salud": 0.10331206064983521, "acc_caminata_n_paraderos": 5.5150120858999889 }, "geometry": { "type": "Polygon", "coordinates": [ [ [ -70.710742859416044, -34.168840346834159 ], [ -70.71191848159151, -34.170267455103023 ], [ -70.711014084685843, -34.171655075540166 ], [ -70.708934073995934, -34.171615583882762 ], [ -70.707758488200042, -34.170188486789506 ], [ -70.70866287671312, -34.168800870178245 ], [ -70.710742859416044, -34.168840346834159 ] ] ] } },
{ "type": "Feature", "properties": { "h3": "89b2c1c017bffff", "acc_caminata_m2_comercio": 13895.876293258621, "acc_caminata_m2_departamento": 1859.0221713908097, "acc_caminata_n_deporte_y_recreacion": 0.006874841847538068, "acc_caminata_n_educacion_y_cultura": 0.59691696640356073, "acc_caminata_m2_habitacional": 4255.2395787197001, "acc_caminata_m2_industria": 107.93123269439531, "acc_caminata_m2_oficina": 2.6144328819329696, "acc_caminata_n_salud": 0.0010987053463128703, "acc_caminata_n_paraderos": 0.77664018633856713 }, "geometry": { "type": "Polygon", "coordinates": [ [ [ -70.729462630410154, -34.136873078077876 ], [ -70.730638368117994, -34.138300677448214 ], [ -70.729734071826911, -34.139689323934249 ], [ -70.727654046183048, -34.139650367214685 ], [ -70.726478344812264, -34.138222779016331 ], [ -70.727382632746966, -34.136834136365756 ], [ -70.729462630410154, -34.136873078077876 ] ] ] } },
{ "type": "Feature", "properties": { "h3": "89b2c1c0ebbffff", "acc_caminata_m2_comercio": 12449.063356661178, "acc_caminata_m2_departamento": 7240.2135455286189, "acc_caminata_n_deporte_y_recreacion": 0.1115624549195469, "acc_caminata_n_educacion_y_cultura": 2.412801016746279, "acc_caminata_m2_habitacional": 8497.1356128008156, "acc_caminata_m2_industria": 7.4801484376827156, "acc_caminata_m2_oficina": 6.0715618784601961, "acc_caminata_n_salud": 0.00049888645458130666, "acc_caminata_n_paraderos": 2.6463730712985765 }, "geometry": { "type": "Polygon", "coordinates": [ [ [ -70.718068259937894, -34.147902824160354 ], [ -70.719243886999493, -34.14933027563589 ], [ -70.718339560487294, -34.150718507133298 ], [ -70.716259615289985, -34.150679283322219 ], [ -70.715084024588805, -34.149251843023926 ], [ -70.715988342723179, -34.147863615359633 ], [ -70.718068259937894, -34.147902824160354 ] ] ] } },
{ "type": "Feature", "properties": { "h3": "89b2c1c1dbbffff", "acc_caminata_m2_comercio": 2328.5520959304267, "acc_caminata_m2_departamento": 414.51207221064817, "acc_caminata_n_deporte_y_recreacion": 0.61688595142630342, "acc_caminata_n_educacion_y_cultura": 8.1399063209199376, "acc_caminata_m2_habitacional": 26991.519595442536, "acc_caminata_m2_industria": 63.315116875806524, "acc_caminata_m2_oficina": 369.89260383980343, "acc_caminata_n_salud": 2.6190781694032319, "acc_caminata_n_paraderos": 3.2724859996675328 }, "geometry": { "type": "Polygon", "coordinates": [ [ [ -70.740859936163872, -34.15816735708205 ], [ -70.742035939196796, -34.15959452536179 ], [ -70.741131554202681, -34.16098278365611 ], [ -70.739051174511403, -34.160943869846463 ], [ -70.73787520780165, -34.159516712721818 ], [ -70.738779584458669, -34.158128458251895 ], [ -70.740859936163872, -34.15816735708205 ] ] ] } },
{ "type": "Feature", "properties": { "h3": "89b2c1c563bffff", "acc_caminata_m2_comercio": 443.75898780114255, "acc_caminata_m2_departamento": 3.6097394834043881e-05, "acc_caminata_n_deporte_y_recreacion": 2.265134516316122e-06, "acc_caminata_n_educacion_y_cultura": 0.0011419510495632103, "acc_caminata_m2_habitacional": 21.794427793485468, "acc_caminata_m2_industria": 43.794695319034268, "acc_caminata_m2_oficina": 26.631651171673955, "acc_caminata_n_salud": 8.5633651325701932e-08, "acc_caminata_n_paraderos": 4.8340973474597124e-08 }, "geometry": { "type": "Polygon", "coordinates": [ [ [ -70.681983983741191, -34.193570848500755 ], [ -70.683159311335615, -34.194997638442267 ], [ -70.682254849917229, -34.196384287779949 ], [ -70.680175069349573, -34.196344143355127 ], [ -70.678999778192775, -34.194917364603562 ], [ -70.67990423116467, -34.193530719087065 ], [ -70.681983983741191, -34.193570848500755 ] ] ] } },
{ "type": "Feature", "properties": { "h3": "89b2c1c0a67ffff", "acc_caminata_m2_comercio": 2562.0834154595946, "acc_caminata_m2_departamento": 3352.0695222104273, "acc_caminata_n_deporte_y_recreacion": 3.0429839145964039, "acc_caminata_n_educacion_y_cultura": 0.77807335063583338, "acc_caminata_m2_habitacional": 29097.404160788778, "acc_caminata_m2_industria": 7.79043393095135, "acc_caminata_m2_oficina": 397.07247068005205, "acc_caminata_n_salud": 4.0956918146011514, "acc_caminata_n_paraderos": 1.0562067972536213 }, "geometry": { "type": "Polygon", "coordinates": [ [ [ -70.727293805121292, -34.178986747992816 ], [ -70.728469713348389, -34.180413602246546 ], [ -70.727565263951547, -34.181801175161134 ], [ -70.72548491468946, -34.18176189000377 ], [ -70.724309042815676, -34.180335046908617 ], [ -70.725213483849345, -34.17894747781245 ], [ -70.727293805121292, -34.178986747992816 ] ] ] } },
{ "type": "Feature", "properties": { "h3": "89b2c1c727bffff", "acc_caminata_m2_comercio": 741.85981002256267, "acc_caminata_m2_departamento": 2.6621634030881633, "acc_caminata_n_deporte_y_recreacion": 0.012619242739312874, "acc_caminata_n_educacion_y_cultura": 0.027463851628249287, "acc_caminata_m2_habitacional": 10456.909093462538, "acc_caminata_m2_industria": 0.0044356068805381727, "acc_caminata_m2_oficina": 81.987088157299496, "acc_caminata_n_salud": 0.00043378357219847434, "acc_caminata_n_paraderos": 3.0212497136989925e-05 }, "geometry": { "type": "Polygon", "coordinates": [ [ [ -70.666799339399347, -34.165189559744292 ], [ -70.667974312839661, -34.166616924097426 ], [ -70.667069970228127, -34.16800409117014 ], [ -70.664990662647071, -34.167963890054018 ], [ -70.663815725662744, -34.166536536913419 ], [ -70.664720059802136, -34.165149373676606 ], [ -70.666799339399347, -34.165189559744292 ] ] ] } },
{ "type": "Feature", "properties": { "h3": "89b2c1c1353ffff", "acc_caminata_m2_comercio": 0.00016008483584769968, "acc_caminata_m2_departamento": 2.7751372004656624e-11, "acc_caminata_n_deporte_y_recreacion": 2.8591726814796663e-14, "acc_caminata_n_educacion_y_cultura": 0.046888078972519794, "acc_caminata_m2_habitacional": 1445.4180705526396, "acc_caminata_m2_industria": 2.1036462601570066e-11, "acc_caminata_m2_oficina": 2.7707085404177642e-09, "acc_caminata_n_salud": 7.0566958710583624e-16, "acc_caminata_n_paraderos": 1.0042713745547923e-05 }, "geometry": { "type": "Polygon", "coordinates": [ [ [ -70.821200497178594, -34.151208721817923 ], [ -70.822377616473062, -34.152635662498845 ], [ -70.821473186399672, -34.154025085980734 ], [ -70.819391645220875, -34.153987564970585 ], [ -70.818214562105226, -34.152560635382322 ], [ -70.81911898398819, -34.151171215711742 ], [ -70.821200497178594, -34.151208721817923 ] ] ] } },
{ "type": "Feature", "properties": { "h3": "89b2c1c0377ffff", "acc_caminata_m2_comercio": 125.69255599772281, "acc_caminata_m2_departamento": 5077.5540967599045, "acc_caminata_n_deporte_y_recreacion": 0.27993153785627406, "acc_caminata_n_educacion_y_cultura": 0.72971119590409295, "acc_caminata_m2_habitacional": 4718.680749802772, "acc_caminata_m2_industria": 1.6207458802925023, "acc_caminata_m2_oficina": 15.89203306777598, "acc_caminata_n_salud": 0.031870243499393019, "acc_caminata_n_paraderos": 0.33963001490121364 }, "geometry": { "type": "Polygon", "coordinates": [ [ [ -70.746014443054534, -34.147020777766237 ], [ -70.747190466594645, -34.148448123262376 ], [ -70.74628611799865, -34.149836722294282 ], [ -70.744205754188158, -34.149797972002261 ], [ -70.743029766958813, -34.148370637661053 ], [ -70.74393410722783, -34.14698204245714 ], [ -70.746014443054534, -34.147020777766237 ] ] ] } },
{ "type": "Feature", "properties": { "h3": "89b2c1c0c63ffff", "acc_caminata_m2_comercio": 62.402866676340288, "acc_caminata_m2_departamento": 109.95396863508303, "acc_caminata_n_deporte_y_recreacion": 0.0052780584596617925, "acc_caminata_n_educacion_y_cultura": 0.43837548397218729, "acc_caminata_m2_habitacional": 24596.389754614956, "acc_caminata_m2_industria": 75.087276422231255, "acc_caminata_m2_oficina": 0.4489421786628785, "acc_caminata_n_salud": 0.019041356577003451, "acc_caminata_n_paraderos": 0.09706989436330403 }, "geometry": { "type": "Polygon", "coordinates": [ [ [ -70.705589237930951, -34.147667053793121 ], [ -70.706764684783764, -34.149094563733527 ], [ -70.705860370586535, -34.150482646672074 ], [ -70.703780617935635, -34.150443215834763 ], [ -70.702605207465183, -34.149015717081788 ], [ -70.703509513261935, -34.147627637978886 ], [ -70.705589237930951, -34.147667053793121 ] ] ] } },
{ "type": "Feature", "properties": { "h3": "89b2c1c18c7ffff", "acc_caminata_m2_comercio": 5333.1349890318133, "acc_caminata_m2_departamento": 247.46709362008872, "acc_caminata_n_deporte_y_recreacion": 0.13712687469899043, "acc_caminata_n_educacion_y_cultura": 4.0887237833967367, "acc_caminata_m2_habitacional": 3128.2937866004058, "acc_caminata_m2_industria": 135.30287610738586, "acc_caminata_m2_oficina": 1108.1343578622809, "acc_caminata_n_salud": 0.0013429648260680179, "acc_caminata_n_paraderos": 1.562229972870125 }, "geometry": { "type": "Polygon", "coordinates": [ [ [ -70.772885185925475, -34.167193292761773 ], [ -70.774061690912546, -34.168620159115576 ], [ -70.773157244085425, -34.170008588847494 ], [ -70.771076300549325, -34.169970148411473 ], [ -70.769899831831466, -34.168543293183625 ], [ -70.770804270379131, -34.167154867266035 ], [ -70.772885185925475, -34.167193292761773 ] ] ] } },
{ "type": "Feature", "properties": { "h3": "89b2c1c154fffff", "acc_caminata_m2_comercio": 1.0173786053704861, "acc_caminata_m2_departamento": 1.4605405705986061e-08, "acc_caminata_n_deporte_y_recreacion": 2.0166324494001896e-07, "acc_caminata_n_educacion_y_cultura": 1.6297578661695711e-11, "acc_caminata_m2_habitacional": 619.60465803613101, "acc_caminata_m2_industria": 8.4016033739985049e-06, "acc_caminata_m2_oficina": 6.8779524862475263e-11, "acc_caminata_n_salud": 1.1141413575724876e-13, "acc_caminata_n_paraderos": 3.4638857024335779e-12 }, "geometry": { "type": "Polygon", "coordinates": [ [ [ -70.797031110816263, -34.126870642346169 ], [ -70.798207768149965, -34.12829812552723 ], [ -70.797303448544483, -34.129687855343676 ], [ -70.795222479836752, -34.129650098153057 ], [ -70.794045858717567, -34.128222626092899 ], [ -70.794950170090246, -34.126832900102642 ], [ -70.797031110816263, -34.126870642346169 ] ] ] } },
{ "type": "Feature", "properties": { "h3": "89b2c1c11d7ffff", "acc_caminata_m2_comercio": 0.76636113426141972, "acc_caminata_m2_departamento": 1.0647265233023736e-05, "acc_caminata_n_deporte_y_recreacion": 0.00014701146423809819, "acc_caminata_n_educacion_y_cultura": 1.1880753174413297e-08, "acc_caminata_m2_habitacional": 595.78056027343098, "acc_caminata_m2_industria": 0.0061246633226228553, "acc_caminata_m2_oficina": 4.6889949036146144e-08, "acc_caminata_n_salud": 8.1220330386042647e-11, "acc_caminata_n_paraderos": 2.5251548226102992e-09 }, "geometry": { "type": "Polygon", "coordinates": [ [ [ -70.791605166000537, -34.135208461632608 ], [ -70.792781785658576, -34.136635819253968 ], [ -70.791877440112629, -34.138025274998384 ], [ -70.789796483150525, -34.137987369297797 ], [ -70.788619899719066, -34.136560022798747 ], [ -70.789524237021766, -34.135170570878181 ], [ -70.791605166000537, -34.135208461632608 ] ] ] } },
{ "type": "Feature", "properties": { "h3": "89b2c1c56bbffff", "acc_caminata_m2_comercio": 1.7693119371067714, "acc_caminata_m2_departamento": 0.00026406852054058108, "acc_caminata_n_deporte_y_recreacion": 1.283046874448094e-05, "acc_caminata_n_educacion_y_cultura": 0.11115105661924338, "acc_caminata_m2_habitacional": 10152.665538034049, "acc_caminata_m2_industria": 85.921061710251735, "acc_caminata_m2_oficina": 0.322507524902649, "acc_caminata_n_salud": 9.8494954499250578e-08, "acc_caminata_n_paraderos": 4.5706004241850883e-06 }, "geometry": { "type": "Polygon", "coordinates": [ [ [ -70.67818733597332, -34.186476582143932 ], [ -70.679362575028406, -34.187903515761612 ], [ -70.678458143302493, -34.189290294553764 ], [ -70.676378480973014, -34.189250135903592 ], [ -70.675203278360129, -34.187823213481508 ], [ -70.676107701633143, -34.186436438514207 ], [ -70.67818733597332, -34.186476582143932 ] ] ] } },
{ "type": "Feature", "properties": { "h3": "89b2c1ca803ffff", "acc_caminata_m2_comercio": 307.03719841428455, "acc_caminata_m2_departamento": 4.8516816497636464e-12, "acc_caminata_n_deporte_y_recreacion": 4.597577400422475e-17, "acc_caminata_n_educacion_y_cultura": 0.0031763913021681336, "acc_caminata_m2_habitacional": 1234.9429667397101, "acc_caminata_m2_industria": 41.272280602796407, "acc_caminata_m2_oficina": 5.7030720364327809, "acc_caminata_n_salud": 6.1831391097889267e-21, "acc_caminata_n_paraderos": 0.018390406653237462 }, "geometry": { "type": "Polygon", "coordinates": [ [ [ -70.836692046998721, -34.182407510278011 ], [ -70.837869537045506, -34.18383382254882 ], [ -70.836964978864103, -34.185222661548487 ], [ -70.834882938798842, -34.185185184482123 ], [ -70.833705484912528, -34.183758883280248 ], [ -70.834610034929668, -34.182370048075995 ], [ -70.836692046998721, -34.182407510278011 ] ] ] } },
{ "type": "Feature", "properties": { "h3": "89b2c1c1947ffff", "acc_caminata_m2_comercio": 260.69056370718772, "acc_caminata_m2_departamento": 27.250948581344701, "acc_caminata_n_deporte_y_recreacion": 0.0049347169712923118, "acc_caminata_n_educacion_y_cultura": 0.75520728817909943, "acc_caminata_m2_habitacional": 19221.673682140332, "acc_caminata_m2_industria": 72.645565849179818, "acc_caminata_m2_oficina": 244.12173099741079, "acc_caminata_n_salud": 0.00049255244424650021, "acc_caminata_n_paraderos": 2.9702584582310148 }, "geometry": { "type": "Polygon", "coordinates": [ [ [ -70.755789035967936, -34.183735413848083 ], [ -70.756965375393634, -34.185162058353065 ], [ -70.756060882828081, -34.186549865504446 ], [ -70.753980059147182, -34.186511024340135 ], [ -70.752803756025827, -34.185084390968953 ], [ -70.753708240279678, -34.183696587628482 ], [ -70.755789035967936, -34.183735413848083 ] ] ] } },
{ "type": "Feature", "properties": { "h3": "89b2c1c096bffff", "acc_caminata_m2_comercio": 215.0740757414618, "acc_caminata_m2_departamento": 1.3051367141261372, "acc_caminata_n_deporte_y_recreacion": 6.285385547457996, "acc_caminata_n_educacion_y_cultura": 8.5167086644961394, "acc_caminata_m2_habitacional": 10252.438058526252, "acc_caminata_m2_industria": 0.012745937855211074, "acc_caminata_m2_oficina": 6.5331966033133453, "acc_caminata_n_salud": 1.9271509597067095e-05, "acc_caminata_n_paraderos": 2.2863917160049732 }, "geometry": { "type": "Polygon", "coordinates": [ [ [ -70.689852932216013, -34.178274602290415 ], [ -70.69102829961561, -34.179701632289429 ], [ -70.690123887241398, -34.18108875954858 ], [ -70.688044115897412, -34.181048852982904 ], [ -70.686868784917024, -34.179621834173005 ], [ -70.687773188860092, -34.178234710739879 ], [ -70.689852932216013, -34.178274602290415 ] ] ] } },
{ "type": "Feature", "properties": { "h3": "89b2c1cad77ffff", "acc_caminata_m2_comercio": 0.17186168275965422, "acc_caminata_m2_departamento": 3.533303415578313e-07, "acc_caminata_n_deporte_y_recreacion": 3.3482485259644461e-12, "acc_caminata_n_educacion_y_cultura": 7.0000015329548129, "acc_caminata_m2_habitacional": 0.6214474273625934, "acc_caminata_m2_industria": 2.5870578701211579e-05, "acc_caminata_m2_oficina": 0.0039496009459825216, "acc_caminata_n_salud": 4.5029554931077396e-16, "acc_caminata_n_paraderos": 0.0002695608797102838 }, "geometry": { "type": "Polygon", "coordinates": [ [ [ -70.814423563653961, -34.177789715945281 ], [ -70.815600713501453, -34.179216209492076 ], [ -70.814696191385067, -34.18060488862313 ], [ -70.812614527624362, -34.180567070405829 ], [ -70.811437413975526, -34.179140587947593 ], [ -70.812341927887374, -34.177751912618298 ], [ -70.814423563653961, -34.177789715945281 ] ] ] } },
{ "type": "Feature", "properties": { "h3": "89b2c1c0947ffff", "acc_caminata_m2_comercio": 3704.9390485861218, "acc_caminata_m2_departamento": 2.1290013462845909, "acc_caminata_n_deporte_y_recreacion": 0.21130273038404493, "acc_caminata_n_educacion_y_cultura": 8.0836088464434077, "acc_caminata_m2_habitacional": 17297.672151355851, "acc_caminata_m2_industria": 0.00034500788537987883, "acc_caminata_m2_oficina": 182.94614650196434, "acc_caminata_n_salud": 0.002052296462938006, "acc_caminata_n_paraderos": 2.7928466488525263 }, "geometry": { "type": "Polygon", "coordinates": [ [ [ -70.689311042405734, -34.172645933048251 ], [ -70.690486375071131, -34.174073066270566 ], [ -70.689581983937543, -34.175460326788198 ], [ -70.687502268569006, -34.175420450255253 ], [ -70.686326972322092, -34.17399332822454 ], [ -70.687231355023911, -34.172606071535363 ], [ -70.689311042405734, -34.172645933048251 ] ] ] } },
{ "type": "Feature", "properties": { "h3": "89b2c1c1923ffff", "acc_caminata_m2_comercio": 606.05563166501145, "acc_caminata_m2_departamento": 1540.5536749924834, "acc_caminata_n_deporte_y_recreacion": 0.0050853933987331469, "acc_caminata_n_educacion_y_cultura": 0.056790767781184151, "acc_caminata_m2_habitacional": 9541.4656602936557, "acc_caminata_m2_industria": 48.542274789642178, "acc_caminata_m2_oficina": 9.2023872014404695, "acc_caminata_n_salud": 0.01197841281104184, "acc_caminata_n_paraderos": 2.3210001808001146 }, "geometry": { "type": "Polygon", "coordinates": [ [ [ -70.743576420872856, -34.186316300113575 ], [ -70.744752597668366, -34.187742951759333 ], [ -70.743848106542927, -34.189130543747517 ], [ -70.741767446954725, -34.189091480277888 ], [ -70.740591306485925, -34.187664839774854 ], [ -70.74149578927728, -34.186277251598909 ], [ -70.743576420872856, -34.186316300113575 ] ] ] } },
{ "type": "Feature", "properties": { "h3": "89b2c1c551bffff", "acc_caminata_m2_comercio": 6.2485645352176871, "acc_caminata_m2_departamento": 237.5657388501734, "acc_caminata_n_deporte_y_recreacion": 0.00097554974352737057, "acc_caminata_n_educacion_y_cultura": 0.046199413733783744, "acc_caminata_m2_habitacional": 4115.6569925797803, "acc_caminata_m2_industria": 0.18867580488759278, "acc_caminata_m2_oficina": 4.9358826207102497, "acc_caminata_n_salud": 0.00031312896611559814, "acc_caminata_n_paraderos": 2.2979308108407838e-13 }, "geometry": { "type": "Polygon", "coordinates": [ [ [ -70.644012659248318, -34.187216548400947 ], [ -70.645187410320545, -34.188643616715218 ], [ -70.644283008136156, -34.190029953596373 ], [ -70.642203863393192, -34.189989218332322 ], [ -70.641029148823563, -34.18856216124108 ], [ -70.64193354249295, -34.187175828191045 ], [ -70.644012659248318, -34.187216548400947 ] ] ] } },
{ "type": "Feature", "properties": { "h3": "89b2c1c0b67ffff", "acc_caminata_m2_comercio": 547.8816081363168, "acc_caminata_m2_departamento": 1.8072954416528946, "acc_caminata_n_deporte_y_recreacion": 0.0061935987816879217, "acc_caminata_n_educacion_y_cultura": 13.397094126026349, "acc_caminata_m2_habitacional": 111.07424369183364, "acc_caminata_m2_industria": 0.0013853449274730638, "acc_caminata_m2_oficina": 6.5872894468134371, "acc_caminata_n_salud": 0.070035171516516087, "acc_caminata_n_paraderos": 0.0046406313992020829 }, "geometry": { "type": "Polygon", "coordinates": [ [ [ -70.706401138564004, -34.188422115788541 ], [ -70.70757679219868, -34.189848891891906 ], [ -70.706672327136658, -34.19123597162433 ], [ -70.704592216840439, -34.19119627143499 ], [ -70.70341659959881, -34.189769506503666 ], [ -70.704321056258991, -34.188382430589847 ], [ -70.706401138564004, -34.188422115788541 ] ] ] } },
{ "type": "Feature", "properties": { "h3": "89b2c1c737bffff", "acc_caminata_m2_comercio": 33.541866129126397, "acc_caminata_m2_departamento": 29.603641902922316, "acc_caminata_n_deporte_y_recreacion": 4.0003169050066072, "acc_caminata_n_educacion_y_cultura": 0.12878837906707105, "acc_caminata_m2_habitacional": 6316.9454160942059, "acc_caminata_m2_industria": 17.053830820636861, "acc_caminata_m2_oficina": 2.5875911784414223, "acc_caminata_n_salud": 0.0014364764326295757, "acc_caminata_n_paraderos": 3.9423068285343657e-13 }, "geometry": { "type": "Polygon", "coordinates": [ [ [ -70.64591471927173, -34.174615676282784 ], [ -70.647089437401604, -34.176042962107594 ], [ -70.64618507984035, -34.177429635970839 ], [ -70.644106012658511, -34.17738902017345 ], [ -70.64293133102413, -34.17596174557471 ], [ -70.643835680074716, -34.174575075547473 ], [ -70.64591471927173, -34.174615676282784 ] ] ] } },
{ "type": "Feature", "properties": { "h3": "89b2c1ca883ffff", "acc_caminata_m2_comercio": 3.9313916810233978, "acc_caminata_m2_departamento": 1.5439211424596661e-12, "acc_caminata_n_deporte_y_recreacion": 1.4630591017370196e-17, "acc_caminata_n_educacion_y_cultura": 0.12461961396288565, "acc_caminata_m2_habitacional": 93.199665233977356, "acc_caminata_m2_industria": 0.016315458762739571, "acc_caminata_m2_oficina": 12012.261892253904, "acc_caminata_n_salud": 1.9676227517602017e-21, "acc_caminata_n_paraderos": 0.0051543267331271821 }, "geometry": { "type": "Polygon", "coordinates": [ [ [ -70.832886845863641, -34.175312963501028 ], [ -70.834064247568691, -34.176739420017604 ], [ -70.833159718754672, -34.178128388502998 ], [ -70.831077796404998, -34.178090896672906 ], [ -70.829900430865081, -34.176664451230884 ], [ -70.830804951508341, -34.175275486544578 ], [ -70.832886845863641, -34.175312963501028 ] ] ] } },
{ "type": "Feature", "properties": { "h3": "89b2c1c005bffff", "acc_caminata_m2_comercio": 15.080576380413101, "acc_caminata_m2_departamento": 0.0014089232521577674, "acc_caminata_n_deporte_y_recreacion": 0.011952171453447388, "acc_caminata_n_educacion_y_cultura": 0.00044360277181461778, "acc_caminata_m2_habitacional": 558.67067992943805, "acc_caminata_m2_industria": 370.96928992926121, "acc_caminata_m2_oficina": 61.796786473288421, "acc_caminata_n_salud": 4.4452850548422832e-09, "acc_caminata_n_paraderos": 6.7276284587105135e-08 }, "geometry": { "type": "Polygon", "coordinates": [ [ [ -70.756050848894787, -34.121902834259856 ], [ -70.757226896008731, -34.123330585698106 ], [ -70.756322630852111, -34.124719932715294 ], [ -70.754242326887251, -34.124681524457998 ], [ -70.75306631605892, -34.12325378417556 ], [ -70.7539705729085, -34.121864440994798 ], [ -70.756050848894787, -34.121902834259856 ] ] ] } },
{ "type": "Feature", "properties": { "h3": "89b2c1c19c7ffff", "acc_caminata_m2_comercio": 373.60233951728367, "acc_caminata_m2_departamento": 13.880388781483546, "acc_caminata_n_deporte_y_recreacion": 0.0010289958206123884, "acc_caminata_n_educacion_y_cultura": 0.14240632109740683, "acc_caminata_m2_habitacional": 9991.367329894545, "acc_caminata_m2_industria": 3090.1432831748516, "acc_caminata_m2_oficina": 105.45698610371875, "acc_caminata_n_salud": 0.026230268399770995, "acc_caminata_n_paraderos": 0.04344110879221022 }, "geometry": { "type": "Polygon", "coordinates": [ [ [ -70.751988371862836, -34.176640570794611 ], [ -70.753164622846199, -34.178067359226333 ], [ -70.752260159817197, -34.17945529583919 ], [ -70.750179454121607, -34.179416440205948 ], [ -70.749003239447205, -34.17798966291366 ], [ -70.749907694158082, -34.176601730115379 ], [ -70.751988371862836, -34.176640570794611 ] ] ] } },
{ "type": "Feature", "properties": { "h3": "89b2c1c12d7ffff", "acc_caminata_m2_comercio": 3.1620400840825873, "acc_caminata_m2_departamento": 5.1124318686596928e-14, "acc_caminata_n_deporte_y_recreacion": 3.684142334993163e-05, "acc_caminata_n_educacion_y_cultura": 6.2099559068432708e-07, "acc_caminata_m2_habitacional": 500.5026440460199, "acc_caminata_m2_industria": 0.014569376405996443, "acc_caminata_m2_oficina": 2.8013273412831903e-16, "acc_caminata_n_salud": 4.3358905870381705e-19, "acc_caminata_n_paraderos": 1.0969811445583277e-13 }, "geometry": { "type": "Polygon", "coordinates": [ [ [ -70.835312036789304, -34.135996182180044 ], [ -70.836489284726454, -34.137423333446399 ], [ -70.83558489857613, -34.138813308923261 ], [ -70.833503272651001, -34.138776129319247 ], [ -70.832326060863124, -34.137348989139632 ], [ -70.833230438849753, -34.135959017477497 ], [ -70.835312036789304, -34.135996182180044 ] ] ] } },
{ "type": "Feature", "properties": { "h3": "89b2c1c5443ffff", "acc_caminata_m2_comercio": 6.4854839550604098, "acc_caminata_m2_departamento": 0.0150508084369012, "acc_caminata_n_deporte_y_recreacion": 7.4572910680397707e-06, "acc_caminata_n_educacion_y_cultura": 0.0013158729376411252, "acc_caminata_m2_habitacional": 19170.242949521977, "acc_caminata_m2_industria": 0.076214925073389783, "acc_caminata_m2_oficina": 1.2999319788526147, "acc_caminata_n_salud": 1.0527362177894023e-05, "acc_caminata_n_paraderos": 0.00010983626311930579 }, "geometry": { "type": "Polygon", "coordinates": [ [ [ -70.671407102999751, -34.180728358353015 ], [ -70.672582217069262, -34.182155424396782 ], [ -70.671677812878244, -34.183542262170484 ], [ -70.669598303081202, -34.183502030072063 ], [ -70.668423225464139, -34.18207497523148 ], [ -70.669327621190334, -34.180688141286325 ], [ -70.671407102999751, -34.180728358353015 ] ] ] } },
{ "type": "Feature", "properties": { "h3": "89b2c1c184bffff", "acc_caminata_m2_comercio": 115.63740324297602, "acc_caminata_m2_departamento": 926.70699827964006, "acc_caminata_n_deporte_y_recreacion": 0.0087660694689144468, "acc_caminata_n_educacion_y_cultura": 0.0015332222755037165, "acc_caminata_m2_habitacional": 1838.1342905089068, "acc_caminata_m2_industria": 2871.2994176519965, "acc_caminata_m2_oficina": 2.7159833069253012, "acc_caminata_n_salud": 1.0514134387481773e-06, "acc_caminata_n_paraderos": 3.1540480657888934 }, "geometry": { "type": "Polygon", "coordinates": [ [ [ -70.782930174238686, -34.174403966086736 ], [ -70.784106857531384, -34.175830659001214 ], [ -70.783202375293044, -34.177219033534875 ], [ -70.781121218022264, -34.177180711344874 ], [ -70.779944570983062, -34.175754029545629 ], [ -70.780849044959766, -34.174365658821365 ], [ -70.782930174238686, -34.174403966086736 ] ] ] } },
{ "type": "Feature", "properties": { "h3": "89b2c1c03d3ffff", "acc_caminata_m2_comercio": 10.861535128975142, "acc_caminata_m2_departamento": 2.7823771139319113, "acc_caminata_n_deporte_y_recreacion": 0.043781505697847653, "acc_caminata_n_educacion_y_cultura": 0.099131076764307505, "acc_caminata_m2_habitacional": 2802.4565345461938, "acc_caminata_m2_industria": 209.4045869919494, "acc_caminata_m2_oficina": 0.064741491850711597, "acc_caminata_n_salud": 8.521731680123033e-06, "acc_caminata_n_paraderos": 0.00012731561723984997 }, "geometry": { "type": "Polygon", "coordinates": [ [ [ -70.750896949562986, -34.133055055587931 ], [ -70.752072976214876, -34.134482629885703 ], [ -70.751168674637725, -34.135871636231293 ], [ -70.749088354724478, -34.135833064446508 ], [ -70.747912364370606, -34.134405501304705 ], [ -70.748816657630599, -34.133016498791953 ], [ -70.750896949562986, -34.133055055587931 ] ] ] } },
{ "type": "Feature", "properties": { "h3": "89b2c1c086fffff", "acc_caminata_m2_comercio": 2159.1317597073089, "acc_caminata_m2_departamento": 401.67020936536989, "acc_caminata_n_deporte_y_recreacion": 0.1989688452977863, "acc_caminata_n_educacion_y_cultura": 2.5238529740063345, "acc_caminata_m2_habitacional": 16402.064904372444, "acc_caminata_m2_industria": 16.278379809686086, "acc_caminata_m2_oficina": 254.35113196877501, "acc_caminata_n_salud": 0.24884110719337355, "acc_caminata_n_paraderos": 0.92160814385768797 }, "geometry": { "type": "Polygon", "coordinates": [ [ [ -70.707758488200042, -34.170188486789506 ], [ -70.708934073995934, -34.171615583882762 ], [ -70.708029674865472, -34.173003133868107 ], [ -70.705949698335814, -34.172963582934514 ], [ -70.704774148925154, -34.171536497018799 ], [ -70.705678539657526, -34.170148950859364 ], [ -70.707758488200042, -34.170188486789506 ] ] ] } },
{ "type": "Feature", "properties": { "h3": "89b2c1c50cbffff", "acc_caminata_m2_comercio": 360.45201209939125, "acc_caminata_m2_departamento": 0.0019385953596467642, "acc_caminata_n_deporte_y_recreacion": 5.5863676604441618e-07, "acc_caminata_n_educacion_y_cultura": 0.017470402035675455, "acc_caminata_m2_habitacional": 327.49234682384974, "acc_caminata_m2_industria": 1039.4365702714231, "acc_caminata_m2_oficina": 15.083660449143229, "acc_caminata_n_salud": 4.7163820469007834e-09, "acc_caminata_n_paraderos": 1.8816017359167086e-07 }, "geometry": { "type": "Polygon", "coordinates": [ [ [ -70.67276071980919, -34.194796695031989 ], [ -70.673935920706782, -34.19622350302182 ], [ -70.673031463397365, -34.197610007613747 ], [ -70.670951813652394, -34.197569700393551 ], [ -70.669776649209041, -34.196142903600702 ], [ -70.670681098055098, -34.194756402831253 ], [ -70.67276071980919, -34.194796695031989 ] ] ] } },
{ "type": "Feature", "properties": { "h3": "89b2c1c0a6bffff", "acc_caminata_m2_comercio": 41949.864762575344, "acc_caminata_m2_departamento": 198.77958757164714, "acc_caminata_n_deporte_y_recreacion": 0.35149489530799682, "acc_caminata_n_educacion_y_cultura": 0.7674856245174303, "acc_caminata_m2_habitacional": 8814.4888024415741, "acc_caminata_m2_industria": 172.68766694381267, "acc_caminata_m2_oficina": 73.931498189205954, "acc_caminata_n_salud": 0.0060609914421343733, "acc_caminata_n_paraderos": 1.309569399769138 }, "geometry": { "type": "Polygon", "coordinates": [ [ [ -70.733534961286622, -34.179104351308709 ], [ -70.734710959578763, -34.180531176211865 ], [ -70.733806504087994, -34.181918823395286 ], [ -70.731726058655568, -34.181879641858565 ], [ -70.730550096705741, -34.180452828108855 ], [ -70.731454543844677, -34.179065184742626 ], [ -70.733534961286622, -34.179104351308709 ] ] ] } },
{ "type": "Feature", "properties": { "h3": "89b2c1c3367ffff", "acc_caminata_m2_comercio": 13.916748044049646, "acc_caminata_m2_departamento": 1.1349786386284586e-12, "acc_caminata_n_deporte_y_recreacion": 9.575222957319643e-12, "acc_caminata_n_educacion_y_cultura": 3.8170749733489353e-08, "acc_caminata_m2_habitacional": 480.51675361281724, "acc_caminata_m2_industria": 65.970113321176783, "acc_caminata_m2_oficina": 2.6136510044138211e-06, "acc_caminata_n_salud": 3.6029340948776969e-18, "acc_caminata_n_paraderos": 5.4669400207676951e-17 }, "geometry": { "type": "Polygon", "coordinates": [ [ [ -70.786170084867493, -34.11120411523499 ], [ -70.787346511900466, -34.112631926505969 ], [ -70.786442259420738, -34.114021911222231 ], [ -70.784361588158191, -34.11398408083285 ], [ -70.783185197354371, -34.112556280697142 ], [ -70.78408944158258, -34.111166299815736 ], [ -70.786170084867493, -34.11120411523499 ] ] ] } },
{ "type": "Feature", "properties": { "h3": "89b2c1c037bffff", "acc_caminata_m2_comercio": 7.7869109740931828, "acc_caminata_m2_departamento": 76.319831383099299, "acc_caminata_n_deporte_y_recreacion": 0.029612587993246297, "acc_caminata_n_educacion_y_cultura": 0.011149373136266707, "acc_caminata_m2_habitacional": 972.26499583072575, "acc_caminata_m2_industria": 2.1132235768008893, "acc_caminata_m2_oficina": 0.42643175317622412, "acc_caminata_n_salud": 0.0076648629548271546, "acc_caminata_n_paraderos": 0.12092831475077125 }, "geometry": { "type": "Polygon", "coordinates": [ [ [ -70.752255642577254, -34.147136776509754 ], [ -70.753431756096205, -34.14856409267459 ], [ -70.752527401473486, -34.149952765973829 ], [ -70.750446941646075, -34.149914119281732 ], [ -70.749270864426876, -34.148486814266747 ], [ -70.750175210733985, -34.147098144794207 ], [ -70.752255642577254, -34.147136776509754 ] ] ] } },
{ "type": "Feature", "properties": { "h3": "89b2c1c0c67ffff", "acc_caminata_m2_comercio": 27.336086448218825, "acc_caminata_m2_departamento": 111.15439834313278, "acc_caminata_n_deporte_y_recreacion": 1.1673182448570547, "acc_caminata_n_educacion_y_cultura": 0.025208004718953687, "acc_caminata_m2_habitacional": 11231.662334344774, "acc_caminata_m2_industria": 2.7036301702850873, "acc_caminata_m2_oficina": 88.04369230369052, "acc_caminata_n_salud": 0.00022338437678125678, "acc_caminata_n_paraderos": 2.9872187211648278 }, "geometry": { "type": "Polygon", "coordinates": [ [ [ -70.702605207465183, -34.149015717081788 ], [ -70.703780617935635, -34.150443215834763 ], [ -70.702876301522664, -34.151831228326515 ], [ -70.70079658304391, -34.151791738229825 ], [ -70.699621208961489, -34.150364250666229 ], [ -70.700525516968469, -34.148976242010143 ], [ -70.702605207465183, -34.149015717081788 ] ] ] } },
{ "type": "Feature", "properties": { "h3": "89b2c1c18cbffff", "acc_caminata_m2_comercio": 1239.3546140339399, "acc_caminata_m2_departamento": 222.91569011900575, "acc_caminata_n_deporte_y_recreacion": 0.14173494869178807, "acc_caminata_n_educacion_y_cultura": 0.072939506712490595, "acc_caminata_m2_habitacional": 21016.550846856284, "acc_caminata_m2_industria": 120.50102402625232, "acc_caminata_m2_oficina": 22.518603830486875, "acc_caminata_n_salud": 5.0072318925797946e-05, "acc_caminata_n_paraderos": 0.23392861805555079 }, "geometry": { "type": "Polygon", "coordinates": [ [ [ -70.779128124269803, -34.167308361856279 ], [ -70.780304719160227, -34.16873519876259 ], [ -70.779400266399591, -34.170123702750139 ], [ -70.777319227015298, -34.17008536601849 ], [ -70.776142668383045, -34.168658540233025 ], [ -70.777047112875579, -34.167270040058547 ], [ -70.779128124269803, -34.167308361856279 ] ] ] } },
{ "type": "Feature", "properties": { "h3": "89b2c1c514bffff", "acc_caminata_m2_comercio": 26.361112339777513, "acc_caminata_m2_departamento": 41.349215188040091, "acc_caminata_n_deporte_y_recreacion": 4.5223104357095284e-13, "acc_caminata_n_educacion_y_cultura": 1.1785854232193029e-08, "acc_caminata_m2_habitacional": 5256.296310482443, "acc_caminata_m2_industria": 0.045836631949485923, "acc_caminata_m2_oficina": 1.0176024925979477e-05, "acc_caminata_n_salud": 4.4897815210818033e-14, "acc_caminata_n_paraderos": 1.2796713916962027e-13 }, "geometry": { "type": "Polygon", "coordinates": [ [ [ -70.655668334534184, -34.211310113482362 ], [ -70.656843368717162, -34.212736699398931 ], [ -70.65593886663271, -34.214122581255317 ], [ -70.653859338859419, -34.214081873376443 ], [ -70.652684341165696, -34.212655298664671 ], [ -70.653588834754643, -34.211269420627161 ], [ -70.655668334534184, -34.211310113482362 ] ] ] } },
{ "type": "Feature", "properties": { "h3": "89b2c1ce57bffff", "acc_caminata_m2_comercio": 273.00013333788547, "acc_caminata_m2_departamento": 0.00019265543222427044, "acc_caminata_n_deporte_y_recreacion": 0.0060974307762167784, "acc_caminata_n_educacion_y_cultura": 0.00067840228032231141, "acc_caminata_m2_habitacional": 1518.214727042782, "acc_caminata_m2_industria": 1.0350086058786268e-08, "acc_caminata_m2_oficina": 4.0913768710922668e-05, "acc_caminata_n_salud": 1.5711680435508252e-06, "acc_caminata_n_paraderos": 1.0854891842444077e-07 }, "geometry": { "type": "Polygon", "coordinates": [ [ [ -70.714269314739568, -34.205422594390747 ], [ -70.715445162763288, -34.206849031168012 ], [ -70.714540627819318, -34.208235785301902 ], [ -70.712460253238945, -34.208196098848667 ], [ -70.711284441599375, -34.206769673230902 ], [ -70.712188968154678, -34.20538292290707 ], [ -70.714269314739568, -34.205422594390747 ] ] ] } },
{ "type": "Feature", "properties": { "h3": "89b2c1c0577ffff", "acc_caminata_m2_comercio": 5.7669503125351642e-08, "acc_caminata_m2_departamento": 1.0652935086443556e-08, "acc_caminata_n_deporte_y_recreacion": 1.2978654932392035e-12, "acc_caminata_n_educacion_y_cultura": 4.9547874143039915e-12, "acc_caminata_m2_habitacional": 2382.8680337260707, "acc_caminata_m2_industria": 3.70229680898953e-10, "acc_caminata_m2_oficina": 6.6854346665681064e-11, "acc_caminata_n_salud": 7.3046257844374701e-16, "acc_caminata_n_paraderos": 6.1805546122961547e-12 }, "geometry": { "type": "Polygon", "coordinates": [ [ [ -70.721323420379122, -34.117039434571915 ], [ -70.722498946475753, -34.118467424220867 ], [ -70.721594730573656, -34.119856462618465 ], [ -70.719514996943417, -34.119817507521951 ], [ -70.718339507192326, -34.118389529058653 ], [ -70.719243714724598, -34.117000494506399 ], [ -70.721323420379122, -34.117039434571915 ] ] ] } },
{ "type": "Feature", "properties": { "h3": "89b2c1c0ac3ffff", "acc_caminata_m2_comercio": 14345.963145656333, "acc_caminata_m2_departamento": 1605.6506132654999, "acc_caminata_n_deporte_y_recreacion": 0.41616923369594883, "acc_caminata_n_educacion_y_cultura": 8.6389459823521193, "acc_caminata_m2_habitacional": 13280.369311923721, "acc_caminata_m2_industria": 132.74723098737985, "acc_caminata_m2_oficina": 7002.4038826976621, "acc_caminata_n_salud": 1.0709320965090428, "acc_caminata_n_paraderos": 4.7475872292444947 }, "geometry": { "type": "Polygon", "coordinates": [ [ [ -70.732177348684743, -34.165030216567843 ], [ -70.733353260104266, -34.166457299736557 ], [ -70.732448857685242, -34.167845280069329 ], [ -70.730368552198726, -34.167806173410305 ], [ -70.729192677119769, -34.16637910140124 ], [ -70.73009707118544, -34.164991124891728 ], [ -70.732177348684743, -34.165030216567843 ] ] ] } },
{ "type": "Feature", "properties": { "h3": "89b2c1c0e63ffff", "acc_caminata_m2_comercio": 5025.765627703182, "acc_caminata_m2_departamento": 330.30015694968938, "acc_caminata_n_deporte_y_recreacion": 0.0054864799679056817, "acc_caminata_n_educacion_y_cultura": 0.16007793455053854, "acc_caminata_m2_habitacional": 2524.6828887461779, "acc_caminata_m2_industria": 2027.7006992864178, "acc_caminata_m2_oficina": 2477.5357045498404, "acc_caminata_n_salud": 0.025151304666989404, "acc_caminata_n_paraderos": 0.52862629082568247 }, "geometry": { "type": "Polygon", "coordinates": [ [ [ -70.728378306473232, -34.157933446164201 ], [ -70.729554129435016, -34.159360673076215 ], [ -70.728649756597221, -34.160748782829494 ], [ -70.726569569156041, -34.160709661844002 ], [ -70.725393782539427, -34.159282446097258 ], [ -70.726298147017445, -34.15789434017092 ], [ -70.728378306473232, -34.157933446164201 ] ] ] } },
{ "type": "Feature", "properties": { "h3": "89b2c1c1cc3ffff", "acc_caminata_m2_comercio": 3.354015215427824, "acc_caminata_m2_departamento": 31.779190486883621, "acc_caminata_n_deporte_y_recreacion": 9.0724349686823667e-06, "acc_caminata_n_educacion_y_cultura": 0.039048313931643479, "acc_caminata_m2_habitacional": 506.07330045361084, "acc_caminata_m2_industria": 840.98560744920781, "acc_caminata_m2_oficina": 0.15545199913986732, "acc_caminata_n_salud": 0.00026952232533778423, "acc_caminata_n_paraderos": 0.0081125336836778122 }, "geometry": { "type": "Polygon", "coordinates": [ [ [ -70.773966083955258, -34.146132206535803 ], [ -70.775142503546562, -34.147559445737151 ], [ -70.774238133305843, -34.148948412263444 ], [ -70.772157351748533, -34.14891013576576 ], [ -70.770980968418272, -34.147482907697061 ], [ -70.771885330382929, -34.146093944993595 ], [ -70.773966083955258, -34.146132206535803 ] ] ] } },
{ "type": "Feature", "properties": { "h3": "89b2c1c5543ffff", "acc_caminata_m2_comercio": 9.032031497702107, "acc_caminata_m2_departamento": 1.1371815800667069, "acc_caminata_n_deporte_y_recreacion": 0.0035114763981096472, "acc_caminata_n_educacion_y_cultura": 0.010769361095601587, "acc_caminata_m2_habitacional": 3706.9598241730746, "acc_caminata_m2_industria": 0.030941170386928608, "acc_caminata_m2_oficina": 0.51237363106724576, "acc_caminata_n_salud": 5.1159513717197175e-05, "acc_caminata_n_paraderos": 1.0314411138547282e-13 }, "geometry": { "type": "Polygon", "coordinates": [ [ [ -70.650520635868332, -34.190151952512686 ], [ -70.651695494651875, -34.191578940093706 ], [ -70.650791075454904, -34.192965284633388 ], [ -70.64871180597639, -34.19292463776361 ], [ -70.647536983684844, -34.191497661399268 ], [ -70.648441394378438, -34.190111320688224 ], [ -70.650520635868332, -34.190151952512686 ] ] ] } },
{ "type": "Feature", "properties": { "h3": "89b2c1c0e3bffff", "acc_caminata_m2_comercio": 631.23112777169752, "acc_caminata_m2_departamento": 28176.320365002135, "acc_caminata_n_deporte_y_recreacion": 0.038662228824064691, "acc_caminata_n_educacion_y_cultura": 0.10736042148314763, "acc_caminata_m2_habitacional": 10683.524960960942, "acc_caminata_m2_industria": 4.0563001223106392, "acc_caminata_m2_oficina": 9.1113746338193575, "acc_caminata_n_salud": 0.0018712244451034189, "acc_caminata_n_paraderos": 1.0636799798574144 }, "geometry": { "type": "Polygon", "coordinates": [ [ [ -70.721866564872954, -34.155000614702594 ], [ -70.723042280397593, -34.156427922523839 ], [ -70.722137924285178, -34.157816024622001 ], [ -70.720057861018134, -34.157776815069674 ], [ -70.718882181849295, -34.156349518420036 ], [ -70.719786529590323, -34.154961420151309 ], [ -70.721866564872954, -34.155000614702594 ] ] ] } },
{ "type": "Feature", "properties": { "h3": "89b2c1c194bffff", "acc_caminata_m2_comercio": 18.493949867302184, "acc_caminata_m2_departamento": 0.71177243071042673, "acc_caminata_n_deporte_y_recreacion": 0.034819849882813003, "acc_caminata_n_educacion_y_cultura": 0.12778745834472141, "acc_caminata_m2_habitacional": 34027.503095304521, "acc_caminata_m2_industria": 1.8330125174277343, "acc_caminata_m2_oficina": 13.320673594706912, "acc_caminata_n_salud": 2.4294935619905165e-05, "acc_caminata_n_paraderos": 2.7917019168969541 }, "geometry": { "type": "Polygon", "coordinates": [ [ [ -70.762031614998591, -34.183851685127635 ], [ -70.763208044397189, -34.185278300195094 ], [ -70.762303545837383, -34.186666181605339 ], [ -70.760222626177935, -34.186627444138708 ], [ -70.759046233072638, -34.185200840199954 ], [ -70.759950723332139, -34.183812962599333 ], [ -70.762031614998591, -34.183851685127635 ] ] ] } },
{ "type": "Feature", "properties": { "h3": "89b2c1c096fffff", "acc_caminata_m2_comercio": 163.01583832137732, "acc_caminata_m2_departamento": 0.11204599597889299, "acc_caminata_n_deporte_y_recreacion": 0.41280289138528997, "acc_caminata_n_educacion_y_cultura": 1.9088020905248009, "acc_caminata_m2_habitacional": 22278.181141505971, "acc_caminata_m2_industria": 0.1288607854505695, "acc_caminata_m2_oficina": 8.4791775510900003, "acc_caminata_n_salud": 5.8668072630177471e-06, "acc_caminata_n_paraderos": 0.23031705930319507 }, "geometry": { "type": "Polygon", "coordinates": [ [ [ -70.686868784917024, -34.179621834173005 ], [ -70.688044115897412, -34.181048852982904 ], [ -70.687139701333408, -34.182435909785134 ], [ -70.685059964224365, -34.182395943951647 ], [ -70.683884669668856, -34.180968936332803 ], [ -70.684789075796189, -34.179581883356597 ], [ -70.686868784917024, -34.179621834173005 ] ] ] } },
{ "type": "Feature", "properties": { "h3": "89b2c1c01d7ffff", "acc_caminata_m2_comercio": 1.6521183381182744e-07, "acc_caminata_m2_departamento": 3.0518573001819456e-08, "acc_caminata_n_deporte_y_recreacion": 3.7181304946059152e-12, "acc_caminata_n_educacion_y_cultura": 1.4194495712675424e-11, "acc_caminata_m2_habitacional": 275.52268699694264, "acc_caminata_m2_industria": 1.0606355386820531e-09, "acc_caminata_m2_oficina": 1.9152461201062981e-10, "acc_caminata_n_salud": 2.0926322505899258e-15, "acc_caminata_n_paraderos": 1.7706078709436962e-11 }, "geometry": { "type": "Polygon", "coordinates": [ [ [ -70.72512143203069, -34.124140184924492 ], [ -70.726297046564198, -34.12556803105241 ], [ -70.725392801076055, -34.126956940104854 ], [ -70.723312949416481, -34.126917999187967 ], [ -70.722137371223909, -34.125490164240119 ], [ -70.723041608348652, -34.124101259029281 ], [ -70.72512143203069, -34.124140184924492 ] ] ] } },
{ "type": "Feature", "properties": { "h3": "89b2c1ca887ffff", "acc_caminata_m2_comercio": 31.547472678622896, "acc_caminata_m2_departamento": 1.2389203114713791e-11, "acc_caminata_n_deporte_y_recreacion": 1.1740325184877957e-16, "acc_caminata_n_educacion_y_cultura": 1.0000107304702592, "acc_caminata_m2_habitacional": 747.77485333403399, "acc_caminata_m2_industria": 0.13092348239968329, "acc_caminata_m2_oficina": 1499.0162960520704, "acc_caminata_n_salud": 1.5789198848493593e-20, "acc_caminata_n_paraderos": 0.041360921267366284 }, "geometry": { "type": "Polygon", "coordinates": [ [ [ -70.829900430865081, -34.176664451230884 ], [ -70.831077796404998, -34.178090896672906 ], [ -70.830173265159956, -34.179479794720812 ], [ -70.828091376549949, -34.17944224352776 ], [ -70.826914047180892, -34.178015809162225 ], [ -70.827818570249647, -34.176626914913442 ], [ -70.829900430865081, -34.176664451230884 ] ] ] } },
{ "type": "Feature", "properties": { "h3": "89b2c1c1d43ffff", "acc_caminata_m2_comercio": 1310.5901829751597, "acc_caminata_m2_departamento": 986.18206899450581, "acc_caminata_n_deporte_y_recreacion": 0.0058830337383867382, "acc_caminata_n_educacion_y_cultura": 0.024026902917425031, "acc_caminata_m2_habitacional": 9725.7963891699292, "acc_caminata_m2_industria": 261.21919458691991, "acc_caminata_m2_oficina": 132.43936512529882, "acc_caminata_n_salud": 0.033088488241104046, "acc_caminata_n_paraderos": 0.25980533031925584 }, "geometry": { "type": "Polygon", "coordinates": [ [ [ -70.756871338865466, -34.162681261376029 ], [ -70.758047592935867, -34.164108278776709 ], [ -70.757143176954074, -34.165496622800305 ], [ -70.755062515208778, -34.165457945604032 ], [ -70.753886297434576, -34.164030939343867 ], [ -70.754790705108093, -34.162642599139637 ], [ -70.756871338865466, -34.162681261376029 ] ] ] } },
{ "type": "Feature", "properties": { "h3": "89b2c1ce553ffff", "acc_caminata_m2_comercio": 0.12105712960622744, "acc_caminata_m2_departamento": 0.049146943414320132, "acc_caminata_n_deporte_y_recreacion": 0.27628872330036597, "acc_caminata_n_educacion_y_cultura": 2.022188251598978, "acc_caminata_m2_habitacional": 842.68783506449461, "acc_caminata_m2_industria": 2.6403361067564528e-06, "acc_caminata_m2_oficina": 0.010437217640255993, "acc_caminata_n_salud": 0.00040080939342987556, "acc_caminata_n_paraderos": 2.7691134840575588e-05 }, "geometry": { "type": "Polygon", "coordinates": [ [ [ -70.716711536677664, -34.198448485747022 ], [ -70.717887386328385, -34.1998750370389 ], [ -70.716982874858786, -34.201261994930235 ], [ -70.714902522120852, -34.201222397717423 ], [ -70.713726708847929, -34.199795857585585 ], [ -70.714631211933792, -34.19840890350671 ], [ -70.716711536677664, -34.198448485747022 ] ] ] } },
{ "type": "Feature", "properties": { "h3": "89b2c1c55c3ffff", "acc_caminata_m2_comercio": 167.37426144292741, "acc_caminata_m2_departamento": 9348.2494516358965, "acc_caminata_n_deporte_y_recreacion": 0.038388036924441614, "acc_caminata_n_educacion_y_cultura": 1.8179542429639424, "acc_caminata_m2_habitacional": 5216.223397160682, "acc_caminata_m2_industria": 7.4241171699914927, "acc_caminata_m2_oficina": 48.977164873336235, "acc_caminata_n_salud": 0.012321674412971344, "acc_caminata_n_paraderos": 8.9995219046065025e-12 }, "geometry": { "type": "Polygon", "coordinates": [ [ [ -70.646725821177156, -34.1830572007635 ], [ -70.647900591385849, -34.184484331877805 ], [ -70.646996201945811, -34.185870805855487 ], [ -70.644917050805532, -34.185830144886729 ], [ -70.643742317093441, -34.184403024994765 ], [ -70.644646698023678, -34.183016554849402 ], [ -70.646725821177156, -34.1830572007635 ] ] ] } },
{ "type": "Feature", "properties": { "h3": "89b2c1c19cbffff", "acc_caminata_m2_comercio": 184.02701278640512, "acc_caminata_m2_departamento": 67.116130546450648, "acc_caminata_n_deporte_y_recreacion": 0.064128182162627709, "acc_caminata_n_educacion_y_cultura": 0.48179692925611028, "acc_caminata_m2_habitacional": 27133.784025337642, "acc_caminata_m2_industria": 103.66145457523666, "acc_caminata_m2_oficina": 155.12405037993904, "acc_caminata_n_salud": 0.00035127968385913991, "acc_caminata_n_paraderos": 9.1434965261023606 }, "geometry": { "type": "Polygon", "coordinates": [ [ [ -70.758230596984063, -34.17675688549982 ], [ -70.759406937947915, -34.178183644519684 ], [ -70.758502468911644, -34.17957165539368 ], [ -70.756421667216955, -34.179532903434712 ], [ -70.755245362551094, -34.178106155549195 ], [ -70.75614982328058, -34.17671814848849 ], [ -70.758230596984063, -34.17675688549982 ] ] ] } },
{ "type": "Feature", "properties": { "h3": "89b2c1c12dbffff", "acc_caminata_m2_comercio": 54.120736698184615, "acc_caminata_m2_departamento": 8.1600863412355742e-15, "acc_caminata_n_deporte_y_recreacion": 5.8803885910042922e-06, "acc_caminata_n_educacion_y_cultura": 4.6320088472230282e-09, "acc_caminata_m2_habitacional": 369.63839163205262, "acc_caminata_m2_industria": 0.0023254691867388884, "acc_caminata_m2_oficina": 4.0135790624006834e-17, "acc_caminata_n_salud": 6.9206465361496437e-20, "acc_caminata_n_paraderos": 8.2022441160061735e-16 }, "geometry": { "type": "Polygon", "coordinates": [ [ [ -70.841557021406231, -34.13610746872849 ], [ -70.842734359013662, -34.137534590447459 ], [ -70.841829967150346, -34.138924640163296 ], [ -70.839748245830549, -34.138887564346938 ], [ -70.838570944361337, -34.137460453709608 ], [ -70.839475328072325, -34.136070407807196 ], [ -70.841557021406231, -34.13610746872849 ] ] ] } },
{ "type": "Feature", "properties": { "h3": "89b2c1c08c7ffff", "acc_caminata_m2_comercio": 280.47830221214417, "acc_caminata_m2_departamento": 2693.9578510620358, "acc_caminata_n_deporte_y_recreacion": 3.0199525545898029, "acc_caminata_n_educacion_y_cultura": 2.2473798816288633, "acc_caminata_m2_habitacional": 32417.905828019611, "acc_caminata_m2_industria": 3.4616381665881115, "acc_caminata_m2_oficina": 23.014542660988557, "acc_caminata_n_salud": 0.00088522400693270787, "acc_caminata_n_paraderos": 4.9736986512820502 }, "geometry": { "type": "Polygon", "coordinates": [ [ [ -70.706402656149137, -34.15611347781504 ], [ -70.707578155102254, -34.157540832970724 ], [ -70.70667380905661, -34.158928716066377 ], [ -70.704593972456095, -34.158889240174531 ], [ -70.703418509886433, -34.15746189620257 ], [ -70.704322847532467, -34.156074016938938 ], [ -70.706402656149137, -34.15611347781504 ] ] ] } },
{ "type": "Feature", "properties": { "h3": "89b2c1c5447ffff", "acc_caminata_m2_comercio": 26.562416410683849, "acc_caminata_m2_departamento": 0.23485959727247027, "acc_caminata_n_deporte_y_recreacion": 0.00011223636356203601, "acc_caminata_n_educacion_y_cultura": 0.0017742251087065751, "acc_caminata_m2_habitacional": 21437.448401353678, "acc_caminata_m2_industria": 0.2945599230161437, "acc_caminata_m2_oficina": 3.9200150523021504, "acc_caminata_n_salud": 0.00010235322197351668, "acc_caminata_n_paraderos": 9.7596563332436903e-06 }, "geometry": { "type": "Polygon", "coordinates": [ [ [ -70.668423225464139, -34.18207497523148 ], [ -70.669598303081202, -34.183502030072063 ], [ -70.66869389673144, -34.184888797385938 ], [ -70.666614421233646, -34.184848506030832 ], [ -70.665439380074687, -34.183421462395323 ], [ -70.666343777954097, -34.182034698910044 ], [ -70.668423225464139, -34.18207497523148 ] ] ] } },
{ "type": "Feature", "properties": { "h3": "89b2c1c18a3ffff", "acc_caminata_m2_comercio": 1443.5093632958897, "acc_caminata_m2_departamento": 5513.4678435133119, "acc_caminata_n_deporte_y_recreacion": 0.1624768126804487, "acc_caminata_n_educacion_y_cultura": 20.762885013542114, "acc_caminata_m2_habitacional": 20644.390242603218, "acc_caminata_m2_industria": 814.75462606129145, "acc_caminata_m2_oficina": 357.96894497289651, "acc_caminata_n_salud": 0.011083265269613269, "acc_caminata_n_paraderos": 1.8209094164845518 }, "geometry": { "type": "Polygon", "coordinates": [ [ [ -70.760672062347723, -34.169777427792567 ], [ -70.761848404844429, -34.171204301312805 ], [ -70.760943959339599, -34.172592515898046 ], [ -70.758863179638595, -34.172553853147591 ], [ -70.757686873433457, -34.171126990762225 ], [ -70.758591310636433, -34.169738779992656 ], [ -70.760672062347723, -34.169777427792567 ] ] ] } },
{ "type": "Feature", "properties": { "h3": "89b2c1c549bffff", "acc_caminata_m2_comercio": 367.2476824827163, "acc_caminata_m2_departamento": 0.074542729389427534, "acc_caminata_n_deporte_y_recreacion": 0.00015663877121290738, "acc_caminata_n_educacion_y_cultura": 0.17048349815125871, "acc_caminata_m2_habitacional": 7526.280583072019, "acc_caminata_m2_industria": 8.4043629646911143e-05, "acc_caminata_m2_oficina": 0.13326444254825121, "acc_caminata_n_salud": 1.5404202918980403e-06, "acc_caminata_n_paraderos": 7.029337791829507e-08 }, "geometry": { "type": "Polygon", "coordinates": [ [ [ -70.661102697706696, -34.170697752469778 ], [ -70.662277615590369, -34.172125042823943 ], [ -70.661373258058944, -34.173512002360191 ], [ -70.659293991125324, -34.173471667707787 ], [ -70.658119109709276, -34.172044388568779 ], [ -70.659023458757844, -34.170657432867237 ], [ -70.661102697706696, -34.170697752469778 ] ] ] } },
{ "type": "Feature", "properties": { "h3": "89b2c1c184fffff", "acc_caminata_m2_comercio": 51.954569448856397, "acc_caminata_m2_departamento": 0.0039398596887800161, "acc_caminata_n_deporte_y_recreacion": 0.00064373147757142775, "acc_caminata_n_educacion_y_cultura": 0.076030929795964181, "acc_caminata_m2_habitacional": 12770.847029116978, "acc_caminata_m2_industria": 0.0018383882986207102, "acc_caminata_m2_oficina": 0.10772980379370826, "acc_caminata_n_salud": 0.016179705047646892, "acc_caminata_n_paraderos": 0.015917687905038239 }, "geometry": { "type": "Polygon", "coordinates": [ [ [ -70.779944570983062, -34.175754029545629 ], [ -70.781121218022264, -34.177180711344874 ], [ -70.780216733437243, -34.178569015434604 ], [ -70.778135610078834, -34.178530633915877 ], [ -70.776958999298856, -34.177103963233783 ], [ -70.777863475616684, -34.175715662953486 ], [ -70.779944570983062, -34.175754029545629 ] ] ] } },
{ "type": "Feature", "properties": { "h3": "89b2c1c0873ffff", "acc_caminata_m2_comercio": 595.67472528872861, "acc_caminata_m2_departamento": 852.45851592630436, "acc_caminata_n_deporte_y_recreacion": 0.28486701256078295, "acc_caminata_n_educacion_y_cultura": 1.4645092852617616, "acc_caminata_m2_habitacional": 18260.805610386869, "acc_caminata_m2_industria": 1.9435706923747418, "acc_caminata_m2_oficina": 7.6275147069931775, "acc_caminata_n_salud": 0.022874525369201971, "acc_caminata_n_paraderos": 5.119604938560923 }, "geometry": { "type": "Polygon", "coordinates": [ [ [ -70.707216135125137, -34.16455883789704 ], [ -70.708391686182594, -34.165986038228439 ], [ -70.707487308286673, -34.167373721463726 ], [ -70.705407387730645, -34.16733420053945 ], [ -70.704231873057708, -34.165907011388079 ], [ -70.705136242554929, -34.164519331981133 ], [ -70.707216135125137, -34.16455883789704 ] ] ] } },
{ "type": "Feature", "properties": { "h3": "89b2c1c50cfffff", "acc_caminata_m2_comercio": 5.6411637211969934, "acc_caminata_m2_departamento": 0.023865184930252067, "acc_caminata_n_deporte_y_recreacion": 4.7905991510409441e-08, "acc_caminata_n_educacion_y_cultura": 0.00063656629189670719, "acc_caminata_m2_habitacional": 1559.0256297677372, "acc_caminata_m2_industria": 43.257371840488631, "acc_caminata_m2_oficina": 0.54976622993490432, "acc_caminata_n_salud": 1.5422517324578016e-08, "acc_caminata_n_paraderos": 7.2873552497158098e-09 }, "geometry": { "type": "Polygon", "coordinates": [ [ [ -70.669776649209041, -34.196142903600702 ], [ -70.670951813652394, -34.197569700393551 ], [ -70.670047354181719, -34.198956134522128 ], [ -70.667967738735229, -34.198915768035519 ], [ -70.666792610751799, -34.197488982441556 ], [ -70.6676970617536, -34.196102552135478 ], [ -70.669776649209041, -34.196142903600702 ] ] ] } },
{ "type": "Feature", "properties": { "h3": "89b2c1c14d7ffff", "acc_caminata_m2_comercio": 7.9335735269123735e-06, "acc_caminata_m2_departamento": 6.470215924390324e-19, "acc_caminata_n_deporte_y_recreacion": 5.4585837961592424e-18, "acc_caminata_n_educacion_y_cultura": 0.066956934234322529, "acc_caminata_m2_habitacional": 681.62819170671605, "acc_caminata_m2_industria": 3.7607833594147425e-05, "acc_caminata_m2_oficina": 1.0545717141917272, "acc_caminata_n_salud": 2.0539383528290118e-24, "acc_caminata_n_paraderos": 3.1165593057154694e-23 }, "geometry": { "type": "Polygon", "coordinates": [ [ [ -70.810595291592875, -34.106018900287957 ], [ -70.811772043011857, -34.107446697300304 ], [ -70.810867788323591, -34.108837112222773 ], [ -70.808786790421735, -34.108799726301029 ], [ -70.8076100751871, -34.107371940406075 ], [ -70.808514321668625, -34.105981529315684 ], [ -70.810595291592875, -34.106018900287957 ] ] ] } },
{ "type": "Feature", "properties": { "h3": "89b2c1c1dc3ffff", "acc_caminata_m2_comercio": 512.28978107213811, "acc_caminata_m2_departamento": 5933.6925489330342, "acc_caminata_n_deporte_y_recreacion": 0.27927225592420329, "acc_caminata_n_educacion_y_cultura": 0.1458095875778751, "acc_caminata_m2_habitacional": 17631.06857259951, "acc_caminata_m2_industria": 442.99837476865252, "acc_caminata_m2_oficina": 18.110221019663889, "acc_caminata_n_salud": 0.15228381117401354, "acc_caminata_n_paraderos": 6.5435756304691353 }, "geometry": { "type": "Polygon", "coordinates": [ [ [ -70.753070939561198, -34.155584390130969 ], [ -70.754247105205764, -34.15701155136324 ], [ -70.753342718753174, -34.158400024811293 ], [ -70.751262174969384, -34.158361333204219 ], [ -70.750086045625665, -34.156934183118103 ], [ -70.750990423763525, -34.155545713493083 ], [ -70.753070939561198, -34.155584390130969 ] ] ] } },
{ "type": "Feature", "properties": { "h3": "89b2c1c0a6fffff", "acc_caminata_m2_comercio": 14124.402861760735, "acc_caminata_m2_departamento": 746.38802590271371, "acc_caminata_n_deporte_y_recreacion": 0.30345646777920221, "acc_caminata_n_educacion_y_cultura": 0.75216893747354174, "acc_caminata_m2_habitacional": 13609.547139123877, "acc_caminata_m2_industria": 43.047581730046751, "acc_caminata_m2_oficina": 3427.7520444249703, "acc_caminata_n_salud": 0.25136375110215359, "acc_caminata_n_paraderos": 6.2287231141708945 }, "geometry": { "type": "Polygon", "coordinates": [ [ [ -70.730550096705741, -34.180452828108855 ], [ -70.731726058655568, -34.181879641858565 ], [ -70.730821600901365, -34.183267218590359 ], [ -70.728741189553361, -34.18322797775545 ], [ -70.727565263951547, -34.181801175161134 ], [ -70.728469713348389, -34.180413602246546 ], [ -70.730550096705741, -34.180452828108855 ] ] ] } },
{ "type": "Feature", "properties": { "h3": "89b2c1c1c1bffff", "acc_caminata_m2_comercio": 6285.2857606117177, "acc_caminata_m2_departamento": 533.7908937609576, "acc_caminata_n_deporte_y_recreacion": 3.4173262165587233e-05, "acc_caminata_n_educacion_y_cultura": 0.028007354309796922, "acc_caminata_m2_habitacional": 59.744396283615252, "acc_caminata_m2_industria": 0.17355511106640814, "acc_caminata_m2_oficina": 7.3330229657188211, "acc_caminata_n_salud": 0.061234773041052397, "acc_caminata_n_paraderos": 0.061058981530188856 }, "geometry": { "type": "Polygon", "coordinates": [ [ [ -70.771252979176808, -34.150299031854594 ], [ -70.772429379885253, -34.151726208262914 ], [ -70.771524996706248, -34.153115037735169 ], [ -70.769444221098723, -34.15307668697767 ], [ -70.76826785665736, -34.151649521702687 ], [ -70.769172231555075, -34.150260696052079 ], [ -70.771252979176808, -34.150299031854594 ] ] ] } },
{ "type": "Feature", "properties": { "h3": "89b2c1c135bffff", "acc_caminata_m2_comercio": 0.00010887114244291427, "acc_caminata_m2_departamento": 1.8867709092100672e-11, "acc_caminata_n_deporte_y_recreacion": 3.9287129299985186e-13, "acc_caminata_n_educacion_y_cultura": 1.3540019124787632, "acc_caminata_m2_habitacional": 1309.4776545865273, "acc_caminata_m2_industria": 1.6198054488331694e-10, "acc_caminata_m2_oficina": 1.8837599348540001e-09, "acc_caminata_n_salud": 4.7977334174402631e-16, "acc_caminata_n_paraderos": 6.8278786870228891e-06 }, "geometry": { "type": "Polygon", "coordinates": [ [ [ -70.824459191414675, -34.15267312416799 ], [ -70.82563636427038, -34.154100024218785 ], [ -70.824731926012376, -34.155489451510725 ], [ -70.822650323081916, -34.155451974942018 ], [ -70.821473186399672, -34.154025085980734 ], [ -70.822377616473062, -34.152635662498845 ], [ -70.824459191414675, -34.15267312416799 ] ] ] } },
{ "type": "Feature", "properties": { "h3": "89b2c1c0007ffff", "acc_caminata_m2_comercio": 25.479729756252642, "acc_caminata_m2_departamento": 7.5308158330891102, "acc_caminata_n_deporte_y_recreacion": 0.38479218981686419, "acc_caminata_n_educacion_y_cultura": 1.0692257151701823, "acc_caminata_m2_habitacional": 31682.665853759714, "acc_caminata_m2_industria": 9.5961903979206049, "acc_caminata_m2_oficina": 5.4992255901479918, "acc_caminata_n_salud": 1.6098730828562347e-07, "acc_caminata_n_paraderos": 3.5687405087527035 }, "geometry": { "type": "Polygon", "coordinates": [ [ [ -70.740585344072443, -34.123022551206425 ], [ -70.741761174962662, -34.12445035003477 ], [ -70.740856919573034, -34.125839478075697 ], [ -70.738776841627057, -34.125800803449479 ], [ -70.73760104705012, -34.124373015789061 ], [ -70.738505294104527, -34.122983891587154 ], [ -70.740585344072443, -34.123022551206425 ] ] ] } },
{ "type": "Feature", "properties": { "h3": "89b2c1c0c6bffff", "acc_caminata_m2_comercio": 35.924294988609041, "acc_caminata_m2_departamento": 1116.798264807697, "acc_caminata_n_deporte_y_recreacion": 0.039415760132268239, "acc_caminata_n_educacion_y_cultura": 4.1749963680766884, "acc_caminata_m2_habitacional": 21078.297249199422, "acc_caminata_m2_industria": 14.725739215218988, "acc_caminata_m2_oficina": 3.883189276933368, "acc_caminata_n_salud": 0.20797375653360217, "acc_caminata_n_paraderos": 0.6117566591299034 }, "geometry": { "type": "Polygon", "coordinates": [ [ [ -70.708844471596151, -34.14913393531026 ], [ -70.710019972192342, -34.150561404844424 ], [ -70.709115649600449, -34.15194949161738 ], [ -70.70703583480568, -34.151910105021976 ], [ -70.705860370586535, -34.150482646672074 ], [ -70.706764684783764, -34.149094563733527 ], [ -70.708844471596151, -34.14913393531026 ] ] ] } },
{ "type": "Feature", "properties": { "h3": "89b2c1c54c7ffff", "acc_caminata_m2_comercio": 87.273983514061413, "acc_caminata_m2_departamento": 5.506949133162153, "acc_caminata_n_deporte_y_recreacion": 0.64533182473948281, "acc_caminata_n_educacion_y_cultura": 0.77711195971283831, "acc_caminata_m2_habitacional": 2490.4251401841566, "acc_caminata_m2_industria": 0.20010276848393194, "acc_caminata_m2_oficina": 5.733055398775134, "acc_caminata_n_salud": 0.0014511805299394851, "acc_caminata_n_paraderos": 2.104881499106804e-08 }, "geometry": { "type": "Polygon", "coordinates": [ [ [ -70.664627522544222, -34.174979531591319 ], [ -70.665802511613876, -34.176406729999108 ], [ -70.664898134981968, -34.17779362674262 ], [ -70.662818777755831, -34.177753321246286 ], [ -70.661643825148872, -34.176326134049241 ], [ -70.662548193304048, -34.174939241137984 ], [ -70.664627522544222, -34.174979531591319 ] ] ] } },
{ "type": "Feature", "properties": { "h3": "89b2c1c18cfffff", "acc_caminata_m2_comercio": 5448.0986757043456, "acc_caminata_m2_departamento": 3302.9331683883033, "acc_caminata_n_deporte_y_recreacion": 0.28740928021845624, "acc_caminata_n_educacion_y_cultura": 0.31329036382321596, "acc_caminata_m2_habitacional": 7137.7615350834158, "acc_caminata_m2_industria": 1784.8328139202476, "acc_caminata_m2_oficina": 124.92773707302666, "acc_caminata_n_salud": 0.00021507102855609407, "acc_caminata_n_paraderos": 2.6340711297690849 }, "geometry": { "type": "Polygon", "coordinates": [ [ [ -70.776142668383045, -34.168658540233025 ], [ -70.777319227015298, -34.17008536601849 ], [ -70.776414771914531, -34.171473799563522 ], [ -70.774333766453807, -34.171435403510188 ], [ -70.773157244085425, -34.170008588847494 ], [ -70.774061690912546, -34.168620159115576 ], [ -70.776142668383045, -34.168658540233025 ] ] ] } },
{ "type": "Feature", "properties": { "h3": "89b2c1c0e67ffff", "acc_caminata_m2_comercio": 1022.8396943531142, "acc_caminata_m2_departamento": 2941.0741246151415, "acc_caminata_n_deporte_y_recreacion": 0.0079762524166032429, "acc_caminata_n_educacion_y_cultura": 1.2768616771177705, "acc_caminata_m2_habitacional": 22390.255845606142, "acc_caminata_m2_industria": 60.793330901093313, "acc_caminata_m2_oficina": 94.168476542647298, "acc_caminata_n_salud": 0.0086868594211301064, "acc_caminata_n_paraderos": 3.6910183732255346 }, "geometry": { "type": "Polygon", "coordinates": [ [ [ -70.725393782539427, -34.159282446097258 ], [ -70.726569569156041, -34.160709661844002 ], [ -70.725665194063879, -34.162097701150657 ], [ -70.723585040719058, -34.162058520883789 ], [ -70.722409290453271, -34.160631316304261 ], [ -70.723313657180157, -34.159243280824576 ], [ -70.725393782539427, -34.159282446097258 ] ] ] } },
{ "type": "Feature", "properties": { "h3": "89b2c1c7303ffff", "acc_caminata_m2_comercio": 147.94614860173397, "acc_caminata_m2_departamento": 412.84976928519973, "acc_caminata_n_deporte_y_recreacion": 0.0097147461354760069, "acc_caminata_n_educacion_y_cultura": 0.27986145775673865, "acc_caminata_m2_habitacional": 9358.2571243105231, "acc_caminata_m2_industria": 0.11645828628824324, "acc_caminata_m2_oficina": 1.6904836401828416, "acc_caminata_n_salud": 3.0567844370771179e-05, "acc_caminata_n_paraderos": 3.4144552685453481e-13 }, "geometry": { "type": "Polygon", "coordinates": [ [ [ -70.639137165400882, -34.168865587155636 ], [ -70.640311758461507, -34.170293005189954 ], [ -70.639407428553838, -34.171679738002169 ], [ -70.637328514106784, -34.171639048940584 ], [ -70.636153957551898, -34.170211642139918 ], [ -70.637058278937005, -34.168824913167398 ], [ -70.639137165400882, -34.168865587155636 ] ] ] } },
{ "type": "Feature", "properties": { "h3": "89b2c1ce403ffff", "acc_caminata_m2_comercio": 400.22228297169568, "acc_caminata_m2_departamento": 41.996430621828601, "acc_caminata_n_deporte_y_recreacion": 0.11196469624646253, "acc_caminata_n_educacion_y_cultura": 0.064920210082104815, "acc_caminata_m2_habitacional": 1240.1419117760031, "acc_caminata_m2_industria": 723.24327077154544, "acc_caminata_m2_oficina": 10.681608746381702, "acc_caminata_n_salud": 0.0017723211556657313, "acc_caminata_n_paraderos": 0.091398836295220276 }, "geometry": { "type": "Polygon", "coordinates": [ [ [ -70.728379680996866, -34.190243746873428 ], [ -70.729555658725488, -34.191670394463223 ], [ -70.728651166864282, -34.193057700825598 ], [ -70.726570705635027, -34.193018355784794 ], [ -70.725394764261111, -34.191591719348601 ], [ -70.72629924776038, -34.190204416799808 ], [ -70.728379680996866, -34.190243746873428 ] ] ] } },
{ "type": "Feature", "properties": { "h3": "89b2c1c132fffff", "acc_caminata_m2_comercio": 16.338345701222696, "acc_caminata_m2_departamento": 4.4460963313426542e-07, "acc_caminata_n_deporte_y_recreacion": 2.4595708375081675e-10, "acc_caminata_n_educacion_y_cultura": 0.60217035219829407, "acc_caminata_m2_habitacional": 2635.6197512308559, "acc_caminata_m2_industria": 2.5301209083407411e-07, "acc_caminata_m2_oficina": 1.1879591754925551e-06, "acc_caminata_n_salud": 1.1305657110736264e-11, "acc_caminata_n_paraderos": 0.28788363346764245 }, "geometry": { "type": "Polygon", "coordinates": [ [ [ -70.80654363191924, -34.160782948449722 ], [ -70.80772058764876, -34.162209781934571 ], [ -70.806816134967931, -34.163598786620248 ], [ -70.804734734774016, -34.16356095401099 ], [ -70.803557815252134, -34.162134131627177 ], [ -70.80446225971518, -34.160745130751792 ], [ -70.80654363191924, -34.160782948449722 ] ] ] } },
{ "type": "Feature", "properties": { "h3": "89b2c1ca80bffff", "acc_caminata_m2_comercio": 530.53212370664642, "acc_caminata_m2_departamento": 6.277114935561444e-13, "acc_caminata_n_deporte_y_recreacion": 5.9483543750233041e-18, "acc_caminata_n_educacion_y_cultura": 0.00041096211011698222, "acc_caminata_m2_habitacional": 2317.1111391495137, "acc_caminata_m2_industria": 319.00000000000193, "acc_caminata_m2_oficina": 0.73786454352830466, "acc_caminata_n_salud": 7.9997571268100379e-22, "acc_caminata_n_paraderos": 0.0023793543065569723 }, "geometry": { "type": "Polygon", "coordinates": [ [ [ -70.839951610828464, -34.183871240244031 ], [ -70.841129154425346, -34.185297511799035 ], [ -70.840224588085491, -34.186686354592872 ], [ -70.838142486305856, -34.186648922037726 ], [ -70.836964978864103, -34.185222661548487 ], [ -70.837869537045506, -34.18383382254882 ], [ -70.839951610828464, -34.183871240244031 ] ] ] } },
{ "type": "Feature", "properties": { "h3": "89b2c1c1cc7ffff", "acc_caminata_m2_comercio": 46.497152806326845, "acc_caminata_m2_departamento": 440.52991522401771, "acc_caminata_n_deporte_y_recreacion": 0.00022990510968142608, "acc_caminata_n_educacion_y_cultura": 0.54129605450642981, "acc_caminata_m2_habitacional": 1639.6867252437935, "acc_caminata_m2_industria": 66.2057120808945, "acc_caminata_m2_oficina": 2.1549087722924005, "acc_caminata_n_salud": 0.0037361759476233158, "acc_caminata_n_paraderos": 0.11245767186541814 }, "geometry": { "type": "Polygon", "coordinates": [ [ [ -70.770980968418272, -34.147482907697061 ], [ -70.772157351748533, -34.14891013576576 ], [ -70.771252979176808, -34.150299031854594 ], [ -70.769172231555075, -34.150260696052079 ], [ -70.767995884491569, -34.148833479117975 ], [ -70.768900248781691, -34.147444586851989 ], [ -70.770980968418272, -34.147482907697061 ] ] ] } },
{ "type": "Feature", "properties": { "h3": "89b2c1c5547ffff", "acc_caminata_m2_comercio": 153.40405685831769, "acc_caminata_m2_departamento": 0.32047087900121146, "acc_caminata_n_deporte_y_recreacion": 0.00012214188369134794, "acc_caminata_n_educacion_y_cultura": 0.00028816982093263525, "acc_caminata_m2_habitacional": 1523.6133267442272, "acc_caminata_m2_industria": 0.001624719598278827, "acc_caminata_m2_oficina": 0.51565060618489189, "acc_caminata_n_salud": 1.3066263892630198e-06, "acc_caminata_n_paraderos": 2.6183347856069791e-12 }, "geometry": { "type": "Polygon", "coordinates": [ [ [ -70.647536983684844, -34.191497661399268 ], [ -70.64871180597639, -34.19292463776361 ], [ -70.647807384655692, -34.194310911838429 ], [ -70.645728149551033, -34.194270205720464 ], [ -70.644553363757183, -34.192843240574739 ], [ -70.645457776568975, -34.191456970328574 ], [ -70.647536983684844, -34.191497661399268 ] ] ] } },
{ "type": "Feature", "properties": { "h3": "89b2c1c194fffff", "acc_caminata_m2_comercio": 57.009235836303162, "acc_caminata_m2_departamento": 9.6480395428299932, "acc_caminata_n_deporte_y_recreacion": 0.0023272696013882182, "acc_caminata_n_educacion_y_cultura": 3.1719971890206939, "acc_caminata_m2_habitacional": 5380.4994499613213, "acc_caminata_m2_industria": 28.569986842737716, "acc_caminata_m2_oficina": 2567.1438354537167, "acc_caminata_n_salud": 0.0025607191829332778, "acc_caminata_n_paraderos": 0.62610240353458269 }, "geometry": { "type": "Polygon", "coordinates": [ [ [ -70.759046233072638, -34.185200840199954 ], [ -70.760222626177935, -34.186627444138708 ], [ -70.759318125306535, -34.188015255099742 ], [ -70.75723723963435, -34.187976458312562 ], [ -70.756060882828081, -34.186549865504446 ], [ -70.756965375393634, -34.185162058353065 ], [ -70.759046233072638, -34.185200840199954 ] ] ] } },
{ "type": "Feature", "properties": { "h3": "89b2c1c0973ffff", "acc_caminata_m2_comercio": 327.605841349657, "acc_caminata_m2_departamento": 0.15017395900867633, "acc_caminata_n_deporte_y_recreacion": 0.32010910276672316, "acc_caminata_n_educacion_y_cultura": 0.89945239138800925, "acc_caminata_m2_habitacional": 26340.967186153124, "acc_caminata_m2_industria": 0.00065681858626427789, "acc_caminata_m2_oficina": 15.587739510499754, "acc_caminata_n_salud": 0.0010583116884276445, "acc_caminata_n_paraderos": 2.5482118378264285 }, "geometry": { "type": "Polygon", "coordinates": [ [ [ -70.686326972322092, -34.17399332822454 ], [ -70.687502268569006, -34.175420450255253 ], [ -70.686597875246676, -34.176807640317371 ], [ -70.68451819411338, -34.176767704520508 ], [ -70.683342934290621, -34.175340593683323 ], [ -70.684247319175682, -34.173953407449666 ], [ -70.686326972322092, -34.17399332822454 ] ] ] } },
{ "type": "Feature", "properties": { "h3": "89b2c1c42c3ffff", "acc_caminata_m2_comercio": 0.030753565958433416, "acc_caminata_m2_departamento": 0.00012009108096243024, "acc_caminata_n_deporte_y_recreacion": 8.2505687073579853e-09, "acc_caminata_n_educacion_y_cultura": 2.5237262543862555e-08, "acc_caminata_m2_habitacional": 274.500741461274, "acc_caminata_m2_industria": 9.6761178795601079e-08, "acc_caminata_m2_oficina": 3.5191568208645765e-06, "acc_caminata_n_salud": 1.5818929139245895e-10, "acc_caminata_n_paraderos": 4.6983705744820381e-18 }, "geometry": { "type": "Polygon", "coordinates": [ [ [ -70.625841970880515, -34.192475246643788 ], [ -70.62701648549438, -34.193902299161209 ], [ -70.626112081339173, -34.195288279879712 ], [ -70.624033171117077, -34.195247204248616 ], [ -70.622858693039362, -34.193820162967022 ], [ -70.623763088646228, -34.192434186080924 ], [ -70.625841970880515, -34.192475246643788 ] ] ] } },
{ "type": "Feature", "properties": { "h3": "89b2c1c0283ffff", "acc_caminata_m2_comercio": 799.4790505052282, "acc_caminata_m2_departamento": 0.00011030839302036957, "acc_caminata_n_deporte_y_recreacion": 0.0001822432260641498, "acc_caminata_n_educacion_y_cultura": 6.8014585975733291e-06, "acc_caminata_m2_habitacional": 208.16984623600447, "acc_caminata_m2_industria": 4.3092057760060944, "acc_caminata_m2_oficina": 0.22492708516199225, "acc_caminata_n_salud": 6.6025770239159457e-10, "acc_caminata_n_paraderos": 1.2003636867039337e-08 }, "geometry": { "type": "Polygon", "coordinates": [ [ [ -70.762563734613082, -34.124834950345573 ], [ -70.763739889026795, -34.126262620866328 ], [ -70.762835607273615, -34.127651975552581 ], [ -70.760755179400746, -34.127613655884332 ], [ -70.75957906126196, -34.12618599651308 ], [ -70.760483334719765, -34.124796645660744 ], [ -70.762563734613082, -34.124834950345573 ] ] ] } },
{ "type": "Feature", "properties": { "h3": "89b2c1c0b6fffff", "acc_caminata_m2_comercio": 70.197062025752473, "acc_caminata_m2_departamento": 37.74696445378386, "acc_caminata_n_deporte_y_recreacion": 0.071570371381926637, "acc_caminata_n_educacion_y_cultura": 2.19992960925142, "acc_caminata_m2_habitacional": 834.60984082443167, "acc_caminata_m2_industria": 0.0046516207152653413, "acc_caminata_m2_oficina": 20.616072034755877, "acc_caminata_n_salud": 0.30615259053094174, "acc_caminata_n_paraderos": 0.021625239636486771 }, "geometry": { "type": "Polygon", "coordinates": [ [ [ -70.709656936664928, -34.189888532794548 ], [ -70.71083264405955, -34.191315268416055 ], [ -70.709928170601557, -34.192702351965863 ], [ -70.707847998143578, -34.192662696076972 ], [ -70.706672327136658, -34.19123597162433 ], [ -70.70757679219868, -34.189848891891906 ], [ -70.709656936664928, -34.189888532794548 ] ] ] } },
{ "type": "Feature", "properties": { "h3": "89b2c1c7257ffff", "acc_caminata_m2_comercio": 7.7072915122570231, "acc_caminata_m2_departamento": 0.076655999023819324, "acc_caminata_n_deporte_y_recreacion": 0.13906063123703441, "acc_caminata_n_educacion_y_cultura": 0.00023678099707276663, "acc_caminata_m2_habitacional": 15617.025212198001, "acc_caminata_m2_industria": 3.802535368732406e-05, "acc_caminata_m2_oficina": 2.8229985627243614, "acc_caminata_n_salud": 1.280427259077986e-05, "acc_caminata_n_paraderos": 8.5278865966219602e-07 }, "geometry": { "type": "Polygon", "coordinates": [ [ [ -70.666258097958334, -34.15956014232961 ], [ -70.667433036676627, -34.160987609818449 ], [ -70.666528715309497, -34.162374910128662 ], [ -70.664449463695448, -34.162334739111891 ], [ -70.663274561432388, -34.160907282838053 ], [ -70.664178874326794, -34.159519986366185 ], [ -70.666258097958334, -34.15956014232961 ] ] ] } },
{ "type": "Feature", "properties": { "h3": "89b2c1c0a43ffff", "acc_caminata_m2_comercio": 8651.5151001115428, "acc_caminata_m2_departamento": 13130.236002256908, "acc_caminata_n_deporte_y_recreacion": 0.28117111614214124, "acc_caminata_n_educacion_y_cultura": 24.124323972621646, "acc_caminata_m2_habitacional": 20015.754279203167, "acc_caminata_m2_industria": 98.139277808504374, "acc_caminata_m2_oficina": 5474.2896132041005, "acc_caminata_n_salud": 6.0958158722249811, "acc_caminata_n_paraderos": 3.2253800667435422 }, "geometry": { "type": "Polygon", "coordinates": [ [ [ -70.735976715149789, -34.172126282500109 ], [ -70.737152715027491, -34.173553221876659 ], [ -70.736248283033476, -34.174941072775077 ], [ -70.734167859507323, -34.174901980477536 ], [ -70.732991895965569, -34.173475052254986 ], [ -70.733896319612683, -34.172087205176155 ], [ -70.735976715149789, -34.172126282500109 ] ] ] } },
{ "type": "Feature", "properties": { "h3": "89b2c1c5617ffff", "acc_caminata_m2_comercio": 3.7394229299084207, "acc_caminata_m2_departamento": 0.0016701058866515034, "acc_caminata_n_deporte_y_recreacion": 0.00043688762609554992, "acc_caminata_n_educacion_y_cultura": 0.36113151498443469, "acc_caminata_m2_habitacional": 3945.3690673672204, "acc_caminata_m2_industria": 285.9819759794932, "acc_caminata_m2_oficina": 1.2099340217982952, "acc_caminata_n_salud": 2.0383130374468293e-08, "acc_caminata_n_paraderos": 0.00015244779407278555 }, "geometry": { "type": "Polygon", "coordinates": [ [ [ -70.68144227162469, -34.187943615145649 ], [ -70.682617564483465, -34.189370508338101 ], [ -70.681713124310434, -34.190757290953883 ], [ -70.679633399724352, -34.19071717655379 ], [ -70.678458143302493, -34.189290294553764 ], [ -70.679362575028406, -34.187903515761612 ], [ -70.68144227162469, -34.187943615145649 ] ] ] } },
{ "type": "Feature", "properties": { "h3": "89b2c1ce483ffff", "acc_caminata_m2_comercio": 10732.50074386585, "acc_caminata_m2_departamento": 2907.9732072452603, "acc_caminata_n_deporte_y_recreacion": 0.0978367189092752, "acc_caminata_n_educacion_y_cultura": 1.6613161861210892, "acc_caminata_m2_habitacional": 14293.248555381937, "acc_caminata_m2_industria": 8.0936708033834801, "acc_caminata_m2_oficina": 408.55925764762873, "acc_caminata_n_salud": 5.3385862612951636, "acc_caminata_n_paraderos": 4.1369546046955952 }, "geometry": { "type": "Polygon", "coordinates": [ [ [ -70.724580463039715, -34.183149392465985 ], [ -70.725756352287831, -34.184576183902983 ], [ -70.724851890021796, -34.185963619729307 ], [ -70.722771546874682, -34.185924260301611 ], [ -70.721595693985918, -34.184497480023857 ], [ -70.722500147883551, -34.183110048014768 ], [ -70.724580463039715, -34.183149392465985 ] ] ] } },
{ "type": "Feature", "properties": { "h3": "89b2c1c1d47ffff", "acc_caminata_m2_comercio": 18030.631119387654, "acc_caminata_m2_departamento": 21210.829968826496, "acc_caminata_n_deporte_y_recreacion": 0.036309877673436089, "acc_caminata_n_educacion_y_cultura": 0.12540452950107361, "acc_caminata_m2_habitacional": 7089.2863586860012, "acc_caminata_m2_industria": 2376.2102064682317, "acc_caminata_m2_oficina": 813.36722525641073, "acc_caminata_n_salud": 0.12608704916392272, "acc_caminata_n_paraderos": 2.0546189627757658 }, "geometry": { "type": "Polygon", "coordinates": [ [ [ -70.753886297434576, -34.164030939343867 ], [ -70.755062515208778, -34.165457945604032 ], [ -70.754158096924485, -34.166846219183427 ], [ -70.752077469178445, -34.166807482683453 ], [ -70.750901287706114, -34.165380487565741 ], [ -70.751805697676616, -34.163992217805749 ], [ -70.753886297434576, -34.164030939343867 ] ] ] } },
{ "type": "Feature", "properties": { "h3": "89b2c1c55c7ffff", "acc_caminata_m2_comercio": 20.624523769878159, "acc_caminata_m2_departamento": 1143.7996746067518, "acc_caminata_n_deporte_y_recreacion": 0.004696946136293274, "acc_caminata_n_educacion_y_cultura": 0.22243625072712908, "acc_caminata_m2_habitacional": 8054.9171767610242, "acc_caminata_m2_industria": 0.90837404321394821, "acc_caminata_m2_oficina": 65.095848471062709, "acc_caminata_n_salud": 0.0015076113722767898, "acc_caminata_n_paraderos": 1.1011313325106878e-12 }, "geometry": { "type": "Polygon", "coordinates": [ [ [ -70.643742317093441, -34.184403024994765 ], [ -70.644917050805532, -34.185830144886729 ], [ -70.644012659248318, -34.187216548400947 ], [ -70.64193354249295, -34.187175828191045 ], [ -70.640758845283102, -34.185748719523332 ], [ -70.641663228325029, -34.184362319841462 ], [ -70.643742317093441, -34.184403024994765 ] ] ] } },
{ "type": "Feature", "properties": { "h3": "89b2c1c19cfffff", "acc_caminata_m2_comercio": 166.32634886762719, "acc_caminata_m2_departamento": 4183.8784901968475, "acc_caminata_n_deporte_y_recreacion": 0.0036775264199225698, "acc_caminata_n_educacion_y_cultura": 0.93416113857122574, "acc_caminata_m2_habitacional": 3933.4133183750391, "acc_caminata_m2_industria": 6568.8459730003506, "acc_caminata_m2_oficina": 14.686368260617016, "acc_caminata_n_salud": 0.001177261132926023, "acc_caminata_n_paraderos": 2.7004055341923028 }, "geometry": { "type": "Polygon", "coordinates": [ [ [ -70.755245362551094, -34.178106155549195 ], [ -70.756421667216955, -34.179532903434712 ], [ -70.755517195875683, -34.180920843860903 ], [ -70.753436428179441, -34.180882032588443 ], [ -70.752260159817197, -34.17945529583919 ], [ -70.753164622846199, -34.178067359226333 ], [ -70.755245362551094, -34.178106155549195 ] ] ] } },
{ "type": "Feature", "properties": { "h3": "89b2c1c1d97ffff", "acc_caminata_m2_comercio": 2423.112080469868, "acc_caminata_m2_departamento": 1299.8095287178085, "acc_caminata_n_deporte_y_recreacion": 1.1160240363135787, "acc_caminata_n_educacion_y_cultura": 6.9212742816140356, "acc_caminata_m2_habitacional": 22376.230034187891, "acc_caminata_m2_industria": 5.4020699687060603, "acc_caminata_m2_oficina": 616.33968556282548, "acc_caminata_n_salud": 0.96448803780627257, "acc_caminata_n_paraderos": 4.0993807976520564 }, "geometry": { "type": "Polygon", "coordinates": [ [ [ -70.74031672037141, -34.152536149162614 ], [ -70.741492688657203, -34.153963420716487 ], [ -70.740588324886872, -34.155351812248774 ], [ -70.738508001167105, -34.155312928400562 ], [ -70.737332069203802, -34.153885668004271 ], [ -70.738236424636426, -34.152497280298817 ], [ -70.74031672037141, -34.152536149162614 ] ] ] } },
{ "type": "Feature", "properties": { "h3": "89b2c1c1853ffff", "acc_caminata_m2_comercio": 773.11646802433211, "acc_caminata_m2_departamento": 20358.753047846702, "acc_caminata_n_deporte_y_recreacion": 1.0206277174303111, "acc_caminata_n_educacion_y_cultura": 0.043508836254011772, "acc_caminata_m2_habitacional": 5097.2530648076963, "acc_caminata_m2_industria": 323.9610232936007, "acc_caminata_m2_oficina": 297.83355826599512, "acc_caminata_n_salud": 2.9868418128227604e-05, "acc_caminata_n_paraderos": 2.3522383930597961 }, "geometry": { "type": "Polygon", "coordinates": [ [ [ -70.779400266399591, -34.170123702750139 ], [ -70.780576878672491, -34.171550487958491 ], [ -70.779672415303935, -34.172938925315385 ], [ -70.777591347928919, -34.17290057365225 ], [ -70.776414771914531, -34.171473799563522 ], [ -70.777319227015298, -34.17008536601849 ], [ -70.779400266399591, -34.170123702750139 ] ] ] } },
{ "type": "Feature", "properties": { "h3": "89b2c1c0877ffff", "acc_caminata_m2_comercio": 530.98309666516491, "acc_caminata_m2_departamento": 404.3087280554559, "acc_caminata_n_deporte_y_recreacion": 1.1409433746377726, "acc_caminata_n_educacion_y_cultura": 3.6339759141216441, "acc_caminata_m2_habitacional": 20737.862730443987, "acc_caminata_m2_industria": 1.0289503997940883, "acc_caminata_m2_oficina": 14.803869275098084, "acc_caminata_n_salud": 0.072836758544500738, "acc_caminata_n_paraderos": 5.1222447169436087 }, "geometry": { "type": "Polygon", "coordinates": [ [ [ -70.704231873057708, -34.165907011388079 ], [ -70.705407387730645, -34.16733420053945 ], [ -70.704503007615941, -34.168721813323621 ], [ -70.702423121231149, -34.168682233128251 ], [ -70.701247642948388, -34.167255055158833 ], [ -70.702152014658893, -34.165867446203002 ], [ -70.704231873057708, -34.165907011388079 ] ] ] } },
{ "type": "Feature", "properties": { "h3": "89b2c1c1dc7ffff", "acc_caminata_m2_comercio": 2724.9701515691559, "acc_caminata_m2_departamento": 519.65594297573352, "acc_caminata_n_deporte_y_recreacion": 0.38229814513451421, "acc_caminata_n_educacion_y_cultura": 0.48219196818580251, "acc_caminata_m2_habitacional": 17035.556655924796, "acc_caminata_m2_industria": 1338.4731894031418, "acc_caminata_m2_oficina": 172.83991160579873, "acc_caminata_n_salud": 0.076143704783817281, "acc_caminata_n_paraderos": 5.0391511969434033 }, "geometry": { "type": "Polygon", "coordinates": [ [ [ -70.750086045625665, -34.156934183118103 ], [ -70.751262174969384, -34.158361333204219 ], [ -70.75035778622086, -34.159749736209505 ], [ -70.748277276447482, -34.159710985305772 ], [ -70.74710118341028, -34.158283846367731 ], [ -70.748005563838561, -34.156895447185533 ], [ -70.750086045625665, -34.156934183118103 ] ] ] } },
{ "type": "Feature", "properties": { "h3": "89b2c1ce4d3ffff", "acc_caminata_m2_comercio": 6848.8357101982801, "acc_caminata_m2_departamento": 248.23190898115709, "acc_caminata_n_deporte_y_recreacion": 2.1266355682952498, "acc_caminata_n_educacion_y_cultura": 8.4976224559447875, "acc_caminata_m2_habitacional": 18200.963896432917, "acc_caminata_m2_industria": 161.26270668161874, "acc_caminata_m2_oficina": 481.17015233676415, "acc_caminata_n_salud": 0.02459855771421534, "acc_caminata_n_paraderos": 2.1776425660678496 }, "geometry": { "type": "Polygon", "coordinates": [ [ [ -70.733806504087994, -34.181918823395286 ], [ -70.734982519756031, -34.183345596632194 ], [ -70.734078053650279, -34.18473317717995 ], [ -70.731997580226704, -34.184693980675029 ], [ -70.730821600901365, -34.183267218590359 ], [ -70.731726058655568, -34.181879641858565 ], [ -70.733806504087994, -34.181918823395286 ] ] ] } },
{ "type": "Feature", "properties": { "h3": "89b2c1c0a73ffff", "acc_caminata_m2_comercio": 5438.0739609155198, "acc_caminata_m2_departamento": 20.471556491917053, "acc_caminata_n_deporte_y_recreacion": 3.008707566567558, "acc_caminata_n_educacion_y_cultura": 0.018643934333490542, "acc_caminata_m2_habitacional": 10969.654967792456, "acc_caminata_m2_industria": 0.4979752314762253, "acc_caminata_m2_oficina": 702.08363657091888, "acc_caminata_n_salud": 0.005280213611284665, "acc_caminata_n_paraderos": 0.046771630256581369 }, "geometry": { "type": "Polygon", "coordinates": [ [ [ -70.730007108593654, -34.17482369226687 ], [ -70.731183035793777, -34.176250609333501 ], [ -70.730278599269937, -34.177638319332267 ], [ -70.728198243902568, -34.17759910844498 ], [ -70.727022353049733, -34.17617220253625 ], [ -70.727926781215629, -34.174784496357098 ], [ -70.730007108593654, -34.17482369226687 ] ] ] } },
{ "type": "Feature", "properties": { "h3": "89b2c1c50a3ffff", "acc_caminata_m2_comercio": 1.4549771147411024, "acc_caminata_m2_departamento": 0.0033647452203112572, "acc_caminata_n_deporte_y_recreacion": 5.263872312668935e-06, "acc_caminata_n_educacion_y_cultura": 5.3429806853359431e-06, "acc_caminata_m2_habitacional": 14853.824941889607, "acc_caminata_m2_industria": 0.015484275108691556, "acc_caminata_m2_oficina": 0.0063152833192880462, "acc_caminata_n_salud": 6.4890747811352496e-08, "acc_caminata_n_paraderos": 4.8257972997406401e-12 }, "geometry": { "type": "Polygon", "coordinates": [ [ [ -70.654315775105943, -34.197246000613106 ], [ -70.655490722464947, -34.198672844612013 ], [ -70.65458627351714, -34.200059059699932 ], [ -70.652506885706018, -34.200018426964128 ], [ -70.651331974834491, -34.19859159417625 ], [ -70.652236415285302, -34.197205382913324 ], [ -70.654315775105943, -34.197246000613106 ] ] ] } },
{ "type": "Feature", "properties": { "h3": "89b2c1c0383ffff", "acc_caminata_m2_comercio": 1401.0022796889118, "acc_caminata_m2_departamento": 2333.6349841110959, "acc_caminata_n_deporte_y_recreacion": 0.04911944491399485, "acc_caminata_n_educacion_y_cultura": 24.499479988756498, "acc_caminata_m2_habitacional": 16000.639421515429, "acc_caminata_m2_industria": 354.83997200375063, "acc_caminata_m2_oficina": 73.518438354067811, "acc_caminata_n_salud": 0.0014582946109593987, "acc_caminata_n_paraderos": 2.7138669770658672 }, "geometry": { "type": "Polygon", "coordinates": [ [ [ -70.741671686635897, -34.134289549519004 ], [ -70.742847587005713, -34.135717141952654 ], [ -70.741943289178039, -34.137106003590709 ], [ -70.73986309931324, -34.137067268961161 ], [ -70.738687235258126, -34.135639687690521 ], [ -70.739591524751788, -34.134250829886604 ], [ -70.741671686635897, -34.134289549519004 ] ] ] } },
{ "type": "Feature", "properties": { "h3": "89b2c1c0c6fffff", "acc_caminata_m2_comercio": 39.703661366106019, "acc_caminata_m2_departamento": 135.66727536040383, "acc_caminata_n_deporte_y_recreacion": 0.022080798028532536, "acc_caminata_n_educacion_y_cultura": 2.1241161647253635, "acc_caminata_m2_habitacional": 9384.4965696552408, "acc_caminata_m2_industria": 713.00073043676855, "acc_caminata_m2_oficina": 1.488734282883361, "acc_caminata_n_salud": 0.004363848907933926, "acc_caminata_n_paraderos": 0.54868626436752832 }, "geometry": { "type": "Polygon", "coordinates": [ [ [ -70.705860370586535, -34.150482646672074 ], [ -70.70703583480568, -34.151910105021976 ], [ -70.706131509992517, -34.153298121348165 ], [ -70.704051729359065, -34.153258675490228 ], [ -70.702876301522664, -34.151831228326515 ], [ -70.703780617935635, -34.150443215834763 ], [ -70.705860370586535, -34.150482646672074 ] ] ] } },
{ "type": "Feature", "properties": { "h3": "89b2c1c0847ffff", "acc_caminata_m2_comercio": 1068.4042203800732, "acc_caminata_m2_departamento": 465.09406674928806, "acc_caminata_n_deporte_y_recreacion": 0.55064874467267899, "acc_caminata_n_educacion_y_cultura": 0.93763198365810996, "acc_caminata_m2_habitacional": 16962.794713120809, "acc_caminata_m2_industria": 1.1783578754720931, "acc_caminata_m2_oficina": 11.404700747187533, "acc_caminata_n_salud": 0.01895556950723426, "acc_caminata_n_paraderos": 2.1894463797521739 }, "geometry": { "type": "Polygon", "coordinates": [ [ [ -70.710200429135014, -34.163210534685291 ], [ -70.711376016571293, -34.164637746194785 ], [ -70.710471640899186, -34.166025499880426 ], [ -70.708391686182594, -34.165986038228439 ], [ -70.707216135125137, -34.16455883789704 ], [ -70.7081205024041, -34.163171088039704 ], [ -70.710200429135014, -34.163210534685291 ] ] ] } },
{ "type": "Feature", "properties": { "h3": "89b2c1c18d3ffff", "acc_caminata_m2_comercio": 759.37307331240959, "acc_caminata_m2_departamento": 23.50619878967893, "acc_caminata_n_deporte_y_recreacion": 0.013003578080961684, "acc_caminata_n_educacion_y_cultura": 2.1761220549943947, "acc_caminata_m2_habitacional": 795.38371620035161, "acc_caminata_m2_industria": 13.376571379066039, "acc_caminata_m2_oficina": 62.806376020381272, "acc_caminata_n_salud": 0.00059772214474863058, "acc_caminata_n_paraderos": 1.6243873296566052 }, "geometry": { "type": "Polygon", "coordinates": [ [ [ -70.775598481640188, -34.16302766661294 ], [ -70.776775005509506, -34.164454595778729 ], [ -70.775870571625006, -34.165843162580728 ], [ -70.773789622144079, -34.165804796401609 ], [ -70.772613134537877, -34.164377878361066 ], [ -70.77351756014815, -34.162989315374602 ], [ -70.775598481640188, -34.16302766661294 ] ] ] } },
{ "type": "Feature", "properties": { "h3": "89b2c1c1823ffff", "acc_caminata_m2_comercio": 268.31133646010403, "acc_caminata_m2_departamento": 12.286806873166874, "acc_caminata_n_deporte_y_recreacion": 0.1840792881220755, "acc_caminata_n_educacion_y_cultura": 0.59909549071374124, "acc_caminata_m2_habitacional": 29820.685866488613, "acc_caminata_m2_industria": 9.0114362462512876, "acc_caminata_m2_oficina": 5.1005875099531552, "acc_caminata_n_salud": 0.00080259968439377655, "acc_caminata_n_paraderos": 8.847810882387094 }, "geometry": { "type": "Polygon", "coordinates": [ [ [ -70.764473110015999, -34.176872889171364 ], [ -70.765649540939449, -34.178299618762338 ], [ -70.76474506591785, -34.179687703895418 ], [ -70.762664168266838, -34.179649055625688 ], [ -70.761487773630307, -34.17822233716398 ], [ -70.762392240356533, -34.17683425584292 ], [ -70.764473110015999, -34.176872889171364 ] ] ] } },
{ "type": "Feature", "properties": { "h3": "89b2c1c5153ffff", "acc_caminata_m2_comercio": 62.192584331273224, "acc_caminata_m2_departamento": 3261.551621028083, "acc_caminata_n_deporte_y_recreacion": 6.4121183249939775e-13, "acc_caminata_n_educacion_y_cultura": 1.6710991642946652e-08, "acc_caminata_m2_habitacional": 11446.533673925358, "acc_caminata_m2_industria": 0.064991095117774692, "acc_caminata_m2_oficina": 1.4428438036503613e-05, "acc_caminata_n_salud": 6.3659960491038181e-14, "acc_caminata_n_paraderos": 1.8144274917249001e-13 }, "geometry": { "type": "Polygon", "coordinates": [ [ [ -70.652143374423645, -34.207030171649677 ], [ -70.653318337387148, -34.208456849605014 ], [ -70.652413854426257, -34.209842794291426 ], [ -70.650334417002128, -34.209802057201344 ], [ -70.649159490532824, -34.20837539045521 ], [ -70.6500639649921, -34.206989449590154 ], [ -70.652143374423645, -34.207030171649677 ] ] ] } },
{ "type": "Feature", "properties": { "h3": "89b2c1c0207ffff", "acc_caminata_m2_comercio": 933.08692781328148, "acc_caminata_m2_departamento": 0.20714768227957073, "acc_caminata_n_deporte_y_recreacion": 1.3698490163679407e-05, "acc_caminata_n_educacion_y_cultura": 8.803710870681182e-05, "acc_caminata_m2_habitacional": 2442.2636592897434, "acc_caminata_m2_industria": 0.28307551916332091, "acc_caminata_m2_oficina": 0.01388559295965487, "acc_caminata_n_salud": 1.3817226670670043e-06, "acc_caminata_n_paraderos": 2.560102976718511e-05 }, "geometry": { "type": "Polygon", "coordinates": [ [ [ -70.763379372895969, -34.133285671303959 ], [ -70.764555579431459, -34.134713186956638 ], [ -70.763651265858286, -34.136102341835588 ], [ -70.761570754042779, -34.136063977231821 ], [ -70.760394583783281, -34.134636472724964 ], [ -70.761298889061976, -34.133247321676244 ], [ -70.763379372895969, -34.133285671303959 ] ] ] } },
{ "type": "Feature", "properties": { "h3": "89b2c1c0e6bffff", "acc_caminata_m2_comercio": 1067.5027184921782, "acc_caminata_m2_departamento": 33108.034321712665, "acc_caminata_n_deporte_y_recreacion": 0.07311754268600959, "acc_caminata_n_educacion_y_cultura": 3.5111695503735172, "acc_caminata_m2_habitacional": 12121.059178980935, "acc_caminata_m2_industria": 571.76045075978971, "acc_caminata_m2_oficina": 285.49903852715221, "acc_caminata_n_salud": 0.12702546060559355, "acc_caminata_n_paraderos": 0.45335290454347543 }, "geometry": { "type": "Polygon", "coordinates": [ [ [ -70.731634350961869, -34.159399734779164 ], [ -70.732810227635454, -34.160826921223375 ], [ -70.731905846443709, -34.162215034802337 ], [ -70.729825596930951, -34.16217595811159 ], [ -70.728649756597221, -34.160748782829494 ], [ -70.729554129435016, -34.159360673076215 ], [ -70.731634350961869, -34.159399734779164 ] ] ] } },
{ "type": "Feature", "properties": { "h3": "89b2c1c1b9bffff", "acc_caminata_m2_comercio": 13.678634214564372, "acc_caminata_m2_departamento": 0.062946864401067587, "acc_caminata_n_deporte_y_recreacion": 0.001624628339467808, "acc_caminata_n_educacion_y_cultura": 3.4923090166256463, "acc_caminata_m2_habitacional": 22545.449576234194, "acc_caminata_m2_industria": 0.024713007050666879, "acc_caminata_m2_oficina": 6.6074351465769565, "acc_caminata_n_salud": 0.00038793041200572466, "acc_caminata_n_paraderos": 3.6322664117538204 }, "geometry": { "type": "Polygon", "coordinates": [ [ [ -70.771259997356978, -34.182618182494849 ], [ -70.772436552984246, -34.184044779229431 ], [ -70.7715320507792, -34.185432805344185 ], [ -70.769451001228973, -34.185394230916209 ], [ -70.768274481878322, -34.183967645303319 ], [ -70.769178975799917, -34.18257962299689 ], [ -70.771259997356978, -34.182618182494849 ] ] ] } },
{ "type": "Feature", "properties": { "h3": "89b2c1c7307ffff", "acc_caminata_m2_comercio": 3.3955847592006285, "acc_caminata_m2_departamento": 8.2711875298757001, "acc_caminata_n_deporte_y_recreacion": 0.00092803263136972676, "acc_caminata_n_educacion_y_cultura": 0.21471428388543495, "acc_caminata_m2_habitacional": 1131.9732951143658, "acc_caminata_m2_industria": 0.011125055512670763, "acc_caminata_m2_oficina": 2.4528046848429277, "acc_caminata_n_salud": 2.9200922828965602e-06, "acc_caminata_n_paraderos": 1.811103621719891e-14 }, "geometry": { "type": "Polygon", "coordinates": [ [ [ -70.636153957551898, -34.170211642139918 ], [ -70.637328514106784, -34.171639048940584 ], [ -70.63642418209497, -34.173025711292119 ], [ -70.634345302054996, -34.172984963003486 ], [ -70.63317078201149, -34.171557567438384 ], [ -70.634075105495228, -34.170170908926558 ], [ -70.636153957551898, -34.170211642139918 ] ] ] } },
{ "type": "Feature", "properties": { "h3": "89b2c1c1ccbffff", "acc_caminata_m2_comercio": 2.4826458502215343, "acc_caminata_m2_departamento": 23.522992687317327, "acc_caminata_n_deporte_y_recreacion": 6.7155892464769404e-06, "acc_caminata_n_educacion_y_cultura": 0.028903606070306682, "acc_caminata_m2_habitacional": 838.38320068949042, "acc_caminata_m2_industria": 4093.0255654437974, "acc_caminata_m2_oficina": 0.11506574531862954, "acc_caminata_n_salud": 0.00019950072959241014, "acc_caminata_n_paraderos": 0.0060049065943177981 }, "geometry": { "type": "Polygon", "coordinates": [ [ [ -70.777223319028735, -34.147597662928817 ], [ -70.778399792254305, -34.149024861598058 ], [ -70.777495413743353, -34.150413831945926 ], [ -70.7754145702757, -34.150375599803176 ], [ -70.774238133305843, -34.148948412263444 ], [ -70.775142503546562, -34.147559445737151 ], [ -70.777223319028735, -34.147597662928817 ] ] ] } },
{ "type": "Feature", "properties": { "h3": "89b2c1c554bffff", "acc_caminata_m2_comercio": 35.141503241286919, "acc_caminata_m2_departamento": 0.13415825834478171, "acc_caminata_n_deporte_y_recreacion": 0.0030077294190643026, "acc_caminata_n_educacion_y_cultura": 0.0020253295507529894, "acc_caminata_m2_habitacional": 1087.7039932085543, "acc_caminata_m2_industria": 0.025128535989071939, "acc_caminata_m2_oficina": 0.64539551192011824, "acc_caminata_n_salud": 3.9909533460001359e-05, "acc_caminata_n_paraderos": 1.0092875896671834e-10 }, "geometry": { "type": "Polygon", "coordinates": [ [ [ -70.653774798493586, -34.191619527714089 ], [ -70.654949711126093, -34.193046474915292 ], [ -70.654045283431529, -34.194432823282398 ], [ -70.651965951600658, -34.19439222062109 ], [ -70.650791075454904, -34.192965284633388 ], [ -70.651695494651875, -34.191578940093706 ], [ -70.653774798493586, -34.191619527714089 ] ] ] } },
{ "type": "Feature", "properties": { "h3": "89b2c1c1953ffff", "acc_caminata_m2_comercio": 27.260715711811418, "acc_caminata_m2_departamento": 12.942523515626515, "acc_caminata_n_deporte_y_recreacion": 0.081734540223171739, "acc_caminata_n_educacion_y_cultura": 3.1314277779066217, "acc_caminata_m2_habitacional": 26489.090474278055, "acc_caminata_m2_industria": 24.751120307894933, "acc_caminata_m2_oficina": 15.689391146118115, "acc_caminata_n_salud": 6.1271362479807336e-05, "acc_caminata_n_paraderos": 7.9098552234692594 }, "geometry": { "type": "Polygon", "coordinates": [ [ [ -70.758502468911644, -34.17957165539368 ], [ -70.759678827255527, -34.180998362724225 ], [ -70.758774347607769, -34.182386306962492 ], [ -70.756693517921235, -34.182347540058345 ], [ -70.755517195875683, -34.180920843860903 ], [ -70.756421667216955, -34.179532903434712 ], [ -70.758502468911644, -34.17957165539368 ] ] ] } },
{ "type": "Feature", "properties": { "h3": "89b2c1c0977ffff", "acc_caminata_m2_comercio": 64.284043010611839, "acc_caminata_m2_departamento": 0.027787947318807998, "acc_caminata_n_deporte_y_recreacion": 0.053220102954566348, "acc_caminata_n_educacion_y_cultura": 0.18161070645113694, "acc_caminata_m2_habitacional": 15089.912493878102, "acc_caminata_m2_industria": 0.00010918073302777892, "acc_caminata_m2_oficina": 3.613351162756524, "acc_caminata_n_salud": 0.000365941345661503, "acc_caminata_n_paraderos": 1.2977824226599077 }, "geometry": { "type": "Polygon", "coordinates": [ [ [ -70.683342934290621, -34.175340593683323 ], [ -70.68451819411338, -34.176767704520508 ], [ -70.683613798607297, -34.178154824126402 ], [ -70.681534151719902, -34.178114829066814 ], [ -70.680358928326996, -34.176687729425076 ], [ -70.681263315390282, -34.175300613647678 ], [ -70.683342934290621, -34.175340593683323 ] ] ] } },
{ "type": "Feature", "properties": { "h3": "89b2c1c0287ffff", "acc_caminata_m2_comercio": 132.09936551537055, "acc_caminata_m2_departamento": 0.00068251193632311573, "acc_caminata_n_deporte_y_recreacion": 0.0011275948610714101, "acc_caminata_n_educacion_y_cultura": 4.2082715105767714e-05, "acc_caminata_m2_habitacional": 1287.8775973940353, "acc_caminata_m2_industria": 26.662380782336012, "acc_caminata_m2_oficina": 1.391693018291704, "acc_caminata_n_salud": 4.0852173673523042e-09, "acc_caminata_n_paraderos": 7.427019120412436e-08 }, "geometry": { "type": "Polygon", "coordinates": [ [ [ -70.75957906126196, -34.12618599651308 ], [ -70.760755179400746, -34.127613655884332 ], [ -70.759850895336157, -34.12900294013744 ], [ -70.75777050143239, -34.128964561185526 ], [ -70.75659441957427, -34.127536912965674 ], [ -70.757498695337915, -34.126147632546548 ], [ -70.75957906126196, -34.12618599651308 ] ] ] } },
{ "type": "Feature", "properties": { "h3": "89b2c1c0b73ffff", "acc_caminata_m2_comercio": 61.236488270936249, "acc_caminata_m2_departamento": 27.122809933022626, "acc_caminata_n_deporte_y_recreacion": 0.0058933963881324545, "acc_caminata_n_educacion_y_cultura": 1.0048585661670781, "acc_caminata_m2_habitacional": 1082.1330419564047, "acc_caminata_m2_industria": 0.28511860286789681, "acc_caminata_m2_oficina": 14.860615128298127, "acc_caminata_n_salud": 0.031013606639792454, "acc_caminata_n_paraderos": 0.057623813254132489 }, "geometry": { "type": "Polygon", "coordinates": [ [ [ -70.709114489052652, -34.184260539584045 ], [ -70.710290161702545, -34.185687378505129 ], [ -70.709385709482049, -34.187074595331843 ], [ -70.707305593006879, -34.187034969417894 ], [ -70.706129956743965, -34.18560814166819 ], [ -70.707034400567906, -34.184220928661261 ], [ -70.709114489052652, -34.184260539584045 ] ] ] } },
{ "type": "Feature", "properties": { "h3": "89b2c1c5057ffff", "acc_caminata_m2_comercio": 8.3400476137855435, "acc_caminata_m2_departamento": 0.11308948627864954, "acc_caminata_n_deporte_y_recreacion": 3.2934343310790718e-08, "acc_caminata_n_educacion_y_cultura": 0.00085832092911834875, "acc_caminata_m2_habitacional": 7159.5972609851333, "acc_caminata_m2_industria": 76.733178862850963, "acc_caminata_m2_oficina": 0.74108291152460515, "acc_caminata_n_salud": 3.2697447047894256e-09, "acc_caminata_n_paraderos": 9.3193816608274839e-09 }, "geometry": { "type": "Polygon", "coordinates": [ [ [ -70.670047354181719, -34.198956134522128 ], [ -70.671222535991674, -34.200382879692292 ], [ -70.670318065896211, -34.201769247178028 ], [ -70.668238422458003, -34.201728865672528 ], [ -70.667063277108326, -34.200302131699992 ], [ -70.667967738735229, -34.198915768035519 ], [ -70.670047354181719, -34.198956134522128 ] ] ] } },
{ "type": "Feature", "properties": { "h3": "89b2c1ce487ffff", "acc_caminata_m2_comercio": 1794.3421371574841, "acc_caminata_m2_departamento": 3049.5404467400508, "acc_caminata_n_deporte_y_recreacion": 0.086338983144033918, "acc_caminata_n_educacion_y_cultura": 11.132217263782518, "acc_caminata_m2_habitacional": 14082.375489742242, "acc_caminata_m2_industria": 1.3273331969044309, "acc_caminata_m2_oficina": 328.88293603115591, "acc_caminata_n_salud": 34.768917012942367, "acc_caminata_n_paraderos": 6.5274747042614152 }, "geometry": { "type": "Polygon", "coordinates": [ [ [ -70.721595693985918, -34.184497480023857 ], [ -70.722771546874682, -34.185924260301611 ], [ -70.721867082360234, -34.187311625674091 ], [ -70.719786773329574, -34.187272206951768 ], [ -70.718610956805833, -34.185845437835184 ], [ -70.719515412946365, -34.184458076279959 ], [ -70.721595693985918, -34.184497480023857 ] ] ] } },
{ "type": "Feature", "properties": { "h3": "89b2c1ca88fffff", "acc_caminata_m2_comercio": 74.707615185386061, "acc_caminata_m2_departamento": 2.3417697581946053e-11, "acc_caminata_n_deporte_y_recreacion": 2.2191208109860609e-16, "acc_caminata_n_educacion_y_cultura": 0.016387088732231058, "acc_caminata_m2_habitacional": 4077.8338051076462, "acc_caminata_m2_industria": 0.66267171399350822, "acc_caminata_m2_oficina": 29.008424298983623, "acc_caminata_n_salud": 2.9844266840384102e-20, "acc_caminata_n_paraderos": 0.087119389038762735 }, "geometry": { "type": "Polygon", "coordinates": [ [ [ -70.833159718754672, -34.178128388502998 ], [ -70.834337137853041, -34.179554793252393 ], [ -70.833432598437568, -34.180943695098186 ], [ -70.831350648092808, -34.180906188396889 ], [ -70.830173265159956, -34.179479794720812 ], [ -70.831077796404998, -34.178090896672906 ], [ -70.833159718754672, -34.178128388502998 ] ] ] } },
{ "type": "Feature", "properties": { "h3": "89b2c1c3267ffff", "acc_caminata_m2_comercio": 4.9966803105545665e-08, "acc_caminata_m2_departamento": 4.075036350866196e-21, "acc_caminata_n_deporte_y_recreacion": 3.4378956828545498e-20, "acc_caminata_n_educacion_y_cultura": 0.24061936985634214, "acc_caminata_m2_habitacional": 267.49251896286376, "acc_caminata_m2_industria": 2.3685962070565504e-07, "acc_caminata_m2_oficina": 3.7897550752373959, "acc_caminata_n_salud": 1.2936003292664693e-26, "acc_caminata_n_paraderos": 1.9628545026675554e-25 }, "geometry": { "type": "Polygon", "coordinates": [ [ [ -70.807065179217943, -34.10173532494246 ], [ -70.808241859695656, -34.103163214106324 ], [ -70.807337623812671, -34.104553691784062 ], [ -70.805256715663504, -34.104516276463578 ], [ -70.804080071375125, -34.10308839842147 ], [ -70.804984299045245, -34.101697924578282 ], [ -70.807065179217943, -34.10173532494246 ] ] ] } },
{ "type": "Feature", "properties": { "h3": "89b2c1c1d4bffff", "acc_caminata_m2_comercio": 826.23077713193516, "acc_caminata_m2_departamento": 87.750232718291457, "acc_caminata_n_deporte_y_recreacion": 0.039188309807990623, "acc_caminata_n_educacion_y_cultura": 1.1276850707833583, "acc_caminata_m2_habitacional": 21535.229202989012, "acc_caminata_m2_industria": 193.29131973624891, "acc_caminata_m2_oficina": 120.51493824171295, "acc_caminata_n_salud": 0.096477597280531915, "acc_caminata_n_paraderos": 7.6209207432716246 }, "geometry": { "type": "Polygon", "coordinates": [ [ [ -70.760128288669691, -34.164146896668086 ], [ -70.761304596408777, -34.165573873538733 ], [ -70.760400172124506, -34.166962221380459 ], [ -70.758319448402247, -34.166923588533592 ], [ -70.757143176954074, -34.165496622800305 ], [ -70.758047592935867, -34.164108278776709 ], [ -70.760128288669691, -34.164146896668086 ] ] ] } },
{ "type": "Feature", "properties": { "h3": "89b2c1c55cbffff", "acc_caminata_m2_comercio": 145.12525651355855, "acc_caminata_m2_departamento": 86.010205400525336, "acc_caminata_n_deporte_y_recreacion": 1.5504495139459902, "acc_caminata_n_educacion_y_cultura": 1.7196243762620826, "acc_caminata_m2_habitacional": 8876.5357332842796, "acc_caminata_m2_industria": 4.56828471893275, "acc_caminata_m2_oficina": 153.00095970570612, "acc_caminata_n_salud": 0.0075611744290147902, "acc_caminata_n_paraderos": 6.7031426588875879e-12 }, "geometry": { "type": "Polygon", "coordinates": [ [ [ -70.649979776900423, -34.184524933604209 ], [ -70.651154600960922, -34.185952024358741 ], [ -70.65025020301691, -34.187338502167528 ], [ -70.648170989515009, -34.187297885390862 ], [ -70.646996201945811, -34.185870805855487 ], [ -70.647900591385849, -34.184484331877805 ], [ -70.649979776900423, -34.184524933604209 ] ] ] } },
{ "type": "Feature", "properties": { "h3": "89b2c1c19d3ffff", "acc_caminata_m2_comercio": 3886.5264567467461, "acc_caminata_m2_departamento": 175.86073417525404, "acc_caminata_n_deporte_y_recreacion": 0.033549798697790192, "acc_caminata_n_educacion_y_cultura": 1.4442189144672779, "acc_caminata_m2_habitacional": 5918.3366350452834, "acc_caminata_m2_industria": 631.29409244476847, "acc_caminata_m2_oficina": 218.15741453712511, "acc_caminata_n_salud": 0.064067536836950573, "acc_caminata_n_paraderos": 0.77422854440450373 }, "geometry": { "type": "Polygon", "coordinates": [ [ [ -70.754701716203925, -34.172476423977457 ], [ -70.75587798611177, -34.173903275225996 ], [ -70.754973535993912, -34.175291348919266 ], [ -70.752892824279726, -34.175252567548441 ], [ -70.751716590674789, -34.173825727438647 ], [ -70.752621032479752, -34.172437657561126 ], [ -70.754701716203925, -34.172476423977457 ] ] ] } },
{ "type": "Feature", "properties": { "h3": "89b2c1c0307ffff", "acc_caminata_m2_comercio": 7965.5447077396993, "acc_caminata_m2_departamento": 5517.0820033668788, "acc_caminata_n_deporte_y_recreacion": 2.0268597464982241, "acc_caminata_n_educacion_y_cultura": 18.230140903860477, "acc_caminata_m2_habitacional": 5063.1492727759751, "acc_caminata_m2_industria": 104.97285898915973, "acc_caminata_m2_oficina": 449.6556324839151, "acc_caminata_n_salud": 0.068194524240311555, "acc_caminata_n_paraderos": 0.91152647948532495 }, "geometry": { "type": "Polygon", "coordinates": [ [ [ -70.74248651454549, -34.142738557081891 ], [ -70.743662467029679, -34.144165994673273 ], [ -70.742758137371297, -34.145554656488649 ], [ -70.740677863560492, -34.145515876882371 ], [ -70.739501947392071, -34.144088450450312 ], [ -70.740406268717337, -34.1426997924654 ], [ -70.74248651454549, -34.142738557081891 ] ] ] } },
{ "type": "Feature", "properties": { "h3": "89b2c1c544fffff", "acc_caminata_m2_comercio": 201.84915858018408, "acc_caminata_m2_departamento": 0.020123975626932744, "acc_caminata_n_deporte_y_recreacion": 9.9036901545084851e-06, "acc_caminata_n_educacion_y_cultura": 0.0026410376288309124, "acc_caminata_m2_habitacional": 16496.732638777343, "acc_caminata_m2_industria": 1.7642483005495704, "acc_caminata_m2_oficina": 44.018209567800675, "acc_caminata_n_salud": 9.6123206642114608e-06, "acc_caminata_n_paraderos": 2.4092558933475965e-05 }, "geometry": { "type": "Polygon", "coordinates": [ [ [ -70.671677812878244, -34.183542262170484 ], [ -70.672852944312467, -34.18496927661225 ], [ -70.671948529498195, -34.186356047753435 ], [ -70.66986899171286, -34.186315800625749 ], [ -70.66869389673144, -34.184888797385938 ], [ -70.669598303081202, -34.183502030072063 ], [ -70.671677812878244, -34.183542262170484 ] ] ] } },
{ "type": "Feature", "properties": { "h3": "89b2c1c09c3ffff", "acc_caminata_m2_comercio": 0.37599648797274082, "acc_caminata_m2_departamento": 0.92488392325560287, "acc_caminata_n_deporte_y_recreacion": 0.014317035998217422, "acc_caminata_n_educacion_y_cultura": 0.017568514757671589, "acc_caminata_m2_habitacional": 3737.3502477289148, "acc_caminata_m2_industria": 8.3592956506460403e-06, "acc_caminata_m2_oficina": 0.016300822027562199, "acc_caminata_n_salud": 2.0742549122144405e-06, "acc_caminata_n_paraderos": 0.0021593386306023822 }, "geometry": { "type": "Polygon", "coordinates": [ [ [ -70.688498258287723, -34.164202042465277 ], [ -70.689673538855203, -34.165629330489615 ], [ -70.688769179581058, -34.16701679088046 ], [ -70.686689548170733, -34.166976959415052 ], [ -70.685514304020657, -34.165549682586011 ], [ -70.686418654862166, -34.164162226027287 ], [ -70.688498258287723, -34.164202042465277 ] ] ] } },
{ "type": "Feature", "properties": { "h3": "89b2c1c1857ffff", "acc_caminata_m2_comercio": 61.631365641423429, "acc_caminata_m2_departamento": 0.075346781996295284, "acc_caminata_n_deporte_y_recreacion": 0.01741674594547055, "acc_caminata_n_educacion_y_cultura": 0.048575800255451461, "acc_caminata_m2_habitacional": 8809.0747521605845, "acc_caminata_m2_industria": 0.031776161135771482, "acc_caminata_m2_oficina": 0.045186709730182649, "acc_caminata_n_salud": 0.030050549865265081, "acc_caminata_n_paraderos": 0.03577155750203663 }, "geometry": { "type": "Polygon", "coordinates": [ [ [ -70.776414771914531, -34.171473799563522 ], [ -70.777591347928919, -34.17290057365225 ], [ -70.776686882219721, -34.17428894056588 ], [ -70.774605848768132, -34.174250529579091 ], [ -70.773429309017942, -34.172823766611927 ], [ -70.774333766453807, -34.171435403510188 ], [ -70.776414771914531, -34.171473799563522 ] ] ] } },
{ "type": "Feature", "properties": { "h3": "89b2c1c087bffff", "acc_caminata_m2_comercio": 1682.5169271204252, "acc_caminata_m2_departamento": 196.46084166172406, "acc_caminata_n_deporte_y_recreacion": 0.16755708875188743, "acc_caminata_n_educacion_y_cultura": 1.0940957020463316, "acc_caminata_m2_habitacional": 19848.007186814146, "acc_caminata_m2_industria": 13.656991213193585, "acc_caminata_m2_oficina": 33.090233666739913, "acc_caminata_n_salud": 0.04148694099246944, "acc_caminata_n_paraderos": 5.5940857532173585 }, "geometry": { "type": "Polygon", "coordinates": [ [ [ -70.710471640899186, -34.166025499880426 ], [ -70.711647245704839, -34.167452659771797 ], [ -70.710742859416044, -34.168840346834159 ], [ -70.70866287671312, -34.168800870178245 ], [ -70.707487308286673, -34.167373721463726 ], [ -70.708391686182594, -34.165986038228439 ], [ -70.710471640899186, -34.166025499880426 ] ] ] } },
{ "type": "Feature", "properties": { "h3": "89b2c1c018bffff", "acc_caminata_m2_comercio": 1.0782146227344716e-06, "acc_caminata_m2_departamento": 1.9917200188595425e-07, "acc_caminata_n_deporte_y_recreacion": 2.4265469222290403e-11, "acc_caminata_n_educacion_y_cultura": 9.2636904310257637e-11, "acc_caminata_m2_habitacional": 202.99446005952703, "acc_caminata_m2_industria": 6.9219784128864081e-09, "acc_caminata_m2_oficina": 1.2499385335714646e-09, "acc_caminata_n_salud": 1.3657052527857579e-14, "acc_caminata_n_paraderos": 1.1555439180916435e-10 }, "geometry": { "type": "Polygon", "coordinates": [ [ [ -70.722137371223909, -34.125490164240119 ], [ -70.723312949416481, -34.126917999187967 ], [ -70.722408701680109, -34.128306837802491 ], [ -70.720328884118729, -34.128267837627732 ], [ -70.71915334227279, -34.126840013861873 ], [ -70.720057581640248, -34.125451179088984 ], [ -70.722137371223909, -34.125490164240119 ] ] ] } },
{ "type": "Feature", "properties": { "h3": "89b2c1c1dcbffff", "acc_caminata_m2_comercio": 269.74076406320171, "acc_caminata_m2_departamento": 1963.3577099806064, "acc_caminata_n_deporte_y_recreacion": 0.0051792956172315475, "acc_caminata_n_educacion_y_cultura": 0.010764024328346555, "acc_caminata_m2_habitacional": 2348.9808439211761, "acc_caminata_m2_industria": 950.71748384808654, "acc_caminata_m2_oficina": 12.739189954252618, "acc_caminata_n_salud": 0.0035105423859483247, "acc_caminata_n_paraderos": 0.32660168210205703 }, "geometry": { "type": "Polygon", "coordinates": [ [ [ -70.756327682989266, -34.157050183672467 ], [ -70.75750390230543, -34.158477304394751 ], [ -70.756599507543953, -34.159865781664628 ], [ -70.754518901773849, -34.159827134390603 ], [ -70.753342718753174, -34.158400024811293 ], [ -70.754247105205764, -34.15701155136324 ], [ -70.756327682989266, -34.157050183672467 ] ] ] } },
{ "type": "Feature", "properties": { "h3": "89b2c1c564bffff", "acc_caminata_m2_comercio": 144.05077947350412, "acc_caminata_m2_departamento": 0.0059840040959576266, "acc_caminata_n_deporte_y_recreacion": 0.0036121855479393401, "acc_caminata_n_educacion_y_cultura": 8.1439065039368916, "acc_caminata_m2_habitacional": 692.95975479741799, "acc_caminata_m2_industria": 0.0018756290984534275, "acc_caminata_m2_oficina": 10.97810363645967, "acc_caminata_n_salud": 0.00014358882159402328, "acc_caminata_n_paraderos": 1.5356269380627041e-05 }, "geometry": { "type": "Polygon", "coordinates": [ [ [ -70.697447617589575, -34.192463898711068 ], [ -70.698623162028184, -34.193890641292519 ], [ -70.697718690327648, -34.195277509650182 ], [ -70.695638682605519, -34.195237631607938 ], [ -70.694463174576953, -34.193810900204298 ], [ -70.695367637859135, -34.192424035665297 ], [ -70.697447617589575, -34.192463898711068 ] ] ] } },
{ "type": "Feature", "properties": { "h3": "89b2c1c1d17ffff", "acc_caminata_m2_comercio": 3167.980212405515, "acc_caminata_m2_departamento": 189.54427555103251, "acc_caminata_n_deporte_y_recreacion": 5.1495072137992128, "acc_caminata_n_educacion_y_cultura": 4.9912315908474474, "acc_caminata_m2_habitacional": 23370.833966105394, "acc_caminata_m2_industria": 748.99208628731003, "acc_caminata_m2_oficina": 816.30776676025482, "acc_caminata_n_salud": 1.4244094853186213, "acc_caminata_n_paraderos": 2.3301065462652693 }, "geometry": { "type": "Polygon", "coordinates": [ [ [ -70.744116352930718, -34.159633379880262 ], [ -70.745292409655747, -34.161060507668289 ], [ -70.744388016330348, -34.16244876978574 ], [ -70.742307574609853, -34.162409900292204 ], [ -70.741131554202681, -34.16098278365611 ], [ -70.742035939196796, -34.15959452536179 ], [ -70.744116352930718, -34.159633379880262 ] ] ] } },
{ "type": "Feature", "properties": { "h3": "89b2c1c0a77ffff", "acc_caminata_m2_comercio": 959.9859764098444, "acc_caminata_m2_departamento": 13565.254494677189, "acc_caminata_n_deporte_y_recreacion": 0.29682305352592608, "acc_caminata_n_educacion_y_cultura": 1.1544100810429565, "acc_caminata_m2_habitacional": 25206.812948101098, "acc_caminata_m2_industria": 10.785686179473053, "acc_caminata_m2_oficina": 736.92372060681225, "acc_caminata_n_salud": 0.3817674001648716, "acc_caminata_n_paraderos": 0.61963099356992313 }, "geometry": { "type": "Polygon", "coordinates": [ [ [ -70.727022353049733, -34.17617220253625 ], [ -70.728198243902568, -34.17759910844498 ], [ -70.727293805121292, -34.178986747992816 ], [ -70.725213483849345, -34.17894747781245 ], [ -70.72403762934951, -34.177520583063497 ], [ -70.724942059767287, -34.176132947335319 ], [ -70.727022353049733, -34.17617220253625 ] ] ] } },
{ "type": "Feature", "properties": { "h3": "89b2c1c0387ffff", "acc_caminata_m2_comercio": 2518.2838984756977, "acc_caminata_m2_departamento": 2828.9472599525611, "acc_caminata_n_deporte_y_recreacion": 0.068437670286059446, "acc_caminata_n_educacion_y_cultura": 2.8420152565561465, "acc_caminata_m2_habitacional": 16358.057362831918, "acc_caminata_m2_industria": 1383.8289411966894, "acc_caminata_m2_oficina": 849.60148557214143, "acc_caminata_n_salud": 0.0057634466342887988, "acc_caminata_n_paraderos": 4.3746118017536348 }, "geometry": { "type": "Polygon", "coordinates": [ [ [ -70.738687235258126, -34.135639687690521 ], [ -70.73986309931324, -34.137067268961161 ], [ -70.738958799209243, -34.138456060160706 ], [ -70.736878643388309, -34.138417266255651 ], [ -70.735702815653582, -34.136989696149975 ], [ -70.736607107418052, -34.135600908784575 ], [ -70.738687235258126, -34.135639687690521 ] ] ] } },
{ "type": "Feature", "properties": { "h3": "89b2c1c10b3ffff", "acc_caminata_m2_comercio": 0.1775320702579099, "acc_caminata_m2_departamento": 2.5486361697139925e-09, "acc_caminata_n_deporte_y_recreacion": 3.519013785049272e-08, "acc_caminata_n_educacion_y_cultura": 2.8439195248737786e-12, "acc_caminata_m2_habitacional": 269.76351862955886, "acc_caminata_m2_industria": 1.4660756896186488e-06, "acc_caminata_m2_oficina": 1.2001993530957059e-11, "acc_caminata_n_salud": 1.944171233065914e-14, "acc_caminata_n_paraderos": 6.0444636504408085e-13 }, "geometry": { "type": "Polygon", "coordinates": [ [ [ -70.800288770697506, -34.128335823408499 ], [ -70.801465481620369, -34.129763266049082 ], [ -70.80056115378791, -34.131152999690435 ], [ -70.798480123258187, -34.131115286866496 ], [ -70.797303448544483, -34.129687855343676 ], [ -70.798207768149965, -34.12829812552723 ], [ -70.800288770697506, -34.128335823408499 ] ] ] } },
{ "type": "Feature", "properties": { "h3": "89b2c1c0c73ffff", "acc_caminata_m2_comercio": 15.857163739511469, "acc_caminata_m2_departamento": 81.882425206416542, "acc_caminata_n_deporte_y_recreacion": 0.0030162956314435008, "acc_caminata_n_educacion_y_cultura": 0.21905283428790787, "acc_caminata_m2_habitacional": 7489.0149532300948, "acc_caminata_m2_industria": 16.477436224553617, "acc_caminata_m2_oficina": 0.30853400402969605, "acc_caminata_n_salud": 0.014535469500574712, "acc_caminata_n_paraderos": 0.055003431699809979 }, "geometry": { "type": "Polygon", "coordinates": [ [ [ -70.705318112025495, -34.144851342717637 ], [ -70.706493541512458, -34.146278904244149 ], [ -70.705589237930951, -34.147667053793121 ], [ -70.703509513261935, -34.147627637978886 ], [ -70.702334120157005, -34.146200087641056 ], [ -70.703238415337722, -34.144811941928971 ], [ -70.705318112025495, -34.144851342717637 ] ] ] } },
{ "type": "Feature", "properties": { "h3": "89b2c1c18d7ffff", "acc_caminata_m2_comercio": 3594.8281996438554, "acc_caminata_m2_departamento": 103.12682718051992, "acc_caminata_n_deporte_y_recreacion": 0.056610893288108095, "acc_caminata_n_educacion_y_cultura": 0.9415264269709912, "acc_caminata_m2_habitacional": 2946.7843378762882, "acc_caminata_m2_industria": 64.673641879549592, "acc_caminata_m2_oficina": 307.12777009348832, "acc_caminata_n_salud": 0.0063889246741818603, "acc_caminata_n_paraderos": 6.5557668601444368 }, "geometry": { "type": "Polygon", "coordinates": [ [ [ -70.772613134537877, -34.164377878361066 ], [ -70.773789622144079, -34.165804796401609 ], [ -70.772885185925475, -34.167193292761773 ], [ -70.770804270379131, -34.167154867266035 ], [ -70.769627819041787, -34.16572796035269 ], [ -70.770532246980608, -34.164339467808091 ], [ -70.772613134537877, -34.164377878361066 ] ] ] } },
{ "type": "Feature", "properties": { "h3": "89b2c1c5157ffff", "acc_caminata_m2_comercio": 1.5791748066504472, "acc_caminata_m2_departamento": 4.2345400213046132, "acc_caminata_n_deporte_y_recreacion": 1.628145192062779e-14, "acc_caminata_n_educacion_y_cultura": 4.243203153630293e-10, "acc_caminata_m2_habitacional": 2927.8894997000684, "acc_caminata_m2_industria": 0.0016502337243285239, "acc_caminata_m2_oficina": 3.6636242232992638e-07, "acc_caminata_n_salud": 1.6164339668589728e-15, "acc_caminata_n_paraderos": 4.6071379960088179e-15 }, "geometry": { "type": "Polygon", "coordinates": [ [ [ -70.649159490532824, -34.20837539045521 ], [ -70.650334417002128, -34.209802057201344 ], [ -70.649429931914511, -34.211187931418728 ], [ -70.647350528863385, -34.211147135068806 ], [ -70.646175638893951, -34.209720479533829 ], [ -70.647080115474409, -34.2083346091378 ], [ -70.649159490532824, -34.20837539045521 ] ] ] } },
{ "type": "Feature", "properties": { "h3": "89b2c1ce453ffff", "acc_caminata_m2_comercio": 93.742682290333818, "acc_caminata_m2_departamento": 20296.520923010212, "acc_caminata_n_deporte_y_recreacion": 0.010195429764462492, "acc_caminata_n_educacion_y_cultura": 0.082339342723257283, "acc_caminata_m2_habitacional": 7406.7066620208834, "acc_caminata_m2_industria": 238.83529041033225, "acc_caminata_m2_oficina": 29.918177290795605, "acc_caminata_n_salud": 0.00050018204607216003, "acc_caminata_n_paraderos": 0.14105147051105102 }, "geometry": { "type": "Polygon", "coordinates": [ [ [ -70.737606223875915, -34.189013249676243 ], [ -70.738782328012306, -34.190439879034635 ], [ -70.737877832330881, -34.191827330117562 ], [ -70.735797240856812, -34.19178814803 ], [ -70.734621173058486, -34.190361529818198 ], [ -70.735525660394799, -34.188974082547567 ], [ -70.737606223875915, -34.189013249676243 ] ] ] } },
{ "type": "Feature", "properties": { "h3": "89b2c1c5023ffff", "acc_caminata_m2_comercio": 43.862910646666215, "acc_caminata_m2_departamento": 117.61791652324018, "acc_caminata_n_deporte_y_recreacion": 4.5223104357095284e-13, "acc_caminata_n_educacion_y_cultura": 1.1785854232193029e-08, "acc_caminata_m2_habitacional": 10033.027344461154, "acc_caminata_m2_industria": 0.045836631949485923, "acc_caminata_m2_oficina": 1.0176024925979477e-05, "acc_caminata_n_salud": 4.4897815210818033e-14, "acc_caminata_n_paraderos": 1.2796713916962027e-13 }, "geometry": { "type": "Polygon", "coordinates": [ [ [ -70.658111238898385, -34.204339344855725 ], [ -70.659286274833335, -34.205766045223719 ], [ -70.658381796140887, -34.207152130846069 ], [ -70.65630229000277, -34.207111512279305 ], [ -70.655127290550737, -34.205684823116677 ], [ -70.656031760752555, -34.204298741315654 ], [ -70.658111238898385, -34.204339344855725 ] ] ] } },
{ "type": "Feature", "properties": { "h3": "89b2c1c0e6fffff", "acc_caminata_m2_comercio": 4926.5443278838038, "acc_caminata_m2_departamento": 303.93191555316218, "acc_caminata_n_deporte_y_recreacion": 0.019671328818076532, "acc_caminata_n_educacion_y_cultura": 1.9920125548041063, "acc_caminata_m2_habitacional": 689.24705954291574, "acc_caminata_m2_industria": 6475.8410331547466, "acc_caminata_m2_oficina": 1504.9399571269671, "acc_caminata_n_salud": 1.028653349437576, "acc_caminata_n_paraderos": 0.14586592732451034 }, "geometry": { "type": "Polygon", "coordinates": [ [ [ -70.728649756597221, -34.160748782829494 ], [ -70.729825596930951, -34.16217595811159 ], [ -70.72892121347931, -34.163564001243948 ], [ -70.726840998052083, -34.163524865268698 ], [ -70.725665194063879, -34.162097701150657 ], [ -70.726569569156041, -34.160709661844002 ], [ -70.728649756597221, -34.160748782829494 ] ] ] } },
{ "type": "Feature", "properties": { "h3": "89b2c1c730bffff", "acc_caminata_m2_comercio": 621.02521099086255, "acc_caminata_m2_departamento": 1702.3838672180989, "acc_caminata_n_deporte_y_recreacion": 0.038071968799381718, "acc_caminata_n_educacion_y_cultura": 0.58725164372762384, "acc_caminata_m2_habitacional": 25448.062270096088, "acc_caminata_m2_industria": 0.45639856992833394, "acc_caminata_m2_oficina": 4.4000929909209638, "acc_caminata_n_salud": 0.00011979499887739002, "acc_caminata_n_paraderos": 1.2209137362676764e-12 }, "geometry": { "type": "Polygon", "coordinates": [ [ [ -70.642390707304997, -34.170333635023248 ], [ -70.643565354223142, -34.17176101273791 ], [ -70.642661015798694, -34.173147749388583 ], [ -70.640582038971516, -34.173107104486341 ], [ -70.639407428553838, -34.171679738002169 ], [ -70.640311758461507, -34.170293005189954 ], [ -70.642390707304997, -34.170333635023248 ] ] ] } },
{ "type": "Feature", "properties": { "h3": "89b2c1c106bffff", "acc_caminata_m2_comercio": 0.00058263585301959362, "acc_caminata_m2_departamento": 5.9372388900998257e-09, "acc_caminata_n_deporte_y_recreacion": 2.1035203296257188, "acc_caminata_n_educacion_y_cultura": 1.2642546994588392e-11, "acc_caminata_m2_habitacional": 27.177207215416036, "acc_caminata_m2_industria": 1692.0000004735762, "acc_caminata_m2_oficina": 2.9042767946715942e-11, "acc_caminata_n_salud": 5.0354285531788642e-14, "acc_caminata_n_paraderos": 1.5156484403913097e-12 }, "geometry": { "type": "Polygon", "coordinates": [ [ [ -70.817124027434545, -34.141294321543384 ], [ -70.818301041004901, -34.142721457961294 ], [ -70.817396650924422, -34.144111077483664 ], [ -70.815315255469415, -34.144073556772113 ], [ -70.814138278082183, -34.14264643145372 ], [ -70.815042659965457, -34.141256815747546 ], [ -70.817124027434545, -34.141294321543384 ] ] ] } },
{ "type": "Feature", "properties": { "h3": "89b2c1c1ccfffff", "acc_caminata_m2_comercio": 14.262849217373995, "acc_caminata_m2_departamento": 135.140055441524, "acc_caminata_n_deporte_y_recreacion": 3.8579818452788037e-05, "acc_caminata_n_educacion_y_cultura": 0.16605178510756377, "acc_caminata_m2_habitacional": 1168.0658793223151, "acc_caminata_m2_industria": 188.57189047665776, "acc_caminata_m2_oficina": 0.66105496900331828, "acc_caminata_n_salud": 0.0011461356136151365, "acc_caminata_n_paraderos": 0.034498306438483492 }, "geometry": { "type": "Polygon", "coordinates": [ [ [ -70.774238133305843, -34.148948412263444 ], [ -70.7754145702757, -34.150375599803176 ], [ -70.774510189428199, -34.151764499713629 ], [ -70.772429379885253, -34.151726208262914 ], [ -70.771252979176808, -34.150299031854594 ], [ -70.772157351748533, -34.14891013576576 ], [ -70.774238133305843, -34.148948412263444 ] ] ] } },
{ "type": "Feature", "properties": { "h3": "89b2c1c539bffff", "acc_caminata_m2_comercio": 8.2385596076688117, "acc_caminata_m2_departamento": 1.8349350508545619, "acc_caminata_n_deporte_y_recreacion": 3.5544121404902872e-13, "acc_caminata_n_educacion_y_cultura": 9.2633586226556896e-09, "acc_caminata_m2_habitacional": 1749.7452275927556, "acc_caminata_m2_industria": 0.036026337288558127, "acc_caminata_m2_oficina": 7.9980768797351088e-06, "acc_caminata_n_salud": 3.528845304530333e-14, "acc_caminata_n_paraderos": 1.0057866648355062e-13 }, "geometry": { "type": "Polygon", "coordinates": [ [ [ -70.664891155853383, -34.210086492314694 ], [ -70.666066316837473, -34.21151306020078 ], [ -70.665161810554807, -34.212899086812129 ], [ -70.663082151765394, -34.212858541719939 ], [ -70.66190702725396, -34.211431985031624 ], [ -70.662811525057947, -34.210045962237928 ], [ -70.664891155853383, -34.210086492314694 ] ] ] } },
{ "type": "Feature", "properties": { "h3": "89b2c1c554fffff", "acc_caminata_m2_comercio": 1094.9893101297746, "acc_caminata_m2_departamento": 0.29613553852231106, "acc_caminata_n_deporte_y_recreacion": 0.00013757669539881298, "acc_caminata_n_educacion_y_cultura": 0.00027663937552691313, "acc_caminata_m2_habitacional": 2608.2045685156768, "acc_caminata_m2_industria": 0.001802415466406607, "acc_caminata_m2_oficina": 1.1691348373106307, "acc_caminata_n_salud": 1.2480910568945105e-06, "acc_caminata_n_paraderos": 3.3174791566691886e-12 }, "geometry": { "type": "Polygon", "coordinates": [ [ [ -70.650791075454904, -34.192965284633388 ], [ -70.651965951600658, -34.19439222062109 ], [ -70.651061521776867, -34.195778498523339 ], [ -70.648982224309066, -34.195737836610682 ], [ -70.647807384655692, -34.194310911838429 ], [ -70.64871180597639, -34.19292463776361 ], [ -70.650791075454904, -34.192965284633388 ] ] ] } },
{ "type": "Feature", "properties": { "h3": "89b2c1c1957ffff", "acc_caminata_m2_comercio": 198.0748185597318, "acc_caminata_m2_departamento": 299.30701110380005, "acc_caminata_n_deporte_y_recreacion": 0.0030364685151023662, "acc_caminata_n_educacion_y_cultura": 5.3223683623044922, "acc_caminata_m2_habitacional": 14542.774927100267, "acc_caminata_m2_industria": 795.20587669146357, "acc_caminata_m2_oficina": 110.02984627409306, "acc_caminata_n_salud": 0.0011620095529379973, "acc_caminata_n_paraderos": 4.8639142457728619 }, "geometry": { "type": "Polygon", "coordinates": [ [ [ -70.755517195875683, -34.180920843860903 ], [ -70.756693517921235, -34.182347540058345 ], [ -70.755789035967936, -34.183735413848083 ], [ -70.753708240279678, -34.183696587628482 ], [ -70.7525319545381, -34.18226990256607 ], [ -70.753436428179441, -34.180882032588443 ], [ -70.755517195875683, -34.180920843860903 ] ] ] } },
{ "type": "Feature", "properties": { "h3": "89b2c1c097bffff", "acc_caminata_m2_comercio": 1161.6014181025237, "acc_caminata_m2_departamento": 1.5634507204831647, "acc_caminata_n_deporte_y_recreacion": 4.4281738889130349, "acc_caminata_n_educacion_y_cultura": 4.0314203908884281, "acc_caminata_m2_habitacional": 17591.339373918745, "acc_caminata_m2_industria": 0.0035462283430644902, "acc_caminata_m2_oficina": 8.9790785788477212, "acc_caminata_n_salud": 9.0039017008171086e-05, "acc_caminata_n_paraderos": 1.7425700010068541 }, "geometry": { "type": "Polygon", "coordinates": [ [ [ -70.689581983937543, -34.175460326788198 ], [ -70.690757333969827, -34.176887408401065 ], [ -70.689852932216013, -34.178274602290415 ], [ -70.687773188860092, -34.178234710739879 ], [ -70.686597875246676, -34.176807640317371 ], [ -70.687502268569006, -34.175420450255253 ], [ -70.689581983937543, -34.175460326788198 ] ] ] } },
{ "type": "Feature", "properties": { "h3": "89b2c1c7353ffff", "acc_caminata_m2_comercio": 630.71534048341607, "acc_caminata_m2_departamento": 352.07094997021767, "acc_caminata_n_deporte_y_recreacion": 0.0022728397214251809, "acc_caminata_n_educacion_y_cultura": 0.94176217507637561, "acc_caminata_m2_habitacional": 16871.91864411502, "acc_caminata_m2_industria": 0.12401567864232643, "acc_caminata_m2_oficina": 79.736083451750801, "acc_caminata_n_salud": 0.00074679028035916058, "acc_caminata_n_paraderos": 1.4565869932634009e-10 }, "geometry": { "type": "Polygon", "coordinates": [ [ [ -70.648357361621592, -34.167641039996532 ], [ -70.649532081523674, -34.169068440166313 ], [ -70.648627747333549, -34.170455317736199 ], [ -70.646548701745743, -34.17041479129805 ], [ -70.645374018332802, -34.168987402354873 ], [ -70.646278344017176, -34.167600528623424 ], [ -70.648357361621592, -34.167641039996532 ] ] ] } },
{ "type": "Feature", "properties": { "h3": "89b2c1c0b77ffff", "acc_caminata_m2_comercio": 17.926039496230061, "acc_caminata_m2_departamento": 4.3385767180882295, "acc_caminata_n_deporte_y_recreacion": 0.0014429796406566302, "acc_caminata_n_educacion_y_cultura": 0.33164256874045339, "acc_caminata_m2_habitacional": 1441.2362794733049, "acc_caminata_m2_industria": 0.044376598359732816, "acc_caminata_m2_oficina": 13.938509810096324, "acc_caminata_n_salud": 0.010795488350238728, "acc_caminata_n_paraderos": 0.0093315932550841838 }, "geometry": { "type": "Polygon", "coordinates": [ [ [ -70.706129956743965, -34.18560814166819 ], [ -70.707305593006879, -34.187034969417894 ], [ -70.706401138564004, -34.188422115788541 ], [ -70.704321056258991, -34.188382430589847 ], [ -70.703145456388782, -34.186955614013414 ], [ -70.704049902429546, -34.185568471462595 ], [ -70.706129956743965, -34.18560814166819 ] ] ] } },
{ "type": "Feature", "properties": { "h3": "89b2c1c738bffff", "acc_caminata_m2_comercio": 57.415817018236439, "acc_caminata_m2_departamento": 36.897107890484001, "acc_caminata_n_deporte_y_recreacion": 3.2119031781042521e-05, "acc_caminata_n_educacion_y_cultura": 0.0018687219706484683, "acc_caminata_m2_habitacional": 8740.2504936631467, "acc_caminata_m2_industria": 0.00083886516085752527, "acc_caminata_m2_oficina": 0.12351605120552547, "acc_caminata_n_salud": 3.5695843571694426e-06, "acc_caminata_n_paraderos": 1.8583418944731011e-13 }, "geometry": { "type": "Polygon", "coordinates": [ [ [ -70.638596659286037, -34.163236930970861 ], [ -70.639771217633822, -34.164664452092232 ], [ -70.638866908978372, -34.166051318143097 ], [ -70.636788050496975, -34.166010659230643 ], [ -70.635613528654204, -34.164583149345383 ], [ -70.636517828786481, -34.163196287136657 ], [ -70.638596659286037, -34.163236930970861 ] ] ] } },
{ "type": "Feature", "properties": { "h3": "89b2c1ce48bffff", "acc_caminata_m2_comercio": 126223.87463492574, "acc_caminata_m2_departamento": 6190.7650262779835, "acc_caminata_n_deporte_y_recreacion": 0.071604065453554647, "acc_caminata_n_educacion_y_cultura": 0.64190733689033663, "acc_caminata_m2_habitacional": 10772.980077012566, "acc_caminata_m2_industria": 94.047983495135938, "acc_caminata_m2_oficina": 184.98017255551221, "acc_caminata_n_salud": 0.61074541296493945, "acc_caminata_n_paraderos": 3.4692032949094473 }, "geometry": { "type": "Polygon", "coordinates": [ [ [ -70.727836729540726, -34.184615484034879 ], [ -70.729012672517698, -34.186042234965406 ], [ -70.728108201889086, -34.187429674607749 ], [ -70.726027796644715, -34.187390359503759 ], [ -70.724851890021796, -34.185963619729307 ], [ -70.725756352287831, -34.184576183902983 ], [ -70.727836729540726, -34.184615484034879 ] ] ] } },
{ "type": "Feature", "properties": { "h3": "89b2c1c0eb7ffff", "acc_caminata_m2_comercio": 12.493080023306133, "acc_caminata_m2_departamento": 16137.274089231418, "acc_caminata_n_deporte_y_recreacion": 0.29928469557476556, "acc_caminata_n_educacion_y_cultura": 0.75678348932087192, "acc_caminata_m2_habitacional": 2596.3663701635464, "acc_caminata_m2_industria": 0.78567148081099325, "acc_caminata_m2_oficina": 15.418405655795336, "acc_caminata_n_salud": 4.0000188641727057, "acc_caminata_n_paraderos": 2.0956542316600681 }, "geometry": { "type": "Polygon", "coordinates": [ [ [ -70.71182860453581, -34.147785094240618 ], [ -70.713004141503404, -34.149212574957119 ], [ -70.71209982113777, -34.150600732176123 ], [ -70.710019972192342, -34.150561404844424 ], [ -70.708844471596151, -34.14913393531026 ], [ -70.709748783572621, -34.14774578192565 ], [ -70.71182860453581, -34.147785094240618 ] ] ] } },
{ "type": "Feature", "properties": { "h3": "89b2c1c1d4fffff", "acc_caminata_m2_comercio": 3336.3000750011679, "acc_caminata_m2_departamento": 2479.3324850614072, "acc_caminata_n_deporte_y_recreacion": 0.30043140474007601, "acc_caminata_n_educacion_y_cultura": 0.53365724728152197, "acc_caminata_m2_habitacional": 10675.211617211648, "acc_caminata_m2_industria": 1663.8598281903887, "acc_caminata_m2_oficina": 253.11171236379744, "acc_caminata_n_salud": 0.030414013519618539, "acc_caminata_n_paraderos": 1.1552273930317338 }, "geometry": { "type": "Polygon", "coordinates": [ [ [ -70.757143176954074, -34.165496622800305 ], [ -70.758319448402247, -34.166923588533592 ], [ -70.75741502180999, -34.168311865931152 ], [ -70.755334332076146, -34.168273173777436 ], [ -70.754158096924485, -34.166846219183427 ], [ -70.755062515208778, -34.165457945604032 ], [ -70.757143176954074, -34.165496622800305 ] ] ] } },
{ "type": "Feature", "properties": { "h3": "89b2c1c55cfffff", "acc_caminata_m2_comercio": 19.036645504084991, "acc_caminata_m2_departamento": 11.698562332531091, "acc_caminata_n_deporte_y_recreacion": 0.060878415537590075, "acc_caminata_n_educacion_y_cultura": 0.21260461247720241, "acc_caminata_m2_habitacional": 4789.7669420282, "acc_caminata_m2_industria": 0.62135380996160727, "acc_caminata_m2_oficina": 8.4246590501141245, "acc_caminata_n_salud": 0.0010284229638832408, "acc_caminata_n_paraderos": 9.1165394415983135e-13 }, "geometry": { "type": "Polygon", "coordinates": [ [ [ -70.646996201945811, -34.185870805855487 ], [ -70.648170989515009, -34.187297885390862 ], [ -70.647266589448293, -34.188684292736184 ], [ -70.645187410320545, -34.188643616715218 ], [ -70.644012659248318, -34.187216548400947 ], [ -70.644917050805532, -34.185830144886729 ], [ -70.646996201945811, -34.185870805855487 ] ] ] } },
{ "type": "Feature", "properties": { "h3": "89b2c1c19d7ffff", "acc_caminata_m2_comercio": 2334.6836969679503, "acc_caminata_m2_departamento": 76.942889059068847, "acc_caminata_n_deporte_y_recreacion": 0.0057186622445574448, "acc_caminata_n_educacion_y_cultura": 0.78775482036535405, "acc_caminata_m2_habitacional": 3989.4652495425989, "acc_caminata_m2_industria": 1784.6405653100021, "acc_caminata_m2_oficina": 663.2221100325421, "acc_caminata_n_salud": 0.16515569266328084, "acc_caminata_n_paraderos": 0.22014969718200428 }, "geometry": { "type": "Polygon", "coordinates": [ [ [ -70.751716590674789, -34.173825727438647 ], [ -70.752892824279726, -34.175252567548441 ], [ -70.751988371862836, -34.176640570794611 ], [ -70.749907694158082, -34.176601730115379 ], [ -70.74873149686178, -34.175174901146242 ], [ -70.74963594096026, -34.173786901715872 ], [ -70.751716590674789, -34.173825727438647 ] ] ] } },
{ "type": "Feature", "properties": { "h3": "89b2c1c122fffff", "acc_caminata_m2_comercio": 2.5557654433393652e-05, "acc_caminata_m2_departamento": 4.3927345928530689e-12, "acc_caminata_n_deporte_y_recreacion": 2.5444696181809764e-12, "acc_caminata_n_educacion_y_cultura": 9.0000021045949001, "acc_caminata_m2_habitacional": 600.48247534810923, "acc_caminata_m2_industria": 1.0077806673113817e-09, "acc_caminata_m2_oficina": 4.3857245148687651e-10, "acc_caminata_n_salud": 1.1169967401554008e-16, "acc_caminata_n_paraderos": 1.589650272742796e-06 }, "geometry": { "type": "Polygon", "coordinates": [ [ [ -70.827445227765935, -34.151321032581407 ], [ -70.828622436789402, -34.152747943719788 ], [ -70.827718000952771, -34.154137441443389 ], [ -70.82563636427038, -34.154100024218785 ], [ -70.824459191414675, -34.15267312416799 ], [ -70.825363619072235, -34.151283630254404 ], [ -70.827445227765935, -34.151321032581407 ] ] ] } },
{ "type": "Feature", "properties": { "h3": "89b2c1c1bd3ffff", "acc_caminata_m2_comercio": 0.14041643843717, "acc_caminata_m2_departamento": 0.010073864606803392, "acc_caminata_n_deporte_y_recreacion": 3.1333407583229516e-05, "acc_caminata_n_educacion_y_cultura": 0.15644884415282084, "acc_caminata_m2_habitacional": 2210.2600984768446, "acc_caminata_m2_industria": 0.030555385824076048, "acc_caminata_m2_oficina": 0.071765184388117367, "acc_caminata_n_salud": 2.5989601705337848e-07, "acc_caminata_n_paraderos": 0.012701274695194161 }, "geometry": { "type": "Polygon", "coordinates": [ [ [ -70.777503253779855, -34.182733653540943 ], [ -70.778679899327258, -34.184160220798873 ], [ -70.777775391182232, -34.18554832116758 ], [ -70.77569424576059, -34.185509850471526 ], [ -70.774517636478791, -34.184083294330208 ], [ -70.775422136351708, -34.182695197768538 ], [ -70.777503253779855, -34.182733653540943 ] ] ] } },
{ "type": "Feature", "properties": { "h3": "89b2c1c5453ffff", "acc_caminata_m2_comercio": 1.0962971180526468, "acc_caminata_m2_departamento": 0.042861562083950762, "acc_caminata_n_deporte_y_recreacion": 1.9577599959600141e-05, "acc_caminata_n_educacion_y_cultura": 0.002221533340918676, "acc_caminata_m2_habitacional": 5194.0600373780408, "acc_caminata_m2_industria": 0.0077255058639171753, "acc_caminata_m2_oficina": 0.15772986522513396, "acc_caminata_n_salud": 2.5566487709863765e-05, "acc_caminata_n_paraderos": 0.0001913282883401454 }, "geometry": { "type": "Polygon", "coordinates": [ [ [ -70.67113639986249, -34.177914336307303 ], [ -70.67231149656773, -34.179341453948723 ], [ -70.671407102999751, -34.180728358353015 ], [ -70.669327621190334, -34.180688141286325 ], [ -70.668152560937173, -34.179261034849326 ], [ -70.66905694604003, -34.177874134274809 ], [ -70.67113639986249, -34.177914336307303 ] ] ] } },
{ "type": "Feature", "properties": { "h3": "89b2c1c185bffff", "acc_caminata_m2_comercio": 35.340928183193874, "acc_caminata_m2_departamento": 21968.662338612998, "acc_caminata_n_deporte_y_recreacion": 0.0096316558394548505, "acc_caminata_n_educacion_y_cultura": 0.0016828429331408126, "acc_caminata_m2_habitacional": 23263.431337086997, "acc_caminata_m2_industria": 2170.4033485606928, "acc_caminata_m2_oficina": 2.9841664403338188, "acc_caminata_n_salud": 1.1552325658600036e-06, "acc_caminata_n_paraderos": 0.14881301324242441 }, "geometry": { "type": "Polygon", "coordinates": [ [ [ -70.782657979960192, -34.171588780296801 ], [ -70.783834645869206, -34.173015524919251 ], [ -70.782930174238686, -34.174403966086736 ], [ -70.780849044959766, -34.174365658821365 ], [ -70.779672415303935, -34.172938925315385 ], [ -70.780576878672491, -34.171550487958491 ], [ -70.782657979960192, -34.171588780296801 ] ] ] } },
{ "type": "Feature", "properties": { "h3": "89b2c1c50dbffff", "acc_caminata_m2_comercio": 0.075374460625846157, "acc_caminata_m2_departamento": 2.0840585908333796e-06, "acc_caminata_n_deporte_y_recreacion": 4.2242158573450682e-07, "acc_caminata_n_educacion_y_cultura": 0.043671816886792975, "acc_caminata_m2_habitacional": 4085.3788793742715, "acc_caminata_m2_industria": 11.051823637121066, "acc_caminata_m2_oficina": 0.0065432679845229685, "acc_caminata_n_salud": 1.1494396850276247e-10, "acc_caminata_n_paraderos": 1.4748543914188975e-07 }, "geometry": { "type": "Polygon", "coordinates": [ [ [ -70.672489982963427, -34.191983264190497 ], [ -70.673665166494516, -34.193410123799886 ], [ -70.67276071980919, -34.194796695031989 ], [ -70.670681098055098, -34.194756402831253 ], [ -70.669505950977907, -34.193329554420067 ], [ -70.67041038919956, -34.191942987011643 ], [ -70.672489982963427, -34.191983264190497 ] ] ] } },
{ "type": "Feature", "properties": { "h3": "89b2c1ce50bffff", "acc_caminata_m2_comercio": 4.5988683622338495, "acc_caminata_m2_departamento": 0.0033556583781406157, "acc_caminata_n_deporte_y_recreacion": 0.1062046080565521, "acc_caminata_n_educacion_y_cultura": 0.011816361830188114, "acc_caminata_m2_habitacional": 367.63358112833771, "acc_caminata_m2_industria": 1.8027705005074441e-07, "acc_caminata_m2_oficina": 0.00071263306293015691, "acc_caminata_n_salud": 2.7366491294523295e-05, "acc_caminata_n_paraderos": 1.8906972066328738e-06 }, "geometry": { "type": "Polygon", "coordinates": [ [ [ -70.710741912936356, -34.201143099668371 ], [ -70.711917689825825, -34.202569628638216 ], [ -70.711013173890393, -34.20395644561107 ], [ -70.708932889458936, -34.203916729801783 ], [ -70.707757148958606, -34.202490211995844 ], [ -70.70866165649926, -34.201103398835485 ], [ -70.710741912936356, -34.201143099668371 ] ] ] } },
{ "type": "Feature", "properties": { "h3": "89b2c1ce5cfffff", "acc_caminata_m2_comercio": 0.13246284782261966, "acc_caminata_m2_departamento": 0.14789185872603611, "acc_caminata_n_deporte_y_recreacion": 0.095853547344916357, "acc_caminata_n_educacion_y_cultura": 0.1920923890189267, "acc_caminata_m2_habitacional": 564.52340090927089, "acc_caminata_m2_industria": 7.9452390598903384e-06, "acc_caminata_m2_oficina": 0.031407436750092339, "acc_caminata_n_salud": 0.001206106465044734, "acc_caminata_n_paraderos": 8.3327530000833067e-05 }, "geometry": { "type": "Polygon", "coordinates": [ [ [ -70.7134554160356, -34.196982311704154 ], [ -70.714631211933792, -34.19840890350671 ], [ -70.713726708847929, -34.199795857585585 ], [ -70.711646418252116, -34.199756216048399 ], [ -70.710470658737023, -34.19832963540906 ], [ -70.711375153433323, -34.196942685143895 ], [ -70.7134554160356, -34.196982311704154 ] ] ] } },
{ "type": "Feature", "properties": { "h3": "89b2c1c018fffff", "acc_caminata_m2_comercio": 7.0367040051292758e-06, "acc_caminata_m2_departamento": 1.2998473530493547e-06, "acc_caminata_n_deporte_y_recreacion": 1.5836264957137576e-10, "acc_caminata_n_educacion_y_cultura": 6.0457209709286149e-10, "acc_caminata_m2_habitacional": 66.272897818247714, "acc_caminata_m2_industria": 4.5174599003162802e-08, "acc_caminata_m2_oficina": 8.1574181057213973e-09, "acc_caminata_n_salud": 8.912941282257393e-14, "acc_caminata_n_paraderos": 7.5413747366146612e-10 }, "geometry": { "type": "Polygon", "coordinates": [ [ [ -70.71915334227279, -34.126840013861873 ], [ -70.720328884118729, -34.128267837627732 ], [ -70.719424634139145, -34.129656605803582 ], [ -70.717344850686658, -34.129617546372131 ], [ -70.716169345192966, -34.128189733790201 ], [ -70.717073586798151, -34.126800969456006 ], [ -70.71915334227279, -34.126840013861873 ] ] ] } },
{ "type": "Feature", "properties": { "h3": "89b2c1c1dcfffff", "acc_caminata_m2_comercio": 4480.5153536431208, "acc_caminata_m2_departamento": 467.72098775618747, "acc_caminata_n_deporte_y_recreacion": 0.18164829701168345, "acc_caminata_n_educacion_y_cultura": 1.4320686484500673, "acc_caminata_m2_habitacional": 11976.688958303102, "acc_caminata_m2_industria": 1379.8872196003722, "acc_caminata_m2_oficina": 225.07230724421413, "acc_caminata_n_salud": 0.06467053792958774, "acc_caminata_n_paraderos": 3.2503342767503298 }, "geometry": { "type": "Polygon", "coordinates": [ [ [ -70.753342718753174, -34.158400024811293 ], [ -70.754518901773849, -34.159827134390603 ], [ -70.753614504710896, -34.161215541217715 ], [ -70.751533932940347, -34.161176834643896 ], [ -70.75035778622086, -34.159749736209505 ], [ -70.751262174969384, -34.158361333204219 ], [ -70.753342718753174, -34.158400024811293 ] ] ] } },
{ "type": "Feature", "properties": { "h3": "89b2c1c564fffff", "acc_caminata_m2_comercio": 28.365280300597629, "acc_caminata_m2_departamento": 0.0011783202709637749, "acc_caminata_n_deporte_y_recreacion": 0.00071128150739311539, "acc_caminata_n_educacion_y_cultura": 0.59685326699691243, "acc_caminata_m2_habitacional": 1152.5579299206083, "acc_caminata_m2_industria": 0.00036933326783819635, "acc_caminata_m2_oficina": 2.1617167776205295, "acc_caminata_n_salud": 2.8274315400675277e-05, "acc_caminata_n_paraderos": 3.0238287286261392e-06 }, "geometry": { "type": "Polygon", "coordinates": [ [ [ -70.694463174576953, -34.193810900204298 ], [ -70.695638682605519, -34.195237631607938 ], [ -70.694734208702187, -34.196624429505881 ], [ -70.692654235192762, -34.196584492181714 ], [ -70.691478763579866, -34.195157771957852 ], [ -70.692383229059359, -34.193770977878579 ], [ -70.694463174576953, -34.193810900204298 ] ] ] } },
{ "type": "Feature", "properties": { "h3": "89b2c1c0a7bffff", "acc_caminata_m2_comercio": 913.93841481992013, "acc_caminata_m2_departamento": 2114.909937658992, "acc_caminata_n_deporte_y_recreacion": 0.3196004420274523, "acc_caminata_n_educacion_y_cultura": 1.3901720131837441, "acc_caminata_m2_habitacional": 21174.442444100841, "acc_caminata_m2_industria": 19.342834322260398, "acc_caminata_m2_oficina": 824.40970507993211, "acc_caminata_n_salud": 0.12390597648410685, "acc_caminata_n_paraderos": 1.7927766812957355 }, "geometry": { "type": "Polygon", "coordinates": [ [ [ -70.733263425245894, -34.176289760926487 ], [ -70.734439406162608, -34.177716637491542 ], [ -70.733534961286622, -34.179104351308709 ], [ -70.731454543844677, -34.179065184742626 ], [ -70.730278599269937, -34.177638319332267 ], [ -70.731183035793777, -34.176250609333501 ], [ -70.733263425245894, -34.176289760926487 ] ] ] } },
{ "type": "Feature", "properties": { "h3": "89b2c1c038bffff", "acc_caminata_m2_comercio": 132.36393217418956, "acc_caminata_m2_departamento": 215.82297378224098, "acc_caminata_n_deporte_y_recreacion": 0.0052695549878533313, "acc_caminata_n_educacion_y_cultura": 2.2821797875883458, "acc_caminata_m2_habitacional": 9810.3008665635043, "acc_caminata_m2_industria": 32.622434876851884, "acc_caminata_m2_oficina": 6.8281945911503481, "acc_caminata_n_salud": 0.00013406922762575381, "acc_caminata_n_paraderos": 0.72023529555179489 }, "geometry": { "type": "Polygon", "coordinates": [ [ [ -70.744927810903732, -34.135755817305515 ], [ -70.746103764953915, -34.137183369289353 ], [ -70.745199458798055, -34.138572234760282 ], [ -70.743119206918848, -34.138533544414678 ], [ -70.741943289178039, -34.137106003590709 ], [ -70.742847587005713, -34.135717141952654 ], [ -70.744927810903732, -34.135755817305515 ] ] ] } },
{ "type": "Feature", "properties": { "h3": "89b2c1c0943ffff", "acc_caminata_m2_comercio": 123.42435432431174, "acc_caminata_m2_departamento": 0.38082244164120926, "acc_caminata_n_deporte_y_recreacion": 3.0162682063398307, "acc_caminata_n_educacion_y_cultura": 10.446835658738795, "acc_caminata_m2_habitacional": 20965.11061805228, "acc_caminata_m2_industria": 2.7044224556275224e-05, "acc_caminata_m2_oficina": 5.4983434913139488, "acc_caminata_n_salud": 0.00019569388839606847, "acc_caminata_n_paraderos": 0.1127988555322222 }, "geometry": { "type": "Polygon", "coordinates": [ [ [ -70.692295144525858, -34.171298408154023 ], [ -70.693470513604083, -34.172725552566007 ], [ -70.692566124664268, -34.174112883538399 ], [ -70.690486375071131, -34.174073066270566 ], [ -70.689311042405734, -34.172645933048251 ], [ -70.69021542291928, -34.171258605904299 ], [ -70.692295144525858, -34.171298408154023 ] ] ] } },
{ "type": "Feature", "properties": { "h3": "89b2c1c1c53ffff", "acc_caminata_m2_comercio": 0.59214220205211432, "acc_caminata_m2_departamento": 5.610529060148135, "acc_caminata_n_deporte_y_recreacion": 1.60172024541667e-06, "acc_caminata_n_educacion_y_cultura": 0.0068938728994275625, "acc_caminata_m2_habitacional": 260.47899731856529, "acc_caminata_m2_industria": 436.46758603184298, "acc_caminata_m2_oficina": 0.027444624777095011, "acc_caminata_n_salud": 4.7583428510882324e-05, "acc_caminata_n_paraderos": 0.0014322456074672785 }, "geometry": { "type": "Polygon", "coordinates": [ [ [ -70.777495413743353, -34.150413831945926 ], [ -70.778671904348286, -34.151840978947909 ], [ -70.777767515230835, -34.15322988267873 ], [ -70.77568664377705, -34.153191635587362 ], [ -70.774510189428199, -34.151764499713629 ], [ -70.7754145702757, -34.150375599803176 ], [ -70.777495413743353, -34.150413831945926 ] ] ] } },
{ "type": "Feature", "properties": { "h3": "89b2c1c5517ffff", "acc_caminata_m2_comercio": 0.013532452110856973, "acc_caminata_m2_departamento": 0.11198761089597714, "acc_caminata_n_deporte_y_recreacion": 6.4263531322390342e-06, "acc_caminata_n_educacion_y_cultura": 0.00013001168943219514, "acc_caminata_m2_habitacional": 58.980633958194126, "acc_caminata_m2_industria": 0.0013216436773583733, "acc_caminata_m2_oficina": 0.0041261073981222803, "acc_caminata_n_salud": 1.1724729349163421e-06, "acc_caminata_n_paraderos": 6.4077732629665434e-16 }, "geometry": { "type": "Polygon", "coordinates": [ [ [ -70.637775405761857, -34.187094284349726 ], [ -70.638950066463806, -34.188521381791226 ], [ -70.638045670687248, -34.189907644376362 ], [ -70.635966622733719, -34.189866805687828 ], [ -70.63479199854531, -34.188439719474452 ], [ -70.635696385795569, -34.187053460721685 ], [ -70.637775405761857, -34.187094284349726 ] ] ] } },
{ "type": "Feature", "properties": { "h3": "89b2c1c54d3ffff", "acc_caminata_m2_comercio": 50.04091165012801, "acc_caminata_m2_departamento": 0.35980781250196442, "acc_caminata_n_deporte_y_recreacion": 0.019437115440878894, "acc_caminata_n_educacion_y_cultura": 0.02648330198726781, "acc_caminata_m2_habitacional": 3772.6380960687588, "acc_caminata_m2_industria": 0.010855419090648818, "acc_caminata_m2_oficina": 1.5089296967652166, "acc_caminata_n_salud": 8.7591288604210797e-05, "acc_caminata_n_paraderos": 6.9936836845262715e-07 }, "geometry": { "type": "Polygon", "coordinates": [ [ [ -70.667340607796049, -34.170818504399904 ], [ -70.668515615960146, -34.172245765599733 ], [ -70.667611252103384, -34.173632799427239 ], [ -70.665531888552707, -34.173592568221594 ], [ -70.664356916845279, -34.172165318231805 ], [ -70.665261272230509, -34.170778288237784 ], [ -70.667340607796049, -34.170818504399904 ] ] ] } },
{ "type": "Feature", "properties": { "h3": "89b2c1c18dbffff", "acc_caminata_m2_comercio": 3622.400706640753, "acc_caminata_m2_departamento": 60.11000821332879, "acc_caminata_n_deporte_y_recreacion": 0.098394402054692867, "acc_caminata_n_educacion_y_cultura": 0.068944506364288796, "acc_caminata_m2_habitacional": 3793.6818470576359, "acc_caminata_m2_industria": 32.533661328840289, "acc_caminata_m2_oficina": 19.473378745456174, "acc_caminata_n_salud": 4.7313784129862894e-05, "acc_caminata_n_paraderos": 0.18152428192802861 }, "geometry": { "type": "Polygon", "coordinates": [ [ [ -70.77885598891433, -34.164492902640077 ], [ -70.780032566422733, -34.165919791239993 ], [ -70.779128124269803, -34.167308361856279 ], [ -70.777047112875579, -34.167270040058547 ], [ -70.775870571625006, -34.165843162580728 ], [ -70.776775005509506, -34.164454595778729 ], [ -70.77885598891433, -34.164492902640077 ] ] ] } },
{ "type": "Feature", "properties": { "h3": "89b2c1c515bffff", "acc_caminata_m2_comercio": 201.38595481584701, "acc_caminata_m2_departamento": 315.88770133057528, "acc_caminata_n_deporte_y_recreacion": 3.4548231247995939e-12, "acc_caminata_n_educacion_y_cultura": 9.0038139410721568e-08, "acc_caminata_m2_habitacional": 11527.790754910739, "acc_caminata_m2_industria": 0.35016936204019428, "acc_caminata_m2_oficina": 7.7739833946837621e-05, "acc_caminata_n_salud": 3.4299726312127079e-13, "acc_caminata_n_paraderos": 9.7760611064350488e-13 }, "geometry": { "type": "Polygon", "coordinates": [ [ [ -70.655397809173593, -34.208497527434048 ], [ -70.656572825990906, -34.209924164975838 ], [ -70.655668334534184, -34.211310113482362 ], [ -70.653588834754643, -34.211269420627161 ], [ -70.652413854426257, -34.209842794291426 ], [ -70.653318337387148, -34.208456849605014 ], [ -70.655397809173593, -34.208497527434048 ] ] ] } },
{ "type": "Feature", "properties": { "h3": "89b2c1c1563ffff", "acc_caminata_m2_comercio": 3.6077189066724635, "acc_caminata_m2_departamento": 6.1340293382169178e-08, "acc_caminata_n_deporte_y_recreacion": 7.1510739307957448e-07, "acc_caminata_n_educacion_y_cultura": 5.874686296616902e-11, "acc_caminata_m2_habitacional": 154.13790861591326, "acc_caminata_m2_industria": 2.9795737034652915e-05, "acc_caminata_m2_oficina": 4.2251600634217535e-10, "acc_caminata_n_salud": 4.0915509892659941e-13, "acc_caminata_n_paraderos": 1.3045673497123103e-11 }, "geometry": { "type": "Polygon", "coordinates": [ [ [ -70.791060638105478, -34.129574480104289 ], [ -70.792237223004477, -34.13100194104161 ], [ -70.791332898664891, -34.13239152999914 ], [ -70.789251997668828, -34.132353654193274 ], [ -70.788075448995713, -34.130926204380735 ], [ -70.78897976509144, -34.129536619249464 ], [ -70.791060638105478, -34.129574480104289 ] ] ] } },
{ "type": "Feature", "properties": { "h3": "89b2c1ce58bffff", "acc_caminata_m2_comercio": 0.86762586790362639, "acc_caminata_m2_departamento": 1.1897295869199065, "acc_caminata_n_deporte_y_recreacion": 3.4075822821777133, "acc_caminata_n_educacion_y_cultura": 0.077679393697822549, "acc_caminata_m2_habitacional": 116.12203053952275, "acc_caminata_m2_industria": 6.3916202461245634e-05, "acc_caminata_m2_oficina": 0.25265999814175144, "acc_caminata_n_salud": 0.0097026337947193689, "acc_caminata_n_paraderos": 0.00067033593803561011 }, "geometry": { "type": "Polygon", "coordinates": [ [ [ -70.70694352246224, -34.194049709169263 ], [ -70.708119210841815, -34.195476381966792 ], [ -70.707214724540904, -34.196863328417017 ], [ -70.705134558260269, -34.196823598253737 ], [ -70.703958906274408, -34.19539693662577 ], [ -70.704863384174104, -34.194009993991713 ], [ -70.70694352246224, -34.194049709169263 ] ] ] } },
{ "type": "Feature", "properties": { "h3": "89b2c1c1c97ffff", "acc_caminata_m2_comercio": 6.0020023624576551, "acc_caminata_m2_departamento": 2.4327058515388256, "acc_caminata_n_deporte_y_recreacion": 3.6366202527398142e-05, "acc_caminata_n_educacion_y_cultura": 0.0010292774483773102, "acc_caminata_m2_habitacional": 1088.965561119315, "acc_caminata_m2_industria": 0.38037483584429271, "acc_caminata_m2_oficina": 0.0094012864447038241, "acc_caminata_n_salud": 1.6226758997364762e-05, "acc_caminata_n_paraderos": 0.00030065509375812625 }, "geometry": { "type": "Polygon", "coordinates": [ [ [ -70.761210167204354, -34.143085884857889 ], [ -70.762386389588571, -34.144513234460696 ], [ -70.76148204187912, -34.145902119077206 ], [ -70.75940148008317, -34.145863650264481 ], [ -70.758225293981695, -34.144436311805727 ], [ -70.759129633392092, -34.14304743101583 ], [ -70.761210167204354, -34.143085884857889 ] ] ] } },
{ "type": "Feature", "properties": { "h3": "89b2c1c0e73ffff", "acc_caminata_m2_comercio": 30304.564030076526, "acc_caminata_m2_departamento": 2549.3233725511091, "acc_caminata_n_deporte_y_recreacion": 0.030819038512737755, "acc_caminata_n_educacion_y_cultura": 0.82181054707231993, "acc_caminata_m2_habitacional": 5783.3316989677842, "acc_caminata_m2_industria": 269.03385132689914, "acc_caminata_m2_oficina": 556.6390964657254, "acc_caminata_n_salud": 0.093850084319839447, "acc_caminata_n_paraderos": 4.3764323547537289 }, "geometry": { "type": "Polygon", "coordinates": [ [ [ -70.728106863107087, -34.1551179912544 ], [ -70.729282668697422, -34.156545269791955 ], [ -70.728378306473232, -34.157933446164201 ], [ -70.726298147017445, -34.15789434017092 ], [ -70.725122377771967, -34.156467072799899 ], [ -70.726026731636082, -34.155078900255809 ], [ -70.728106863107087, -34.1551179912544 ] ] ] } },
{ "type": "Feature", "properties": { "h3": "89b2c1c730fffff", "acc_caminata_m2_comercio": 48.004633456902901, "acc_caminata_m2_departamento": 118.03063000854507, "acc_caminata_n_deporte_y_recreacion": 0.011183933990636358, "acc_caminata_n_educacion_y_cultura": 4.066432670117333, "acc_caminata_m2_habitacional": 12696.375514211122, "acc_caminata_m2_industria": 0.13407059433309648, "acc_caminata_m2_oficina": 6.2151930033830753, "acc_caminata_n_salud": 3.5190702048987358e-05, "acc_caminata_n_paraderos": 2.5848943470043294e-13 }, "geometry": { "type": "Polygon", "coordinates": [ [ [ -70.639407428553838, -34.171679738002169 ], [ -70.640582038971516, -34.173107104486341 ], [ -70.639677698437424, -34.174493770676349 ], [ -70.637598756006568, -34.174453066543904 ], [ -70.63642418209497, -34.173025711292119 ], [ -70.637328514106784, -34.171639048940584 ], [ -70.639407428553838, -34.171679738002169 ] ] ] } },
{ "type": "Feature", "properties": { "h3": "89b2c1ca817ffff", "acc_caminata_m2_comercio": 1373.0401690940423, "acc_caminata_m2_departamento": 3.7530679184611852e-11, "acc_caminata_n_deporte_y_recreacion": 3.5565029797464988e-16, "acc_caminata_n_educacion_y_cultura": 0.022988718721221092, "acc_caminata_m2_habitacional": 1983.4138322921958, "acc_caminata_m2_industria": 5.3264826395669074, "acc_caminata_m2_oficina": 41.760025303145383, "acc_caminata_n_salud": 4.7830304425398777e-20, "acc_caminata_n_paraderos": 0.14246615804069138 }, "geometry": { "type": "Polygon", "coordinates": [ [ [ -70.833432598437568, -34.180943695098186 ], [ -70.834610034929668, -34.182370048075995 ], [ -70.833705484912528, -34.183758883280248 ], [ -70.831623506572086, -34.183721361710198 ], [ -70.830446106245816, -34.182295019804464 ], [ -70.831350648092808, -34.180906188396889 ], [ -70.833432598437568, -34.180943695098186 ] ] ] } },
{ "type": "Feature", "properties": { "h3": "89b2c1c5553ffff", "acc_caminata_m2_comercio": 531.64605600639925, "acc_caminata_m2_departamento": 5.3532842511962695, "acc_caminata_n_deporte_y_recreacion": 0.1210758567625288, "acc_caminata_n_educacion_y_cultura": 0.11288229691426155, "acc_caminata_m2_habitacional": 11671.909642538638, "acc_caminata_m2_industria": 0.54984312307329308, "acc_caminata_m2_oficina": 14.822950978566404, "acc_caminata_n_salud": 0.0009159378119895249, "acc_caminata_n_paraderos": 8.1200243578698889e-13 }, "geometry": { "type": "Polygon", "coordinates": [ [ [ -70.65025020301691, -34.187338502167528 ], [ -70.651425044438724, -34.188765541337482 ], [ -70.650520635868332, -34.190151952512686 ], [ -70.648441394378438, -34.190111320688224 ], [ -70.647266589448293, -34.188684292736184 ], [ -70.648170989515009, -34.187297885390862 ], [ -70.65025020301691, -34.187338502167528 ] ] ] } },
{ "type": "Feature", "properties": { "h3": "89b2c1c195bffff", "acc_caminata_m2_comercio": 105.97821706888148, "acc_caminata_m2_departamento": 2.62132694516233, "acc_caminata_n_deporte_y_recreacion": 0.42845540227476947, "acc_caminata_n_educacion_y_cultura": 0.17344924292419789, "acc_caminata_m2_habitacional": 33194.442295211455, "acc_caminata_m2_industria": 4.4225673866246407, "acc_caminata_m2_oficina": 13.17228979536506, "acc_caminata_n_salud": 7.1564193586649879e-05, "acc_caminata_n_paraderos": 6.1685612254924242 }, "geometry": { "type": "Polygon", "coordinates": [ [ [ -70.761759690929651, -34.181037070311739 ], [ -70.762936102946981, -34.182463737078521 ], [ -70.762031614998591, -34.183851685127635 ], [ -70.759950723332139, -34.183812962599333 ], [ -70.758774347607769, -34.182386306962492 ], [ -70.759678827255527, -34.180998362724225 ], [ -70.761759690929651, -34.181037070311739 ] ] ] } },
{ "type": "Feature", "properties": { "h3": "89b2c1c51dbffff", "acc_caminata_m2_comercio": 2.2691434746234611, "acc_caminata_m2_departamento": 6.0846834795675528, "acc_caminata_n_deporte_y_recreacion": 2.3395098647407722e-14, "acc_caminata_n_educacion_y_cultura": 6.097131683593978e-10, "acc_caminata_m2_habitacional": 2989.6999265572849, "acc_caminata_m2_industria": 0.002371249257139722, "acc_caminata_m2_oficina": 5.2643247376806365e-07, "acc_caminata_n_salud": 2.3226818035665646e-15, "acc_caminata_n_paraderos": 6.6200759259245923e-15 }, "geometry": { "type": "Polygon", "coordinates": [ [ [ -70.651602434628003, -34.201404571585805 ], [ -70.652777362863077, -34.20283135276722 ], [ -70.651872901157645, -34.2042174307457 ], [ -70.649793519718017, -34.204176723719193 ], [ -70.648618627976433, -34.202749953749503 ], [ -70.649523081179652, -34.201363879594787 ], [ -70.651602434628003, -34.201404571585805 ] ] ] } },
{ "type": "Feature", "properties": { "h3": "89b2c1c738fffff", "acc_caminata_m2_comercio": 27.820907625914931, "acc_caminata_m2_departamento": 14.186628097777177, "acc_caminata_n_deporte_y_recreacion": 1.234949796311417e-05, "acc_caminata_n_educacion_y_cultura": 0.0007185079029614779, "acc_caminata_m2_habitacional": 3869.9188355703877, "acc_caminata_m2_industria": 0.00032253660900986191, "acc_caminata_m2_oficina": 0.047490884319708833, "acc_caminata_n_salud": 1.3724752056208277e-06, "acc_caminata_n_paraderos": 7.1451685085073708e-14 }, "geometry": { "type": "Polygon", "coordinates": [ [ [ -70.635613528654204, -34.164583149345383 ], [ -70.636788050496975, -34.166010659230643 ], [ -70.635883739738389, -34.167397454822229 ], [ -70.633804915664371, -34.167356736686614 ], [ -70.632630430332227, -34.165929238039411 ], [ -70.633534732562154, -34.164542446289978 ], [ -70.635613528654204, -34.164583149345383 ] ] ] } },
{ "type": "Feature", "properties": { "h3": "89b2c1c0803ffff", "acc_caminata_m2_comercio": 507.8437141886476, "acc_caminata_m2_departamento": 5146.2216661252924, "acc_caminata_n_deporte_y_recreacion": 0.063268741817830779, "acc_caminata_n_educacion_y_cultura": 4.6936267573699757, "acc_caminata_m2_habitacional": 24816.973028789478, "acc_caminata_m2_industria": 0.082729954415622906, "acc_caminata_m2_oficina": 1.6550024907573637, "acc_caminata_n_salud": 0.00062215237429927902, "acc_caminata_n_paraderos": 3.3017733322922367 }, "geometry": { "type": "Polygon", "coordinates": [ [ [ -70.703689624193188, -34.160277052821229 ], [ -70.704865104130178, -34.161704345190714 ], [ -70.703960745250214, -34.163092091218502 ], [ -70.701880914836721, -34.163052541046198 ], [ -70.700705471289197, -34.161625259861125 ], [ -70.701609821764364, -34.160237517664136 ], [ -70.703689624193188, -34.160277052821229 ] ] ] } },
{ "type": "Feature", "properties": { "h3": "89b2c1ce48fffff", "acc_caminata_m2_comercio": 5957.4708639270002, "acc_caminata_m2_departamento": 32193.416939891977, "acc_caminata_n_deporte_y_recreacion": 0.020738769014002248, "acc_caminata_n_educacion_y_cultura": 0.6497851528464198, "acc_caminata_m2_habitacional": 5218.0668428879299, "acc_caminata_m2_industria": 3.5390386780968566, "acc_caminata_m2_oficina": 1819.4453328917871, "acc_caminata_n_salud": 8.2197199720293277, "acc_caminata_n_paraderos": 2.7151790132892053 }, "geometry": { "type": "Polygon", "coordinates": [ [ [ -70.724851890021796, -34.185963619729307 ], [ -70.726027796644715, -34.187390359503759 ], [ -70.725123323762176, -34.18877772869228 ], [ -70.723042952623445, -34.18873835429055 ], [ -70.721867082360234, -34.187311625674091 ], [ -70.722771546874682, -34.185924260301611 ], [ -70.724851890021796, -34.185963619729307 ] ] ] } },
{ "type": "Feature", "properties": { "h3": "89b2c1c1d53ffff", "acc_caminata_m2_comercio": 2691.1412825350149, "acc_caminata_m2_departamento": 576.55846431953478, "acc_caminata_n_deporte_y_recreacion": 0.048924625596584878, "acc_caminata_n_educacion_y_cultura": 0.14199490450711355, "acc_caminata_m2_habitacional": 8678.0936753401784, "acc_caminata_m2_industria": 13170.682309921613, "acc_caminata_m2_oficina": 141.82966780445457, "acc_caminata_n_salud": 0.040226337491940684, "acc_caminata_n_paraderos": 3.5644821385667296 }, "geometry": { "type": "Polygon", "coordinates": [ [ [ -70.756599507543953, -34.159865781664628 ], [ -70.757775744237009, -34.161292850728294 ], [ -70.756871338865466, -34.162681261376029 ], [ -70.754790705108093, -34.162642599139637 ], [ -70.753614504710896, -34.161215541217715 ], [ -70.754518901773849, -34.159827134390603 ], [ -70.756599507543953, -34.159865781664628 ] ] ] } },
{ "type": "Feature", "properties": { "h3": "89b2c1c55d3ffff", "acc_caminata_m2_comercio": 307.84797991475722, "acc_caminata_m2_departamento": 1493.7098493439396, "acc_caminata_n_deporte_y_recreacion": 0.066790831095543068, "acc_caminata_n_educacion_y_cultura": 1.7660376821947885, "acc_caminata_m2_habitacional": 5323.61718456785, "acc_caminata_m2_industria": 20.875437448505714, "acc_caminata_m2_oficina": 76.115921978305337, "acc_caminata_n_salud": 0.077132639093104027, "acc_caminata_n_paraderos": 1.3775937924874057e-11 }, "geometry": { "type": "Polygon", "coordinates": [ [ [ -70.646455447142088, -34.180243477466512 ], [ -70.647630199990729, -34.181670660155362 ], [ -70.646725821177156, -34.1830572007635 ], [ -70.644646698023678, -34.183016554849402 ], [ -70.643471981671269, -34.181589383384114 ], [ -70.644376351974756, -34.180202846609546 ], [ -70.646455447142088, -34.180243477466512 ] ] ] } },
{ "type": "Feature", "properties": { "h3": "89b2c1c19dbffff", "acc_caminata_m2_comercio": 1376.9201665235801, "acc_caminata_m2_departamento": 125.03086231186101, "acc_caminata_n_deporte_y_recreacion": 0.046767979324398495, "acc_caminata_n_educacion_y_cultura": 2.3470527377108934, "acc_caminata_m2_habitacional": 19700.123664874533, "acc_caminata_m2_industria": 122.91151011234425, "acc_caminata_m2_oficina": 45.963489655079044, "acc_caminata_n_salud": 0.0038568931292649782, "acc_caminata_n_paraderos": 4.7293985864320609 }, "geometry": { "type": "Polygon", "coordinates": [ [ [ -70.757958731824729, -34.173941997287223 ], [ -70.759135055409004, -34.175368807992044 ], [ -70.758230596984063, -34.17675688549982 ], [ -70.75614982328058, -34.17671814848849 ], [ -70.754973535993912, -34.175291348919266 ], [ -70.75587798611177, -34.173903275225996 ], [ -70.757958731824729, -34.173941997287223 ] ] ] } },
{ "type": "Feature", "properties": { "h3": "89b2c1c1663ffff", "acc_caminata_m2_comercio": 6.3463768939442415, "acc_caminata_m2_departamento": 6.0754420374989642e-15, "acc_caminata_n_deporte_y_recreacion": 4.3781350525768482e-06, "acc_caminata_n_educacion_y_cultura": 3.4486769001790908e-09, "acc_caminata_m2_habitacional": 541.02558642899464, "acc_caminata_m2_industria": 0.0017313852652057649, "acc_caminata_m2_oficina": 2.9882363901630712e-17, "acc_caminata_n_salud": 5.1526399518498958e-20, "acc_caminata_n_paraderos": 6.1068298324729972e-16 }, "geometry": { "type": "Polygon", "coordinates": [ [ [ -70.834766333586046, -34.130361573742832 ], [ -70.835943546748197, -34.131788828421158 ], [ -70.835039181792695, -34.133178937117783 ], [ -70.83295761183804, -34.133141787319126 ], [ -70.831780434824452, -34.131714543729991 ], [ -70.832684791615634, -34.130324438850522 ], [ -70.834766333586046, -34.130361573742832 ] ] ] } },
{ "type": "Feature", "properties": { "h3": "89b2c1c1bd7ffff", "acc_caminata_m2_comercio": 0.90016755547639482, "acc_caminata_m2_departamento": 0.0036769120646832471, "acc_caminata_n_deporte_y_recreacion": 0.00020221086030381322, "acc_caminata_n_educacion_y_cultura": 1.0125518154200264, "acc_caminata_m2_habitacional": 4709.0149942458847, "acc_caminata_m2_industria": 0.0071380113104887715, "acc_caminata_m2_oficina": 0.46429098946407715, "acc_caminata_n_salud": 1.6820599840871699e-06, "acc_caminata_n_paraderos": 0.081994478292371761 }, "geometry": { "type": "Polygon", "coordinates": [ [ [ -70.774517636478791, -34.184083294330208 ], [ -70.77569424576059, -34.185509850471526 ], [ -70.774789735277892, -34.186897880393353 ], [ -70.772708623789697, -34.186859350366973 ], [ -70.7715320507792, -34.185432805344185 ], [ -70.772436552984246, -34.184044779229431 ], [ -70.774517636478791, -34.184083294330208 ] ] ] } },
{ "type": "Feature", "properties": { "h3": "89b2c1c5457ffff", "acc_caminata_m2_comercio": 4.2964114050674596, "acc_caminata_m2_departamento": 0.27083535712705642, "acc_caminata_n_deporte_y_recreacion": 0.00012083763224559588, "acc_caminata_n_educacion_y_cultura": 0.0018460956691871463, "acc_caminata_m2_habitacional": 8061.5215879702419, "acc_caminata_m2_industria": 0.036049863337314032, "acc_caminata_m2_oficina": 0.36258093332416902, "acc_caminata_n_salud": 0.00011872172777848842, "acc_caminata_n_paraderos": 3.0234714160380707e-05 }, "geometry": { "type": "Polygon", "coordinates": [ [ [ -70.668152560937173, -34.179261034849326 ], [ -70.669327621190334, -34.180688141286325 ], [ -70.668423225464139, -34.18207497523148 ], [ -70.666343777954097, -34.182034698910044 ], [ -70.665168754158699, -34.180607603679391 ], [ -70.666073141414245, -34.17922077356404 ], [ -70.668152560937173, -34.179261034849326 ] ] ] } },
{ "type": "Feature", "properties": { "h3": "89b2c1c0e37ffff", "acc_caminata_m2_comercio": 325.96168725220087, "acc_caminata_m2_departamento": 13716.683317026782, "acc_caminata_n_deporte_y_recreacion": 2.2288305130154433, "acc_caminata_n_educacion_y_cultura": 7.6999920406377642, "acc_caminata_m2_habitacional": 18932.692048668872, "acc_caminata_m2_industria": 0.87936619049564979, "acc_caminata_m2_oficina": 94.724649967117031, "acc_caminata_n_salud": 0.01472352898372129, "acc_caminata_n_paraderos": 8.4713688320159957 }, "geometry": { "type": "Polygon", "coordinates": [ [ [ -70.715626555246672, -34.154882927507714 ], [ -70.716802180684851, -34.156310264595604 ], [ -70.715897830706012, -34.157698292417635 ], [ -70.713817863670414, -34.157658979321262 ], [ -70.712642274599034, -34.15623165341006 ], [ -70.713546616195103, -34.15484362941875 ], [ -70.715626555246672, -34.154882927507714 ] ] ] } },
{ "type": "Feature", "properties": { "h3": "89b2c1c0883ffff", "acc_caminata_m2_comercio": 12.801795823009451, "acc_caminata_m2_departamento": 5.8958784806349369, "acc_caminata_n_deporte_y_recreacion": 0.2092035263635646, "acc_caminata_n_educacion_y_cultura": 0.0013370890830916465, "acc_caminata_m2_habitacional": 7875.9914165067885, "acc_caminata_m2_industria": 0.14340660539020442, "acc_caminata_m2_oficina": 15.716511048339344, "acc_caminata_n_salud": 1.1848808140807375e-05, "acc_caminata_n_paraderos": 0.75175380877092224 }, "geometry": { "type": "Polygon", "coordinates": [ [ [ -70.6998922644202, -34.153179680274036 ], [ -70.701067655868201, -34.154607116249601 ], [ -70.70016332662756, -34.155994991680032 ], [ -70.698083614348761, -34.155955427300604 ], [ -70.696908259294815, -34.154528002515093 ], [ -70.697812580124264, -34.153140130919148 ], [ -70.6998922644202, -34.153179680274036 ] ] ] } },
{ "type": "Feature", "properties": { "h3": "89b2c1c1dd3ffff", "acc_caminata_m2_comercio": 226.51379829696654, "acc_caminata_m2_departamento": 7662.5996873700888, "acc_caminata_n_deporte_y_recreacion": 0.48081240311697454, "acc_caminata_n_educacion_y_cultura": 0.37425519476317859, "acc_caminata_m2_habitacional": 13892.281000798252, "acc_caminata_m2_industria": 42.976375575543308, "acc_caminata_m2_oficina": 5.6275587102238971, "acc_caminata_n_salud": 2.0018726599480323, "acc_caminata_n_paraderos": 10.850486202389977 }, "geometry": { "type": "Polygon", "coordinates": [ [ [ -70.752799167134711, -34.15276863718303 ], [ -70.753975315403622, -34.154195850063886 ], [ -70.753070939561198, -34.155584390130969 ], [ -70.750990423763525, -34.155545713493083 ], [ -70.749814311795078, -34.154118511759613 ], [ -70.750718679322489, -34.152729975516806 ], [ -70.752799167134711, -34.15276863718303 ] ] ] } },
{ "type": "Feature", "properties": { "h3": "89b2c1c1a5bffff", "acc_caminata_m2_comercio": 1699.0000345081066, "acc_caminata_m2_departamento": 0.00016260351572379675, "acc_caminata_n_deporte_y_recreacion": 1.5408724295751668e-09, "acc_caminata_n_educacion_y_cultura": 0.00068182950760226047, "acc_caminata_m2_habitacional": 1.1889106093759709, "acc_caminata_m2_industria": 0.00050386421064549023, "acc_caminata_m2_oficina": 9.2824394984973085e-06, "acc_caminata_n_salud": 2.0722714927307201e-13, "acc_caminata_n_paraderos": 1.1551055062020835e-06 }, "geometry": { "type": "Polygon", "coordinates": [ [ [ -70.80546520886476, -34.1818419425801 ], [ -70.806642250099159, -34.183268402855418 ], [ -70.80573772079812, -34.184656870662209 ], [ -70.803656158482482, -34.184618874392015 ], [ -70.802479153463835, -34.183192425211047 ], [ -70.803383674543738, -34.181803961206114 ], [ -70.80546520886476, -34.1818419425801 ] ] ] } },
{ "type": "Feature", "properties": { "h3": "89b2c1c038fffff", "acc_caminata_m2_comercio": 12251.238320469343, "acc_caminata_m2_departamento": 27160.789534474832, "acc_caminata_n_deporte_y_recreacion": 0.020707424820240274, "acc_caminata_n_educacion_y_cultura": 1.9974159268985396, "acc_caminata_m2_habitacional": 3159.5183966057275, "acc_caminata_m2_industria": 1948.1410321623532, "acc_caminata_m2_oficina": 23.6188822476078, "acc_caminata_n_salud": 0.0015452485560820523, "acc_caminata_n_paraderos": 0.51734212033775195 }, "geometry": { "type": "Polygon", "coordinates": [ [ [ -70.741943289178039, -34.137106003590709 ], [ -70.743119206918848, -34.138533544414678 ], [ -70.742214898481151, -34.139922339447118 ], [ -70.740134680634995, -34.139883589822887 ], [ -70.738958799209243, -34.138456060160706 ], [ -70.73986309931324, -34.137067268961161 ], [ -70.741943289178039, -34.137106003590709 ] ] ] } },
{ "type": "Feature", "properties": { "h3": "89b2c1c0017ffff", "acc_caminata_m2_comercio": 7.1993508069686198, "acc_caminata_m2_departamento": 2.4541873894694954, "acc_caminata_n_deporte_y_recreacion": 0.18414668059076192, "acc_caminata_n_educacion_y_cultura": 0.29300939664967102, "acc_caminata_m2_habitacional": 9494.391715785845, "acc_caminata_m2_industria": 1.8264212283468753, "acc_caminata_m2_oficina": 4.9600578023408168, "acc_caminata_n_salud": 5.2516455820202412e-08, "acc_caminata_n_paraderos": 0.90474257956096993 }, "geometry": { "type": "Polygon", "coordinates": [ [ [ -70.740313775331629, -34.120205506153688 ], [ -70.741489588853085, -34.12163335656966 ], [ -70.740585344072443, -34.123022551206425 ], [ -70.738505294104527, -34.122983891587154 ], [ -70.737329516896011, -34.121556052340345 ], [ -70.738233753341135, -34.120166861543829 ], [ -70.740313775331629, -34.120205506153688 ] ] ] } },
{ "type": "Feature", "properties": { "h3": "89b2c1c0c7bffff", "acc_caminata_m2_comercio": 14.310770943104808, "acc_caminata_m2_departamento": 111.9200054874557, "acc_caminata_n_deporte_y_recreacion": 0.0041227873108537509, "acc_caminata_n_educacion_y_cultura": 0.27220093930672157, "acc_caminata_m2_habitacional": 13553.929355660552, "acc_caminata_m2_industria": 12.822052895937205, "acc_caminata_m2_oficina": 0.42171598285005762, "acc_caminata_n_salud": 0.019867631206160054, "acc_caminata_n_paraderos": 0.075180777342061772 }, "geometry": { "type": "Polygon", "coordinates": [ [ [ -70.70857330034309, -34.146318260799745 ], [ -70.709748783572621, -34.14774578192565 ], [ -70.708844471596151, -34.14913393531026 ], [ -70.706764684783764, -34.149094563733527 ], [ -70.705589237930951, -34.147667053793121 ], [ -70.706493541512458, -34.146278904244149 ], [ -70.70857330034309, -34.146318260799745 ] ] ] } },
{ "type": "Feature", "properties": { "h3": "89b2c1c54d7ffff", "acc_caminata_m2_comercio": 259.09819712326077, "acc_caminata_m2_departamento": 1.8014825033288635, "acc_caminata_n_deporte_y_recreacion": 0.11592424612801139, "acc_caminata_n_educacion_y_cultura": 0.14066410954933029, "acc_caminata_m2_habitacional": 19500.375203457108, "acc_caminata_m2_industria": 0.064963857514347412, "acc_caminata_m2_oficina": 2.1293411132903124, "acc_caminata_n_salud": 0.00047311352572580707, "acc_caminata_n_paraderos": 1.6309686100037544e-07 }, "geometry": { "type": "Polygon", "coordinates": [ [ [ -70.664356916845279, -34.172165318231805 ], [ -70.665531888552707, -34.173592568221594 ], [ -70.664627522544222, -34.174979531591319 ], [ -70.662548193304048, -34.174939241137984 ], [ -70.661373258058944, -34.173512002360191 ], [ -70.662277615590369, -34.172125042823943 ], [ -70.664356916845279, -34.172165318231805 ] ] ] } },
{ "type": "Feature", "properties": { "h3": "89b2c1c0903ffff", "acc_caminata_m2_comercio": 1784.6235062865492, "acc_caminata_m2_departamento": 1.1192111414988193, "acc_caminata_n_deporte_y_recreacion": 0.0078329954926252346, "acc_caminata_n_educacion_y_cultura": 0.7909728146557885, "acc_caminata_m2_habitacional": 27084.647859773468, "acc_caminata_m2_industria": 1.6150118881743957e-05, "acc_caminata_m2_oficina": 214.27958385167858, "acc_caminata_n_salud": 0.12204915323888403, "acc_caminata_n_paraderos": 0.55459674393187375 }, "geometry": { "type": "Polygon", "coordinates": [ [ [ -70.682801225891083, -34.169711778112422 ], [ -70.683976450982868, -34.171138992150418 ], [ -70.683072076718631, -34.172526245009884 ], [ -70.680992485804666, -34.172486280000662 ], [ -70.67981729714198, -34.171059077160614 ], [ -70.68072166296281, -34.169671828132067 ], [ -70.682801225891083, -34.169711778112422 ] ] ] } },
{ "type": "Feature", "properties": { "h3": "89b2c1ce58fffff", "acc_caminata_m2_comercio": 0.04657922255768248, "acc_caminata_m2_departamento": 0.066618433757908463, "acc_caminata_n_deporte_y_recreacion": 0.03643049925171913, "acc_caminata_n_educacion_y_cultura": 0.0043301489928503946, "acc_caminata_m2_habitacional": 4.8338102035856352, "acc_caminata_m2_industria": 3.5789622671694426e-06, "acc_caminata_m2_oficina": 0.014147595835668022, "acc_caminata_n_salud": 0.00054329510994522508, "acc_caminata_n_paraderos": 3.7535193521732438e-05 }, "geometry": { "type": "Polygon", "coordinates": [ [ [ -70.703958906274408, -34.19539693662577 ], [ -70.705134558260269, -34.196823598253737 ], [ -70.70423006974049, -34.19821047424503 ], [ -70.702149937640243, -34.198170684792352 ], [ -70.700974322053767, -34.196744034335872 ], [ -70.701878802166831, -34.195357162160789 ], [ -70.703958906274408, -34.19539693662577 ] ] ] } },
{ "type": "Feature", "properties": { "h3": "89b2c1c08c3ffff", "acc_caminata_m2_comercio": 648.17996463322595, "acc_caminata_m2_departamento": 19468.143224363113, "acc_caminata_n_deporte_y_recreacion": 0.38640265571081162, "acc_caminata_n_educacion_y_cultura": 0.73320328369639998, "acc_caminata_m2_habitacional": 15544.883901294228, "acc_caminata_m2_industria": 2.2061671533476899, "acc_caminata_m2_oficina": 214.91468066240952, "acc_caminata_n_salud": 0.0064641263227588125, "acc_caminata_n_paraderos": 4.8574410685292495 }, "geometry": { "type": "Polygon", "coordinates": [ [ [ -70.709386834356252, -34.154764929714794 ], [ -70.710562369687139, -34.156192296052282 ], [ -70.709658025863774, -34.157580249596144 ], [ -70.707578155102254, -34.157540832970724 ], [ -70.706402656149137, -34.15611347781504 ], [ -70.707306991578434, -34.154725528103164 ], [ -70.709386834356252, -34.154764929714794 ] ] ] } },
{ "type": "Feature", "properties": { "h3": "89b2c1c0e77ffff", "acc_caminata_m2_comercio": 4094.8789336395025, "acc_caminata_m2_departamento": 10326.011217514315, "acc_caminata_n_deporte_y_recreacion": 0.0067601540535312515, "acc_caminata_n_educacion_y_cultura": 0.22990615319371549, "acc_caminata_m2_habitacional": 17776.00593527692, "acc_caminata_m2_industria": 37.798992881924221, "acc_caminata_m2_oficina": 73.263513829171274, "acc_caminata_n_salud": 0.011036889609152934, "acc_caminata_n_paraderos": 4.9764227461706758 }, "geometry": { "type": "Polygon", "coordinates": [ [ [ -70.725122377771967, -34.156467072799899 ], [ -70.726298147017445, -34.15789434017092 ], [ -70.725393782539427, -34.159282446097258 ], [ -70.723313657180157, -34.159243280824576 ], [ -70.722137924285178, -34.157816024622001 ], [ -70.723042280397593, -34.156427922523839 ], [ -70.725122377771967, -34.156467072799899 ] ] ] } },
{ "type": "Feature", "properties": { "h3": "89b2c1c56d3ffff", "acc_caminata_m2_comercio": 206.15377771064132, "acc_caminata_m2_departamento": 0.94798905479401485, "acc_caminata_n_deporte_y_recreacion": 0.1954550235992385, "acc_caminata_n_educacion_y_cultura": 8.4352567147123469, "acc_caminata_m2_habitacional": 13376.243129924696, "acc_caminata_m2_industria": 0.20298091732714202, "acc_caminata_m2_oficina": 151.68231910019173, "acc_caminata_n_salud": 4.9952868512684553e-06, "acc_caminata_n_paraderos": 0.057896965918044288 }, "geometry": { "type": "Polygon", "coordinates": [ [ [ -70.690123887241398, -34.18108875954858 ], [ -70.691299272008749, -34.182515737929371 ], [ -70.69039484901387, -34.183902798556389 ], [ -70.688315049681194, -34.183862876978033 ], [ -70.687139701333408, -34.182435909785134 ], [ -70.688044115897412, -34.181048852982904 ], [ -70.690123887241398, -34.18108875954858 ] ] ] } },
{ "type": "Feature", "properties": { "h3": "89b2c1c5497ffff", "acc_caminata_m2_comercio": 5.6859539500095284, "acc_caminata_m2_departamento": 1.7792260519389522, "acc_caminata_n_deporte_y_recreacion": 0.0016756145860270903, "acc_caminata_n_educacion_y_cultura": 0.0068569591998929738, "acc_caminata_m2_habitacional": 14372.826623345651, "acc_caminata_m2_industria": 0.2039190537755339, "acc_caminata_m2_oficina": 0.47508335661045742, "acc_caminata_n_salud": 0.0014103809725327619, "acc_caminata_n_paraderos": 7.3436297466988386e-13 }, "geometry": { "type": "Polygon", "coordinates": [ [ [ -70.654865077509953, -34.17057669023346 ], [ -70.656039905092527, -34.172004009724851 ], [ -70.655135553908266, -34.173390894967895 ], [ -70.653056383634279, -34.173350456883782 ], [ -70.651881592530287, -34.171923148612656 ], [ -70.652785935220379, -34.170536267205584 ], [ -70.654865077509953, -34.17057669023346 ] ] ] } },
{ "type": "Feature", "properties": { "h3": "89b2c1c7313ffff", "acc_caminata_m2_comercio": 56.399172001557815, "acc_caminata_m2_departamento": 28.759452745652627, "acc_caminata_n_deporte_y_recreacion": 2.5035181063100148e-05, "acc_caminata_n_educacion_y_cultura": 0.0014565754413366444, "acc_caminata_m2_habitacional": 10789.879902693861, "acc_caminata_m2_industria": 0.00065385349511034002, "acc_caminata_m2_oficina": 0.096274592808697337, "acc_caminata_n_salud": 2.7823127207244279e-06, "acc_caminata_n_paraderos": 1.4484846903989849e-13 }, "geometry": { "type": "Polygon", "coordinates": [ [ [ -70.638866908978372, -34.166051318143097 ], [ -70.640041484682357, -34.167478787723141 ], [ -70.639137165400882, -34.168865587155636 ], [ -70.637058278937005, -34.168824913167398 ], [ -70.635883739738389, -34.167397454822229 ], [ -70.636788050496975, -34.166010659230643 ], [ -70.638866908978372, -34.166051318143097 ] ] ] } },
{ "type": "Feature", "properties": { "h3": "89b2c1ce413ffff", "acc_caminata_m2_comercio": 2796.18619862183, "acc_caminata_m2_departamento": 151.51810325196223, "acc_caminata_n_deporte_y_recreacion": 0.057950044233392416, "acc_caminata_n_educacion_y_cultura": 0.53080675916073838, "acc_caminata_m2_habitacional": 10530.663664053109, "acc_caminata_m2_industria": 333.33748308431279, "acc_caminata_m2_oficina": 33.824098528040096, "acc_caminata_n_salud": 0.015212884832486903, "acc_caminata_n_paraderos": 0.73512309317850255 }, "geometry": { "type": "Polygon", "coordinates": [ [ [ -70.728108201889086, -34.187429674607749 ], [ -70.729284162241683, -34.188856373870102 ], [ -70.728379680996866, -34.190243746873428 ], [ -70.72629924776038, -34.190204416799808 ], [ -70.725123323762176, -34.18877772869228 ], [ -70.726027796644715, -34.187390359503759 ], [ -70.728108201889086, -34.187429674607749 ] ] ] } },
{ "type": "Feature", "properties": { "h3": "89b2c1ca81bffff", "acc_caminata_m2_comercio": 2666.9552780764343, "acc_caminata_m2_departamento": 1.898524748500015e-13, "acc_caminata_n_deporte_y_recreacion": 1.7990905232357381e-18, "acc_caminata_n_educacion_y_cultura": 0.0001242962323873866, "acc_caminata_m2_habitacional": 1470.3054991596662, "acc_caminata_m2_industria": 34.444790589033943, "acc_caminata_m2_oficina": 0.22316846374645197, "acc_caminata_n_salud": 2.4195409902718204e-22, "acc_caminata_n_paraderos": 0.00071964000704480898 }, "geometry": { "type": "Polygon", "coordinates": [ [ [ -70.839678640365719, -34.181056007468435 ], [ -70.840856166567278, -34.182482330806238 ], [ -70.839951610828464, -34.183871240244031 ], [ -70.837869537045506, -34.18383382254882 ], [ -70.836692046998721, -34.182407510278011 ], [ -70.837596594578784, -34.181018604635618 ], [ -70.839678640365719, -34.181056007468435 ] ] ] } },
{ "type": "Feature", "properties": { "h3": "89b2c1c5557ffff", "acc_caminata_m2_comercio": 16.570260792981294, "acc_caminata_m2_departamento": 2.7372833684888818, "acc_caminata_n_deporte_y_recreacion": 0.014244611391348439, "acc_caminata_n_educacion_y_cultura": 0.049746204406977745, "acc_caminata_m2_habitacional": 6460.7369971185453, "acc_caminata_m2_industria": 0.1454056764609232, "acc_caminata_m2_oficina": 1.985488392008683, "acc_caminata_n_salud": 0.00024063513048234317, "acc_caminata_n_paraderos": 2.1622138901099388e-13 }, "geometry": { "type": "Polygon", "coordinates": [ [ [ -70.647266589448293, -34.188684292736184 ], [ -70.648441394378438, -34.190111320688224 ], [ -70.647536983684844, -34.191497661399268 ], [ -70.645457776568975, -34.191456970328574 ], [ -70.644283008136156, -34.190029953596373 ], [ -70.645187410320545, -34.188643616715218 ], [ -70.647266589448293, -34.188684292736184 ] ] ] } },
{ "type": "Feature", "properties": { "h3": "89b2c1c1c17ffff", "acc_caminata_m2_comercio": 565.93792424273545, "acc_caminata_m2_departamento": 28693.965902242922, "acc_caminata_n_deporte_y_recreacion": 0.00477723310950011, "acc_caminata_n_educacion_y_cultura": 3.7244340664534561, "acc_caminata_m2_habitacional": 16338.987524687269, "acc_caminata_m2_industria": 3.3503169772725205, "acc_caminata_m2_oficina": 8.8001269763199321, "acc_caminata_n_salud": 0.01399186164423342, "acc_caminata_n_paraderos": 1.9812852932640885 }, "geometry": { "type": "Polygon", "coordinates": [ [ [ -70.765010832190796, -34.150183920798902 ], [ -70.766187142981892, -34.151611126596485 ], [ -70.76528276576316, -34.152999881808121 ], [ -70.763202086044657, -34.152961427399418 ], [ -70.762025811531672, -34.151534232740261 ], [ -70.762930180457758, -34.150145481351544 ], [ -70.765010832190796, -34.150183920798902 ] ] ] } },
{ "type": "Feature", "properties": { "h3": "89b2c1c0807ffff", "acc_caminata_m2_comercio": 269.66327489065327, "acc_caminata_m2_departamento": 10702.177400544319, "acc_caminata_n_deporte_y_recreacion": 0.02047971090144779, "acc_caminata_n_educacion_y_cultura": 0.59054006232124201, "acc_caminata_m2_habitacional": 11116.235984448511, "acc_caminata_m2_industria": 0.019753752144194846, "acc_caminata_m2_oficina": 7.0378198676350063, "acc_caminata_n_salud": 0.00032484171456538953, "acc_caminata_n_paraderos": 4.1912406974475278 }, "geometry": { "type": "Polygon", "coordinates": [ [ [ -70.700705471289197, -34.161625259861125 ], [ -70.701880914836721, -34.163052541046198 ], [ -70.700976553743999, -34.164440216623568 ], [ -70.698896757512713, -34.164400607185257 ], [ -70.697721350360325, -34.16297333718655 ], [ -70.698625703042751, -34.161585665439993 ], [ -70.700705471289197, -34.161625259861125 ] ] ] } },
{ "type": "Feature", "properties": { "h3": "89b2c1ce493ffff", "acc_caminata_m2_comercio": 8278.5658337590849, "acc_caminata_m2_departamento": 18198.82135797921, "acc_caminata_n_deporte_y_recreacion": 0.40462673280989109, "acc_caminata_n_educacion_y_cultura": 2.0363607329978763, "acc_caminata_m2_habitacional": 18318.900122310173, "acc_caminata_m2_industria": 4.6961541605957517, "acc_caminata_m2_oficina": 90.142043618674819, "acc_caminata_n_salud": 0.85962454379147057, "acc_caminata_n_paraderos": 4.2246720241529481 }, "geometry": { "type": "Polygon", "coordinates": [ [ [ -70.724309042815676, -34.180335046908617 ], [ -70.72548491468946, -34.18176189000377 ], [ -70.724580463039715, -34.183149392465985 ], [ -70.722500147883551, -34.183110048014768 ], [ -70.721324312368779, -34.181683216080081 ], [ -70.722228755649837, -34.180295717436337 ], [ -70.724309042815676, -34.180335046908617 ] ] ] } },
{ "type": "Feature", "properties": { "h3": "89b2c1c034fffff", "acc_caminata_m2_comercio": 5.1936890479395217, "acc_caminata_m2_departamento": 50.903557741156078, "acc_caminata_n_deporte_y_recreacion": 0.01975090950100139, "acc_caminata_n_educacion_y_cultura": 0.0074363733374983232, "acc_caminata_m2_habitacional": 396.49560132180324, "acc_caminata_m2_industria": 1.4094711218855944, "acc_caminata_m2_oficina": 0.28442009078226604, "acc_caminata_n_salud": 0.0051122858492778749, "acc_caminata_n_paraderos": 0.080656381714959202 }, "geometry": { "type": "Polygon", "coordinates": [ [ [ -70.755240452434109, -34.145786609022878 ], [ -70.756416602247157, -34.147213936335646 ], [ -70.755512249923825, -34.148602680074731 ], [ -70.753431756096205, -34.14856409267459 ], [ -70.752255642577254, -34.147136776509754 ], [ -70.753159986590475, -34.14574803659734 ], [ -70.755240452434109, -34.145786609022878 ] ] ] } },
{ "type": "Feature", "properties": { "h3": "89b2c1ca523ffff", "acc_caminata_m2_comercio": 0.0011067996962618484, "acc_caminata_m2_departamento": 5.2449478967949852e-21, "acc_caminata_n_deporte_y_recreacion": 3.7796575284833737e-12, "acc_caminata_n_educacion_y_cultura": 2.9772534315488682e-15, "acc_caminata_m2_habitacional": 160.33126452829708, "acc_caminata_m2_industria": 1.4947102530536373e-09, "acc_caminata_m2_oficina": 2.5798086203236868e-23, "acc_caminata_n_salud": 4.4482900028657084e-26, "acc_caminata_n_paraderos": 5.2720450772500173e-22 }, "geometry": { "type": "Polygon", "coordinates": [ [ [ -70.848075321822705, -34.139035660010634 ], [ -70.84925276646986, -34.140462700438917 ], [ -70.84834835831937, -34.141852757777812 ], [ -70.846266513661021, -34.141815770877734 ], [ -70.845089105141341, -34.140388741524802 ], [ -70.845993505151185, -34.138998687996803 ], [ -70.848075321822705, -34.139035660010634 ] ] ] } },
{ "type": "Feature", "properties": { "h3": "89b2c1c1d57ffff", "acc_caminata_m2_comercio": 11868.406186295333, "acc_caminata_m2_departamento": 1253.3583126671931, "acc_caminata_n_deporte_y_recreacion": 0.066463987889006176, "acc_caminata_n_educacion_y_cultura": 0.37046526415522463, "acc_caminata_m2_habitacional": 11446.925250694385, "acc_caminata_m2_industria": 1609.3672227923794, "acc_caminata_m2_oficina": 726.61969105234152, "acc_caminata_n_salud": 0.19210031335611238, "acc_caminata_n_paraderos": 6.3696899944998124 }, "geometry": { "type": "Polygon", "coordinates": [ [ [ -70.753614504710896, -34.161215541217715 ], [ -70.754790705108093, -34.162642599139637 ], [ -70.753886297434576, -34.164030939343867 ], [ -70.751805697676616, -34.163992217805749 ], [ -70.750629533580948, -34.162565171027495 ], [ -70.751533932940347, -34.161176834643896 ], [ -70.753614504710896, -34.161215541217715 ] ] ] } },
{ "type": "Feature", "properties": { "h3": "89b2c1c55d7ffff", "acc_caminata_m2_comercio": 31.962187866261804, "acc_caminata_m2_departamento": 274.40380595773848, "acc_caminata_n_deporte_y_recreacion": 0.011048500517276237, "acc_caminata_n_educacion_y_cultura": 0.31815427937574786, "acc_caminata_m2_habitacional": 1200.6837695895078, "acc_caminata_m2_industria": 2.274320588977631, "acc_caminata_m2_oficina": 10.071515827211588, "acc_caminata_n_salud": 0.0028734877203071656, "acc_caminata_n_paraderos": 1.570412180726432e-12 }, "geometry": { "type": "Polygon", "coordinates": [ [ [ -70.643471981671269, -34.181589383384114 ], [ -70.644646698023678, -34.183016554849402 ], [ -70.643742317093441, -34.184403024994765 ], [ -70.641663228325029, -34.184362319841462 ], [ -70.640488548474494, -34.182935159601683 ], [ -70.64139292088916, -34.181548693289876 ], [ -70.643471981671269, -34.181589383384114 ] ] ] } },
{ "type": "Feature", "properties": { "h3": "89b2c1c0a03ffff", "acc_caminata_m2_comercio": 6001.4310660909741, "acc_caminata_m2_departamento": 3606.6194399910037, "acc_caminata_n_deporte_y_recreacion": 0.073705076499105224, "acc_caminata_n_educacion_y_cultura": 2.0803752029540927, "acc_caminata_m2_habitacional": 13614.3742375207, "acc_caminata_m2_industria": 149.61988569142125, "acc_caminata_m2_oficina": 959.57012155227665, "acc_caminata_n_salud": 0.81299152386290652, "acc_caminata_n_paraderos": 0.58471663604255075 }, "geometry": { "type": "Polygon", "coordinates": [ [ [ -70.72647946918174, -34.170542756783568 ], [ -70.727655325287358, -34.171969765989203 ], [ -70.72675090773663, -34.173357538797717 ], [ -70.724670642443002, -34.1733182985787 ], [ -70.723494822689645, -34.171891300535343 ], [ -70.724399231876276, -34.17050353154891 ], [ -70.72647946918174, -34.170542756783568 ] ] ] } },
{ "type": "Feature", "properties": { "h3": "89b2c1c0313ffff", "acc_caminata_m2_comercio": 1493.6292041696056, "acc_caminata_m2_departamento": 3459.4381659884357, "acc_caminata_n_deporte_y_recreacion": 0.018338859996524431, "acc_caminata_n_educacion_y_cultura": 0.86604612044227514, "acc_caminata_m2_habitacional": 6979.6164645453518, "acc_caminata_m2_industria": 218.15398722372296, "acc_caminata_m2_oficina": 9.3253642436964341, "acc_caminata_n_salud": 0.0010120883735637478, "acc_caminata_n_paraderos": 0.12020788468215644 }, "geometry": { "type": "Polygon", "coordinates": [ [ [ -70.745199458798055, -34.138572234760282 ], [ -70.74637543022007, -34.139999735128796 ], [ -70.745471113454457, -34.141388533992895 ], [ -70.743390833593423, -34.141349828656999 ], [ -70.742214898481151, -34.139922339447118 ], [ -70.743119206918848, -34.138533544414678 ], [ -70.745199458798055, -34.138572234760282 ] ] ] } },
{ "type": "Feature", "properties": { "h3": "89b2c1c545bffff", "acc_caminata_m2_comercio": 5.1008476784843868, "acc_caminata_m2_departamento": 0.0047433581291410265, "acc_caminata_n_deporte_y_recreacion": 4.7657477303542445e-06, "acc_caminata_n_educacion_y_cultura": 0.011319581087484475, "acc_caminata_m2_habitacional": 5099.1905492146661, "acc_caminata_m2_industria": 0.041199137430986278, "acc_caminata_m2_oficina": 1.1520800565043343, "acc_caminata_n_salud": 4.160092326932887e-05, "acc_caminata_n_paraderos": 0.001088247706672833 }, "geometry": { "type": "Polygon", "coordinates": [ [ [ -70.674391012665879, -34.179381611759446 ], [ -70.675566163182197, -34.180808689004472 ], [ -70.674661761154908, -34.182195597237303 ], [ -70.672582217069262, -34.182155424396782 ], [ -70.671407102999751, -34.180728358353015 ], [ -70.67231149656773, -34.179341453948723 ], [ -70.674391012665879, -34.179381611759446 ] ] ] } },
{ "type": "Feature", "properties": { "h3": "89b2c1c1863ffff", "acc_caminata_m2_comercio": 200.20046826468263, "acc_caminata_m2_departamento": 0.11662092034168611, "acc_caminata_n_deporte_y_recreacion": 0.0038745974158931689, "acc_caminata_n_educacion_y_cultura": 2.7242418485114368, "acc_caminata_m2_habitacional": 27285.946634900512, "acc_caminata_m2_industria": 0.044399819814298351, "acc_caminata_m2_oficina": 3.8940731814555334, "acc_caminata_n_salud": 0.058777513843994551, "acc_caminata_n_paraderos": 0.55221982869617614 }, "geometry": { "type": "Polygon", "coordinates": [ [ [ -70.773973459201741, -34.178453767151588 ], [ -70.775150033716827, -34.17988042671459 ], [ -70.774245544453493, -34.181268589914197 ], [ -70.772164488951958, -34.181230089741462 ], [ -70.77098795070745, -34.179803441299448 ], [ -70.77189243169255, -34.178415281909366 ], [ -70.773973459201741, -34.178453767151588 ] ] ] } },
{ "type": "Feature", "properties": { "h3": "89b2c1c0887ffff", "acc_caminata_m2_comercio": 11.775519272808351, "acc_caminata_m2_departamento": 1521.4047888672947, "acc_caminata_n_deporte_y_recreacion": 1.0024655423434297, "acc_caminata_n_educacion_y_cultura": 0.099773616446387728, "acc_caminata_m2_habitacional": 2176.3118189052052, "acc_caminata_m2_industria": 0.083550252871425701, "acc_caminata_m2_oficina": 1.5285999625363644, "acc_caminata_n_salud": 8.1644728473734778e-06, "acc_caminata_n_paraderos": 0.29762329683686706 }, "geometry": { "type": "Polygon", "coordinates": [ [ [ -70.696908259294815, -34.154528002515093 ], [ -70.698083614348761, -34.155955427300604 ], [ -70.697179282901857, -34.157343232282024 ], [ -70.695099604816406, -34.157303608643637 ], [ -70.693924286162186, -34.155876195050105 ], [ -70.694828609192342, -34.154488393903193 ], [ -70.696908259294815, -34.154528002515093 ] ] ] } },
{ "type": "Feature", "properties": { "h3": "89b2c1ce513ffff", "acc_caminata_m2_comercio": 0.15419341845256487, "acc_caminata_m2_departamento": 0.12007877539944324, "acc_caminata_n_deporte_y_recreacion": 4.308015710947033, "acc_caminata_n_educacion_y_cultura": 0.0085151099323811808, "acc_caminata_m2_habitacional": 934.43414723516037, "acc_caminata_m2_industria": 6.4510283715806761e-06, "acc_caminata_m2_oficina": 0.025500839436827166, "acc_caminata_n_salud": 0.00097928167629707762, "acc_caminata_n_paraderos": 6.7656650242633681e-05 }, "geometry": { "type": "Polygon", "coordinates": [ [ [ -70.707214724540904, -34.196863328417017 ], [ -70.708390430293633, -34.198289949555054 ], [ -70.707485933372965, -34.199676829361316 ], [ -70.70540573909912, -34.19963708421475 ], [ -70.70423006974049, -34.19821047424503 ], [ -70.705134558260269, -34.196823598253737 ], [ -70.707214724540904, -34.196863328417017 ] ] ] } },
{ "type": "Feature", "properties": { "h3": "89b2c1c050fffff", "acc_caminata_m2_comercio": 5.7669503125351642e-08, "acc_caminata_m2_departamento": 1.0652935086443556e-08, "acc_caminata_n_deporte_y_recreacion": 1.2978654932392035e-12, "acc_caminata_n_educacion_y_cultura": 4.9547874143039915e-12, "acc_caminata_m2_habitacional": 2382.8680337260707, "acc_caminata_m2_industria": 3.70229680898953e-10, "acc_caminata_m2_oficina": 6.6854346665681064e-11, "acc_caminata_n_salud": 7.3046257844374701e-16, "acc_caminata_n_paraderos": 6.1805546122961547e-12 }, "geometry": { "type": "Polygon", "coordinates": [ [ [ -70.721052116938012, -34.114222288376716 ], [ -70.722227625670214, -34.1156503295839 ], [ -70.721323420379122, -34.117039434571915 ], [ -70.719243714724598, -34.117000494506399 ], [ -70.718068242337594, -34.115572464486107 ], [ -70.71897243925855, -34.114183363344665 ], [ -70.721052116938012, -34.114222288376716 ] ] ] } },
{ "type": "Feature", "properties": { "h3": "89b2c1c7253ffff", "acc_caminata_m2_comercio": 4.2298512646953821, "acc_caminata_m2_departamento": 0.042069704240684395, "acc_caminata_n_deporte_y_recreacion": 1.0000372408808738, "acc_caminata_n_educacion_y_cultura": 0.00012994816639948014, "acc_caminata_m2_habitacional": 26061.16671820038, "acc_caminata_m2_industria": 2.0868756570194322e-05, "acc_caminata_m2_oficina": 1.5492944598998379, "acc_caminata_n_salud": 7.027133789539796e-06, "acc_caminata_n_paraderos": 4.680203395516419e-07 }, "geometry": { "type": "Polygon", "coordinates": [ [ [ -70.669241666635642, -34.158212872127777 ], [ -70.670416641803527, -34.159640350829704 ], [ -70.669512322591089, -34.161027721594103 ], [ -70.667433036676627, -34.160987609818449 ], [ -70.666258097958334, -34.15956014232961 ], [ -70.667162408703561, -34.158172775403528 ], [ -70.669241666635642, -34.158212872127777 ] ] ] } },
{ "type": "Feature", "properties": { "h3": "89b2c1c1dd7ffff", "acc_caminata_m2_comercio": 898.62639021367818, "acc_caminata_m2_departamento": 1136.5536342347987, "acc_caminata_n_deporte_y_recreacion": 1.398142294622843, "acc_caminata_n_educacion_y_cultura": 0.56493729939908577, "acc_caminata_m2_habitacional": 14358.882332642608, "acc_caminata_m2_industria": 266.54464444839124, "acc_caminata_m2_oficina": 57.023138940516404, "acc_caminata_n_salud": 0.13260642571564168, "acc_caminata_n_paraderos": 7.1859599658342095 }, "geometry": { "type": "Polygon", "coordinates": [ [ [ -70.749814311795078, -34.154118511759613 ], [ -70.750990423763525, -34.155545713493083 ], [ -70.750086045625665, -34.156934183118103 ], [ -70.748005563838561, -34.156895447185533 ], [ -70.746829488176289, -34.155468256601367 ], [ -70.747733857993595, -34.154079790800658 ], [ -70.749814311795078, -34.154118511759613 ] ] ] } },
{ "type": "Feature", "properties": { "h3": "89b2c1c5613ffff", "acc_caminata_m2_comercio": 10.719944665126164, "acc_caminata_m2_departamento": 0.0097753428406890906, "acc_caminata_n_deporte_y_recreacion": 0.002601435890957648, "acc_caminata_n_educacion_y_cultura": 0.10071261347621498, "acc_caminata_m2_habitacional": 4600.7690398165514, "acc_caminata_m2_industria": 48.026941378731813, "acc_caminata_m2_oficina": 6.2652305170603464, "acc_caminata_n_salud": 6.4975977279669747e-08, "acc_caminata_n_paraderos": 0.00090770513454797722 }, "geometry": { "type": "Polygon", "coordinates": [ [ [ -70.684426432027763, -34.18659680601035 ], [ -70.685601761317798, -34.188023710393317 ], [ -70.684697323325523, -34.189410563468883 ], [ -70.682617564483465, -34.189370508338101 ], [ -70.68144227162469, -34.187943615145649 ], [ -70.682346701175362, -34.18655676589367 ], [ -70.684426432027763, -34.18659680601035 ] ] ] } },
{ "type": "Feature", "properties": { "h3": "89b2c1c0a83ffff", "acc_caminata_m2_comercio": 667.26505403501801, "acc_caminata_m2_departamento": 7464.6298439363418, "acc_caminata_n_deporte_y_recreacion": 0.058402474835933124, "acc_caminata_n_educacion_y_cultura": 1.6070074396814378, "acc_caminata_m2_habitacional": 20466.313512374538, "acc_caminata_m2_industria": 144.55209286406608, "acc_caminata_m2_oficina": 44.475269104637547, "acc_caminata_n_salud": 0.038444870727269181, "acc_caminata_n_paraderos": 5.3246327428218674 }, "geometry": { "type": "Polygon", "coordinates": [ [ [ -70.72268066337756, -34.163446489743066 ], [ -70.723856431014539, -34.164873642695142 ], [ -70.722952043058214, -34.16626154493207 ], [ -70.720871895834051, -34.166222290391339 ], [ -70.719696164553937, -34.164795148607176 ], [ -70.720600544139742, -34.16340725019603 ], [ -70.72268066337756, -34.163446489743066 ] ] ] } },
{ "type": "Feature", "properties": { "h3": "89b2c1c0393ffff", "acc_caminata_m2_comercio": 564.5986101194685, "acc_caminata_m2_departamento": 266.13425966241772, "acc_caminata_n_deporte_y_recreacion": 0.10434286584612423, "acc_caminata_n_educacion_y_cultura": 5.0274645814696948, "acc_caminata_m2_habitacional": 31037.496622544466, "acc_caminata_m2_industria": 213.79253235181807, "acc_caminata_m2_oficina": 15.692706494983035, "acc_caminata_n_salud": 9.031977901797277e-05, "acc_caminata_n_paraderos": 7.7655916105989551 }, "geometry": { "type": "Polygon", "coordinates": [ [ [ -70.741400090854526, -34.131472977238353 ], [ -70.742575973853761, -34.132900621277287 ], [ -70.741671686635897, -34.134289549519004 ], [ -70.739591524751788, -34.134250829886604 ], [ -70.738415678066886, -34.132823197011916 ], [ -70.739319956950439, -34.131434272605546 ], [ -70.741400090854526, -34.131472977238353 ] ] ] } },
{ "type": "Feature", "properties": { "h3": "89b2c1c1c5bffff", "acc_caminata_m2_comercio": 0.15700015807709061, "acc_caminata_m2_departamento": 1.487571644592609, "acc_caminata_n_deporte_y_recreacion": 4.2468746526356461e-07, "acc_caminata_n_educacion_y_cultura": 0.0018278365082281787, "acc_caminata_m2_habitacional": 374.36758418213628, "acc_caminata_m2_industria": 258.83903688111957, "acc_caminata_m2_oficina": 0.0072766480981051136, "acc_caminata_n_salud": 1.2616236053043336e-05, "acc_caminata_n_paraderos": 0.00037974457148688023 }, "geometry": { "type": "Polygon", "coordinates": [ [ [ -70.780752809715906, -34.151879166728179 ], [ -70.781929353951369, -34.153306273183659 ], [ -70.781024956569809, -34.154695180733569 ], [ -70.778944023215558, -34.154656978009086 ], [ -70.777767515230835, -34.15322988267873 ], [ -70.778671904348286, -34.151840978947909 ], [ -70.780752809715906, -34.151879166728179 ] ] ] } },
{ "type": "Feature", "properties": { "h3": "89b2c1c0907ffff", "acc_caminata_m2_comercio": 160.91461973306696, "acc_caminata_m2_departamento": 0.59449739611193686, "acc_caminata_n_deporte_y_recreacion": 0.00068343391464999431, "acc_caminata_n_educacion_y_cultura": 1.0617218911461197, "acc_caminata_m2_habitacional": 26623.941692744807, "acc_caminata_m2_industria": 1.618189051936288e-06, "acc_caminata_m2_oficina": 19.015176678450846, "acc_caminata_n_salud": 0.012504522052678704, "acc_caminata_n_paraderos": 0.048610215564487851 }, "geometry": { "type": "Polygon", "coordinates": [ [ [ -70.67981729714198, -34.171059077160614 ], [ -70.680992485804666, -34.172486280000662 ], [ -70.680088109362686, -34.1738734624046 ], [ -70.678008552705592, -34.173833438137748 ], [ -70.676833400477676, -34.17240624649758 ], [ -70.677737768470735, -34.171019067924576 ], [ -70.67981729714198, -34.171059077160614 ] ] ] } },
{ "type": "Feature", "properties": { "h3": "89b2c1c1d93ffff", "acc_caminata_m2_comercio": 1274.6249700856197, "acc_caminata_m2_departamento": 11832.144250117546, "acc_caminata_n_deporte_y_recreacion": 4.4730065905369827, "acc_caminata_n_educacion_y_cultura": 2.8081776543301844, "acc_caminata_m2_habitacional": 19586.278042720747, "acc_caminata_m2_industria": 7.2370551856331513, "acc_caminata_m2_oficina": 248.82156147955988, "acc_caminata_n_salud": 0.45406336567765238, "acc_caminata_n_paraderos": 2.61302265968436 }, "geometry": { "type": "Polygon", "coordinates": [ [ [ -70.743301403308251, -34.151186500592772 ], [ -70.744477407910864, -34.152613783302264 ], [ -70.743573046419897, -34.154002245277432 ], [ -70.741492688657203, -34.153963420716487 ], [ -70.74031672037141, -34.152536149162614 ], [ -70.741221073530184, -34.151147691014259 ], [ -70.743301403308251, -34.151186500592772 ] ] ] } },
{ "type": "Feature", "properties": { "h3": "89b2c1c156bffff", "acc_caminata_m2_comercio": 243.00000079680348, "acc_caminata_m2_departamento": 3.5033564705050152e-07, "acc_caminata_n_deporte_y_recreacion": 4.837238042727834e-06, "acc_caminata_n_educacion_y_cultura": 3.9092218322211082e-10, "acc_caminata_m2_habitacional": 92.585763945146979, "acc_caminata_m2_industria": 0.00020152483887303572, "acc_caminata_m2_oficina": 1.5454262196976686e-09, "acc_caminata_n_salud": 2.6724587360268299e-12, "acc_caminata_n_paraderos": 8.3087227456158432e-11 }, "geometry": { "type": "Polygon", "coordinates": [ [ [ -70.794318157861724, -34.131039757540421 ], [ -70.795494796360572, -34.132467177943575 ], [ -70.794590463782967, -34.133856770726098 ], [ -70.792509500943197, -34.133818939280673 ], [ -70.791332898664891, -34.13239152999914 ], [ -70.792237223004477, -34.13100194104161 ], [ -70.794318157861724, -34.131039757540421 ] ] ] } },
{ "type": "Feature", "properties": { "h3": "89b2c1ce593ffff", "acc_caminata_m2_comercio": 587.35686049161654, "acc_caminata_m2_departamento": 0.39382481051016066, "acc_caminata_n_deporte_y_recreacion": 0.38847553489101488, "acc_caminata_n_educacion_y_cultura": 0.20374171372219463, "acc_caminata_m2_habitacional": 30.746444391716143, "acc_caminata_m2_industria": 0.00048601253671235627, "acc_caminata_m2_oficina": 4.6525710427326192, "acc_caminata_n_salud": 0.015432600947716861, "acc_caminata_n_paraderos": 0.0010121775671570207 }, "geometry": { "type": "Polygon", "coordinates": [ [ [ -70.70341659959881, -34.189769506503666 ], [ -70.704592216840439, -34.19119627143499 ], [ -70.703687749560586, -34.19258328070989 ], [ -70.701607673445054, -34.192543521235038 ], [ -70.700432092602085, -34.191116767477688 ], [ -70.701336551474625, -34.189729762021408 ], [ -70.70341659959881, -34.189769506503666 ] ] ] } },
{ "type": "Feature", "properties": { "h3": "89b2c1c0153ffff", "acc_caminata_m2_comercio": 56.012378213532379, "acc_caminata_m2_departamento": 2.3294390361654056, "acc_caminata_n_deporte_y_recreacion": 0.0057814253622688848, "acc_caminata_n_educacion_y_cultura": 0.026505288438643273, "acc_caminata_m2_habitacional": 13436.760780312015, "acc_caminata_m2_industria": 58.980463627341635, "acc_caminata_m2_oficina": 305.81681930470785, "acc_caminata_n_salud": 5.7891205964925837e-07, "acc_caminata_n_paraderos": 0.24587542303477408 }, "geometry": { "type": "Polygon", "coordinates": [ [ [ -70.731904008084726, -34.129890237901428 ], [ -70.733079747386242, -34.131317951631779 ], [ -70.732175474578028, -34.132706801763717 ], [ -70.730095470818441, -34.1326679343276 ], [ -70.728919767847586, -34.131240231769752 ], [ -70.729824032304322, -34.12985138547571 ], [ -70.731904008084726, -34.129890237901428 ] ] ] } },
{ "type": "Feature", "properties": { "h3": "89b2c1c0e7bffff", "acc_caminata_m2_comercio": 1997.5445368399999, "acc_caminata_m2_departamento": 20648.068864536337, "acc_caminata_n_deporte_y_recreacion": 0.046844836375481591, "acc_caminata_n_educacion_y_cultura": 1.2824574155557997, "acc_caminata_m2_habitacional": 15308.030692958777, "acc_caminata_m2_industria": 73.663488666383131, "acc_caminata_m2_oficina": 183.44693249455733, "acc_caminata_n_salud": 0.21778145791312065, "acc_caminata_n_paraderos": 1.0882796144467333 }, "geometry": { "type": "Polygon", "coordinates": [ [ [ -70.73136286223901, -34.156584316504627 ], [ -70.732538721540323, -34.158011554580007 ], [ -70.731634350961869, -34.159399734779164 ], [ -70.729554129435016, -34.159360673076215 ], [ -70.728378306473232, -34.157933446164201 ], [ -70.729282668697422, -34.156545269791955 ], [ -70.73136286223901, -34.156584316504627 ] ] ] } },
{ "type": "Feature", "properties": { "h3": "89b2c1c56d7ffff", "acc_caminata_m2_comercio": 340.57792035519662, "acc_caminata_m2_departamento": 0.13420594833430549, "acc_caminata_n_deporte_y_recreacion": 0.070737432647212148, "acc_caminata_n_educacion_y_cultura": 0.66244824639431865, "acc_caminata_m2_habitacional": 19391.955055966686, "acc_caminata_m2_industria": 1.3432620774398836, "acc_caminata_m2_oficina": 11.437416911152805, "acc_caminata_n_salud": 1.0795329391208175e-06, "acc_caminata_n_paraderos": 0.029419201045343745 }, "geometry": { "type": "Polygon", "coordinates": [ [ [ -70.687139701333408, -34.182435909785134 ], [ -70.688315049681194, -34.183862876978033 ], [ -70.687410624496053, -34.185249867147434 ], [ -70.685330859398178, -34.185209886299305 ], [ -70.684155547475612, -34.183782930296225 ], [ -70.685059964224365, -34.182395943951647 ], [ -70.687139701333408, -34.182435909785134 ] ] ] } },
{ "type": "Feature", "properties": { "h3": "89b2c1c0b03ffff", "acc_caminata_m2_comercio": 2.3210298968036169, "acc_caminata_m2_departamento": 0.052466232686057733, "acc_caminata_n_deporte_y_recreacion": 0.0020172175848006519, "acc_caminata_n_educacion_y_cultura": 0.0024806886328176164, "acc_caminata_m2_habitacional": 8859.8345644439669, "acc_caminata_m2_industria": 3.6899797819055969e-06, "acc_caminata_m2_oficina": 0.19674938722597718, "acc_caminata_n_salud": 2.3784424577719562e-07, "acc_caminata_n_paraderos": 4.5483480483312315e-05 }, "geometry": { "type": "Polygon", "coordinates": [ [ [ -70.705587613360905, -34.179979838599031 ], [ -70.706763214881548, -34.181406769628289 ], [ -70.705858781676355, -34.182794049269575 ], [ -70.703778755351834, -34.182754394059543 ], [ -70.70260319022313, -34.181327474206057 ], [ -70.703507615025643, -34.179940198387015 ], [ -70.705587613360905, -34.179979838599031 ] ] ] } },
{ "type": "Feature", "properties": { "h3": "89b2c1ce417ffff", "acc_caminata_m2_comercio": 2977.5440145259886, "acc_caminata_m2_departamento": 3041.4460876758972, "acc_caminata_n_deporte_y_recreacion": 0.0061668682815440084, "acc_caminata_n_educacion_y_cultura": 0.15661595257537017, "acc_caminata_m2_habitacional": 9998.0828032296995, "acc_caminata_m2_industria": 2.1414046003054312, "acc_caminata_m2_oficina": 163.65120515434643, "acc_caminata_n_salud": 1.0617643028675161, "acc_caminata_n_paraderos": 1.5372023434947117 }, "geometry": { "type": "Polygon", "coordinates": [ [ [ -70.725123323762176, -34.18877772869228 ], [ -70.72629924776038, -34.190204416799808 ], [ -70.725394764261111, -34.191591719348601 ], [ -70.723314365130108, -34.191552329975266 ], [ -70.722138477491995, -34.190125653024516 ], [ -70.723042952623445, -34.18873835429055 ], [ -70.725123323762176, -34.18877772869228 ] ] ] } },
{ "type": "Feature", "properties": { "h3": "89b2c1ce4cfffff", "acc_caminata_m2_comercio": 1221.6673484573962, "acc_caminata_m2_departamento": 1074.3662203338856, "acc_caminata_n_deporte_y_recreacion": 0.15600053925623669, "acc_caminata_n_educacion_y_cultura": 0.47035135783514304, "acc_caminata_m2_habitacional": 10147.726290890396, "acc_caminata_m2_industria": 4425.8174781094458, "acc_caminata_m2_oficina": 352.23669903269138, "acc_caminata_n_salud": 0.0031814237397827347, "acc_caminata_n_paraderos": 0.74292839140243105 }, "geometry": { "type": "Polygon", "coordinates": [ [ [ -70.734349609973691, -34.187547412656343 ], [ -70.735525660394799, -34.188974082547567 ], [ -70.734621173058486, -34.190361529818198 ], [ -70.732540643650651, -34.190322303384285 ], [ -70.731364629572951, -34.18889564464282 ], [ -70.732269108558313, -34.187508201185715 ], [ -70.734349609973691, -34.187547412656343 ] ] ] } },
{ "type": "Feature", "properties": { "h3": "89b2c1c555bffff", "acc_caminata_m2_comercio": 5.8981449166363085, "acc_caminata_m2_departamento": 0.029646714396334189, "acc_caminata_n_deporte_y_recreacion": 0.00089614962734273988, "acc_caminata_n_educacion_y_cultura": 0.00060344191130345709, "acc_caminata_m2_habitacional": 1215.0698793011384, "acc_caminata_m2_industria": 0.0073193070379224262, "acc_caminata_m2_oficina": 0.1757683487954288, "acc_caminata_n_salud": 1.1891001003544334e-05, "acc_caminata_n_paraderos": 3.00472681021505e-11 }, "geometry": { "type": "Polygon", "coordinates": [ [ [ -70.65350432029193, -34.188806113914467 ], [ -70.65467921556187, -34.190233112710253 ], [ -70.653774798493586, -34.191619527714089 ], [ -70.651695494651875, -34.191578940093706 ], [ -70.650520635868332, -34.190151952512686 ], [ -70.651425044438724, -34.188765541337482 ], [ -70.65350432029193, -34.188806113914467 ] ] ] } },
{ "type": "Feature", "properties": { "h3": "89b2c1c1963ffff", "acc_caminata_m2_comercio": 3808.7843171903419, "acc_caminata_m2_departamento": 2.200708390369027, "acc_caminata_n_deporte_y_recreacion": 4.1018605903576219e-05, "acc_caminata_n_educacion_y_cultura": 0.023701758594652216, "acc_caminata_m2_habitacional": 1577.1883415912214, "acc_caminata_m2_industria": 1135.6156121841716, "acc_caminata_m2_oficina": 600.03923779072306, "acc_caminata_n_salud": 0.15080422261409915, "acc_caminata_n_paraderos": 3.1781281773169665 }, "geometry": { "type": "Polygon", "coordinates": [ [ [ -70.753075564280579, -34.187898761041524 ], [ -70.75425188478215, -34.189325342717105 ], [ -70.753347379302596, -34.190713012777479 ], [ -70.751266561637038, -34.190674097352741 ], [ -70.750090277445835, -34.189247526811648 ], [ -70.750994774608486, -34.187859860560991 ], [ -70.753075564280579, -34.187898761041524 ] ] ] } },
{ "type": "Feature", "properties": { "h3": "89b2c1c0987ffff", "acc_caminata_m2_comercio": 287.7966217387937, "acc_caminata_m2_departamento": 1332.3707163659951, "acc_caminata_n_deporte_y_recreacion": 3.6503805131327256e-05, "acc_caminata_n_educacion_y_cultura": 0.00023238553718994933, "acc_caminata_m2_habitacional": 2698.7013142164928, "acc_caminata_m2_industria": 8.133909739704418e-06, "acc_caminata_m2_oficina": 1.3608710424954269, "acc_caminata_n_salud": 0.0011926027228007061, "acc_caminata_n_paraderos": 8.1173578793721003e-05 }, "geometry": { "type": "Polygon", "coordinates": [ [ [ -70.67602112009186, -34.163962626459373 ], [ -70.677196220228851, -34.165389972860375 ], [ -70.676291873478405, -34.166777284678226 ], [ -70.674212435044922, -34.166737246260617 ], [ -70.673037371347277, -34.165309911065108 ], [ -70.673941709642435, -34.163922603081907 ], [ -70.67602112009186, -34.163962626459373 ] ] ] } },
{ "type": "Feature", "properties": { "h3": "89b2c1c0297ffff", "acc_caminata_m2_comercio": 4.1667095409598032, "acc_caminata_m2_departamento": 0.00015758226565883786, "acc_caminata_n_deporte_y_recreacion": 0.0011275870176403191, "acc_caminata_n_educacion_y_cultura": 4.186061761907485e-05, "acc_caminata_m2_habitacional": 462.2797415198263, "acc_caminata_m2_industria": 46.750219089939606, "acc_caminata_m2_oficina": 12.087652414303658, "acc_caminata_n_salud": 5.8387476990749011e-10, "acc_caminata_n_paraderos": 9.3949030847458859e-09 }, "geometry": { "type": "Polygon", "coordinates": [ [ [ -70.759307233953692, -34.123368934676833 ], [ -70.760483334719765, -34.124796645660744 ], [ -70.75957906126196, -34.12618599651308 ], [ -70.757498695337915, -34.126147632546548 ], [ -70.756322630852111, -34.124719932715294 ], [ -70.757226896008731, -34.123330585698106 ], [ -70.759307233953692, -34.123368934676833 ] ] ] } },
{ "type": "Feature", "properties": { "h3": "89b2c1c0843ffff", "acc_caminata_m2_comercio": 1234.408107679375, "acc_caminata_m2_departamento": 570.60992865425555, "acc_caminata_n_deporte_y_recreacion": 5.1431865479599077, "acc_caminata_n_educacion_y_cultura": 0.502306729768353, "acc_caminata_m2_habitacional": 13438.942774713709, "acc_caminata_m2_industria": 1.5538915348342914, "acc_caminata_m2_oficina": 5.8480247729944095, "acc_caminata_n_salud": 0.12595146604307955, "acc_caminata_n_paraderos": 3.8386127344472714 }, "geometry": { "type": "Polygon", "coordinates": [ [ [ -70.713184755071623, -34.161862101752348 ], [ -70.714360378881096, -34.163289324438018 ], [ -70.713456005437777, -34.164677148573276 ], [ -70.711376016571293, -34.164637746194785 ], [ -70.710200429135014, -34.163210534685291 ], [ -70.711104794190661, -34.161822714378296 ], [ -70.713184755071623, -34.161862101752348 ] ] ] } },
{ "type": "Feature", "properties": { "h3": "89b2c1c0b83ffff", "acc_caminata_m2_comercio": 1347.5025604288287, "acc_caminata_m2_departamento": 14791.769065407807, "acc_caminata_n_deporte_y_recreacion": 0.0088054874080977889, "acc_caminata_n_educacion_y_cultura": 0.74423818987972257, "acc_caminata_m2_habitacional": 5267.5508100635589, "acc_caminata_m2_industria": 0.08558784016152185, "acc_caminata_m2_oficina": 206.19781214300221, "acc_caminata_n_salud": 0.0063360253884983276, "acc_caminata_n_paraderos": 0.088487287002557174 }, "geometry": { "type": "Polygon", "coordinates": [ [ [ -70.70178984160701, -34.172884377522507 ], [ -70.702965354626812, -34.174311452258706 ], [ -70.702060951061725, -34.175698861338269 ], [ -70.699981042884602, -34.17565919185585 ], [ -70.69880556626137, -34.17423212830105 ], [ -70.699709961417341, -34.172844723047426 ], [ -70.70178984160701, -34.172884377522507 ] ] ] } },
{ "type": "Feature", "properties": { "h3": "89b2c1c080bffff", "acc_caminata_m2_comercio": 584.4096610452699, "acc_caminata_m2_departamento": 4476.1255419746767, "acc_caminata_n_deporte_y_recreacion": 0.076494214097736588, "acc_caminata_n_educacion_y_cultura": 0.53826876745318419, "acc_caminata_m2_habitacional": 8386.1613885441584, "acc_caminata_m2_industria": 0.43228050987591427, "acc_caminata_m2_oficina": 1.6969657237840692, "acc_caminata_n_salud": 0.003966466585695186, "acc_caminata_n_paraderos": 6.5215790957903552 }, "geometry": { "type": "Polygon", "coordinates": [ [ [ -70.706944968715206, -34.161743836095823 ], [ -70.7081205024041, -34.163171088039704 ], [ -70.707216135125137, -34.16455883789704 ], [ -70.705136242554929, -34.164519331981133 ], [ -70.703960745250214, -34.163092091218502 ], [ -70.704865104130178, -34.161704345190714 ], [ -70.706944968715206, -34.161743836095823 ] ] ] } },
{ "type": "Feature", "properties": { "h3": "89b2c1c5417ffff", "acc_caminata_m2_comercio": 618.62952009430046, "acc_caminata_m2_departamento": 356.52173827392016, "acc_caminata_n_deporte_y_recreacion": 0.29164604566285041, "acc_caminata_n_educacion_y_cultura": 4.6110052183745163, "acc_caminata_m2_habitacional": 11433.465124082408, "acc_caminata_m2_industria": 19.305822655293088, "acc_caminata_m2_oficina": 175.1091812525635, "acc_caminata_n_salud": 0.10112529591119014, "acc_caminata_n_paraderos": 9.5512285442746775e-09 }, "geometry": { "type": "Polygon", "coordinates": [ [ [ -70.658660159932992, -34.17767260680148 ], [ -70.659835076071587, -34.17909978278584 ], [ -70.658930695150303, -34.180486538610261 ], [ -70.656851406576806, -34.18044611461827 ], [ -70.655676526912202, -34.179018949848526 ], [ -70.656580899345755, -34.177632197856376 ], [ -70.658660159932992, -34.17767260680148 ] ] ] } },
{ "type": "Feature", "properties": { "h3": "89b2c1c5067ffff", "acc_caminata_m2_comercio": 7.928724599872683, "acc_caminata_m2_departamento": 1.765926978708346, "acc_caminata_n_deporte_y_recreacion": 3.4207381288057251e-13, "acc_caminata_n_educacion_y_cultura": 8.914983065792899e-09, "acc_caminata_m2_habitacional": 2624.4495297819799, "acc_caminata_m2_industria": 0.034671462040186292, "acc_caminata_m2_oficina": 7.6972859247142615e-06, "acc_caminata_n_salud": 3.3961328081101138e-14, "acc_caminata_n_paraderos": 9.679611305211734e-14 }, "geometry": { "type": "Polygon", "coordinates": [ [ [ -70.664620507892749, -34.207273779533999 ], [ -70.665795651509612, -34.208700399053413 ], [ -70.664891155853383, -34.210086492314694 ], [ -70.662811525057947, -34.210045962237928 ], [ -70.661636417913371, -34.208619353917534 ], [ -70.662540905090594, -34.207233264475093 ], [ -70.664620507892749, -34.207273779533999 ] ] ] } },
{ "type": "Feature", "properties": { "h3": "89b2c1ce497ffff", "acc_caminata_m2_comercio": 1082.992560492946, "acc_caminata_m2_departamento": 13517.026458528695, "acc_caminata_n_deporte_y_recreacion": 2.0471977796480183, "acc_caminata_n_educacion_y_cultura": 2.6615993070979833, "acc_caminata_m2_habitacional": 15946.408969656797, "acc_caminata_m2_industria": 1.4518439299746473, "acc_caminata_m2_oficina": 38.443039151486765, "acc_caminata_n_salud": 1.4202368400969796, "acc_caminata_n_paraderos": 2.8060827689735914 }, "geometry": { "type": "Polygon", "coordinates": [ [ [ -70.721324312368779, -34.181683216080081 ], [ -70.722500147883551, -34.183110048014768 ], [ -70.721595693985918, -34.184497480023857 ], [ -70.719515412946365, -34.184458076279959 ], [ -70.718339613796289, -34.183031255507693 ], [ -70.71924405931972, -34.181643827317096 ], [ -70.721324312368779, -34.181683216080081 ] ] ] } },
{ "type": "Feature", "properties": { "h3": "89b2c1c73cfffff", "acc_caminata_m2_comercio": 371.23971850560599, "acc_caminata_m2_departamento": 2512.3315475201216, "acc_caminata_n_deporte_y_recreacion": 0.0021869913777205832, "acc_caminata_n_educacion_y_cultura": 0.12495171679491204, "acc_caminata_m2_habitacional": 14313.116809703984, "acc_caminata_m2_industria": 0.057118498663724308, "acc_caminata_m2_oficina": 8.4017201589377972, "acc_caminata_n_salud": 0.00024305372168109742, "acc_caminata_n_paraderos": 1.2653487588839379e-11 }, "geometry": { "type": "Polygon", "coordinates": [ [ [ -70.645103677962041, -34.166173088127628 ], [ -70.646278344017176, -34.167600528623424 ], [ -70.645374018332802, -34.168987402354873 ], [ -70.64329503510352, -34.168946831751057 ], [ -70.642120405542826, -34.167519402485041 ], [ -70.643024722715637, -34.166132532593274 ], [ -70.645103677962041, -34.166173088127628 ] ] ] } },
{ "type": "Feature", "properties": { "h3": "89b2c1c0bbbffff", "acc_caminata_m2_comercio": 341.51150547515385, "acc_caminata_m2_departamento": 124.92816461035216, "acc_caminata_n_deporte_y_recreacion": 0.0018616745959682691, "acc_caminata_n_educacion_y_cultura": 0.22483714435344127, "acc_caminata_m2_habitacional": 12195.054700846753, "acc_caminata_m2_industria": 0.0070065398247224873, "acc_caminata_m2_oficina": 60.384763685051524, "acc_caminata_n_salud": 0.00053432241278833341, "acc_caminata_n_paraderos": 0.012934466065979861 }, "geometry": { "type": "Polygon", "coordinates": [ [ [ -70.699076637109727, -34.177046530481391 ], [ -70.700252131101806, -34.178473542414253 ], [ -70.699347714707798, -34.179860814409807 ], [ -70.697267812734722, -34.179821070647947 ], [ -70.69609235514524, -34.17839406989718 ], [ -70.696996763124886, -34.177006801726364 ], [ -70.699076637109727, -34.177046530481391 ] ] ] } },
{ "type": "Feature", "properties": { "h3": "89b2c1ca527ffff", "acc_caminata_m2_comercio": 0.014667576638591202, "acc_caminata_m2_departamento": 3.0181123251763054e-16, "acc_caminata_n_deporte_y_recreacion": 1.7089422404672719e-07, "acc_caminata_n_educacion_y_cultura": 0.00013387439850674605, "acc_caminata_m2_habitacional": 432.20333910355475, "acc_caminata_m2_industria": 6.7582141224544216e-05, "acc_caminata_m2_oficina": 6.5248804980355742e-15, "acc_caminata_n_salud": 3.3655822712595378e-21, "acc_caminata_n_paraderos": 2.3645936097092438e-11 }, "geometry": { "type": "Polygon", "coordinates": [ [ [ -70.845089105141341, -34.140388741524802 ], [ -70.846266513661021, -34.141815770877734 ], [ -70.845362103054597, -34.143205757791229 ], [ -70.843280292073302, -34.143168711541051 ], [ -70.842102919686837, -34.141741693265367 ], [ -70.843007322147059, -34.140351710162811 ], [ -70.845089105141341, -34.140388741524802 ] ] ] } },
{ "type": "Feature", "properties": { "h3": "89b2c1c1d5bffff", "acc_caminata_m2_comercio": 750.55326905685024, "acc_caminata_m2_departamento": 78.750405616415023, "acc_caminata_n_deporte_y_recreacion": 0.020978947111960234, "acc_caminata_n_educacion_y_cultura": 0.12871943103399205, "acc_caminata_m2_habitacional": 17390.174404415735, "acc_caminata_m2_industria": 362.07067554995587, "acc_caminata_m2_oficina": 23.973493783459222, "acc_caminata_n_salud": 0.020853262873879765, "acc_caminata_n_paraderos": 3.0916568728503022 }, "geometry": { "type": "Polygon", "coordinates": [ [ [ -70.75985641198308, -34.161331453661752 ], [ -70.761032702344011, -34.162758482201042 ], [ -70.760128288669691, -34.164146896668086 ], [ -70.758047592935867, -34.164108278776709 ], [ -70.756871338865466, -34.162681261376029 ], [ -70.757775744237009, -34.161292850728294 ], [ -70.75985641198308, -34.161331453661752 ] ] ] } },
{ "type": "Feature", "properties": { "h3": "89b2c1c1b97ffff", "acc_caminata_m2_comercio": 259.93003345081632, "acc_caminata_m2_departamento": 0.39069224148058573, "acc_caminata_n_deporte_y_recreacion": 0.046385972351291771, "acc_caminata_n_educacion_y_cultura": 1.5573090792659072, "acc_caminata_m2_habitacional": 32138.444009958948, "acc_caminata_m2_industria": 0.56533960024699448, "acc_caminata_m2_oficina": 24.370284750458136, "acc_caminata_n_salud": 9.5511116354618107e-05, "acc_caminata_n_paraderos": 6.4951247488577257 }, "geometry": { "type": "Polygon", "coordinates": [ [ [ -70.765017028590179, -34.182502400287056 ], [ -70.766193494276422, -34.183929026481294 ], [ -70.765288998033213, -34.185316978340005 ], [ -70.763208044397189, -34.185278300195094 ], [ -70.762031614998591, -34.183851685127635 ], [ -70.762936102946981, -34.182463737078521 ], [ -70.765017028590179, -34.182502400287056 ] ] ] } },
{ "type": "Feature", "properties": { "h3": "89b2c1c55dbffff", "acc_caminata_m2_comercio": 1291.5187198951703, "acc_caminata_m2_departamento": 895.08133976131978, "acc_caminata_n_deporte_y_recreacion": 0.28387842573759076, "acc_caminata_n_educacion_y_cultura": 19.749252355057234, "acc_caminata_m2_habitacional": 9481.7083889440783, "acc_caminata_m2_industria": 41.751717706757802, "acc_caminata_m2_oficina": 271.41375410435785, "acc_caminata_n_salud": 0.080146792457868668, "acc_caminata_n_paraderos": 5.8537727069836053e-11 }, "geometry": { "type": "Polygon", "coordinates": [ [ [ -70.649709357518617, -34.181711246829039 ], [ -70.650884164218283, -34.183138389163751 ], [ -70.649979776900423, -34.184524933604209 ], [ -70.647900591385849, -34.184484331877805 ], [ -70.646725821177156, -34.1830572007635 ], [ -70.647630199990729, -34.181670660155362 ], [ -70.649709357518617, -34.181711246829039 ] ] ] } },
{ "type": "Feature", "properties": { "h3": "89b2c1c0a07ffff", "acc_caminata_m2_comercio": 11099.090290480946, "acc_caminata_m2_departamento": 1723.9548349710815, "acc_caminata_n_deporte_y_recreacion": 0.03143106379079192, "acc_caminata_n_educacion_y_cultura": 1.815443991705437, "acc_caminata_m2_habitacional": 12437.163302472181, "acc_caminata_m2_industria": 1269.9619055686615, "acc_caminata_m2_oficina": 84.942838177749152, "acc_caminata_n_salud": 0.037760463077577765, "acc_caminata_n_paraderos": 2.8825037942756127 }, "geometry": { "type": "Polygon", "coordinates": [ [ [ -70.723494822689645, -34.171891300535343 ], [ -70.724670642443002, -34.1733182985787 ], [ -70.723766222640904, -34.174706000936972 ], [ -70.721685991453683, -34.174666701429956 ], [ -70.720510208058258, -34.173239714550796 ], [ -70.721414619490773, -34.17185201601464 ], [ -70.723494822689645, -34.171891300535343 ] ] ] } },
{ "type": "Feature", "properties": { "h3": "89b2c1ce693ffff", "acc_caminata_m2_comercio": 2121.5463556030459, "acc_caminata_m2_departamento": 16.743278561206598, "acc_caminata_n_deporte_y_recreacion": 0.00010455022595466224, "acc_caminata_n_educacion_y_cultura": 0.6827878077027566, "acc_caminata_m2_habitacional": 22244.053895950532, "acc_caminata_m2_industria": 33.270319660968731, "acc_caminata_m2_oficina": 7.2055246156458574, "acc_caminata_n_salud": 0.0092975348362235363, "acc_caminata_n_paraderos": 4.5678829799829703 }, "geometry": { "type": "Polygon", "coordinates": [ [ [ -70.747105022339554, -34.190596162815233 ], [ -70.74828127021469, -34.192022722219932 ], [ -70.747376760147048, -34.193410251376633 ], [ -70.745296010530851, -34.193371217319097 ], [ -70.744119798977465, -34.191944669052731 ], [ -70.745024300717162, -34.190557143705782 ], [ -70.747105022339554, -34.190596162815233 ] ] ] } },
{ "type": "Feature", "properties": { "h3": "89b2c1c0317ffff", "acc_caminata_m2_comercio": 1393.6455481939756, "acc_caminata_m2_departamento": 13680.809772038545, "acc_caminata_n_deporte_y_recreacion": 0.22991958456299127, "acc_caminata_n_educacion_y_cultura": 6.1139954343773457, "acc_caminata_m2_habitacional": 14166.017878386199, "acc_caminata_m2_industria": 127.35820313662693, "acc_caminata_m2_oficina": 51.645411634793675, "acc_caminata_n_salud": 0.015526437703603346, "acc_caminata_n_paraderos": 0.19105235289759243 }, "geometry": { "type": "Polygon", "coordinates": [ [ [ -70.742214898481151, -34.139922339447118 ], [ -70.743390833593423, -34.141349828656999 ], [ -70.74248651454549, -34.142738557081891 ], [ -70.740406268717337, -34.1426997924654 ], [ -70.739230369920463, -34.141272314416092 ], [ -70.740134680634995, -34.139883589822887 ], [ -70.742214898481151, -34.139922339447118 ] ] ] } },
{ "type": "Feature", "properties": { "h3": "89b2c1c1867ffff", "acc_caminata_m2_comercio": 133.55179303278854, "acc_caminata_m2_departamento": 0.33713632528119886, "acc_caminata_n_deporte_y_recreacion": 0.0051914412790986198, "acc_caminata_n_educacion_y_cultura": 24.447320312281249, "acc_caminata_m2_habitacional": 22723.190864811655, "acc_caminata_m2_industria": 0.12619229519111694, "acc_caminata_m2_oficina": 34.869931649558168, "acc_caminata_n_salud": 0.0065382003088668532, "acc_caminata_n_paraderos": 4.3607927613057038 }, "geometry": { "type": "Polygon", "coordinates": [ [ [ -70.77098795070745, -34.179803441299448 ], [ -70.772164488951958, -34.181230089741462 ], [ -70.771259997356978, -34.182618182494849 ], [ -70.769178975799917, -34.18257962299689 ], [ -70.7680024738317, -34.181152985677805 ], [ -70.768906957142889, -34.179764896733964 ], [ -70.77098795070745, -34.179803441299448 ] ] ] } },
{ "type": "Feature", "properties": { "h3": "89b2c1c088bffff", "acc_caminata_m2_comercio": 1348.3547122522316, "acc_caminata_m2_departamento": 9685.5383153662733, "acc_caminata_n_deporte_y_recreacion": 0.086193397250536458, "acc_caminata_n_educacion_y_cultura": 1.5398624582351097, "acc_caminata_m2_habitacional": 25940.79227939649, "acc_caminata_m2_industria": 1.4911665181908436, "acc_caminata_m2_oficina": 149.64375334925643, "acc_caminata_n_salud": 0.00013939570467360308, "acc_caminata_n_paraderos": 3.7182575116704815 }, "geometry": { "type": "Polygon", "coordinates": [ [ [ -70.703147402329662, -34.154646621368897 ], [ -70.704322847532467, -34.156074016938938 ], [ -70.703418509886433, -34.15746189620257 ], [ -70.70133873544161, -34.157422376063174 ], [ -70.70016332662756, -34.155994991680032 ], [ -70.701067655868201, -34.154607116249601 ], [ -70.703147402329662, -34.154646621368897 ] ] ] } },
{ "type": "Feature", "properties": { "h3": "89b2c1ca5a7ffff", "acc_caminata_m2_comercio": 973.0, "acc_caminata_m2_departamento": 3.5552358940396333e-15, "acc_caminata_n_deporte_y_recreacion": 2.5620033557725895e-06, "acc_caminata_n_educacion_y_cultura": 2.0181016997257619e-09, "acc_caminata_m2_habitacional": 57.941077274089018, "acc_caminata_m2_industria": 0.0010131745152497232, "acc_caminata_m2_oficina": 1.7486604739053138e-17, "acc_caminata_n_salud": 3.0152292446889456e-20, "acc_caminata_n_paraderos": 3.5736034489660838e-16 }, "geometry": { "type": "Polygon", "coordinates": [ [ [ -70.84128408245428, -34.133290178967314 ], [ -70.842461402672868, -34.13471735240131 ], [ -70.841557021406231, -34.13610746872849 ], [ -70.839475328072325, -34.136070407807196 ], [ -70.838298043991614, -34.134643245456061 ], [ -70.839202417105582, -34.133253132943537 ], [ -70.84128408245428, -34.133290178967314 ] ] ] } },
{ "type": "Feature", "properties": { "h3": "89b2c1c1ddbffff", "acc_caminata_m2_comercio": 58.310128605139504, "acc_caminata_m2_departamento": 503.82075354918328, "acc_caminata_n_deporte_y_recreacion": 2.0297764645419032, "acc_caminata_n_educacion_y_cultura": 0.27205471117624336, "acc_caminata_m2_habitacional": 12967.675734568515, "acc_caminata_m2_industria": 94.75269913835767, "acc_caminata_m2_oficina": 1.9657816507303369, "acc_caminata_n_salud": 0.048831096665841782, "acc_caminata_n_paraderos": 3.8925008090633644 }, "geometry": { "type": "Polygon", "coordinates": [ [ [ -70.756055865201176, -34.154234467405864 ], [ -70.75723206714089, -34.155661639782373 ], [ -70.756327682989266, -34.157050183672467 ], [ -70.754247105205764, -34.15701155136324 ], [ -70.753070939561198, -34.155584390130969 ], [ -70.753975315403622, -34.154195850063886 ], [ -70.756055865201176, -34.154234467405864 ] ] ] } },
{ "type": "Feature", "properties": { "h3": "89b2c1c565bffff", "acc_caminata_m2_comercio": 668.29719480991048, "acc_caminata_m2_departamento": 0.023314330774388759, "acc_caminata_n_deporte_y_recreacion": 0.013680643168450997, "acc_caminata_n_educacion_y_cultura": 1.9367807471756606, "acc_caminata_m2_habitacional": 177.92820470155451, "acc_caminata_m2_industria": 0.0070191725160770532, "acc_caminata_m2_oficina": 44.440768356783011, "acc_caminata_n_salud": 0.00054386342973856321, "acc_caminata_n_paraderos": 5.9687398184085767e-05 }, "geometry": { "type": "Polygon", "coordinates": [ [ [ -70.697176551601572, -34.189650169488992 ], [ -70.698352078669444, -34.19107696371308 ], [ -70.697447617589575, -34.192463898711068 ], [ -70.695367637859135, -34.192424035665297 ], [ -70.694192147200908, -34.190997252620306 ], [ -70.69509659986214, -34.189610321442181 ], [ -70.697176551601572, -34.189650169488992 ] ] ] } },
{ "type": "Feature", "properties": { "h3": "89b2c1c0a87ffff", "acc_caminata_m2_comercio": 1486.9272397094085, "acc_caminata_m2_departamento": 5714.4198987092213, "acc_caminata_n_deporte_y_recreacion": 0.15720943440534257, "acc_caminata_n_educacion_y_cultura": 2.4782676833358877, "acc_caminata_m2_habitacional": 21327.633556619923, "acc_caminata_m2_industria": 40.324393138596335, "acc_caminata_m2_oficina": 190.35149740479611, "acc_caminata_n_salud": 0.12280116111070348, "acc_caminata_n_paraderos": 7.7655402248247274 }, "geometry": { "type": "Polygon", "coordinates": [ [ [ -70.719696164553937, -34.164795148607176 ], [ -70.720871895834051, -34.166222290391339 ], [ -70.719967505632866, -34.167610122179433 ], [ -70.717887392526237, -34.167570808357766 ], [ -70.716711697608673, -34.166143677743449 ], [ -70.717616079433839, -34.164755849781145 ], [ -70.719696164553937, -34.164795148607176 ] ] ] } },
{ "type": "Feature", "properties": { "h3": "89b2c1c1373ffff", "acc_caminata_m2_comercio": 0.038652373349629648, "acc_caminata_m2_departamento": 6.7005972771304146e-09, "acc_caminata_n_deporte_y_recreacion": 3.7084223443097428e-12, "acc_caminata_n_educacion_y_cultura": 0.0091104729653519283, "acc_caminata_m2_habitacional": 410.32985225113595, "acc_caminata_m2_industria": 3.8137569295968843e-09, "acc_caminata_m2_oficina": 2.3698263567249689e-08, "acc_caminata_n_salud": 1.7038464668059252e-13, "acc_caminata_n_paraderos": 0.0024248235492540684 }, "geometry": { "type": "Polygon", "coordinates": [ [ [ -70.815501270441402, -34.156728620286167 ], [ -70.816678334759658, -34.15815548706265 ], [ -70.815773889267689, -34.159544703054962 ], [ -70.813692387657312, -34.159507048460789 ], [ -70.812515359529598, -34.158080192779579 ], [ -70.813419796820384, -34.15669098059746 ], [ -70.815501270441402, -34.156728620286167 ] ] ] } },
{ "type": "Feature", "properties": { "h3": "89b2c1c0397ffff", "acc_caminata_m2_comercio": 1447.4325794132321, "acc_caminata_m2_departamento": 641.38036883144468, "acc_caminata_n_deporte_y_recreacion": 1.0049262946570821, "acc_caminata_n_educacion_y_cultura": 6.7424570703476121, "acc_caminata_m2_habitacional": 23260.921235517428, "acc_caminata_m2_industria": 1678.1435209168731, "acc_caminata_m2_oficina": 56.257790672729833, "acc_caminata_n_salud": 0.00038412339925448776, "acc_caminata_n_paraderos": 7.9456701555353213 }, "geometry": { "type": "Polygon", "coordinates": [ [ [ -70.738415678066886, -34.132823197011916 ], [ -70.739591524751788, -34.134250829886604 ], [ -70.738687235258126, -34.135639687690521 ], [ -70.736607107418052, -34.135600908784575 ], [ -70.735431297053182, -34.134173287076067 ], [ -70.736335578207019, -34.132784433107531 ], [ -70.738415678066886, -34.132823197011916 ] ] ] } },
{ "type": "Feature", "properties": { "h3": "89b2c1c3263ffff", "acc_caminata_m2_comercio": 1.328019402211581e-07, "acc_caminata_m2_departamento": 1.0830645553281713e-20, "acc_caminata_n_deporte_y_recreacion": 9.1372509062993579e-20, "acc_caminata_n_educacion_y_cultura": 4.0, "acc_caminata_m2_habitacional": 514.58361815837247, "acc_caminata_m2_industria": 6.2952631016466882e-07, "acc_caminata_m2_oficina": 63.000000000000021, "acc_caminata_n_salud": 3.4381353802931341e-26, "acc_caminata_n_paraderos": 5.2168814117539046e-25 }, "geometry": { "type": "Polygon", "coordinates": [ [ [ -70.8100503184736, -34.100382121745326 ], [ -70.811227035134934, -34.101810022029021 ], [ -70.810322801642968, -34.103200570126674 ], [ -70.808241859695656, -34.103163214106324 ], [ -70.807065179217943, -34.10173532494246 ], [ -70.807969404502586, -34.100344780679322 ], [ -70.8100503184736, -34.100382121745326 ] ] ] } },
{ "type": "Feature", "properties": { "h3": "89b2c1c090bffff", "acc_caminata_m2_comercio": 1429.6151741114647, "acc_caminata_m2_departamento": 0.54619813398851702, "acc_caminata_n_deporte_y_recreacion": 0.055652889925498668, "acc_caminata_n_educacion_y_cultura": 4.3017997005719755, "acc_caminata_m2_habitacional": 28800.957229068255, "acc_caminata_m2_industria": 5.9199312752353461e-05, "acc_caminata_m2_oficina": 120.53535758908855, "acc_caminata_n_salud": 0.016044475596195901, "acc_caminata_n_paraderos": 3.4565561760168997 }, "geometry": { "type": "Polygon", "coordinates": [ [ [ -70.686056076143061, -34.17117889790083 ], [ -70.687231355023911, -34.172606071535363 ], [ -70.686326972322092, -34.17399332822454 ], [ -70.684247319175682, -34.173953407449666 ], [ -70.683072076718631, -34.172526245009884 ], [ -70.683976450982868, -34.171138992150418 ], [ -70.686056076143061, -34.17117889790083 ] ] ] } },
{ "type": "Feature", "properties": { "h3": "89b2c1c156fffff", "acc_caminata_m2_comercio": 23.74158501012791, "acc_caminata_m2_departamento": 2.7236414143586381e-06, "acc_caminata_n_deporte_y_recreacion": 3.7606512434542213e-05, "acc_caminata_n_educacion_y_cultura": 3.0391758868675207e-09, "acc_caminata_m2_habitacional": 197.84122401596784, "acc_caminata_m2_industria": 0.0015667297235685441, "acc_caminata_m2_oficina": 1.1995945048983602e-08, "acc_caminata_n_salud": 2.0776701874170223e-11, "acc_caminata_n_paraderos": 6.4595143464440706e-10 }, "geometry": { "type": "Polygon", "coordinates": [ [ [ -70.791332898664891, -34.13239152999914 ], [ -70.792509500943197, -34.133818939280673 ], [ -70.791605166000537, -34.135208461632608 ], [ -70.789524237021766, -34.135170570878181 ], [ -70.788347670969713, -34.133743172720173 ], [ -70.789251997668828, -34.132353654193274 ], [ -70.791332898664891, -34.13239152999914 ] ] ] } },
{ "type": "Feature", "properties": { "h3": "89b2c1ce597ffff", "acc_caminata_m2_comercio": 909.38514094694096, "acc_caminata_m2_departamento": 0.0059688517536996312, "acc_caminata_n_deporte_y_recreacion": 0.0044812233984730387, "acc_caminata_n_educacion_y_cultura": 3.3622982585727286, "acc_caminata_m2_habitacional": 171.45203949603692, "acc_caminata_m2_industria": 0.00087386560879318593, "acc_caminata_m2_oficina": 7.2135154423624206, "acc_caminata_n_salud": 0.00017808415425589705, "acc_caminata_n_paraderos": 1.5269011301418466e-05 }, "geometry": { "type": "Polygon", "coordinates": [ [ [ -70.700432092602085, -34.191116767477688 ], [ -70.701607673445054, -34.192543521235038 ], [ -70.700703203952358, -34.193930460051682 ], [ -70.698623162028184, -34.193890641292519 ], [ -70.697447617589575, -34.192463898711068 ], [ -70.698352078669444, -34.19107696371308 ], [ -70.700432092602085, -34.191116767477688 ] ] ] } },
{ "type": "Feature", "properties": { "h3": "89b2c1c56dbffff", "acc_caminata_m2_comercio": 55.066036925740548, "acc_caminata_m2_departamento": 0.48186830825189531, "acc_caminata_n_deporte_y_recreacion": 0.052651405677263174, "acc_caminata_n_educacion_y_cultura": 0.61923366173633099, "acc_caminata_m2_habitacional": 6671.6729462890353, "acc_caminata_m2_industria": 0.01431634160640795, "acc_caminata_m2_oficina": 15.671762408515642, "acc_caminata_n_salud": 2.2435498305502266e-06, "acc_caminata_n_paraderos": 0.0077901371877969507 }, "geometry": { "type": "Polygon", "coordinates": [ [ [ -70.693379105565555, -34.182555600236753 ], [ -70.694554544115391, -34.183982538179635 ], [ -70.693650112695465, -34.185369602630217 ], [ -70.691570251149429, -34.185329725314553 ], [ -70.69039484901387, -34.183902798556389 ], [ -70.691299272008749, -34.182515737929371 ], [ -70.693379105565555, -34.182555600236753 ] ] ] } },
{ "type": "Feature", "properties": { "h3": "89b2c1c0b07ffff", "acc_caminata_m2_comercio": 5.8924842025173243, "acc_caminata_m2_departamento": 0.13319795996335304, "acc_caminata_n_deporte_y_recreacion": 0.0051211846809242952, "acc_caminata_n_educacion_y_cultura": 0.0062978157241198578, "acc_caminata_m2_habitacional": 10731.792798818469, "acc_caminata_m2_industria": 9.3678877650091379e-06, "acc_caminata_m2_oficina": 0.49949492580022831, "acc_caminata_n_salud": 6.0382395885198304e-07, "acc_caminata_n_paraderos": 0.00011547058941055067 }, "geometry": { "type": "Polygon", "coordinates": [ [ [ -70.70260319022313, -34.181327474206057 ], [ -70.703778755351834, -34.182754394059543 ], [ -70.702874319930302, -34.184141603245443 ], [ -70.700794327786923, -34.184101888755755 ], [ -70.699618799055855, -34.182674980079945 ], [ -70.700523226069151, -34.181287774716331 ], [ -70.70260319022313, -34.181327474206057 ] ] ] } },
{ "type": "Feature", "properties": { "h3": "89b2c1c731bffff", "acc_caminata_m2_comercio": 92.600216057660944, "acc_caminata_m2_departamento": 347.0046515656623, "acc_caminata_n_deporte_y_recreacion": 0.0051882207631763193, "acc_caminata_n_educacion_y_cultura": 0.10188455463037771, "acc_caminata_m2_habitacional": 15894.249689824122, "acc_caminata_m2_industria": 0.064298853598819233, "acc_caminata_m2_oficina": 1.4499737220062339, "acc_caminata_n_salud": 3.2377028112211857e-05, "acc_caminata_n_paraderos": 1.6855628481957872e-12 }, "geometry": { "type": "Polygon", "coordinates": [ [ [ -70.642120405542826, -34.167519402485041 ], [ -70.64329503510352, -34.168946831751057 ], [ -70.642390707304997, -34.170333635023248 ], [ -70.640311758461507, -34.170293005189954 ], [ -70.639137165400882, -34.168865587155636 ], [ -70.640041484682357, -34.167478787723141 ], [ -70.642120405542826, -34.167519402485041 ] ] ] } },
{ "type": "Feature", "properties": { "h3": "89b2c1c199bffff", "acc_caminata_m2_comercio": 20150.480030473285, "acc_caminata_m2_departamento": 678.97681378646848, "acc_caminata_n_deporte_y_recreacion": 0.034558322725551899, "acc_caminata_n_educacion_y_cultura": 9.2890373493633192, "acc_caminata_m2_habitacional": 24577.171956815211, "acc_caminata_m2_industria": 3131.0254863274536, "acc_caminata_m2_oficina": 4073.6467803371743, "acc_caminata_n_salud": 2.3275639836513582, "acc_caminata_n_paraderos": 2.4664483422297918 }, "geometry": { "type": "Polygon", "coordinates": [ [ [ -70.748459761041559, -34.172360021074283 ], [ -70.74963594096026, -34.173786901715872 ], [ -70.74873149686178, -34.175174901146242 ], [ -70.74665088116754, -34.175136016118195 ], [ -70.745474737562802, -34.173709146620439 ], [ -70.746379173337033, -34.172321151007083 ], [ -70.748459761041559, -34.172360021074283 ] ] ] } },
{ "type": "Feature", "properties": { "h3": "89b2c1c5593ffff", "acc_caminata_m2_comercio": 7.1915786462205373, "acc_caminata_m2_departamento": 2.7497898014888795, "acc_caminata_n_deporte_y_recreacion": 0.0040645621129085418, "acc_caminata_n_educacion_y_cultura": 0.0098445378108793329, "acc_caminata_m2_habitacional": 1082.7096374714413, "acc_caminata_m2_industria": 0.85424681774184408, "acc_caminata_m2_oficina": 1.8201081921351017, "acc_caminata_n_salud": 0.00019949352996677256, "acc_caminata_n_paraderos": 3.624783682413101e-14 }, "geometry": { "type": "Polygon", "coordinates": [ [ [ -70.636964651370661, -34.178653495074791 ], [ -70.638139259997061, -34.180080747215634 ], [ -70.63723489610382, -34.181467209692627 ], [ -70.635155932110038, -34.181426416192942 ], [ -70.633981359996085, -34.17999917528396 ], [ -70.634885715362145, -34.178612716642981 ], [ -70.636964651370661, -34.178653495074791 ] ] ] } },
{ "type": "Feature", "properties": { "h3": "89b2c1ce41bffff", "acc_caminata_m2_comercio": 2549.248747979379, "acc_caminata_m2_departamento": 241.73126964820509, "acc_caminata_n_deporte_y_recreacion": 1.0035611147978305, "acc_caminata_n_educacion_y_cultura": 0.36945261260598539, "acc_caminata_m2_habitacional": 7503.0625650518214, "acc_caminata_m2_industria": 6204.3945269834985, "acc_caminata_m2_oficina": 60.844449428896048, "acc_caminata_n_salud": 0.010409011861667813, "acc_caminata_n_paraderos": 0.52167752338197515 }, "geometry": { "type": "Polygon", "coordinates": [ [ [ -70.731364629572951, -34.18889564464282 ], [ -70.732540643650651, -34.190322303384285 ], [ -70.731636154049383, -34.191709680201171 ], [ -70.729555658725488, -34.191670394463223 ], [ -70.728379680996866, -34.190243746873428 ], [ -70.729284162241683, -34.188856373870102 ], [ -70.731364629572951, -34.18889564464282 ] ] ] } },
{ "type": "Feature", "properties": { "h3": "89b2c1c107bffff", "acc_caminata_m2_comercio": 0.00083094352776073225, "acc_caminata_m2_departamento": 4.1630342357231447e-09, "acc_caminata_n_deporte_y_recreacion": 3.0000000000000013, "acc_caminata_n_educacion_y_cultura": 1.2741400806114211e-11, "acc_caminata_m2_habitacional": 38.759603763282811, "acc_caminata_m2_industria": 1186.3854662409635, "acc_caminata_m2_oficina": 2.0364017601690231e-11, "acc_caminata_n_salud": 3.5307087766631572e-14, "acc_caminata_n_paraderos": 1.0627331203879249e-12 }, "geometry": { "type": "Polygon", "coordinates": [ [ [ -70.816851410729456, -34.138477447293319 ], [ -70.818028406914621, -34.139904635407639 ], [ -70.817124027434545, -34.141294321543384 ], [ -70.815042659965457, -34.141256815747546 ], [ -70.813865699963074, -34.139829638733971 ], [ -70.814770071245647, -34.138439956415645 ], [ -70.816851410729456, -34.138477447293319 ] ] ] } },
{ "type": "Feature", "properties": { "h3": "89b2c1c1967ffff", "acc_caminata_m2_comercio": 1139.304837049516, "acc_caminata_m2_departamento": 10.496846051019739, "acc_caminata_n_deporte_y_recreacion": 0.0001258453624661175, "acc_caminata_n_educacion_y_cultura": 0.02042495833444111, "acc_caminata_m2_habitacional": 484.0587339736116, "acc_caminata_m2_industria": 43.091026807295663, "acc_caminata_m2_oficina": 9.36295825042831, "acc_caminata_n_salud": 0.012138693770333248, "acc_caminata_n_paraderos": 0.19499738476906581 }, "geometry": { "type": "Polygon", "coordinates": [ [ [ -70.750090277445835, -34.189247526811648 ], [ -70.751266561637038, -34.190674097352741 ], [ -70.750362053860925, -34.192061696961673 ], [ -70.74828127021469, -34.192022722219932 ], [ -70.747105022339554, -34.190596162815233 ], [ -70.748009521793236, -34.189208567016067 ], [ -70.750090277445835, -34.189247526811648 ] ] ] } },
{ "type": "Feature", "properties": { "h3": "89b2c1c1d13ffff", "acc_caminata_m2_comercio": 3195.8632022166526, "acc_caminata_m2_departamento": 717.3859390987152, "acc_caminata_n_deporte_y_recreacion": 0.81525625465523133, "acc_caminata_n_educacion_y_cultura": 3.7521083023643955, "acc_caminata_m2_habitacional": 23533.508457220389, "acc_caminata_m2_industria": 2947.9816583892693, "acc_caminata_m2_oficina": 948.51664291569432, "acc_caminata_n_salud": 0.4861561917248613, "acc_caminata_n_paraderos": 4.4587969479210203 }, "geometry": { "type": "Polygon", "coordinates": [ [ [ -70.74710118341028, -34.158283846367731 ], [ -70.748277276447482, -34.159710985305772 ], [ -70.747372885408026, -34.161099317867517 ], [ -70.745292409655747, -34.161060507668289 ], [ -70.744116352930718, -34.159633379880262 ], [ -70.745020735644417, -34.158245051141634 ], [ -70.74710118341028, -34.158283846367731 ] ] ] } },
{ "type": "Feature", "properties": { "h3": "89b2c1c029bffff", "acc_caminata_m2_comercio": 34.632538596856705, "acc_caminata_m2_departamento": 4.7784362534840564e-06, "acc_caminata_n_deporte_y_recreacion": 7.8945727929878735e-06, "acc_caminata_n_educacion_y_cultura": 2.9463158196143476e-07, "acc_caminata_m2_habitacional": 9.1164004641700203, "acc_caminata_m2_industria": 0.18666997623642298, "acc_caminata_m2_oficina": 0.0097435898456981977, "acc_caminata_n_salud": 2.8601625455349183e-11, "acc_caminata_n_paraderos": 5.1998412821159042e-10 }, "geometry": { "type": "Polygon", "coordinates": [ [ [ -70.765548439611891, -34.123483774462741 ], [ -70.766724630294902, -34.12491145613108 ], [ -70.765820350858078, -34.126300881249726 ], [ -70.763739889026795, -34.126262620866328 ], [ -70.762563734613082, -34.124834950345573 ], [ -70.763468005760004, -34.123445529060803 ], [ -70.765548439611891, -34.123483774462741 ] ] ] } },
{ "type": "Feature", "properties": { "h3": "89b2c1c0b87ffff", "acc_caminata_m2_comercio": 23242.085478618967, "acc_caminata_m2_departamento": 668.24633046856854, "acc_caminata_n_deporte_y_recreacion": 0.074168691562680508, "acc_caminata_n_educacion_y_cultura": 16.216641156003568, "acc_caminata_m2_habitacional": 2609.1316482172051, "acc_caminata_m2_industria": 0.036597220843373461, "acc_caminata_m2_oficina": 378.90826158816969, "acc_caminata_n_salud": 0.002704982449147996, "acc_caminata_n_paraderos": 0.10465248285492082 }, "geometry": { "type": "Polygon", "coordinates": [ [ [ -70.69880556626137, -34.17423212830105 ], [ -70.699981042884602, -34.17565919185585 ], [ -70.699076637109727, -34.177046530481391 ], [ -70.696996763124886, -34.177006801726364 ], [ -70.695821322903882, -34.175579749354895 ], [ -70.696725720264112, -34.174192414555307 ], [ -70.69880556626137, -34.17423212830105 ] ] ] } },
{ "type": "Feature", "properties": { "h3": "89b2c1c080fffff", "acc_caminata_m2_comercio": 408.06549573656309, "acc_caminata_m2_departamento": 16528.610290355977, "acc_caminata_n_deporte_y_recreacion": 0.039476493492311152, "acc_caminata_n_educacion_y_cultura": 0.57820670645225425, "acc_caminata_m2_habitacional": 17119.000458448972, "acc_caminata_m2_industria": 0.12885617978410871, "acc_caminata_m2_oficina": 0.76609994965875805, "acc_caminata_n_salud": 0.0018314844091113936, "acc_caminata_n_paraderos": 6.1555022763566125 }, "geometry": { "type": "Polygon", "coordinates": [ [ [ -70.703960745250214, -34.163092091218502 ], [ -70.705136242554929, -34.164519331981133 ], [ -70.704231873057708, -34.165907011388079 ], [ -70.702152014658893, -34.165867446203002 ], [ -70.700976553743999, -34.164440216623568 ], [ -70.701880914836721, -34.163052541046198 ], [ -70.703960745250214, -34.163092091218502 ] ] ] } },
{ "type": "Feature", "properties": { "h3": "89b2c1ce49bffff", "acc_caminata_m2_comercio": 13530.023599491908, "acc_caminata_m2_departamento": 4584.9346171750958, "acc_caminata_n_deporte_y_recreacion": 0.19702589247389921, "acc_caminata_n_educacion_y_cultura": 0.56967712455512465, "acc_caminata_m2_habitacional": 11383.385235091593, "acc_caminata_m2_industria": 17.142527879557175, "acc_caminata_m2_oficina": 692.89419832588328, "acc_caminata_n_salud": 1.00182999073179, "acc_caminata_n_paraderos": 6.6162953782256126 }, "geometry": { "type": "Polygon", "coordinates": [ [ [ -70.727565263951547, -34.181801175161134 ], [ -70.728741189553361, -34.18322797775545 ], [ -70.727836729540726, -34.184615484034879 ], [ -70.725756352287831, -34.184576183902983 ], [ -70.724580463039715, -34.183149392465985 ], [ -70.72548491468946, -34.18176189000377 ], [ -70.727565263951547, -34.181801175161134 ] ] ] } },
{ "type": "Feature", "properties": { "h3": "89b2c1ca8a3ffff", "acc_caminata_m2_comercio": 31.15422153170821, "acc_caminata_m2_departamento": 2.9473514409162889e-11, "acc_caminata_n_deporte_y_recreacion": 2.7929854747376844e-16, "acc_caminata_n_educacion_y_cultura": 0.0046564461757906545, "acc_caminata_m2_habitacional": 625.84171571040156, "acc_caminata_m2_industria": 0.12085760678489577, "acc_caminata_m2_oficina": 14.864931494635956, "acc_caminata_n_salud": 3.7561994541645706e-20, "acc_caminata_n_paraderos": 0.14728475881533795 }, "geometry": { "type": "Polygon", "coordinates": [ [ [ -70.827186842878916, -34.180831071137405 ], [ -70.828364189640567, -34.182257453738231 ], [ -70.827459645367057, -34.183646214706812 ], [ -70.825377762512048, -34.183608589276801 ], [ -70.824200451927283, -34.182182217753159 ], [ -70.825104988019291, -34.180793460582549 ], [ -70.827186842878916, -34.180831071137405 ] ] ] } },
{ "type": "Feature", "properties": { "h3": "89b2c1ce44fffff", "acc_caminata_m2_comercio": 63.423841924709237, "acc_caminata_m2_departamento": 42.362882695225345, "acc_caminata_n_deporte_y_recreacion": 4.5107807176790238e-05, "acc_caminata_n_educacion_y_cultura": 0.75547225515182104, "acc_caminata_m2_habitacional": 1912.0257731503145, "acc_caminata_m2_industria": 1.3661004720602932, "acc_caminata_m2_oficina": 0.20559750397321688, "acc_caminata_n_salud": 0.00011459126817971407, "acc_caminata_n_paraderos": 2.1797736183747412 }, "geometry": { "type": "Polygon", "coordinates": [ [ [ -70.738149447548579, -34.194641292231182 ], [ -70.739325586441453, -34.196067818215127 ], [ -70.738421069529238, -34.197455136010817 ], [ -70.736340422067286, -34.197415924012894 ], [ -70.735164319513189, -34.195989409173031 ], [ -70.736068828080903, -34.194602095187221 ], [ -70.738149447548579, -34.194641292231182 ] ] ] } },
{ "type": "Feature", "properties": { "h3": "89b2c1c0a0bffff", "acc_caminata_m2_comercio": 10860.901440755502, "acc_caminata_m2_departamento": 34054.115307437511, "acc_caminata_n_deporte_y_recreacion": 0.016911947145387091, "acc_caminata_n_educacion_y_cultura": 2.460916024960127, "acc_caminata_m2_habitacional": 11343.968185624055, "acc_caminata_m2_industria": 26.62926049047957, "acc_caminata_m2_oficina": 1409.0181610027576, "acc_caminata_n_salud": 1.3852383204613192, "acc_caminata_n_paraderos": 2.2947107867144894 }, "geometry": { "type": "Polygon", "coordinates": [ [ [ -70.729735624676707, -34.17200894691905 ], [ -70.730911534502667, -34.173435915637519 ], [ -70.730007108593654, -34.17482369226687 ], [ -70.727926781215629, -34.174784496357098 ], [ -70.72675090773663, -34.173357538797717 ], [ -70.727655325287358, -34.171969765989203 ], [ -70.729735624676707, -34.17200894691905 ] ] ] } },
{ "type": "Feature", "properties": { "h3": "89b2c1c166fffff", "acc_caminata_m2_comercio": 17.395601997710688, "acc_caminata_m2_departamento": 8.9055052859774019e-14, "acc_caminata_n_deporte_y_recreacion": 6.4175585270658518e-05, "acc_caminata_n_educacion_y_cultura": 5.0551400498285371e-08, "acc_caminata_m2_habitacional": 628.85819763389327, "acc_caminata_m2_industria": 0.025378993884205614, "acc_caminata_m2_oficina": 4.3802170777534076e-16, "acc_caminata_n_salud": 7.5528434054203052e-19, "acc_caminata_n_paraderos": 8.9515141479385402e-15 }, "geometry": { "type": "Polygon", "coordinates": [ [ [ -70.835039181792695, -34.133178937117783 ], [ -70.836216412342111, -34.134606140092323 ], [ -70.835312036789304, -34.135996182180044 ], [ -70.833230438849753, -34.135959017477497 ], [ -70.832053244449256, -34.134531825590912 ], [ -70.83295761183804, -34.133141787319126 ], [ -70.835039181792695, -34.133178937117783 ] ] ] } },
{ "type": "Feature", "properties": { "h3": "89b2c1ce697ffff", "acc_caminata_m2_comercio": 858.38011134822671, "acc_caminata_m2_departamento": 174.09830318130096, "acc_caminata_n_deporte_y_recreacion": 0.00018539764355247646, "acc_caminata_n_educacion_y_cultura": 6.4605714794312972, "acc_caminata_m2_habitacional": 13671.275270735374, "acc_caminata_m2_industria": 13.266939676200703, "acc_caminata_m2_oficina": 2.5117143937434778, "acc_caminata_n_salud": 0.0026301823804715375, "acc_caminata_n_paraderos": 3.91512892826711 }, "geometry": { "type": "Polygon", "coordinates": [ [ [ -70.744119798977465, -34.191944669052731 ], [ -70.745296010530851, -34.193371217319097 ], [ -70.744391498176668, -34.194758676022865 ], [ -70.742310782601209, -34.194719582650684 ], [ -70.74113460737523, -34.193293045524555 ], [ -70.742039111395954, -34.191905590630583 ], [ -70.744119798977465, -34.191944669052731 ] ] ] } },
{ "type": "Feature", "properties": { "h3": "89b2c1c5463ffff", "acc_caminata_m2_comercio": 17.240792275416524, "acc_caminata_m2_departamento": 0.27286731161345218, "acc_caminata_n_deporte_y_recreacion": 0.00014464721119477827, "acc_caminata_n_educacion_y_cultura": 0.0016655854580764433, "acc_caminata_m2_habitacional": 8562.9399281178339, "acc_caminata_m2_industria": 0.13871087324315029, "acc_caminata_m2_oficina": 0.47340908190055903, "acc_caminata_n_salud": 0.00011852004658012411, "acc_caminata_n_paraderos": 4.384132658111249e-07 }, "geometry": { "type": "Polygon", "coordinates": [ [ [ -70.665710012730173, -34.186235202884099 ], [ -70.66688507125312, -34.187662194920051 ], [ -70.665980652125384, -34.189048825139423 ], [ -70.663901182948905, -34.189008459495675 ], [ -70.662726160890088, -34.187581478665528 ], [ -70.663630571542257, -34.186194852273502 ], [ -70.665710012730173, -34.186235202884099 ] ] ] } },
{ "type": "Feature", "properties": { "h3": "89b2c1c186bffff", "acc_caminata_m2_comercio": 73.236705819427968, "acc_caminata_m2_departamento": 0.022834165460885333, "acc_caminata_n_deporte_y_recreacion": 0.0011406512754168372, "acc_caminata_n_educacion_y_cultura": 0.53416715259380532, "acc_caminata_m2_habitacional": 14563.143904523928, "acc_caminata_m2_industria": 0.0090083141956393224, "acc_caminata_m2_oficina": 0.76280702574554715, "acc_caminata_n_salud": 0.021894998493972351, "acc_caminata_n_paraderos": 0.10847147148014667 }, "geometry": { "type": "Polygon", "coordinates": [ [ [ -70.777231123152148, -34.179918867560914 ], [ -70.778407751315612, -34.181345486533111 ], [ -70.777503253779855, -34.182733653540943 ], [ -70.775422136351708, -34.182695197768538 ], [ -70.774245544453493, -34.181268589914197 ], [ -70.775150033716827, -34.17988042671459 ], [ -70.777231123152148, -34.179918867560914 ] ] ] } },
{ "type": "Feature", "properties": { "h3": "89b2c1c088fffff", "acc_caminata_m2_comercio": 168.05848159788815, "acc_caminata_m2_departamento": 17572.872583158249, "acc_caminata_n_deporte_y_recreacion": 0.089652353754077596, "acc_caminata_n_educacion_y_cultura": 1.4609354856284738, "acc_caminata_m2_habitacional": 26911.74718719154, "acc_caminata_m2_industria": 0.30025525447106621, "acc_caminata_m2_oficina": 18.62121553764457, "acc_caminata_n_salud": 4.0241148516928143e-05, "acc_caminata_n_paraderos": 3.8308074212667256 }, "geometry": { "type": "Polygon", "coordinates": [ [ [ -70.70016332662756, -34.155994991680032 ], [ -70.70133873544161, -34.157422376063174 ], [ -70.700434395583812, -34.158810184877836 ], [ -70.698354655321495, -34.158770605476327 ], [ -70.697179282901857, -34.157343232282024 ], [ -70.698083614348761, -34.155955427300604 ], [ -70.70016332662756, -34.155994991680032 ] ] ] } },
{ "type": "Feature", "properties": { "h3": "89b2c1c5397ffff", "acc_caminata_m2_comercio": 89.662854344836433, "acc_caminata_m2_departamento": 140.642345091187, "acc_caminata_n_deporte_y_recreacion": 1.5381872231821748e-12, "acc_caminata_n_educacion_y_cultura": 4.0087584989955365e-08, "acc_caminata_m2_habitacional": 9607.1298087300711, "acc_caminata_m2_industria": 0.15590553240589541, "acc_caminata_m2_oficina": 3.461202353630367e-05, "acc_caminata_n_salud": 1.5271230643687366e-13, "acc_caminata_n_paraderos": 4.3525852825935481e-13 }, "geometry": { "type": "Polygon", "coordinates": [ [ [ -70.658652360121948, -34.209964798566823 ], [ -70.659827430788567, -34.211391395686263 ], [ -70.65892293084184, -34.212777348011663 ], [ -70.656843368717162, -34.212736699398931 ], [ -70.655668334534184, -34.211310113482362 ], [ -70.656572825990906, -34.209924164975838 ], [ -70.658652360121948, -34.209964798566823 ] ] ] } },
{ "type": "Feature", "properties": { "h3": "89b2c1ca5abffff", "acc_caminata_m2_comercio": 3.2938291021516259, "acc_caminata_m2_departamento": 1.5608932745537278e-17, "acc_caminata_n_deporte_y_recreacion": 1.124823760390671e-08, "acc_caminata_n_educacion_y_cultura": 8.8602879368665727e-12, "acc_caminata_m2_habitacional": 985.89496634638215, "acc_caminata_m2_industria": 4.4482485380333144e-06, "acc_caminata_m2_oficina": 7.6774946183156582e-20, "acc_caminata_n_salud": 1.3238083743368657e-22, "acc_caminata_n_paraderos": 1.5689573788239413e-18 }, "geometry": { "type": "Polygon", "coordinates": [ [ [ -70.847529269212217, -34.133401109462461 ], [ -70.848706679078944, -34.134828253338938 ], [ -70.84780229212042, -34.136218443903381 ], [ -70.845720503435047, -34.136181486778241 ], [ -70.844543129695111, -34.134754353979552 ], [ -70.845447508512379, -34.133364167228429 ], [ -70.847529269212217, -34.133401109462461 ] ] ] } },
{ "type": "Feature", "properties": { "h3": "89b2c1c0e03ffff", "acc_caminata_m2_comercio": 648.887065349777, "acc_caminata_m2_departamento": 4487.5807903491022, "acc_caminata_n_deporte_y_recreacion": 0.64409796358000437, "acc_caminata_n_educacion_y_cultura": 5.8278667733067584, "acc_caminata_m2_habitacional": 6792.8671271932153, "acc_caminata_m2_industria": 19.23511467196462, "acc_caminata_m2_oficina": 58.037065953949032, "acc_caminata_n_salud": 0.0012457874809358536, "acc_caminata_n_paraderos": 5.4038625427441653 }, "geometry": { "type": "Polygon", "coordinates": [ [ [ -70.72457958850714, -34.150835971498552 ], [ -70.725755323011683, -34.152263342104995 ], [ -70.724850979761271, -34.153651581264874 ], [ -70.722770910371167, -34.153612445987903 ], [ -70.7215952122164, -34.152185086552393 ], [ -70.722499547100611, -34.150796851223134 ], [ -70.72457958850714, -34.150835971498552 ] ] ] } },
{ "type": "Feature", "properties": { "h3": "89b2c1c0a8bffff", "acc_caminata_m2_comercio": 1934.6436937328372, "acc_caminata_m2_departamento": 1835.3352490503628, "acc_caminata_n_deporte_y_recreacion": 0.075237864099665638, "acc_caminata_n_educacion_y_cultura": 1.5182568336793689, "acc_caminata_m2_habitacional": 14600.497559882331, "acc_caminata_m2_industria": 1674.7376827556593, "acc_caminata_m2_oficina": 338.85761839984764, "acc_caminata_n_salud": 0.1737129692022174, "acc_caminata_n_paraderos": 6.1337693023817055 }, "geometry": { "type": "Polygon", "coordinates": [ [ [ -70.725936612345592, -34.164912837953715 ], [ -70.727112433705813, -34.166339950438676 ], [ -70.726208037384794, -34.167727856500129 ], [ -70.724127828066884, -34.16768864625228 ], [ -70.722952043058214, -34.16626154493207 ], [ -70.723856431014539, -34.164873642695142 ], [ -70.725936612345592, -34.164912837953715 ] ] ] } },
{ "type": "Feature", "properties": { "h3": "89b2c1c734fffff", "acc_caminata_m2_comercio": 95.868329569240089, "acc_caminata_m2_departamento": 24.846108598098542, "acc_caminata_n_deporte_y_recreacion": 0.11697797380671665, "acc_caminata_n_educacion_y_cultura": 0.1182050197087717, "acc_caminata_m2_habitacional": 14880.183788523527, "acc_caminata_m2_industria": 4.6331887188503078, "acc_caminata_m2_oficina": 8.0845684277887191, "acc_caminata_n_salud": 0.025062178077972546, "acc_caminata_n_paraderos": 1.1718887640576179e-11 }, "geometry": { "type": "Polygon", "coordinates": [ [ [ -70.648898139778979, -34.173269477295605 ], [ -70.650072894398761, -34.174696774344532 ], [ -70.649168538958151, -34.176083518668435 ], [ -70.647089437401604, -34.176042962107594 ], [ -70.64591471927173, -34.174615676282784 ], [ -70.646819066207144, -34.173228935794889 ], [ -70.648898139778979, -34.173269477295605 ] ] ] } },
{ "type": "Feature", "properties": { "h3": "89b2c1c039bffff", "acc_caminata_m2_comercio": 321.23814999535443, "acc_caminata_m2_departamento": 500.40650040279547, "acc_caminata_n_deporte_y_recreacion": 0.01803076053998684, "acc_caminata_n_educacion_y_cultura": 5.3582035702682802, "acc_caminata_m2_habitacional": 16000.057395380711, "acc_caminata_m2_industria": 75.656599482570584, "acc_caminata_m2_oficina": 15.908342771571951, "acc_caminata_n_salud": 0.0003059299917417641, "acc_caminata_n_paraderos": 3.9439784988823776 }, "geometry": { "type": "Polygon", "coordinates": [ [ [ -70.744656169771233, -34.132939281634961 ], [ -70.745832106450052, -34.134366885229724 ], [ -70.744927810903732, -34.135755817305515 ], [ -70.742847587005713, -34.135717141952654 ], [ -70.741671686635897, -34.134289549519004 ], [ -70.742575973853761, -34.132900621277287 ], [ -70.744656169771233, -34.132939281634961 ] ] ] } },
{ "type": "Feature", "properties": { "h3": "89b2c1c0023ffff", "acc_caminata_m2_comercio": 459.59409937419565, "acc_caminata_m2_departamento": 70.569038965675517, "acc_caminata_n_deporte_y_recreacion": 0.34664054901615321, "acc_caminata_n_educacion_y_cultura": 1.3918628731358051, "acc_caminata_m2_habitacional": 37213.620601508141, "acc_caminata_m2_industria": 318.88317535758199, "acc_caminata_m2_oficina": 7.8506565713100862, "acc_caminata_n_salud": 3.1295690266121674e-06, "acc_caminata_n_paraderos": 8.2201082617770869 }, "geometry": { "type": "Polygon", "coordinates": [ [ [ -70.737872583963124, -34.127189861054823 ], [ -70.739048395908938, -34.128617597124396 ], [ -70.738144127635323, -34.130006588131224 ], [ -70.736064055754966, -34.129967839230851 ], [ -70.734888280128459, -34.128540114329937 ], [ -70.735792540061667, -34.127151127160914 ], [ -70.737872583963124, -34.127189861054823 ] ] ] } },
{ "type": "Feature", "properties": { "h3": "89b2c1c1c63ffff", "acc_caminata_m2_comercio": 12216.689069425969, "acc_caminata_m2_departamento": 93.7534269527155, "acc_caminata_n_deporte_y_recreacion": 0.0015642994211660685, "acc_caminata_n_educacion_y_cultura": 0.029750259239164151, "acc_caminata_m2_habitacional": 175.71810178024379, "acc_caminata_m2_industria": 2.5975961229000744, "acc_caminata_m2_oficina": 117.80445138241549, "acc_caminata_n_salud": 0.037525637242436495, "acc_caminata_n_paraderos": 0.18592190973640613 }, "geometry": { "type": "Polygon", "coordinates": [ [ [ -70.772069052078805, -34.158746694640072 ], [ -70.773245504924546, -34.160173716040909 ], [ -70.772341089922421, -34.161562345651731 ], [ -70.770260230353557, -34.16152395004395 ], [ -70.76908381377595, -34.160096939772778 ], [ -70.769988220497709, -34.158708313979929 ], [ -70.772069052078805, -34.158746694640072 ] ] ] } },
{ "type": "Feature", "properties": { "h3": "89b2c1c090fffff", "acc_caminata_m2_comercio": 89.970268718541988, "acc_caminata_m2_departamento": 0.057612665859719976, "acc_caminata_n_deporte_y_recreacion": 0.00044300616024756101, "acc_caminata_n_educacion_y_cultura": 0.23842980885511039, "acc_caminata_m2_habitacional": 25415.568381896457, "acc_caminata_m2_industria": 1.9331432638071762e-05, "acc_caminata_m2_oficina": 12.710365057553675, "acc_caminata_n_salud": 0.006251101002200765, "acc_caminata_n_paraderos": 2.0257489372603152 }, "geometry": { "type": "Polygon", "coordinates": [ [ [ -70.683072076718631, -34.172526245009884 ], [ -70.684247319175682, -34.173953407449666 ], [ -70.683342934290621, -34.175340593683323 ], [ -70.681263315390282, -34.175300613647678 ], [ -70.680088109362686, -34.1738734624046 ], [ -70.680992485804666, -34.172486280000662 ], [ -70.683072076718631, -34.172526245009884 ] ] ] } },
{ "type": "Feature", "properties": { "h3": "89b2c1ce59bffff", "acc_caminata_m2_comercio": 39.147033198749341, "acc_caminata_m2_departamento": 0.15668532582845882, "acc_caminata_n_deporte_y_recreacion": 6.0001619595618312, "acc_caminata_n_educacion_y_cultura": 0.043662822025002761, "acc_caminata_m2_habitacional": 9.1474859117535203, "acc_caminata_m2_industria": 0.00011251158111977254, "acc_caminata_m2_oficina": 0.66493804964103076, "acc_caminata_n_salud": 0.0061399435591323924, "acc_caminata_n_paraderos": 0.00040268225187500785 }, "geometry": { "type": "Polygon", "coordinates": [ [ [ -70.706672327136658, -34.19123597162433 ], [ -70.707847998143578, -34.192662696076972 ], [ -70.70694352246224, -34.194049709169263 ], [ -70.704863384174104, -34.194009993991713 ], [ -70.703687749560586, -34.19258328070989 ], [ -70.704592216840439, -34.19119627143499 ], [ -70.706672327136658, -34.19123597162433 ] ] ] } },
{ "type": "Feature", "properties": { "h3": "89b2c1c0e83ffff", "acc_caminata_m2_comercio": 35.170505432999818, "acc_caminata_m2_departamento": 75.826803546173892, "acc_caminata_n_deporte_y_recreacion": 0.0045523045698987541, "acc_caminata_n_educacion_y_cultura": 0.14385693176228403, "acc_caminata_m2_habitacional": 318.79477298730279, "acc_caminata_m2_industria": 51.487790584845186, "acc_caminata_m2_oficina": 0.11169906594445082, "acc_caminata_n_salud": 1.9524111778769882e-06, "acc_caminata_n_paraderos": 0.015453910660053079 }, "geometry": { "type": "Polygon", "coordinates": [ [ [ -70.720781194778326, -34.143737792780442 ], [ -70.721956840826138, -34.145165307032372 ], [ -70.721052527169334, -34.146553675584968 ], [ -70.718972575835991, -34.14651452605154 ], [ -70.717796966142586, -34.145087022976142 ], [ -70.718701271426781, -34.143698658257847 ], [ -70.720781194778326, -34.143737792780442 ] ] ] } },
{ "type": "Feature", "properties": { "h3": "89b2c1c0b0bffff", "acc_caminata_m2_comercio": 151.63870886254875, "acc_caminata_m2_departamento": 144.13761525278287, "acc_caminata_n_deporte_y_recreacion": 0.034448240934974617, "acc_caminata_n_educacion_y_cultura": 10.695442482638455, "acc_caminata_m2_habitacional": 14809.283006763684, "acc_caminata_m2_industria": 2.9856420945554394, "acc_caminata_m2_oficina": 150.84603888022363, "acc_caminata_n_salud": 0.0099950741767001593, "acc_caminata_n_paraderos": 0.29975892005809934 }, "geometry": { "type": "Polygon", "coordinates": [ [ [ -70.70884327537658, -34.181446365557449 ], [ -70.710018930654769, -34.182873256121738 ], [ -70.709114489052652, -34.184260539584045 ], [ -70.707034400567906, -34.184220928661261 ], [ -70.705858781676355, -34.182794049269575 ], [ -70.706763214881548, -34.181406769628289 ], [ -70.70884327537658, -34.181446365557449 ] ] ] } },
{ "type": "Feature", "properties": { "h3": "89b2c1c5563ffff", "acc_caminata_m2_comercio": 123.47716129848466, "acc_caminata_m2_departamento": 0.014512116433533784, "acc_caminata_n_deporte_y_recreacion": 6.7419433416565871e-06, "acc_caminata_n_educacion_y_cultura": 1.3556707336712204e-05, "acc_caminata_m2_habitacional": 3884.125963749274, "acc_caminata_m2_industria": 8.8327335653853341e-05, "acc_caminata_m2_oficina": 2.1465755541067932, "acc_caminata_n_salud": 6.1162678507567063e-08, "acc_caminata_n_paraderos": 1.6257300298247528e-13 }, "geometry": { "type": "Polygon", "coordinates": [ [ [ -70.644823726111653, -34.195656409329736 ], [ -70.645998529266976, -34.197083322884602 ], [ -70.645094095199795, -34.198469459855055 ], [ -70.643014866490077, -34.19842867944336 ], [ -70.641840099838461, -34.197001777107765 ], [ -70.642744525391507, -34.195615643964771 ], [ -70.644823726111653, -34.195656409329736 ] ] ] } },
{ "type": "Feature", "properties": { "h3": "89b2c1c024fffff", "acc_caminata_m2_comercio": 0.0034903597754863255, "acc_caminata_m2_departamento": 0.013341522012902413, "acc_caminata_n_deporte_y_recreacion": 0.14466517917888183, "acc_caminata_n_educacion_y_cultura": 1.4887140175175331e-05, "acc_caminata_m2_habitacional": 367.52876312636914, "acc_caminata_m2_industria": 7.6744899983282631, "acc_caminata_m2_oficina": 5.8755302282627154e-05, "acc_caminata_n_salud": 1.0177287801375253e-07, "acc_caminata_n_paraderos": 3.1641372610264629e-06 }, "geometry": { "type": "Polygon", "coordinates": [ [ [ -70.776135007894169, -34.136331804144326 ], [ -70.777311411606846, -34.137759209438514 ], [ -70.7764070755197, -34.139148446235154 ], [ -70.774326343990026, -34.139110273911371 ], [ -70.773149976531684, -34.137682879751601 ], [ -70.774054304347359, -34.136293646781404 ], [ -70.776135007894169, -34.136331804144326 ] ] ] } },
{ "type": "Feature", "properties": { "h3": "89b2c1c098fffff", "acc_caminata_m2_comercio": 210.43889220306977, "acc_caminata_m2_departamento": 1.1948945018347095, "acc_caminata_n_deporte_y_recreacion": 0.0001474149735879749, "acc_caminata_n_educacion_y_cultura": 0.015250151791176749, "acc_caminata_m2_habitacional": 11109.374025159226, "acc_caminata_m2_industria": 8.8832361756959032e-07, "acc_caminata_m2_oficina": 27.442218460444568, "acc_caminata_n_salud": 0.14274911827633177, "acc_caminata_n_paraderos": 0.0097167735267751597 }, "geometry": { "type": "Polygon", "coordinates": [ [ [ -70.679275692930304, -34.165429952027424 ], [ -70.680450846864531, -34.166857258048211 ], [ -70.679546491664581, -34.168244573699447 ], [ -70.677466990978587, -34.168204579496681 ], [ -70.676291873478405, -34.166777284678226 ], [ -70.677196220228851, -34.165389972860375 ], [ -70.679275692930304, -34.165429952027424 ] ] ] } },
{ "type": "Feature", "properties": { "h3": "89b2c1c0b8bffff", "acc_caminata_m2_comercio": 20675.060889589597, "acc_caminata_m2_departamento": 11192.491543295859, "acc_caminata_n_deporte_y_recreacion": 0.098378192864780459, "acc_caminata_n_educacion_y_cultura": 1.3631296918725015, "acc_caminata_m2_habitacional": 10788.335269259131, "acc_caminata_m2_industria": 1.3695017128799285, "acc_caminata_m2_oficina": 518.37955231650153, "acc_caminata_n_salud": 0.11140670089990316, "acc_caminata_n_paraderos": 3.1616593485917686 }, "geometry": { "type": "Polygon", "coordinates": [ [ [ -70.705045296985546, -34.174351062467316 ], [ -70.706220863765779, -34.175778096758599 ], [ -70.705316451797373, -34.177165509662828 ], [ -70.703236481450716, -34.177125884451293 ], [ -70.702060951061725, -34.175698861338269 ], [ -70.702965354626812, -34.174311452258706 ], [ -70.705045296985546, -34.174351062467316 ] ] ] } },
{ "type": "Feature", "properties": { "h3": "89b2c1c0813ffff", "acc_caminata_m2_comercio": 576.62865192352751, "acc_caminata_m2_departamento": 3151.9465432369821, "acc_caminata_n_deporte_y_recreacion": 0.35186742893468781, "acc_caminata_n_educacion_y_cultura": 17.650336001407144, "acc_caminata_m2_habitacional": 21851.182979196979, "acc_caminata_m2_industria": 0.73172107486758531, "acc_caminata_m2_oficina": 15.912832097874142, "acc_caminata_n_salud": 0.000200010299498536, "acc_caminata_n_paraderos": 12.851976805433448 }, "geometry": { "type": "Polygon", "coordinates": [ [ [ -70.703418509886433, -34.15746189620257 ], [ -70.704593972456095, -34.158889240174531 ], [ -70.703689624193188, -34.160277052821229 ], [ -70.701609821764364, -34.160237517664136 ], [ -70.700434395583812, -34.158810184877836 ], [ -70.70133873544161, -34.157422376063174 ], [ -70.703418509886433, -34.15746189620257 ] ] ] } },
{ "type": "Feature", "properties": { "h3": "89b2c1c1d63ffff", "acc_caminata_m2_comercio": 61123.300877850728, "acc_caminata_m2_departamento": 1214.5373083308004, "acc_caminata_n_deporte_y_recreacion": 0.035600008382244037, "acc_caminata_n_educacion_y_cultura": 1.6994604641676478, "acc_caminata_m2_habitacional": 3865.4054362199531, "acc_caminata_m2_industria": 3283.2953650807258, "acc_caminata_m2_oficina": 5361.4483835777146, "acc_caminata_n_salud": 0.64231362234273792, "acc_caminata_n_paraderos": 5.4511946410123446 }, "geometry": { "type": "Polygon", "coordinates": [ [ [ -70.751173048596669, -34.168195685817899 ], [ -70.752349247446091, -34.169622629270691 ], [ -70.7514448162528, -34.171010765777638 ], [ -70.7493641945278, -34.170971955013776 ], [ -70.748188031986317, -34.169545022704114 ], [ -70.749092454860559, -34.168156890015375 ], [ -70.751173048596669, -34.168195685817899 ] ] ] } },
{ "type": "Feature", "properties": { "h3": "89b2c1c0a0fffff", "acc_caminata_m2_comercio": 900.21320517420861, "acc_caminata_m2_departamento": 4384.2084854363657, "acc_caminata_n_deporte_y_recreacion": 0.008348447225639365, "acc_caminata_n_educacion_y_cultura": 0.29974540601387517, "acc_caminata_m2_habitacional": 9298.2805996577481, "acc_caminata_m2_industria": 20.633744716281015, "acc_caminata_m2_oficina": 486.37099580619054, "acc_caminata_n_salud": 0.097890941641246718, "acc_caminata_n_paraderos": 0.12161217255707132 }, "geometry": { "type": "Polygon", "coordinates": [ [ [ -70.72675090773663, -34.173357538797717 ], [ -70.727926781215629, -34.174784496357098 ], [ -70.727022353049733, -34.17617220253625 ], [ -70.724942059767287, -34.176132947335319 ], [ -70.723766222640904, -34.174706000936972 ], [ -70.724670642443002, -34.1733182985787 ], [ -70.72675090773663, -34.173357538797717 ] ] ] } },
{ "type": "Feature", "properties": { "h3": "89b2c1c7223ffff", "acc_caminata_m2_comercio": 256.13888727233672, "acc_caminata_m2_departamento": 28.469608154661785, "acc_caminata_n_deporte_y_recreacion": 5.3701843096360561e-05, "acc_caminata_n_educacion_y_cultura": 0.199379815178443, "acc_caminata_m2_habitacional": 12675.254766197457, "acc_caminata_m2_industria": 0.0010403681750954955, "acc_caminata_m2_oficina": 0.32609024300542916, "acc_caminata_n_salud": 6.4726161188481399e-06, "acc_caminata_n_paraderos": 1.5632377803152801e-08 }, "geometry": { "type": "Polygon", "coordinates": [ [ [ -70.654324144919514, -34.164947926207958 ], [ -70.655498937782951, -34.166375348825156 ], [ -70.654594607847116, -34.167762367311376 ], [ -70.652515493541301, -34.167721959342174 ], [ -70.651340737155707, -34.166294547947714 ], [ -70.652245058596762, -34.16490753329991 ], [ -70.654324144919514, -34.164947926207958 ] ] ] } },
{ "type": "Feature", "properties": { "h3": "89b2c1c186fffff", "acc_caminata_m2_comercio": 138.03859815067821, "acc_caminata_m2_departamento": 0.060318502313354935, "acc_caminata_n_deporte_y_recreacion": 0.00099965781157618835, "acc_caminata_n_educacion_y_cultura": 1.4782231413253142, "acc_caminata_m2_habitacional": 20657.527825677738, "acc_caminata_m2_industria": 0.022169658200113712, "acc_caminata_m2_oficina": 2.5556810352531651, "acc_caminata_n_salud": 0.0030947221135546365, "acc_caminata_n_paraderos": 0.30952319648718063 }, "geometry": { "type": "Polygon", "coordinates": [ [ [ -70.774245544453493, -34.181268589914197 ], [ -70.775422136351708, -34.182695197768538 ], [ -70.774517636478791, -34.184083294330208 ], [ -70.772436552984246, -34.184044779229431 ], [ -70.771259997356978, -34.182618182494849 ], [ -70.772164488951958, -34.181230089741462 ], [ -70.774245544453493, -34.181268589914197 ] ] ] } },
{ "type": "Feature", "properties": { "h3": "89b2c1c191bffff", "acc_caminata_m2_comercio": 1081.8892293046379, "acc_caminata_m2_departamento": 13.126862434999378, "acc_caminata_n_deporte_y_recreacion": 0.00022005338933945404, "acc_caminata_n_educacion_y_cultura": 0.37794319850069391, "acc_caminata_m2_habitacional": 18610.4315544005, "acc_caminata_m2_industria": 50.775569070842586, "acc_caminata_m2_oficina": 115.29585181385633, "acc_caminata_n_salud": 0.0093927087841507648, "acc_caminata_n_paraderos": 0.11017813090745349 }, "geometry": { "type": "Polygon", "coordinates": [ [ [ -70.752260159817197, -34.17945529583919 ], [ -70.753436428179441, -34.180882032588443 ], [ -70.7525319545381, -34.18226990256607 ], [ -70.750451220851005, -34.182231031981303 ], [ -70.749274988798064, -34.180804306370241 ], [ -70.750179454121607, -34.179416440205948 ], [ -70.752260159817197, -34.17945529583919 ] ] ] } },
{ "type": "Feature", "properties": { "h3": "89b2c1c5513ffff", "acc_caminata_m2_comercio": 0.25726003664605529, "acc_caminata_m2_departamento": 2.128958662210616, "acc_caminata_n_deporte_y_recreacion": 0.00012216922977322035, "acc_caminata_n_educacion_y_cultura": 0.0024716083340898462, "acc_caminata_m2_habitacional": 173.35790318649529, "acc_caminata_m2_industria": 0.025125321745470639, "acc_caminata_m2_oficina": 0.078440034716012338, "acc_caminata_n_salud": 2.2289487122966411e-05, "acc_caminata_n_paraderos": 1.2181601415129639e-14 }, "geometry": { "type": "Polygon", "coordinates": [ [ [ -70.640758845283102, -34.185748719523332 ], [ -70.64193354249295, -34.187175828191045 ], [ -70.641029148823563, -34.18856216124108 ], [ -70.638950066463806, -34.188521381791226 ], [ -70.637775405761857, -34.187094284349726 ], [ -70.638679790910444, -34.185707955132038 ], [ -70.640758845283102, -34.185748719523332 ] ] ] } },
{ "type": "Feature", "properties": { "h3": "89b2c1c0893ffff", "acc_caminata_m2_comercio": 78.521666242576288, "acc_caminata_m2_departamento": 18.312554768281512, "acc_caminata_n_deporte_y_recreacion": 1.1597764871991596, "acc_caminata_n_educacion_y_cultura": 0.0041529887606418497, "acc_caminata_m2_habitacional": 18814.345139457877, "acc_caminata_m2_industria": 0.44541985116671501, "acc_caminata_m2_oficina": 87.064758194736058, "acc_caminata_n_salud": 3.6802310076449805e-05, "acc_caminata_n_paraderos": 4.37490929909701 }, "geometry": { "type": "Polygon", "coordinates": [ [ [ -70.699621208961489, -34.150364250666229 ], [ -70.70079658304391, -34.151791738229825 ], [ -70.6998922644202, -34.153179680274036 ], [ -70.697812580124264, -34.153140130919148 ], [ -70.696637242435557, -34.151712654546841 ], [ -70.697541552647763, -34.150324716338318 ], [ -70.699621208961489, -34.150364250666229 ] ] ] } },
{ "type": "Feature", "properties": { "h3": "89b2c1c0e07ffff", "acc_caminata_m2_comercio": 320.61933201397699, "acc_caminata_m2_departamento": 15459.363747452569, "acc_caminata_n_deporte_y_recreacion": 2.2284211816415884, "acc_caminata_n_educacion_y_cultura": 1.4587095320703816, "acc_caminata_m2_habitacional": 4577.9433708920687, "acc_caminata_m2_industria": 3.2908757594025282, "acc_caminata_m2_oficina": 17.28963701485273, "acc_caminata_n_salud": 0.0013094426191099435, "acc_caminata_n_paraderos": 1.9131966683185566 }, "geometry": { "type": "Polygon", "coordinates": [ [ [ -70.7215952122164, -34.152185086552393 ], [ -70.722770910371167, -34.153612445987903 ], [ -70.721866564872954, -34.155000614702594 ], [ -70.719786529590323, -34.154961420151309 ], [ -70.718610867791, -34.153534071888636 ], [ -70.719515204917528, -34.152145907004609 ], [ -70.7215952122164, -34.152185086552393 ] ] ] } },
{ "type": "Feature", "properties": { "h3": "89b2c1c0a8fffff", "acc_caminata_m2_comercio": 1588.9359101168129, "acc_caminata_m2_departamento": 15869.843062340695, "acc_caminata_n_deporte_y_recreacion": 0.21947863812411592, "acc_caminata_n_educacion_y_cultura": 0.99790878073821876, "acc_caminata_m2_habitacional": 5950.3149992294339, "acc_caminata_m2_industria": 292.98760171655925, "acc_caminata_m2_oficina": 122.04982848059083, "acc_caminata_n_salud": 0.084849662429923783, "acc_caminata_n_paraderos": 6.4322246421124083 }, "geometry": { "type": "Polygon", "coordinates": [ [ [ -70.722952043058214, -34.16626154493207 ], [ -70.724127828066884, -34.16768864625228 ], [ -70.723223429495491, -34.16907648186492 ], [ -70.7211432542843, -34.169037212332981 ], [ -70.719967505632866, -34.167610122179433 ], [ -70.720871895834051, -34.166222290391339 ], [ -70.722952043058214, -34.16626154493207 ] ] ] } },
{ "type": "Feature", "properties": { "h3": "89b2c1c1c93ffff", "acc_caminata_m2_comercio": 19.087155820164391, "acc_caminata_m2_departamento": 50.983607338673082, "acc_caminata_n_deporte_y_recreacion": 0.0007618344411594709, "acc_caminata_n_educacion_y_cultura": 0.02157114434016541, "acc_caminata_m2_habitacional": 2539.5244948632749, "acc_caminata_m2_industria": 7.96433526614664, "acc_caminata_m2_oficina": 0.19664200069381962, "acc_caminata_n_salud": 0.000340073465492784, "acc_caminata_n_paraderos": 0.0063010006909804475 }, "geometry": { "type": "Polygon", "coordinates": [ [ [ -70.764195072086395, -34.141735328178939 ], [ -70.765371330747669, -34.143162688923894 ], [ -70.764466985352655, -34.144551643977969 ], [ -70.762386389588571, -34.144513234460696 ], [ -70.761210167204354, -34.143085884857889 ], [ -70.762114504305814, -34.141696933630406 ], [ -70.764195072086395, -34.141735328178939 ] ] ] } },
{ "type": "Feature", "properties": { "h3": "89b2c1c0027ffff", "acc_caminata_m2_comercio": 1109.8347024897137, "acc_caminata_m2_departamento": 15.78343251531911, "acc_caminata_n_deporte_y_recreacion": 0.064961116348379103, "acc_caminata_n_educacion_y_cultura": 0.26563548812309468, "acc_caminata_m2_habitacional": 31127.221797780421, "acc_caminata_m2_industria": 399.630191188347, "acc_caminata_m2_oficina": 19.623902497854019, "acc_caminata_n_salud": 3.9224977704587999e-06, "acc_caminata_n_paraderos": 3.3891122529339683 }, "geometry": { "type": "Polygon", "coordinates": [ [ [ -70.734888280128459, -34.128540114329937 ], [ -70.736064055754966, -34.129967839230851 ], [ -70.735159785211536, -34.13135675980061 ], [ -70.733079747386242, -34.131317951631779 ], [ -70.731904008084726, -34.129890237901428 ], [ -70.732808270282192, -34.12850132116953 ], [ -70.734888280128459, -34.128540114329937 ] ] ] } },
{ "type": "Feature", "properties": { "h3": "89b2c1c0053ffff", "acc_caminata_m2_comercio": 10.492097427322708, "acc_caminata_m2_departamento": 3.2225882656182726e-05, "acc_caminata_n_deporte_y_recreacion": 0.00027187296828974248, "acc_caminata_n_educacion_y_cultura": 1.0090593082505321e-05, "acc_caminata_m2_habitacional": 984.23436696821716, "acc_caminata_m2_industria": 4608.5303865213982, "acc_caminata_m2_oficina": 57.140753702543449, "acc_caminata_n_salud": 1.0229948600600731e-10, "acc_caminata_n_paraderos": 1.5522491930821407e-09 }, "geometry": { "type": "Polygon", "coordinates": [ [ [ -70.752794579451262, -34.120436649110985 ], [ -70.7539705729085, -34.121864440994798 ], [ -70.75306631605892, -34.12325378417556 ], [ -70.75098607406359, -34.123215331635024 ], [ -70.749810116897294, -34.121787550910192 ], [ -70.750714365434021, -34.120398211567121 ], [ -70.752794579451262, -34.120436649110985 ] ] ] } },
{ "type": "Feature", "properties": { "h3": "89b2c1c1c67ffff", "acc_caminata_m2_comercio": 31277.928176405007, "acc_caminata_m2_departamento": 35.764315533361369, "acc_caminata_n_deporte_y_recreacion": 0.00074130376056052083, "acc_caminata_n_educacion_y_cultura": 0.0060710700356283558, "acc_caminata_m2_habitacional": 180.9129447913177, "acc_caminata_m2_industria": 1.9273321486368182, "acc_caminata_m2_oficina": 11.947152872523455, "acc_caminata_n_salud": 0.020737295420131849, "acc_caminata_n_paraderos": 0.12469924467534459 }, "geometry": { "type": "Polygon", "coordinates": [ [ [ -70.76908381377595, -34.160096939772778 ], [ -70.770260230353557, -34.16152395004395 ], [ -70.769355813023367, -34.162912509213633 ], [ -70.767274987400128, -34.162874054294313 ], [ -70.766098607096339, -34.161447055154724 ], [ -70.767003016140634, -34.160058499803078 ], [ -70.76908381377595, -34.160096939772778 ] ] ] } },
{ "type": "Feature", "properties": { "h3": "89b2c1c0913ffff", "acc_caminata_m2_comercio": 167.64152326921129, "acc_caminata_m2_departamento": 0.49507926359308468, "acc_caminata_n_deporte_y_recreacion": 0.00047217223705767832, "acc_caminata_n_educacion_y_cultura": 0.045390330861080137, "acc_caminata_m2_habitacional": 25392.053780168997, "acc_caminata_m2_industria": 1.1348032439702158e-06, "acc_caminata_m2_oficina": 20.981406508906815, "acc_caminata_n_salud": 0.062038522531365527, "acc_caminata_n_paraderos": 0.031298271984137059 }, "geometry": { "type": "Polygon", "coordinates": [ [ [ -70.682530381807737, -34.166897192997268 ], [ -70.683705589534696, -34.168324458629051 ], [ -70.682801225891083, -34.169711778112422 ], [ -70.68072166296281, -34.169671828132067 ], [ -70.679546491664581, -34.168244573699447 ], [ -70.680450846864531, -34.166857258048211 ], [ -70.682530381807737, -34.166897192997268 ] ] ] } },
{ "type": "Feature", "properties": { "h3": "89b2c1c0223ffff", "acc_caminata_m2_comercio": 452.13899602570768, "acc_caminata_m2_departamento": 0.10040981295536622, "acc_caminata_n_deporte_y_recreacion": 1.9430989990082047e-06, "acc_caminata_n_educacion_y_cultura": 4.2499761376531891e-05, "acc_caminata_m2_habitacional": 8022.2876598292814, "acc_caminata_m2_industria": 0.026153281292854422, "acc_caminata_m2_oficina": 0.00093366990247004253, "acc_caminata_n_salud": 6.6975848505691627e-07, "acc_caminata_n_paraderos": 1.2409520069949605e-05 }, "geometry": { "type": "Polygon", "coordinates": [ [ [ -70.76066643815669, -34.137453061675409 ], [ -70.761842625790621, -34.138880514551985 ], [ -70.760938299296967, -34.140269532388508 ], [ -70.758857793467698, -34.140231093519581 ], [ -70.757681642115784, -34.138803651789523 ], [ -70.758585960309759, -34.137414637782065 ], [ -70.76066643815669, -34.137453061675409 ] ] ] } },
{ "type": "Feature", "properties": { "h3": "89b2c1c0e87ffff", "acc_caminata_m2_comercio": 79.345623242218309, "acc_caminata_m2_departamento": 250.09915082395537, "acc_caminata_n_deporte_y_recreacion": 0.025603457918273977, "acc_caminata_n_educacion_y_cultura": 0.11640530987929278, "acc_caminata_m2_habitacional": 1195.8517024732414, "acc_caminata_m2_industria": 8.6939985538334437, "acc_caminata_m2_oficina": 1.2018377836096452, "acc_caminata_n_salud": 1.7175568147631359e-05, "acc_caminata_n_paraderos": 0.13278615654013021 }, "geometry": { "type": "Polygon", "coordinates": [ [ [ -70.717796966142586, -34.145087022976142 ], [ -70.718972575835991, -34.14651452605154 ], [ -70.718068259937894, -34.147902824160354 ], [ -70.715988342723179, -34.147863615359633 ], [ -70.714812769389837, -34.146436123462728 ], [ -70.715717076909812, -34.145047829188243 ], [ -70.717796966142586, -34.145087022976142 ] ] ] } },
{ "type": "Feature", "properties": { "h3": "89b2c1ce423ffff", "acc_caminata_m2_comercio": 1.4369476024841321, "acc_caminata_m2_departamento": 19.897564990664709, "acc_caminata_n_deporte_y_recreacion": 0.0036925600816430861, "acc_caminata_n_educacion_y_cultura": 0.00040403049514126538, "acc_caminata_m2_habitacional": 1291.6595810916817, "acc_caminata_m2_industria": 0.0010493239554050396, "acc_caminata_m2_oficina": 0.12940295270595259, "acc_caminata_n_salud": 0.014936425377819317, "acc_caminata_n_paraderos": 0.055653241817853832 }, "geometry": { "type": "Polygon", "coordinates": [ [ [ -70.722681288028809, -34.195753352800651 ], [ -70.723857210418075, -34.197179926406889 ], [ -70.722952703434345, -34.198567025213769 ], [ -70.72087228243268, -34.198527546602207 ], [ -70.719696396409859, -34.1971009841522 ], [ -70.720600895020894, -34.195713889157716 ], [ -70.722681288028809, -34.195753352800651 ] ] ] } },
{ "type": "Feature", "properties": { "h3": "89b2c1c0993ffff", "acc_caminata_m2_comercio": 99.791937101996609, "acc_caminata_m2_departamento": 173.90439388949088, "acc_caminata_n_deporte_y_recreacion": 1.2657498908917591e-05, "acc_caminata_n_educacion_y_cultura": 8.0578440325546045e-05, "acc_caminata_m2_habitacional": 1783.5102435535209, "acc_caminata_m2_industria": 2.8203896356872511e-06, "acc_caminata_m2_oficina": 0.47187474493668347, "acc_caminata_n_salud": 0.00041352860635526838, "acc_caminata_n_paraderos": 2.81465036677151e-05 }, "geometry": { "type": "Polygon", "coordinates": [ [ [ -70.678734115690062, -34.15980035407609 ], [ -70.679909234897622, -34.161227763260065 ], [ -70.679004900938878, -34.162615212150854 ], [ -70.676925456221298, -34.162575248022016 ], [ -70.675750373447087, -34.161147850042852 ], [ -70.67665469895573, -34.1597604049879 ], [ -70.678734115690062, -34.15980035407609 ] ] ] } },
{ "type": "Feature", "properties": { "h3": "89b2c1c0b8fffff", "acc_caminata_m2_comercio": 4571.0244829608646, "acc_caminata_m2_departamento": 1416.5532320167213, "acc_caminata_n_deporte_y_recreacion": 0.017134243843416996, "acc_caminata_n_educacion_y_cultura": 4.3534540749944828, "acc_caminata_m2_habitacional": 3684.5681672201058, "acc_caminata_m2_industria": 0.11073772543513491, "acc_caminata_m2_oficina": 3757.0662419549631, "acc_caminata_n_salud": 0.008573191658294111, "acc_caminata_n_paraderos": 0.20051518887475908 }, "geometry": { "type": "Polygon", "coordinates": [ [ [ -70.702060951061725, -34.175698861338269 ], [ -70.703236481450716, -34.177125884451293 ], [ -70.702332067267022, -34.178513226901551 ], [ -70.700252131101806, -34.178473542414253 ], [ -70.699076637109727, -34.177046530481391 ], [ -70.699981042884602, -34.17565919185585 ], [ -70.702060951061725, -34.175698861338269 ] ] ] } },
{ "type": "Feature", "properties": { "h3": "89b2c1c0817ffff", "acc_caminata_m2_comercio": 70.411090276313402, "acc_caminata_m2_departamento": 12661.044191012856, "acc_caminata_n_deporte_y_recreacion": 0.032133571890408864, "acc_caminata_n_educacion_y_cultura": 2.0368756549758582, "acc_caminata_m2_habitacional": 21993.589787822682, "acc_caminata_m2_industria": 0.18923010636168083, "acc_caminata_m2_oficina": 26.695966119577232, "acc_caminata_n_salud": 6.7892881853935991e-05, "acc_caminata_n_paraderos": 6.4133427715470894 }, "geometry": { "type": "Polygon", "coordinates": [ [ [ -70.700434395583812, -34.158810184877836 ], [ -70.701609821764364, -34.160237517664136 ], [ -70.700705471289197, -34.161625259861125 ], [ -70.698625703042751, -34.161585665439993 ], [ -70.697450313256951, -34.160158343841275 ], [ -70.698354655321495, -34.158770605476327 ], [ -70.700434395583812, -34.158810184877836 ] ] ] } },
{ "type": "Feature", "properties": { "h3": "89b2c1c5073ffff", "acc_caminata_m2_comercio": 3.0998842363083985, "acc_caminata_m2_departamento": 0.32126457469473085, "acc_caminata_n_deporte_y_recreacion": 7.3126160019101318e-10, "acc_caminata_n_educacion_y_cultura": 1.9057830611089539e-05, "acc_caminata_m2_habitacional": 9874.1767277988711, "acc_caminata_m2_industria": 1158.1333524538161, "acc_caminata_m2_oficina": 0.016454722374201362, "acc_caminata_n_salud": 7.2600164590408296e-11, "acc_caminata_n_paraderos": 2.0692399668569171e-10 }, "geometry": { "type": "Polygon", "coordinates": [ [ [ -70.667333950205787, -34.203115162693472 ], [ -70.668509112922166, -34.204541845040161 ], [ -70.667604630044423, -34.205928075415699 ], [ -70.665524992922741, -34.205887619624654 ], [ -70.664349866672652, -34.204460948476296 ], [ -70.665254341076619, -34.203074721920821 ], [ -70.667333950205787, -34.203115162693472 ] ] ] } },
{ "type": "Feature", "properties": { "h3": "89b2c1c5317ffff", "acc_caminata_m2_comercio": 0.31077861279623009, "acc_caminata_m2_departamento": 0.069218236783155654, "acc_caminata_n_deporte_y_recreacion": 1.3408111695877106e-14, "acc_caminata_n_educacion_y_cultura": 3.4943653741403527e-10, "acc_caminata_m2_habitacional": 2984.5699610873667, "acc_caminata_m2_industria": 0.0013590015318023887, "acc_caminata_m2_oficina": 3.0170701628570521e-07, "acc_caminata_n_salud": 1.3311667339198292e-15, "acc_caminata_n_paraderos": 3.7940732282323291e-15 }, "geometry": { "type": "Polygon", "coordinates": [ [ [ -70.662448266155124, -34.217056892405346 ], [ -70.663623425401639, -34.218483345816388 ], [ -70.662718895716182, -34.219869168652416 ], [ -70.660639215266499, -34.21982853426239 ], [ -70.659464092499022, -34.218402092048549 ], [ -70.660368613700868, -34.217016273027745 ], [ -70.662448266155124, -34.217056892405346 ] ] ] } },
{ "type": "Feature", "properties": { "h3": "89b2c1ce4a3ffff", "acc_caminata_m2_comercio": 172.6031603297713, "acc_caminata_m2_departamento": 500.05678364594451, "acc_caminata_n_deporte_y_recreacion": 0.027723225388394539, "acc_caminata_n_educacion_y_cultura": 0.19696542075515408, "acc_caminata_m2_habitacional": 20401.545433001058, "acc_caminata_m2_industria": 0.12137181209391795, "acc_caminata_m2_oficina": 43.347555282305571, "acc_caminata_n_salud": 12.130357325274183, "acc_caminata_n_paraderos": 4.6117184137874023 }, "geometry": { "type": "Polygon", "coordinates": [ [ [ -70.718882306571743, -34.18865950186968 ], [ -70.720058140469575, -34.190086219326183 ], [ -70.719153663094204, -34.191473447604885 ], [ -70.717073360198782, -34.191433954611192 ], [ -70.715897562672012, -34.190007248316533 ], [ -70.716802031668223, -34.188620023853929 ], [ -70.718882306571743, -34.18865950186968 ] ] ] } },
{ "type": "Feature", "properties": { "h3": "89b2c1c0abbffff", "acc_caminata_m2_comercio": 1752.7553442781484, "acc_caminata_m2_departamento": 6635.6031612033084, "acc_caminata_n_deporte_y_recreacion": 0.077682797605277229, "acc_caminata_n_educacion_y_cultura": 1.6948855100489477, "acc_caminata_m2_habitacional": 8129.5863665494699, "acc_caminata_m2_industria": 39.822914426050524, "acc_caminata_m2_oficina": 369.50141699007008, "acc_caminata_n_salud": 0.056798456820838415, "acc_caminata_n_paraderos": 4.8465459115386711 }, "geometry": { "type": "Polygon", "coordinates": [ [ [ -70.719967505632866, -34.167610122179433 ], [ -70.7211432542843, -34.169037212332981 ], [ -70.720238853467563, -34.17042497749609 ], [ -70.718158712373764, -34.17038564868124 ], [ -70.716983000085236, -34.168958569696272 ], [ -70.717887392526237, -34.167570808357766 ], [ -70.719967505632866, -34.167610122179433 ] ] ] } },
{ "type": "Feature", "properties": { "h3": "89b2c1ca533ffff", "acc_caminata_m2_comercio": 4.7725658875292289, "acc_caminata_m2_departamento": 2.2616431409093819e-17, "acc_caminata_n_deporte_y_recreacion": 1.6298038974809393e-08, "acc_caminata_n_educacion_y_cultura": 1.283803945188092e-11, "acc_caminata_m2_habitacional": 1497.409794404974, "acc_caminata_m2_industria": 6.4452521893141849e-06, "acc_caminata_m2_oficina": 1.1124241052192703e-19, "acc_caminata_n_salud": 1.9181209750252778e-22, "acc_caminata_n_paraderos": 2.2733275567548603e-18 }, "geometry": { "type": "Polygon", "coordinates": [ [ [ -70.84780229212042, -34.136218443903381 ], [ -70.848979719377141, -34.137645536057974 ], [ -70.848075321822705, -34.139035660010634 ], [ -70.845993505151185, -34.138998687996803 ], [ -70.844816114021597, -34.137571606918783 ], [ -70.845720503435047, -34.136181486778241 ], [ -70.84780229212042, -34.136218443903381 ] ] ] } },
{ "type": "Feature", "properties": { "h3": "89b2c1c1d67ffff", "acc_caminata_m2_comercio": 45396.428379850899, "acc_caminata_m2_departamento": 2458.4965012787125, "acc_caminata_n_deporte_y_recreacion": 0.011670505877062511, "acc_caminata_n_educacion_y_cultura": 23.876682953916259, "acc_caminata_m2_habitacional": 5517.4081706960678, "acc_caminata_m2_industria": 423.54181844472566, "acc_caminata_m2_oficina": 32198.356391999823, "acc_caminata_n_salud": 2.32808902701121, "acc_caminata_n_paraderos": 3.7037221739284969 }, "geometry": { "type": "Polygon", "coordinates": [ [ [ -70.748188031986317, -34.169545022704114 ], [ -70.7493641945278, -34.170971955013776 ], [ -70.748459761041559, -34.172360021074283 ], [ -70.746379173337033, -34.172321151007083 ], [ -70.745203047109129, -34.17089422984251 ], [ -70.746107472270836, -34.16950616760024 ], [ -70.748188031986317, -34.169545022704114 ] ] ] } },
{ "type": "Feature", "properties": { "h3": "89b2c1c1a97ffff", "acc_caminata_m2_comercio": 185.14513374614441, "acc_caminata_m2_departamento": 694.04546811614489, "acc_caminata_n_deporte_y_recreacion": 0.0015424753580651324, "acc_caminata_n_educacion_y_cultura": 0.00026958817948971695, "acc_caminata_m2_habitacional": 1902.0794644266159, "acc_caminata_m2_industria": 50050.107945148244, "acc_caminata_m2_oficina": 0.47790365509631572, "acc_caminata_n_salud": 1.8500639784200252e-07, "acc_caminata_n_paraderos": 2.4255480918504624 }, "geometry": { "type": "Polygon", "coordinates": [ [ [ -70.785915809049968, -34.173053772856676 ], [ -70.78709252859052, -34.174480476884433 ], [ -70.786188048703849, -34.175868921861287 ], [ -70.784106857531384, -34.175830659001214 ], [ -70.782930174238686, -34.174403966086736 ], [ -70.783834645869206, -34.173015524919251 ], [ -70.785915809049968, -34.173053772856676 ] ] ] } },
{ "type": "Feature", "properties": { "h3": "89b2c1c568fffff", "acc_caminata_m2_comercio": 2.1699680743210239, "acc_caminata_m2_departamento": 0.0019688420654941879, "acc_caminata_n_deporte_y_recreacion": 0.00052390949536981995, "acc_caminata_n_educacion_y_cultura": 0.02224470499824505, "acc_caminata_m2_habitacional": 6686.7096675063895, "acc_caminata_m2_industria": 11.256309290166572, "acc_caminata_m2_oficina": 1.2626691025536596, "acc_caminata_n_salud": 1.3139652077890128e-08, "acc_caminata_n_paraderos": 0.00018280492198441238 }, "geometry": { "type": "Polygon", "coordinates": [ [ [ -70.681171425683686, -34.185129821082342 ], [ -70.682346701175362, -34.18655676589367 ], [ -70.68144227162469, -34.187943615145649 ], [ -70.679362575028406, -34.187903515761612 ], [ -70.67818733597332, -34.186476582143932 ], [ -70.679091757076577, -34.185089736716819 ], [ -70.681171425683686, -34.185129821082342 ] ] ] } },
{ "type": "Feature", "properties": { "h3": "89b2c1c0a13ffff", "acc_caminata_m2_comercio": 1348.5581152477296, "acc_caminata_m2_departamento": 1578.4089242743114, "acc_caminata_n_deporte_y_recreacion": 1.1420261852927638, "acc_caminata_n_educacion_y_cultura": 5.4912596566934173, "acc_caminata_m2_habitacional": 4789.5394726429886, "acc_caminata_m2_industria": 2257.4809307355272, "acc_caminata_m2_oficina": 200.88636182413404, "acc_caminata_n_salud": 0.17981222112841863, "acc_caminata_n_paraderos": 1.6780251394507197 }, "geometry": { "type": "Polygon", "coordinates": [ [ [ -70.726208037384794, -34.167727856500129 ], [ -70.7273838761175, -34.169154917347633 ], [ -70.72647946918174, -34.170542756783568 ], [ -70.724399231876276, -34.17050353154891 ], [ -70.723223429495491, -34.16907648186492 ], [ -70.724127828066884, -34.16768864625228 ], [ -70.726208037384794, -34.167727856500129 ] ] ] } },
{ "type": "Feature", "properties": { "h3": "89b2c1c7227ffff", "acc_caminata_m2_comercio": 93.950186685526859, "acc_caminata_m2_departamento": 1093.8088445371459, "acc_caminata_n_deporte_y_recreacion": 0.00073392977694878496, "acc_caminata_n_educacion_y_cultura": 7.0129952049106663, "acc_caminata_m2_habitacional": 15487.627309994914, "acc_caminata_m2_industria": 0.039994475481360654, "acc_caminata_m2_oficina": 11.07251800786463, "acc_caminata_n_salud": 0.00024085017003023184, "acc_caminata_n_paraderos": 1.0852867779930628e-09 }, "geometry": { "type": "Polygon", "coordinates": [ [ [ -70.651340737155707, -34.166294547947714 ], [ -70.652515493541301, -34.167721959342174 ], [ -70.651611161475813, -34.169108907370585 ], [ -70.649532081523674, -34.169068440166313 ], [ -70.648357361621592, -34.167641039996532 ], [ -70.649261685186801, -34.166254095806551 ], [ -70.651340737155707, -34.166294547947714 ] ] ] } },
{ "type": "Feature", "properties": { "h3": "89b2c1c0323ffff", "acc_caminata_m2_comercio": 1712.4866711476386, "acc_caminata_m2_departamento": 6277.9863155801204, "acc_caminata_n_deporte_y_recreacion": 0.14039348702242085, "acc_caminata_n_educacion_y_cultura": 3.2600863383079997, "acc_caminata_m2_habitacional": 20049.666261075723, "acc_caminata_m2_industria": 81.246286587738467, "acc_caminata_m2_oficina": 187.40755628646681, "acc_caminata_n_salud": 0.59706454655692542, "acc_caminata_n_paraderos": 1.730277990987493 }, "geometry": { "type": "Polygon", "coordinates": [ [ [ -70.739773531624266, -34.146904468257055 ], [ -70.74094946516469, -34.148331843067425 ], [ -70.740045122617289, -34.149720367829943 ], [ -70.737964854866419, -34.14968151395297 ], [ -70.736788957647789, -34.148254150302598 ], [ -70.737693291856871, -34.14686562936938 ], [ -70.739773531624266, -34.146904468257055 ] ] ] } },
{ "type": "Feature", "properties": { "h3": "89b2c1c0e33ffff", "acc_caminata_m2_comercio": 222.47586722229539, "acc_caminata_m2_departamento": 6735.7599577757501, "acc_caminata_n_deporte_y_recreacion": 1.3395970289568793, "acc_caminata_n_educacion_y_cultura": 0.47714397954316351, "acc_caminata_m2_habitacional": 7206.0393353326226, "acc_caminata_m2_industria": 1.2241733873940928, "acc_caminata_m2_oficina": 5.7018157559153311, "acc_caminata_n_salud": 0.004239397081298453, "acc_caminata_n_paraderos": 2.0889354713938793 }, "geometry": { "type": "Polygon", "coordinates": [ [ [ -70.718610867791, -34.153534071888636 ], [ -70.719786529590323, -34.154961420151309 ], [ -70.718882181849295, -34.156349518420036 ], [ -70.716802180684851, -34.156310264595604 ], [ -70.715626555246672, -34.154882927507714 ], [ -70.716530894610457, -34.153494833069665 ], [ -70.718610867791, -34.153534071888636 ] ] ] } },
{ "type": "Feature", "properties": { "h3": "89b2c1c546bffff", "acc_caminata_m2_comercio": 6.0127584338191618, "acc_caminata_m2_departamento": 0.006075021549095702, "acc_caminata_n_deporte_y_recreacion": 3.353727881802446e-06, "acc_caminata_n_educacion_y_cultura": 0.0012060120249806285, "acc_caminata_m2_habitacional": 14566.327201152713, "acc_caminata_m2_industria": 0.90103858951409599, "acc_caminata_m2_oficina": 1.1608388266508589, "acc_caminata_n_salud": 2.6626504745832555e-06, "acc_caminata_n_paraderos": 7.2372627998918179e-07 }, "geometry": { "type": "Polygon", "coordinates": [ [ [ -70.668964574739334, -34.187702501306397 ], [ -70.67013968708558, -34.189129452941046 ], [ -70.66923525948809, -34.190516086986541 ], [ -70.667155728012773, -34.190475765571463 ], [ -70.665980652125384, -34.189048825139423 ], [ -70.66688507125312, -34.187662194920051 ], [ -70.668964574739334, -34.187702501306397 ] ] ] } },
{ "type": "Feature", "properties": { "h3": "89b2c1c1873ffff", "acc_caminata_m2_comercio": 1397.9755196577396, "acc_caminata_m2_departamento": 0.087122959894845059, "acc_caminata_n_deporte_y_recreacion": 0.020118734406024234, "acc_caminata_n_educacion_y_cultura": 0.20558162438487987, "acc_caminata_m2_habitacional": 29320.597219716139, "acc_caminata_m2_industria": 0.037806214205275523, "acc_caminata_m2_oficina": 0.2665452279413914, "acc_caminata_n_salud": 1.0000901968664586, "acc_caminata_n_paraderos": 0.080262258366715578 }, "geometry": { "type": "Polygon", "coordinates": [ [ [ -70.773701380723296, -34.175638826048718 ], [ -70.774877937855706, -34.177065537316032 ], [ -70.773973459201741, -34.178453767151588 ], [ -70.77189243169255, -34.178415281909366 ], [ -70.770715910830376, -34.176988581764313 ], [ -70.771620381205807, -34.175600355739455 ], [ -70.773701380723296, -34.175638826048718 ] ] ] } },
{ "type": "Feature", "properties": { "h3": "89b2c1c0e0bffff", "acc_caminata_m2_comercio": 10994.876412265392, "acc_caminata_m2_departamento": 753.20897937805182, "acc_caminata_n_deporte_y_recreacion": 0.058077321202968615, "acc_caminata_n_educacion_y_cultura": 0.41077372611091789, "acc_caminata_m2_habitacional": 1655.0889190970913, "acc_caminata_m2_industria": 55.350569314651359, "acc_caminata_m2_oficina": 1441.0422287632298, "acc_caminata_n_salud": 0.020361417825279865, "acc_caminata_n_paraderos": 2.8380128919323897 }, "geometry": { "type": "Polygon", "coordinates": [ [ [ -70.727835426498615, -34.152302418106451 ], [ -70.7290112147179, -34.153729748265135 ], [ -70.728106863107087, -34.1551179912544 ], [ -70.726026731636082, -34.155078900255809 ], [ -70.724850979761271, -34.153651581264874 ], [ -70.725755323011683, -34.152263342104995 ], [ -70.727835426498615, -34.152302418106451 ] ] ] } },
{ "type": "Feature", "properties": { "h3": "89b2c1c0a93ffff", "acc_caminata_m2_comercio": 1413.7697595864961, "acc_caminata_m2_departamento": 10937.134854225949, "acc_caminata_n_deporte_y_recreacion": 0.042913288911963159, "acc_caminata_n_educacion_y_cultura": 1.5063622477890835, "acc_caminata_m2_habitacional": 19646.662235169246, "acc_caminata_m2_industria": 43.390807280629041, "acc_caminata_m2_oficina": 23.60389356174543, "acc_caminata_n_salud": 0.029193582311096554, "acc_caminata_n_paraderos": 8.3483790699514504 }, "geometry": { "type": "Polygon", "coordinates": [ [ [ -70.722409290453271, -34.160631316304261 ], [ -70.723585040719058, -34.162058520883789 ], [ -70.72268066337756, -34.163446489743066 ], [ -70.720600544139742, -34.16340725019603 ], [ -70.719424830230523, -34.161980056785637 ], [ -70.720329199201203, -34.160592091753351 ], [ -70.722409290453271, -34.160631316304261 ] ] ] } },
{ "type": "Feature", "properties": { "h3": "89b2c1c72a7ffff", "acc_caminata_m2_comercio": 4.0139226568353124, "acc_caminata_m2_departamento": 7.0979681538969013, "acc_caminata_n_deporte_y_recreacion": 8.4696807398302262e-06, "acc_caminata_n_educacion_y_cultura": 0.1342260496689841, "acc_caminata_m2_habitacional": 4827.2511979312694, "acc_caminata_m2_industria": 0.00030072148033796422, "acc_caminata_m2_oficina": 0.12210997128404126, "acc_caminata_n_salud": 1.5529311575337132e-06, "acc_caminata_n_paraderos": 2.2864821321121023e-11 }, "geometry": { "type": "Polygon", "coordinates": [ [ [ -70.647546244884282, -34.159197497759152 ], [ -70.648720912713202, -34.160625052577274 ], [ -70.6478166103972, -34.162012130001671 ], [ -70.645737648757589, -34.161971648766034 ], [ -70.644563017416729, -34.160544105178232 ], [ -70.645467311226071, -34.159157031595953 ], [ -70.647546244884282, -34.159197497759152 ] ] ] } },
{ "type": "Feature", "properties": { "h3": "89b2c1c03a3ffff", "acc_caminata_m2_comercio": 1327.5451618895411, "acc_caminata_m2_departamento": 13739.129301265895, "acc_caminata_n_deporte_y_recreacion": 0.31294589227256914, "acc_caminata_n_educacion_y_cultura": 0.39962026953803731, "acc_caminata_m2_habitacional": 18318.621665363808, "acc_caminata_m2_industria": 187.11213291885377, "acc_caminata_m2_oficina": 19.271556365971165, "acc_caminata_n_salud": 0.070603833995392024, "acc_caminata_n_paraderos": 2.7937616547088946 }, "geometry": { "type": "Polygon", "coordinates": [ [ [ -70.735974341012991, -34.139805987015933 ], [ -70.737150186118043, -34.141233505514371 ], [ -70.736245873131693, -34.142622159667575 ], [ -70.734165723383654, -34.142583291489565 ], [ -70.732989914605014, -34.141155784156773 ], [ -70.733894219246636, -34.139767133836521 ], [ -70.735974341012991, -34.139805987015933 ] ] ] } },
{ "type": "Feature", "properties": { "h3": "89b2c1c002bffff", "acc_caminata_m2_comercio": 670.89286511203773, "acc_caminata_m2_departamento": 1356.8654540031962, "acc_caminata_n_deporte_y_recreacion": 0.078814615616951939, "acc_caminata_n_educacion_y_cultura": 0.65594356647867091, "acc_caminata_m2_habitacional": 25959.062424369724, "acc_caminata_m2_industria": 325.98539952995122, "acc_caminata_m2_oficina": 8.6035591818969142, "acc_caminata_n_salud": 6.9494445123358592e-06, "acc_caminata_n_paraderos": 6.6513526193165085 }, "geometry": { "type": "Polygon", "coordinates": [ [ [ -70.741128501833657, -34.128656286755131 ], [ -70.742304367462751, -34.13008398239495 ], [ -70.741400090854526, -34.131472977238353 ], [ -70.739319956950439, -34.131434272605546 ], [ -70.738144127635323, -34.130006588131224 ], [ -70.739048395908938, -34.128617597124396 ], [ -70.741128501833657, -34.128656286755131 ] ] ] } },
{ "type": "Feature", "properties": { "h3": "89b2c1c0917ffff", "acc_caminata_m2_comercio": 1441.6068445349788, "acc_caminata_m2_departamento": 5.3042915031216813, "acc_caminata_n_deporte_y_recreacion": 0.0010189637166184108, "acc_caminata_n_educacion_y_cultura": 0.099512835864626462, "acc_caminata_m2_habitacional": 18578.225859616035, "acc_caminata_m2_industria": 4.6647606744870499e-06, "acc_caminata_m2_oficina": 192.02417509246757, "acc_caminata_n_salud": 1.0000000481006199, "acc_caminata_n_paraderos": 0.068067591054145532 }, "geometry": { "type": "Polygon", "coordinates": [ [ [ -70.679546491664581, -34.168244573699447 ], [ -70.68072166296281, -34.169671828132067 ], [ -70.67981729714198, -34.171059077160614 ], [ -70.677737768470735, -34.171019067924576 ], [ -70.676562633606935, -34.16959182469305 ], [ -70.677466990978587, -34.168204579496681 ], [ -70.679546491664581, -34.168244573699447 ] ] ] } },
{ "type": "Feature", "properties": { "h3": "89b2c1c157bffff", "acc_caminata_m2_comercio": 6.3952956013712168, "acc_caminata_m2_departamento": 9.1810351008630011e-08, "acc_caminata_n_deporte_y_recreacion": 1.2676657996493783e-06, "acc_caminata_n_educacion_y_cultura": 1.0244743950575651e-10, "acc_caminata_m2_habitacional": 679.47845586950723, "acc_caminata_m2_industria": 5.2812922169354735e-05, "acc_caminata_m2_oficina": 4.3235172284481922e-10, "acc_caminata_n_salud": 7.0035513679731641e-13, "acc_caminata_n_paraderos": 2.177416831795775e-11 }, "geometry": { "type": "Polygon", "coordinates": [ [ [ -70.794045858717567, -34.128222626092899 ], [ -70.795222479836752, -34.129650098153057 ], [ -70.794318157861724, -34.131039757540421 ], [ -70.792237223004477, -34.13100194104161 ], [ -70.791060638105478, -34.129574480104289 ], [ -70.791964951842175, -34.128184824543133 ], [ -70.794045858717567, -34.128222626092899 ] ] ] } },
{ "type": "Feature", "properties": { "h3": "89b2c1ce5a3ffff", "acc_caminata_m2_comercio": 0.00071735907963329333, "acc_caminata_m2_departamento": 0.001025979729145777, "acc_caminata_n_deporte_y_recreacion": 0.00056106022964846208, "acc_caminata_n_educacion_y_cultura": 6.6687924630240964e-05, "acc_caminata_m2_habitacional": 550.18970729214584, "acc_caminata_m2_industria": 5.5120253646030075e-08, "acc_caminata_m2_oficina": 0.00021788483637536044, "acc_caminata_n_salud": 8.3672001595852341e-06, "acc_caminata_n_paraderos": 5.7807344751688666e-07 }, "geometry": { "type": "Polygon", "coordinates": [ [ [ -70.697989769816019, -34.198091002300046 ], [ -70.699165348997397, -34.1995176415831 ], [ -70.698260856054929, -34.200904376654329 ], [ -70.696180792347462, -34.200864468626477 ], [ -70.695005249576823, -34.19943784051874 ], [ -70.695909734101562, -34.198051109263751 ], [ -70.697989769816019, -34.198091002300046 ] ] ] } },
{ "type": "Feature", "properties": { "h3": "89b2c1c189bffff", "acc_caminata_m2_comercio": 1614.1312159731494, "acc_caminata_m2_departamento": 11.1468703046211, "acc_caminata_n_deporte_y_recreacion": 0.0057854156473556191, "acc_caminata_n_educacion_y_cultura": 0.10149458864627112, "acc_caminata_m2_habitacional": 3403.2678612645168, "acc_caminata_m2_industria": 41.119689002669425, "acc_caminata_m2_oficina": 487.55176388526439, "acc_caminata_n_salud": 0.021888465019926927, "acc_caminata_n_paraderos": 3.8205645193908175 }, "geometry": { "type": "Polygon", "coordinates": [ [ [ -70.769355813023367, -34.162912509213633 ], [ -70.770532246980608, -34.164339467808091 ], [ -70.769627819041787, -34.16572796035269 ], [ -70.767546965429958, -34.165689490486237 ], [ -70.76637056774689, -34.164262543022112 ], [ -70.767274987400128, -34.162874054294313 ], [ -70.769355813023367, -34.162912509213633 ] ] ] } },
{ "type": "Feature", "properties": { "h3": "89b2c1c5493ffff", "acc_caminata_m2_comercio": 6.1879019985156374, "acc_caminata_m2_departamento": 0.70217855941833562, "acc_caminata_n_deporte_y_recreacion": 9.3009903092794791e-05, "acc_caminata_n_educacion_y_cultura": 0.047545257390856861, "acc_caminata_m2_habitacional": 9672.0162591293374, "acc_caminata_m2_industria": 5.4613810471371351e-05, "acc_caminata_m2_oficina": 0.085589785845962746, "acc_caminata_n_salud": 9.1048483346215975e-07, "acc_caminata_n_paraderos": 4.1547787200707651e-08 }, "geometry": { "type": "Polygon", "coordinates": [ [ [ -70.657848594702372, -34.169230102157528 ], [ -70.659023458757844, -34.170657432867237 ], [ -70.658119109709276, -34.172044388568779 ], [ -70.656039905092527, -34.172004009724851 ], [ -70.654865077509953, -34.17057669023346 ], [ -70.655769418069895, -34.169189738367869 ], [ -70.657848594702372, -34.169230102157528 ] ] ] } },
{ "type": "Feature", "properties": { "h3": "89b2c1c0e8bffff", "acc_caminata_m2_comercio": 1041.6290395897447, "acc_caminata_m2_departamento": 2245.728333459002, "acc_caminata_n_deporte_y_recreacion": 0.13482355680377839, "acc_caminata_n_educacion_y_cultura": 4.2605460406400102, "acc_caminata_m2_habitacional": 4915.1320581855653, "acc_caminata_m2_industria": 1524.8907343585995, "acc_caminata_m2_oficina": 3.308140993436556, "acc_caminata_n_salud": 5.7823683653636596e-05, "acc_caminata_n_paraderos": 0.45769152079438302 }, "geometry": { "type": "Polygon", "coordinates": [ [ [ -70.724036826267451, -34.145204397297356 ], [ -70.725212526032877, -34.146631871121599 ], [ -70.724308204009262, -34.148020243507254 ], [ -70.722228190585682, -34.147981138235842 ], [ -70.721052527169334, -34.146553675584968 ], [ -70.721956840826138, -34.145165307032372 ], [ -70.724036826267451, -34.145204397297356 ] ] ] } },
{ "type": "Feature", "properties": { "h3": "89b2c1c0b13ffff", "acc_caminata_m2_comercio": 1079.6971929757035, "acc_caminata_m2_departamento": 1178.082635087919, "acc_caminata_n_deporte_y_recreacion": 0.11777140374084615, "acc_caminata_n_educacion_y_cultura": 0.62908936242327973, "acc_caminata_m2_habitacional": 21217.018226333526, "acc_caminata_m2_industria": 0.45797131929837059, "acc_caminata_m2_oficina": 81.974779702245186, "acc_caminata_n_salud": 0.019851947197863918, "acc_caminata_n_paraderos": 0.18672348741621564 }, "geometry": { "type": "Polygon", "coordinates": [ [ [ -70.705316451797373, -34.177165509662828 ], [ -70.706492035947591, -34.178592492325294 ], [ -70.705587613360905, -34.179979838599031 ], [ -70.703507615025643, -34.179940198387015 ], [ -70.702332067267022, -34.178513226901551 ], [ -70.703236481450716, -34.177125884451293 ], [ -70.705316451797373, -34.177165509662828 ] ] ] } },
{ "type": "Feature", "properties": { "h3": "89b2c1c00abffff", "acc_caminata_m2_comercio": 36.674584042788361, "acc_caminata_m2_departamento": 4.2555380789347401, "acc_caminata_n_deporte_y_recreacion": 1.305805400667948, "acc_caminata_n_educacion_y_cultura": 1.2264160410696434, "acc_caminata_m2_habitacional": 13711.026113348218, "acc_caminata_m2_industria": 7.9794019043901754, "acc_caminata_m2_oficina": 44.272803736400355, "acc_caminata_n_salud": 8.5993260179882612e-08, "acc_caminata_n_paraderos": 4.3983166310071988 }, "geometry": { "type": "Polygon", "coordinates": [ [ [ -70.737329516896011, -34.121556052340345 ], [ -70.738505294104527, -34.122983891587154 ], [ -70.73760104705012, -34.124373015789061 ], [ -70.735521031126865, -34.124334296904095 ], [ -70.734345290236973, -34.122906468828376 ], [ -70.735249528950348, -34.121517348466732 ], [ -70.737329516896011, -34.121556052340345 ] ] ] } },
{ "type": "Feature", "properties": { "h3": "89b2c1c1c13ffff", "acc_caminata_m2_comercio": 546.47662370616752, "acc_caminata_m2_departamento": 5177.8491225186017, "acc_caminata_n_deporte_y_recreacion": 0.00097677732288832357, "acc_caminata_n_educacion_y_cultura": 6.362222414389084, "acc_caminata_m2_habitacional": 3902.5272241057373, "acc_caminata_m2_industria": 18.947372148328899, "acc_caminata_m2_oficina": 25.328115191365171, "acc_caminata_n_salud": 0.043913828966959126, "acc_caminata_n_paraderos": 1.3217918635394723 }, "geometry": { "type": "Polygon", "coordinates": [ [ [ -70.767995884491569, -34.148833479117975 ], [ -70.769172231555075, -34.150260696052079 ], [ -70.76826785665736, -34.151649521702687 ], [ -70.766187142981892, -34.151611126596485 ], [ -70.765010832190796, -34.150183920798902 ], [ -70.765915198801409, -34.148795098971178 ], [ -70.767995884491569, -34.148833479117975 ] ] ] } },
{ "type": "Feature", "properties": { "h3": "89b2c1c1973ffff", "acc_caminata_m2_comercio": 996.17697047241359, "acc_caminata_m2_departamento": 4.7864919913351969, "acc_caminata_n_deporte_y_recreacion": 0.00020348459159737081, "acc_caminata_n_educacion_y_cultura": 0.15253730755884126, "acc_caminata_m2_habitacional": 4572.6548675002359, "acc_caminata_m2_industria": 128.03137400566763, "acc_caminata_m2_oficina": 410.18721760506872, "acc_caminata_n_salud": 0.096861011478608386, "acc_caminata_n_paraderos": 1.3804762324097855 }, "geometry": { "type": "Polygon", "coordinates": [ [ [ -70.752803756025827, -34.185084390968953 ], [ -70.753980059147182, -34.186511024340135 ], [ -70.753075564280579, -34.187898761041524 ], [ -70.750994774608486, -34.187859860560991 ], [ -70.749818507797144, -34.186433238325534 ], [ -70.750722994346546, -34.18504550543507 ], [ -70.752803756025827, -34.185084390968953 ] ] ] } },
{ "type": "Feature", "properties": { "h3": "89b2c1c0997ffff", "acc_caminata_m2_comercio": 75.29552641080079, "acc_caminata_m2_departamento": 131.21523905961419, "acc_caminata_n_deporte_y_recreacion": 9.5504012755757882e-06, "acc_caminata_n_educacion_y_cultura": 6.0798459854247058e-05, "acc_caminata_m2_habitacional": 8693.5827453845286, "acc_caminata_m2_industria": 2.1280549157552083e-06, "acc_caminata_m2_oficina": 0.35604136317801816, "acc_caminata_n_salud": 0.00031201773415441406, "acc_caminata_n_paraderos": 2.1237244930099077e-05 }, "geometry": { "type": "Polygon", "coordinates": [ [ [ -70.675750373447087, -34.161147850042852 ], [ -70.676925456221298, -34.162575248022016 ], [ -70.67602112009186, -34.163962626459373 ], [ -70.673941709642435, -34.163922603081907 ], [ -70.6727666633072, -34.162495216309487 ], [ -70.673670990981037, -34.161107841707974 ], [ -70.675750373447087, -34.161147850042852 ] ] ] } },
{ "type": "Feature", "properties": { "h3": "89b2c1c1283ffff", "acc_caminata_m2_comercio": 0.88283591902543934, "acc_caminata_m2_departamento": 3.918332331472091e-12, "acc_caminata_n_deporte_y_recreacion": 0.0028236608994339383, "acc_caminata_n_educacion_y_cultura": 8.1023805131583814e-09, "acc_caminata_m2_habitacional": 243.07555338467435, "acc_caminata_m2_industria": 1.116650084227103, "acc_caminata_m2_oficina": 1.9167411016591847e-14, "acc_caminata_n_salud": 3.3231747733173533e-17, "acc_caminata_n_paraderos": 2.4313689150954858e-15 }, "geometry": { "type": "Polygon", "coordinates": [ [ [ -70.829067338398346, -34.135884584302694 ], [ -70.830244496644212, -34.13731176509939 ], [ -70.829340116228792, -34.138701666335152 ], [ -70.827258585741234, -34.138664382958368 ], [ -70.826081463655683, -34.137237213253485 ], [ -70.826985835896025, -34.13584731583375 ], [ -70.829067338398346, -34.135884584302694 ] ] ] } },
{ "type": "Feature", "properties": { "h3": "89b2c1c02a7ffff", "acc_caminata_m2_comercio": 11.164657333134151, "acc_caminata_m2_departamento": 0.33845607593550814, "acc_caminata_n_deporte_y_recreacion": 0.049354437159725165, "acc_caminata_n_educacion_y_cultura": 3.0003572673455596, "acc_caminata_m2_habitacional": 495.66776454168519, "acc_caminata_m2_industria": 27.188648157377816, "acc_caminata_m2_oficina": 0.016005214512740999, "acc_caminata_n_salud": 1.0366071848562973e-06, "acc_caminata_n_paraderos": 1.548702696986764e-05 }, "geometry": { "type": "Polygon", "coordinates": [ [ [ -70.753881566465168, -34.13170448015471 ], [ -70.755057629409393, -34.13313206560656 ], [ -70.754153330129114, -34.134521142388351 ], [ -70.752072976214876, -34.134482629885703 ], [ -70.750896949562986, -34.133055055587931 ], [ -70.751801240531634, -34.131665982638914 ], [ -70.753881566465168, -34.13170448015471 ] ] ] } },
{ "type": "Feature", "properties": { "h3": "89b2c1c0b93ffff", "acc_caminata_m2_comercio": 431.25598425134109, "acc_caminata_m2_departamento": 3970.6352175738893, "acc_caminata_n_deporte_y_recreacion": 0.0039765210557811022, "acc_caminata_n_educacion_y_cultura": 0.060224136000924369, "acc_caminata_m2_habitacional": 6923.1155082595651, "acc_caminata_m2_industria": 0.068490309290048609, "acc_caminata_m2_oficina": 200.72702816625517, "acc_caminata_n_salud": 0.005051213759835211, "acc_caminata_n_paraderos": 0.068347452681659357 }, "geometry": { "type": "Polygon", "coordinates": [ [ [ -70.701518738902664, -34.170069775460576 ], [ -70.702694234553704, -34.171496901815594 ], [ -70.70178984160701, -34.172884377522507 ], [ -70.699709961417341, -34.172844723047426 ], [ -70.698534502162502, -34.171417607875064 ], [ -70.699438886699767, -34.170030135995312 ], [ -70.701518738902664, -34.170069775460576 ] ] ] } },
{ "type": "Feature", "properties": { "h3": "89b2c1c081bffff", "acc_caminata_m2_comercio": 3937.6347523883037, "acc_caminata_m2_departamento": 2338.6030829130227, "acc_caminata_n_deporte_y_recreacion": 0.13896878714087404, "acc_caminata_n_educacion_y_cultura": 6.4451183125808642, "acc_caminata_m2_habitacional": 28792.392707336745, "acc_caminata_m2_industria": 0.28885883799747158, "acc_caminata_m2_oficina": 5.4460402751244441, "acc_caminata_n_salud": 0.00090621847098722055, "acc_caminata_n_paraderos": 11.255223148427241 }, "geometry": { "type": "Polygon", "coordinates": [ [ [ -70.70667380905661, -34.158928716066377 ], [ -70.707849325377396, -34.160356019618369 ], [ -70.706944968715206, -34.161743836095823 ], [ -70.704865104130178, -34.161704345190714 ], [ -70.703689624193188, -34.160277052821229 ], [ -70.704593972456095, -34.158889240174531 ], [ -70.70667380905661, -34.158928716066377 ] ] ] } },
{ "type": "Feature", "properties": { "h3": "89b2c1c5077ffff", "acc_caminata_m2_comercio": 42.247091441834151, "acc_caminata_m2_departamento": 4.6159103011259743, "acc_caminata_n_deporte_y_recreacion": 1.752893309827193e-10, "acc_caminata_n_educacion_y_cultura": 4.5683164231887333e-06, "acc_caminata_m2_habitacional": 3805.468413824613, "acc_caminata_m2_industria": 17.766742604581804, "acc_caminata_m2_oficina": 0.0039443302858056918, "acc_caminata_n_salud": 1.7402847731870243e-11, "acc_caminata_n_paraderos": 4.9601358711890257e-11 }, "geometry": { "type": "Polygon", "coordinates": [ [ [ -70.664349866672652, -34.204460948476296 ], [ -70.665524992922741, -34.205887619624654 ], [ -70.664620507892749, -34.207273779533999 ], [ -70.662540905090594, -34.207233264475093 ], [ -70.66136581531245, -34.205806604526998 ], [ -70.662270291863166, -34.20442044843773 ], [ -70.664349866672652, -34.204460948476296 ] ] ] } },
{ "type": "Feature", "properties": { "h3": "89b2c1ce4a7ffff", "acc_caminata_m2_comercio": 31.025559226045786, "acc_caminata_m2_departamento": 2486.7320151521617, "acc_caminata_n_deporte_y_recreacion": 1.0020837004884096, "acc_caminata_n_educacion_y_cultura": 0.075768025916610027, "acc_caminata_m2_habitacional": 11722.485656818473, "acc_caminata_m2_industria": 0.021227560406379842, "acc_caminata_m2_oficina": 7.7381278048782107, "acc_caminata_n_salud": 2.0887968822526299, "acc_caminata_n_paraderos": 0.21166171852967441 }, "geometry": { "type": "Polygon", "coordinates": [ [ [ -70.715897562672012, -34.190007248316533 ], [ -70.717073360198782, -34.191433954611192 ], [ -70.716168880584519, -34.192821112433869 ], [ -70.714088611826767, -34.192781560145974 ], [ -70.712912850676716, -34.191354865015107 ], [ -70.713817321906319, -34.189967711008528 ], [ -70.715897562672012, -34.190007248316533 ] ] ] } },
{ "type": "Feature", "properties": { "h3": "89b2c1ca537ffff", "acc_caminata_m2_comercio": 12.652870193271591, "acc_caminata_m2_departamento": 5.9959941381226349e-17, "acc_caminata_n_deporte_y_recreacion": 4.3208826533331149e-08, "acc_caminata_n_educacion_y_cultura": 3.4035789248127751e-11, "acc_caminata_m2_habitacional": 1761.845961199157, "acc_caminata_m2_industria": 1.708744127082359e-05, "acc_caminata_m2_oficina": 2.9492223124640189e-19, "acc_caminata_n_salud": 5.085259435684938e-22, "acc_caminata_n_paraderos": 6.0269714782916908e-18 }, "geometry": { "type": "Polygon", "coordinates": [ [ [ -70.844816114021597, -34.137571606918783 ], [ -70.845993505151185, -34.138998687996803 ], [ -70.845089105141341, -34.140388741524802 ], [ -70.843007322147059, -34.140351710162811 ], [ -70.841829967150346, -34.138924640163296 ], [ -70.842734359013662, -34.137534590447459 ], [ -70.844816114021597, -34.137571606918783 ] ] ] } },
{ "type": "Feature", "properties": { "h3": "89b2c1c1327ffff", "acc_caminata_m2_comercio": 86.000075603587717, "acc_caminata_m2_departamento": 2.3402896941254498e-06, "acc_caminata_n_deporte_y_recreacion": 1.2946431730424398e-09, "acc_caminata_n_educacion_y_cultura": 0.43436016378797565, "acc_caminata_m2_habitacional": 6940.8432611756261, "acc_caminata_m2_industria": 1.3317785843816698e-06, "acc_caminata_m2_oficina": 6.2530389137933718e-06, "acc_caminata_n_salud": 5.950953566852266e-11, "acc_caminata_n_paraderos": 0.47379891049731376 }, "geometry": { "type": "Polygon", "coordinates": [ [ [ -70.803285357579028, -34.159318256655766 ], [ -70.80446225971518, -34.160745130751792 ], [ -70.803557815252134, -34.162134131627177 ], [ -70.801476476875152, -34.162096254595156 ], [ -70.800299610951967, -34.160669391603342 ], [ -70.801204047191433, -34.159280394539529 ], [ -70.803285357579028, -34.159318256655766 ] ] ] } },
{ "type": "Feature", "properties": { "h3": "89b2c1c1d6bffff", "acc_caminata_m2_comercio": 14119.265193368132, "acc_caminata_m2_departamento": 370.61379363535417, "acc_caminata_n_deporte_y_recreacion": 0.025756946279469624, "acc_caminata_n_educacion_y_cultura": 0.64757450272542094, "acc_caminata_m2_habitacional": 10314.118524934816, "acc_caminata_m2_industria": 1928.0035739769789, "acc_caminata_m2_oficina": 881.29510395516888, "acc_caminata_n_salud": 0.091016810408030113, "acc_caminata_n_paraderos": 0.89073643844238648 }, "geometry": { "type": "Polygon", "coordinates": [ [ [ -70.754429903180849, -34.169661380730069 ], [ -70.755606155710396, -34.171088283653525 ], [ -70.754701716203925, -34.172476423977457 ], [ -70.752621032479752, -34.172437657561126 ], [ -70.7514448162528, -34.171010765777638 ], [ -70.752349247446091, -34.169622629270691 ], [ -70.754429903180849, -34.169661380730069 ] ] ] } },
{ "type": "Feature", "properties": { "h3": "89b2c1c0a17ffff", "acc_caminata_m2_comercio": 161.23965024915043, "acc_caminata_m2_departamento": 1228.2239715835535, "acc_caminata_n_deporte_y_recreacion": 3.046200653290108, "acc_caminata_n_educacion_y_cultura": 0.31216070615482572, "acc_caminata_m2_habitacional": 9235.5043099105769, "acc_caminata_m2_industria": 126.49811317067113, "acc_caminata_m2_oficina": 22.546675630369144, "acc_caminata_n_salud": 0.019446284179565052, "acc_caminata_n_paraderos": 0.44017275520721122 }, "geometry": { "type": "Polygon", "coordinates": [ [ [ -70.723223429495491, -34.16907648186492 ], [ -70.724399231876276, -34.17050353154891 ], [ -70.723494822689645, -34.171891300535343 ], [ -70.721414619490773, -34.17185201601464 ], [ -70.720238853467563, -34.17042497749609 ], [ -70.7211432542843, -34.169037212332981 ], [ -70.723223429495491, -34.16907648186492 ] ] ] } },
{ "type": "Feature", "properties": { "h3": "89b2c1c722bffff", "acc_caminata_m2_comercio": 33.229135952965898, "acc_caminata_m2_departamento": 6.6518797506878737, "acc_caminata_n_deporte_y_recreacion": 0.00026141948314378083, "acc_caminata_n_educacion_y_cultura": 0.16232446453800972, "acc_caminata_m2_habitacional": 15232.158566056722, "acc_caminata_m2_industria": 0.00024375038775760707, "acc_caminata_m2_oficina": 0.28653694602253588, "acc_caminata_n_salud": 2.9951935669938126e-06, "acc_caminata_n_paraderos": 1.1541229954603701e-07 }, "geometry": { "type": "Polygon", "coordinates": [ [ [ -70.657578086431798, -34.166415697558065 ], [ -70.658752933127133, -34.167843079834114 ], [ -70.657848594702372, -34.169230102157528 ], [ -70.655769418069895, -34.169189738367869 ], [ -70.654594607847116, -34.167762367311376 ], [ -70.655498937782951, -34.166375348825156 ], [ -70.657578086431798, -34.166415697558065 ] ] ] } },
{ "type": "Feature", "properties": { "h3": "89b2c1c0327ffff", "acc_caminata_m2_comercio": 2863.2571715246318, "acc_caminata_m2_departamento": 920.37406502394902, "acc_caminata_n_deporte_y_recreacion": 0.13339549770426654, "acc_caminata_n_educacion_y_cultura": 10.350985821504111, "acc_caminata_m2_habitacional": 23071.938878910347, "acc_caminata_m2_industria": 120.98770050655335, "acc_caminata_m2_oficina": 170.18924646180878, "acc_caminata_n_salud": 0.45166190932125311, "acc_caminata_n_paraderos": 5.7855862739769961 }, "geometry": { "type": "Polygon", "coordinates": [ [ [ -70.736788957647789, -34.148254150302598 ], [ -70.737964854866419, -34.14968151395297 ], [ -70.73706051004568, -34.151069968273283 ], [ -70.73498027634875, -34.151031055114146 ], [ -70.733804415457556, -34.149603702625747 ], [ -70.734708751934477, -34.148215252134726 ], [ -70.736788957647789, -34.148254150302598 ] ] ] } },
{ "type": "Feature", "properties": { "h3": "89b2c1c1877ffff", "acc_caminata_m2_comercio": 10164.440875015915, "acc_caminata_m2_departamento": 0.12736331307640378, "acc_caminata_n_deporte_y_recreacion": 0.0039567985933317224, "acc_caminata_n_educacion_y_cultura": 0.27783375121487458, "acc_caminata_m2_habitacional": 10053.506268579991, "acc_caminata_m2_industria": 0.045641633790714467, "acc_caminata_m2_oficina": 0.41414603217388102, "acc_caminata_n_salud": 0.12494162037269674, "acc_caminata_n_paraderos": 0.1450274757842297 }, "geometry": { "type": "Polygon", "coordinates": [ [ [ -70.770715910830376, -34.176988581764313 ], [ -70.77189243169255, -34.178415281909366 ], [ -70.77098795070745, -34.179803441299448 ], [ -70.768906957142889, -34.179764896733964 ], [ -70.767730472556664, -34.178338207713068 ], [ -70.768634945257674, -34.176950052133741 ], [ -70.770715910830376, -34.176988581764313 ] ] ] } },
{ "type": "Feature", "properties": { "h3": "89b2c1c089bffff", "acc_caminata_m2_comercio": 126.01138603757614, "acc_caminata_m2_departamento": 1102.0096127379095, "acc_caminata_n_deporte_y_recreacion": 0.12236928630018863, "acc_caminata_n_educacion_y_cultura": 0.19337390912808505, "acc_caminata_m2_habitacional": 17540.305955417891, "acc_caminata_m2_industria": 8.7256514917239425, "acc_caminata_m2_oficina": 18.592348692850521, "acc_caminata_n_salud": 0.0007212333299568837, "acc_caminata_n_paraderos": 3.0919106504730993 }, "geometry": { "type": "Polygon", "coordinates": [ [ [ -70.702876301522664, -34.151831228326515 ], [ -70.704051729359065, -34.153258675490228 ], [ -70.703147402329662, -34.154646621368897 ], [ -70.701067655868201, -34.154607116249601 ], [ -70.6998922644202, -34.153179680274036 ], [ -70.70079658304391, -34.151791738229825 ], [ -70.702876301522664, -34.151831228326515 ] ] ] } },
{ "type": "Feature", "properties": { "h3": "89b2c1c724fffff", "acc_caminata_m2_comercio": 111.09629658391709, "acc_caminata_m2_departamento": 2.2803757096003245, "acc_caminata_n_deporte_y_recreacion": 0.0022104581600947077, "acc_caminata_n_educacion_y_cultura": 0.0023142418120060317, "acc_caminata_m2_habitacional": 9286.7781679628788, "acc_caminata_m2_industria": 0.00036531281130065617, "acc_caminata_m2_oficina": 993.0826704270246, "acc_caminata_n_salud": 0.00037962321200085128, "acc_caminata_n_paraderos": 2.5659737860080791e-05 }, "geometry": { "type": "Polygon", "coordinates": [ [ [ -70.669782985286048, -34.163842452876487 ], [ -70.670957995176664, -34.165269828440216 ], [ -70.670053654720817, -34.166657065968536 ], [ -70.667974312839661, -34.166616924097426 ], [ -70.666799339399347, -34.165189559744292 ], [ -70.66770367138858, -34.163802326051858 ], [ -70.669782985286048, -34.163842452876487 ] ] ] } },
{ "type": "Feature", "properties": { "h3": "89b2c1c0a3bffff", "acc_caminata_m2_comercio": 5251.4909036723311, "acc_caminata_m2_departamento": 3172.9817918593271, "acc_caminata_n_deporte_y_recreacion": 0.17912150728170054, "acc_caminata_n_educacion_y_cultura": 14.347195533286987, "acc_caminata_m2_habitacional": 19892.620408582323, "acc_caminata_m2_industria": 127.54090976380348, "acc_caminata_m2_oficina": 210.36664030844318, "acc_caminata_n_salud": 0.14419854366172552, "acc_caminata_n_paraderos": 1.1484406894673895 }, "geometry": { "type": "Polygon", "coordinates": [ [ [ -70.723766222640904, -34.174706000936972 ], [ -70.724942059767287, -34.176132947335319 ], [ -70.72403762934951, -34.177520583063497 ], [ -70.721957370173286, -34.177481268572627 ], [ -70.720781569405204, -34.176054333337241 ], [ -70.721685991453683, -34.174666701429956 ], [ -70.723766222640904, -34.174706000936972 ] ] ] } },
{ "type": "Feature", "properties": { "h3": "89b2c1c0e0fffff", "acc_caminata_m2_comercio": 2495.343570868793, "acc_caminata_m2_departamento": 3059.2940220094547, "acc_caminata_n_deporte_y_recreacion": 0.0093437997861201844, "acc_caminata_n_educacion_y_cultura": 0.10770760243491229, "acc_caminata_m2_habitacional": 10834.512276343736, "acc_caminata_m2_industria": 20.692852773100629, "acc_caminata_m2_oficina": 46.984223003330541, "acc_caminata_n_salud": 0.0070649372031194469, "acc_caminata_n_paraderos": 1.1242609367322989 }, "geometry": { "type": "Polygon", "coordinates": [ [ [ -70.724850979761271, -34.153651581264874 ], [ -70.726026731636082, -34.155078900255809 ], [ -70.725122377771967, -34.156467072799899 ], [ -70.723042280397593, -34.156427922523839 ], [ -70.721866564872954, -34.155000614702594 ], [ -70.722770910371167, -34.153612445987903 ], [ -70.724850979761271, -34.153651581264874 ] ] ] } },
{ "type": "Feature", "properties": { "h3": "89b2c1c0a97ffff", "acc_caminata_m2_comercio": 973.58066857977576, "acc_caminata_m2_departamento": 3125.0442697192971, "acc_caminata_n_deporte_y_recreacion": 0.35115561667396, "acc_caminata_n_educacion_y_cultura": 9.5222347367668299, "acc_caminata_m2_habitacional": 20424.691170634414, "acc_caminata_m2_industria": 17.765997320685639, "acc_caminata_m2_oficina": 133.03080057871546, "acc_caminata_n_salud": 0.29650658841200428, "acc_caminata_n_paraderos": 10.565163348417464 }, "geometry": { "type": "Polygon", "coordinates": [ [ [ -70.719424830230523, -34.161980056785637 ], [ -70.720600544139742, -34.16340725019603 ], [ -70.719696164553937, -34.164795148607176 ], [ -70.717616079433839, -34.164755849781145 ], [ -70.716440401886786, -34.163328667541833 ], [ -70.717344773096286, -34.161940772957671 ], [ -70.719424830230523, -34.161980056785637 ] ] ] } },
{ "type": "Feature", "properties": { "h3": "89b2c1c72abffff", "acc_caminata_m2_comercio": 4.0594935872910316, "acc_caminata_m2_departamento": 7.3863297418992353, "acc_caminata_n_deporte_y_recreacion": 6.1448914497530352e-06, "acc_caminata_n_educacion_y_cultura": 0.049377876093970735, "acc_caminata_m2_habitacional": 3381.10367755067, "acc_caminata_m2_industria": 0.00026993016496586262, "acc_caminata_m2_oficina": 0.078001134180080561, "acc_caminata_n_salud": 1.6327238477374104e-06, "acc_caminata_n_paraderos": 5.4753855313590582e-10 }, "geometry": { "type": "Polygon", "coordinates": [ [ [ -70.653783239268961, -34.159318689482447 ], [ -70.654957997415067, -34.160746215207872 ], [ -70.654053688726862, -34.162133366929524 ], [ -70.651974630386576, -34.162092989085096 ], [ -70.650799908717602, -34.160665474584881 ], [ -70.651704208910445, -34.159278326704076 ], [ -70.653783239268961, -34.159318689482447 ] ] ] } },
{ "type": "Feature", "properties": { "h3": "89b2c1c03a7ffff", "acc_caminata_m2_comercio": 4772.6129228669324, "acc_caminata_m2_departamento": 9949.715994857117, "acc_caminata_n_deporte_y_recreacion": 0.066936290068469087, "acc_caminata_n_educacion_y_cultura": 0.11083134589502369, "acc_caminata_m2_habitacional": 13896.649017219857, "acc_caminata_m2_industria": 34.840433052143524, "acc_caminata_m2_oficina": 5.6655247550626093, "acc_caminata_n_salud": 0.0079402236952332422, "acc_caminata_n_paraderos": 0.29238256663496215 }, "geometry": { "type": "Polygon", "coordinates": [ [ [ -70.732989914605014, -34.141155784156773 ], [ -70.734165723383654, -34.142583291489565 ], [ -70.733261408130474, -34.143971875202013 ], [ -70.731181292447545, -34.143932947748887 ], [ -70.730005520000958, -34.142505451583681 ], [ -70.730909826903911, -34.141116871704213 ], [ -70.732989914605014, -34.141155784156773 ] ] ] } },
{ "type": "Feature", "properties": { "h3": "89b2c1c002fffff", "acc_caminata_m2_comercio": 431.0426702104694, "acc_caminata_m2_departamento": 164.07909658816391, "acc_caminata_n_deporte_y_recreacion": 0.095144307665847971, "acc_caminata_n_educacion_y_cultura": 0.76310730495430423, "acc_caminata_m2_habitacional": 31807.343734133865, "acc_caminata_m2_industria": 2726.1841075445532, "acc_caminata_m2_oficina": 84.988809693391929, "acc_caminata_n_salud": 2.675519438818504e-05, "acc_caminata_n_paraderos": 7.0815771994538492 }, "geometry": { "type": "Polygon", "coordinates": [ [ [ -70.738144127635323, -34.130006588131224 ], [ -70.739319956950439, -34.131434272605546 ], [ -70.738415678066886, -34.132823197011916 ], [ -70.736335578207019, -34.132784433107531 ], [ -70.735159785211536, -34.13135675980061 ], [ -70.736064055754966, -34.129967839230851 ], [ -70.738144127635323, -34.130006588131224 ] ] ] } },
{ "type": "Feature", "properties": { "h3": "89b2c1c1c6fffff", "acc_caminata_m2_comercio": 16999.186192875306, "acc_caminata_m2_departamento": 30.912777848041745, "acc_caminata_n_deporte_y_recreacion": 0.009203826956397293, "acc_caminata_n_educacion_y_cultura": 0.15906325166522797, "acc_caminata_m2_habitacional": 492.67125670286458, "acc_caminata_m2_industria": 12.924371050000744, "acc_caminata_m2_oficina": 728.98868559069615, "acc_caminata_n_salud": 0.008525918934850012, "acc_caminata_n_paraderos": 0.65598466829098623 }, "geometry": { "type": "Polygon", "coordinates": [ [ [ -70.772341089922421, -34.161562345651731 ], [ -70.77351756014815, -34.162989315374602 ], [ -70.772613134537877, -34.164377878361066 ], [ -70.770532246980608, -34.164339467808091 ], [ -70.769355813023367, -34.162912509213633 ], [ -70.770260230353557, -34.16152395004395 ], [ -70.772341089922421, -34.161562345651731 ] ] ] } },
{ "type": "Feature", "properties": { "h3": "89b2c1c1d8fffff", "acc_caminata_m2_comercio": 1794.6695242475812, "acc_caminata_m2_departamento": 239.99515504123625, "acc_caminata_n_deporte_y_recreacion": 0.79019164775678108, "acc_caminata_n_educacion_y_cultura": 1.6819721039570106, "acc_caminata_m2_habitacional": 26003.585155237124, "acc_caminata_m2_industria": 155.12420984597111, "acc_caminata_m2_oficina": 490.66304474816872, "acc_caminata_n_salud": 0.4668968117819095, "acc_caminata_n_paraderos": 5.1433211158365228 }, "geometry": { "type": "Polygon", "coordinates": [ [ [ -70.743844696293991, -34.156817871708711 ], [ -70.745020735644417, -34.158245051141634 ], [ -70.744116352930718, -34.159633379880262 ], [ -70.742035939196796, -34.15959452536179 ], [ -70.740859936163872, -34.15816735708205 ], [ -70.741764310546003, -34.156779032167776 ], [ -70.743844696293991, -34.156817871708711 ] ] ] } },
{ "type": "Feature", "properties": { "h3": "89b2c1c091bffff", "acc_caminata_m2_comercio": 131.62976836247475, "acc_caminata_m2_departamento": 0.057482846221375734, "acc_caminata_n_deporte_y_recreacion": 0.0059087955069097066, "acc_caminata_n_educacion_y_cultura": 0.38033935967840127, "acc_caminata_m2_habitacional": 26756.928917168076, "acc_caminata_m2_industria": 5.3939766606236669e-06, "acc_caminata_m2_oficina": 11.323814695980317, "acc_caminata_n_salud": 0.0021407753267290719, "acc_caminata_n_paraderos": 0.29613356650159256 }, "geometry": { "type": "Polygon", "coordinates": [ [ [ -70.685785186709325, -34.168364349352544 ], [ -70.686960448224568, -34.169791574586526 ], [ -70.686056076143061, -34.17117889790083 ], [ -70.683976450982868, -34.171138992150418 ], [ -70.682801225891083, -34.169711778112422 ], [ -70.683705589534696, -34.168324458629051 ], [ -70.685785186709325, -34.168364349352544 ] ] ] } },
{ "type": "Feature", "properties": { "h3": "89b2c1cad27ffff", "acc_caminata_m2_comercio": 28.797732764540996, "acc_caminata_m2_departamento": 6.1486326625315852e-05, "acc_caminata_n_deporte_y_recreacion": 5.826601292787261e-10, "acc_caminata_n_educacion_y_cultura": 0.040225419124173593, "acc_caminata_m2_habitacional": 70.001992078437212, "acc_caminata_m2_industria": 0.00019065095714616658, "acc_caminata_m2_oficina": 2.2878912673122279e-05, "acc_caminata_n_salud": 7.8360151864616011e-14, "acc_caminata_n_paraderos": 1.7587113174251932e-06 }, "geometry": { "type": "Polygon", "coordinates": [ [ [ -70.805192703714738, -34.179026896114692 ], [ -70.806369727560295, -34.180453408132941 ], [ -70.80546520886476, -34.1818419425801 ], [ -70.803383674543738, -34.181803961206114 ], [ -70.802206686913593, -34.180377460283438 ], [ -70.803111197387707, -34.178988929639374 ], [ -70.805192703714738, -34.179026896114692 ] ] ] } },
{ "type": "Feature", "properties": { "h3": "89b2c1c014fffff", "acc_caminata_m2_comercio": 35421.730208070294, "acc_caminata_m2_departamento": 1480.8574094575963, "acc_caminata_n_deporte_y_recreacion": 0.015705709390211962, "acc_caminata_n_educacion_y_cultura": 2.8530571701254899, "acc_caminata_m2_habitacional": 8737.9038102875857, "acc_caminata_m2_industria": 337.59692022539946, "acc_caminata_m2_oficina": 7.4414364316918036, "acc_caminata_n_salud": 0.002737107146986746, "acc_caminata_n_paraderos": 3.7133928580198017 }, "geometry": { "type": "Polygon", "coordinates": [ [ [ -70.732446947829047, -34.135523247431252 ], [ -70.733622721868215, -34.136950857971641 ], [ -70.732718427837952, -34.138339574897735 ], [ -70.730638368117994, -34.138300677448214 ], [ -70.729462630410154, -34.136873078077876 ], [ -70.730366916089594, -34.135484364987214 ], [ -70.732446947829047, -34.135523247431252 ] ] ] } },
{ "type": "Feature", "properties": { "h3": "89b2c1c022bffff", "acc_caminata_m2_comercio": 93.059732522055938, "acc_caminata_m2_departamento": 8.1105917152659561, "acc_caminata_n_deporte_y_recreacion": 0.00012145836564771579, "acc_caminata_n_educacion_y_cultura": 0.0034315979687516039, "acc_caminata_m2_habitacional": 1921.8934709156131, "acc_caminata_m2_industria": 1.2732265203790567, "acc_caminata_m2_oficina": 0.031608052739092236, "acc_caminata_n_salud": 5.409968358997902e-05, "acc_caminata_n_paraderos": 0.0010023779514164181 }, "geometry": { "type": "Polygon", "coordinates": [ [ [ -70.763923165588338, -34.138918894129375 ], [ -70.765099406873901, -34.140346306514651 ], [ -70.764195072086395, -34.141735328178939 ], [ -70.762114504305814, -34.141696933630406 ], [ -70.760938299296967, -34.140269532388508 ], [ -70.761842625790621, -34.138880514551985 ], [ -70.763923165588338, -34.138918894129375 ] ] ] } },
{ "type": "Feature", "properties": { "h3": "89b2c1c0e8fffff", "acc_caminata_m2_comercio": 416.16119229489857, "acc_caminata_m2_departamento": 1707.3381100723827, "acc_caminata_n_deporte_y_recreacion": 0.17478551159051242, "acc_caminata_n_educacion_y_cultura": 0.79465772321472994, "acc_caminata_m2_habitacional": 5459.6168969633209, "acc_caminata_m2_industria": 59.350841500147411, "acc_caminata_m2_oficina": 8.204504438310094, "acc_caminata_n_salud": 0.00011725150590870189, "acc_caminata_n_paraderos": 0.90648348056573735 }, "geometry": { "type": "Polygon", "coordinates": [ [ [ -70.721052527169334, -34.146553675584968 ], [ -70.722228190585682, -34.147981138235842 ], [ -70.721323866315259, -34.149369440177743 ], [ -70.719243886999493, -34.14933027563589 ], [ -70.718068259937894, -34.147902824160354 ], [ -70.718972575835991, -34.14651452605154 ], [ -70.721052527169334, -34.146553675584968 ] ] ] } },
{ "type": "Feature", "properties": { "h3": "89b2c1c0b17ffff", "acc_caminata_m2_comercio": 9.8127020588098368, "acc_caminata_m2_departamento": 0.22181338991172642, "acc_caminata_n_deporte_y_recreacion": 0.0085282637568350039, "acc_caminata_n_educacion_y_cultura": 0.010487697072768547, "acc_caminata_m2_habitacional": 20748.327210256055, "acc_caminata_m2_industria": 1.5600261010311027e-05, "acc_caminata_m2_oficina": 0.83180450185526855, "acc_caminata_n_salud": 1.0055427219735759e-06, "acc_caminata_n_paraderos": 0.00019229215582060167 }, "geometry": { "type": "Polygon", "coordinates": [ [ [ -70.702332067267022, -34.178513226901551 ], [ -70.703507615025643, -34.179940198387015 ], [ -70.70260319022313, -34.181327474206057 ], [ -70.700523226069151, -34.181287774716331 ], [ -70.699347714707798, -34.179860814409807 ], [ -70.700252131101806, -34.178473542414253 ], [ -70.702332067267022, -34.178513226901551 ] ] ] } },
{ "type": "Feature", "properties": { "h3": "89b2c1c732bffff", "acc_caminata_m2_comercio": 5.6212451034767197, "acc_caminata_m2_departamento": 4.0544192167314073, "acc_caminata_n_deporte_y_recreacion": 0.003664820269691422, "acc_caminata_n_educacion_y_cultura": 0.089943691921975169, "acc_caminata_m2_habitacional": 2371.0595751944484, "acc_caminata_m2_industria": 0.348834119069518, "acc_caminata_m2_oficina": 9.535451836694822, "acc_caminata_n_salud": 8.1650543151629988e-05, "acc_caminata_n_paraderos": 1.6454400814791749e-14 }, "geometry": { "type": "Polygon", "coordinates": [ [ [ -70.636694413367806, -34.175839662272523 ], [ -70.637869004636585, -34.177266965971029 ], [ -70.636964651370661, -34.178653495074791 ], [ -70.634885715362145, -34.178612716642981 ], [ -70.633711160605472, -34.17718542417758 ], [ -70.634615505343888, -34.175798898911076 ], [ -70.636694413367806, -34.175839662272523 ] ] ] } },
{ "type": "Feature", "properties": { "h3": "89b2c1ce42bffff", "acc_caminata_m2_comercio": 0.61694222390423992, "acc_caminata_m2_departamento": 0.064737453175997661, "acc_caminata_n_deporte_y_recreacion": 0.00017259346028451994, "acc_caminata_n_educacion_y_cultura": 0.00010007443485403514, "acc_caminata_m2_habitacional": 43.911577637967724, "acc_caminata_m2_industria": 1.1148787333391159, "acc_caminata_m2_oficina": 0.016465688531724643, "acc_caminata_n_salud": 2.7320311780997861e-06, "acc_caminata_n_paraderos": 0.00014089120902401259 }, "geometry": { "type": "Polygon", "coordinates": [ [ [ -70.725937665535596, -34.197219345716022 ], [ -70.727113641662257, -34.198645878796476 ], [ -70.72620912631163, -34.200032981414545 ], [ -70.724128643199876, -34.199993547141183 ], [ -70.722952703434345, -34.198567025213769 ], [ -70.723857210418075, -34.197179926406889 ], [ -70.725937665535596, -34.197219345716022 ] ] ] } },
{ "type": "Feature", "properties": { "h3": "89b2c1ce4cbffff", "acc_caminata_m2_comercio": 652.77277288326445, "acc_caminata_m2_departamento": 897.87550056396549, "acc_caminata_n_deporte_y_recreacion": 0.062510851676722004, "acc_caminata_n_educacion_y_cultura": 0.59248585223605044, "acc_caminata_m2_habitacional": 15711.066069933853, "acc_caminata_m2_industria": 1739.6578629497603, "acc_caminata_m2_oficina": 122.11044358447739, "acc_caminata_n_salud": 0.0071690647280555631, "acc_caminata_n_paraderos": 0.65018431595410542 }, "geometry": { "type": "Polygon", "coordinates": [ [ [ -70.737334622183425, -34.186199050913544 ], [ -70.738510708942258, -34.187625731952593 ], [ -70.737606223875915, -34.189013249676243 ], [ -70.735525660394799, -34.188974082547567 ], [ -70.734349609973691, -34.187547412656343 ], [ -70.735254086694624, -34.186159898746183 ], [ -70.737334622183425, -34.186199050913544 ] ] ] } },
{ "type": "Feature", "properties": { "h3": "89b2c1c1977ffff", "acc_caminata_m2_comercio": 5485.6648957657571, "acc_caminata_m2_departamento": 17.94002402511752, "acc_caminata_n_deporte_y_recreacion": 0.00030310989851937211, "acc_caminata_n_educacion_y_cultura": 0.055949814261033098, "acc_caminata_m2_habitacional": 10346.426697865447, "acc_caminata_m2_industria": 373.48712647497291, "acc_caminata_m2_oficina": 912.70857291243635, "acc_caminata_n_salud": 2.0005361135167448, "acc_caminata_n_paraderos": 1.5245843034510482 }, "geometry": { "type": "Polygon", "coordinates": [ [ [ -70.749818507797144, -34.186433238325534 ], [ -70.750994774608486, -34.187859860560991 ], [ -70.750090277445835, -34.189247526811648 ], [ -70.748009521793236, -34.189208567016067 ], [ -70.746833291297619, -34.187781955918233 ], [ -70.747737780137541, -34.186394293478557 ], [ -70.749818507797144, -34.186433238325534 ] ] ] } },
{ "type": "Feature", "properties": { "h3": "89b2c1c5413ffff", "acc_caminata_m2_comercio": 158.48696392051613, "acc_caminata_m2_departamento": 56.488516561093135, "acc_caminata_n_deporte_y_recreacion": 0.54670864453047385, "acc_caminata_n_educacion_y_cultura": 0.68302538653379241, "acc_caminata_m2_habitacional": 3465.5192577815105, "acc_caminata_m2_industria": 2.0532196690163276, "acc_caminata_m2_oficina": 58.478766263288755, "acc_caminata_n_salud": 0.014887741618912412, "acc_caminata_n_paraderos": 1.3646880084246722e-08 }, "geometry": { "type": "Polygon", "coordinates": [ [ [ -70.661643825148872, -34.176326134049241 ], [ -70.662818777755831, -34.177753321246286 ], [ -70.661914398976705, -34.17914014753061 ], [ -70.659835076071587, -34.17909978278584 ], [ -70.658660159932992, -34.17767260680148 ], [ -70.659564530229844, -34.176285784349417 ], [ -70.661643825148872, -34.176326134049241 ] ] ] } },
{ "type": "Feature", "properties": { "h3": "89b2c1c02abffff", "acc_caminata_m2_comercio": 213.50923154618499, "acc_caminata_m2_departamento": 0.047081176363869374, "acc_caminata_n_deporte_y_recreacion": 4.7360956452341292e-05, "acc_caminata_n_educacion_y_cultura": 2.1649385783456466e-05, "acc_caminata_m2_habitacional": 1007.8659363937361, "acc_caminata_m2_industria": 1.1105919161596345, "acc_caminata_m2_oficina": 0.057767248247284436, "acc_caminata_n_salud": 3.1402392902880422e-07, "acc_caminata_n_paraderos": 5.8182868160194888e-06 }, "geometry": { "type": "Polygon", "coordinates": [ [ [ -70.760122736176527, -34.131819765543518 ], [ -70.761298889061976, -34.133247321676244 ], [ -70.760394583783281, -34.134636472724964 ], [ -70.758314133918063, -34.134598063809648 ], [ -70.757138017313949, -34.133170518825885 ], [ -70.758042314292354, -34.131781371608668 ], [ -70.760122736176527, -34.131819765543518 ] ] ] } },
{ "type": "Feature", "properties": { "h3": "89b2c1c73cbffff", "acc_caminata_m2_comercio": 228.98510796574013, "acc_caminata_m2_departamento": 219.52368125139279, "acc_caminata_n_deporte_y_recreacion": 0.00026204690777077288, "acc_caminata_n_educacion_y_cultura": 0.26657692961307389, "acc_caminata_m2_habitacional": 16219.608275588338, "acc_caminata_m2_industria": 0.011366961408228848, "acc_caminata_m2_oficina": 6.1341103001483974, "acc_caminata_n_salud": 6.3697273737016219e-05, "acc_caminata_n_paraderos": 1.275828821180345e-10 }, "geometry": { "type": "Polygon", "coordinates": [ [ [ -70.64808698264288, -34.164826644082915 ], [ -70.649261685186801, -34.166254095806551 ], [ -70.648357361621592, -34.167641039996532 ], [ -70.646278344017176, -34.167600528623424 ], [ -70.645103677962041, -34.166173088127628 ], [ -70.6460079930212, -34.164786147777306 ], [ -70.64808698264288, -34.164826644082915 ] ] ] } },
{ "type": "Feature", "properties": { "h3": "89b2c1c0bb7ffff", "acc_caminata_m2_comercio": 2710.9113016998203, "acc_caminata_m2_departamento": 11.160876539631321, "acc_caminata_n_deporte_y_recreacion": 3.0266560665897981, "acc_caminata_n_educacion_y_cultura": 0.93452844501487009, "acc_caminata_m2_habitacional": 9448.9473287191995, "acc_caminata_m2_industria": 0.012120423051572803, "acc_caminata_m2_oficina": 60.516377617403769, "acc_caminata_n_salud": 5.0595404813766444e-05, "acc_caminata_n_paraderos": 0.014934715297249322 }, "geometry": { "type": "Polygon", "coordinates": [ [ [ -70.69283711155019, -34.176927240684549 ], [ -70.694012515363326, -34.178354281870739 ], [ -70.693108105183882, -34.179741479586085 ], [ -70.69102829961561, -34.179701632289429 ], [ -70.689852932216013, -34.178274602290415 ], [ -70.690757333969827, -34.176887408401065 ], [ -70.69283711155019, -34.176927240684549 ] ] ] } },
{ "type": "Feature", "properties": { "h3": "89b2c1c507bffff", "acc_caminata_m2_comercio": 1.043970710859027, "acc_caminata_m2_departamento": 0.1081946230409212, "acc_caminata_n_deporte_y_recreacion": 2.4627232321567576e-10, "acc_caminata_n_educacion_y_cultura": 6.4182451516911058e-06, "acc_caminata_m2_habitacional": 7639.3041093535112, "acc_caminata_m2_industria": 390.03304867623194, "acc_caminata_m2_oficina": 0.005541577331429702, "acc_caminata_n_salud": 2.4450088989836199e-11, "acc_caminata_n_paraderos": 6.9687309410950732e-11 }, "geometry": { "type": "Polygon", "coordinates": [ [ [ -70.670588784352731, -34.204582241562129 ], [ -70.671764000897213, -34.206008883473807 ], [ -70.670859509551505, -34.207395117668142 ], [ -70.66877981012793, -34.207354706132186 ], [ -70.667604630044423, -34.205928075415699 ], [ -70.668509112922166, -34.204541845040161 ], [ -70.670588784352731, -34.204582241562129 ] ] ] } },
{ "type": "Feature", "properties": { "h3": "89b2c1c1b93ffff", "acc_caminata_m2_comercio": 96.73153648679515, "acc_caminata_m2_departamento": 0.24558565133710189, "acc_caminata_n_deporte_y_recreacion": 0.023010855037102432, "acc_caminata_n_educacion_y_cultura": 5.7393603958198414, "acc_caminata_m2_habitacional": 27123.8881182431, "acc_caminata_m2_industria": 0.21391525353579197, "acc_caminata_m2_oficina": 233.5697525134492, "acc_caminata_n_salud": 0.00097740249763478781, "acc_caminata_n_paraderos": 6.6946294674065809 }, "geometry": { "type": "Polygon", "coordinates": [ [ [ -70.7680024738317, -34.181152985677805 ], [ -70.769178975799917, -34.18257962299689 ], [ -70.768274481878322, -34.183967645303319 ], [ -70.766193494276422, -34.183929026481294 ], [ -70.765017028590179, -34.182502400287056 ], [ -70.76592151422247, -34.181114381790209 ], [ -70.7680024738317, -34.181152985677805 ] ] ] } },
{ "type": "Feature", "properties": { "h3": "89b2c1ce4abffff", "acc_caminata_m2_comercio": 564.38933045066688, "acc_caminata_m2_departamento": 1347.2733971761834, "acc_caminata_n_deporte_y_recreacion": 0.0074657360833885571, "acc_caminata_n_educacion_y_cultura": 0.038862683830026418, "acc_caminata_m2_habitacional": 14876.606404293188, "acc_caminata_m2_industria": 0.40543209077972014, "acc_caminata_m2_oficina": 36.015378034297719, "acc_caminata_n_salud": 0.64544288453762755, "acc_caminata_n_paraderos": 1.4019154626073715 }, "geometry": { "type": "Polygon", "coordinates": [ [ [ -70.722138477491995, -34.190125653024516 ], [ -70.723314365130108, -34.191552329975266 ], [ -70.722409879381431, -34.192939562068801 ], [ -70.720329514366597, -34.192900113396945 ], [ -70.719153663094204, -34.191473447604885 ], [ -70.720058140469575, -34.190086219326183 ], [ -70.722138477491995, -34.190125653024516 ] ] ] } },
{ "type": "Feature", "properties": { "h3": "89b2c1ca8b3ffff", "acc_caminata_m2_comercio": 26.350961859080748, "acc_caminata_m2_departamento": 1.9556776637451209e-09, "acc_caminata_n_deporte_y_recreacion": 1.8532500848995162e-14, "acc_caminata_n_educacion_y_cultura": 0.0080288334401461946, "acc_caminata_m2_habitacional": 905.82545470322782, "acc_caminata_m2_industria": 0.10238905010107016, "acc_caminata_m2_oficina": 16.322192249043983, "acc_caminata_n_salud": 2.4923785033241624e-18, "acc_caminata_n_paraderos": 1.1139874793812814 }, "geometry": { "type": "Polygon", "coordinates": [ [ [ -70.826914047180892, -34.178015809162225 ], [ -70.828091376549949, -34.17944224352776 ], [ -70.827186842878916, -34.180831071137405 ], [ -70.825104988019291, -34.180793460582549 ], [ -70.823927694826793, -34.179367037295407 ], [ -70.824832220315997, -34.177978213484927 ], [ -70.826914047180892, -34.178015809162225 ] ] ] } },
{ "type": "Feature", "properties": { "h3": "89b2c1c1d6fffff", "acc_caminata_m2_comercio": 28676.703010424946, "acc_caminata_m2_departamento": 334.14662213880894, "acc_caminata_n_deporte_y_recreacion": 0.011424064883009802, "acc_caminata_n_educacion_y_cultura": 1.7037969500972088, "acc_caminata_m2_habitacional": 15755.060249003749, "acc_caminata_m2_industria": 1540.5420837600161, "acc_caminata_m2_oficina": 1539.9355176646659, "acc_caminata_n_salud": 0.30653119988248245, "acc_caminata_n_paraderos": 0.60435616576215101 }, "geometry": { "type": "Polygon", "coordinates": [ [ [ -70.7514448162528, -34.171010765777638 ], [ -70.752621032479752, -34.172437657561126 ], [ -70.751716590674789, -34.173825727438647 ], [ -70.74963594096026, -34.173786901715872 ], [ -70.748459761041559, -34.172360021074283 ], [ -70.7493641945278, -34.170971955013776 ], [ -70.7514448162528, -34.171010765777638 ] ] ] } },
{ "type": "Feature", "properties": { "h3": "89b2c1c0a1bffff", "acc_caminata_m2_comercio": 2822.3766389361062, "acc_caminata_m2_departamento": 4320.9322407588697, "acc_caminata_n_deporte_y_recreacion": 0.034530988832421658, "acc_caminata_n_educacion_y_cultura": 14.835824235631907, "acc_caminata_m2_habitacional": 18939.032310126844, "acc_caminata_m2_industria": 31.710713023607273, "acc_caminata_m2_oficina": 1010.7778872180662, "acc_caminata_n_salud": 5.2446231699343739, "acc_caminata_n_paraderos": 1.7555149584522254 }, "geometry": { "type": "Polygon", "coordinates": [ [ [ -70.729464147518826, -34.169194083295046 ], [ -70.73064003997105, -34.170621103661041 ], [ -70.729735624676707, -34.17200894691905 ], [ -70.727655325287358, -34.171969765989203 ], [ -70.72647946918174, -34.170542756783568 ], [ -70.7273838761175, -34.169154917347633 ], [ -70.729464147518826, -34.169194083295046 ] ] ] } },
{ "type": "Feature", "properties": { "h3": "89b2c1c722fffff", "acc_caminata_m2_comercio": 4.7596315460075811, "acc_caminata_m2_departamento": 41.641119668336309, "acc_caminata_n_deporte_y_recreacion": 2.8186881141313133e-05, "acc_caminata_n_educacion_y_cultura": 0.26743294341369039, "acc_caminata_m2_habitacional": 7117.3409103724525, "acc_caminata_m2_industria": 0.0015225826400023384, "acc_caminata_m2_oficina": 0.4217411524273677, "acc_caminata_n_salud": 9.1706475481942077e-06, "acc_caminata_n_paraderos": 1.5595999663912032e-10 }, "geometry": { "type": "Polygon", "coordinates": [ [ [ -70.654594607847116, -34.167762367311376 ], [ -70.655769418069895, -34.169189738367869 ], [ -70.654865077509953, -34.17057669023346 ], [ -70.652785935220379, -34.170536267205584 ], [ -70.651611161475813, -34.169108907370585 ], [ -70.652515493541301, -34.167721959342174 ], [ -70.654594607847116, -34.167762367311376 ] ] ] } },
{ "type": "Feature", "properties": { "h3": "89b2c1c032bffff", "acc_caminata_m2_comercio": 668.14635425605741, "acc_caminata_m2_departamento": 26021.732870692504, "acc_caminata_n_deporte_y_recreacion": 0.65564034328042697, "acc_caminata_n_educacion_y_cultura": 3.0016865979955862, "acc_caminata_m2_habitacional": 16688.827233343211, "acc_caminata_m2_industria": 10.975413772974395, "acc_caminata_m2_oficina": 921.42116595383266, "acc_caminata_n_salud": 0.53436422601717803, "acc_caminata_n_paraderos": 4.8368582014358932 }, "geometry": { "type": "Polygon", "coordinates": [ [ [ -70.743029766958813, -34.148370637661053 ], [ -70.744205754188158, -34.149797972002261 ], [ -70.743301403308251, -34.151186500592772 ], [ -70.741221073530184, -34.151147691014259 ], [ -70.740045122617289, -34.149720367829943 ], [ -70.74094946516469, -34.148331843067425 ], [ -70.743029766958813, -34.148370637661053 ] ] ] } },
{ "type": "Feature", "properties": { "h3": "89b2c1c5473ffff", "acc_caminata_m2_comercio": 130.1889504295502, "acc_caminata_m2_departamento": 0.36863563588192572, "acc_caminata_n_deporte_y_recreacion": 0.00017608036901952531, "acc_caminata_n_educacion_y_cultura": 0.0021062953578469142, "acc_caminata_m2_habitacional": 22382.824966561773, "acc_caminata_m2_industria": 0.055602052644799026, "acc_caminata_m2_oficina": 0.50000521451592195, "acc_caminata_n_salud": 0.00016012231338915223, "acc_caminata_n_paraderos": 6.8628656402103116e-07 }, "geometry": { "type": "Polygon", "coordinates": [ [ [ -70.665439380074687, -34.183421462395323 ], [ -70.666614421233646, -34.184848506030832 ], [ -70.665710012730173, -34.186235202884099 ], [ -70.663630571542257, -34.186194852273502 ], [ -70.662455566847072, -34.184767819845057 ], [ -70.663359966874694, -34.183381126820365 ], [ -70.665439380074687, -34.183421462395323 ] ] ] } },
{ "type": "Feature", "properties": { "h3": "89b2c1c187bffff", "acc_caminata_m2_comercio": 209.442111916225, "acc_caminata_m2_departamento": 0.016962123818189939, "acc_caminata_n_deporte_y_recreacion": 0.0026598803681020388, "acc_caminata_n_educacion_y_cultura": 0.39976941190064286, "acc_caminata_m2_habitacional": 31665.029039999896, "acc_caminata_m2_industria": 0.0081758261639616817, "acc_caminata_m2_oficina": 0.56749264360012852, "acc_caminata_n_salud": 0.065393598808204903, "acc_caminata_n_paraderos": 0.082096855613180558 }, "geometry": { "type": "Polygon", "coordinates": [ [ [ -70.776958999298856, -34.177103963233783 ], [ -70.778135610078834, -34.178530633915877 ], [ -70.777231123152148, -34.179918867560914 ], [ -70.775150033716827, -34.17988042671459 ], [ -70.773973459201741, -34.178453767151588 ], [ -70.774877937855706, -34.177065537316032 ], [ -70.776958999298856, -34.177103963233783 ] ] ] } },
{ "type": "Feature", "properties": { "h3": "89b2c1c0e13ffff", "acc_caminata_m2_comercio": 1211.7171955028809, "acc_caminata_m2_departamento": 12095.718844466832, "acc_caminata_n_deporte_y_recreacion": 2.0694351389590033, "acc_caminata_n_educacion_y_cultura": 3.6732153340093325, "acc_caminata_m2_habitacional": 8803.3405520450815, "acc_caminata_m2_industria": 113.67309079979935, "acc_caminata_m2_oficina": 42.583488758464199, "acc_caminata_n_salud": 0.00079593945149085486, "acc_caminata_n_paraderos": 6.4006250851687669 }, "geometry": { "type": "Polygon", "coordinates": [ [ [ -70.724308204009262, -34.148020243507254 ], [ -70.725483921144033, -34.1494476657248 ], [ -70.72457958850714, -34.150835971498552 ], [ -70.722499547100611, -34.150796851223134 ], [ -70.721323866315259, -34.149369440177743 ], [ -70.722228190585682, -34.147981138235842 ], [ -70.724308204009262, -34.148020243507254 ] ] ] } },
{ "type": "Feature", "properties": { "h3": "89b2c1c0a9bffff", "acc_caminata_m2_comercio": 1102.5307105421832, "acc_caminata_m2_departamento": 1382.7116839417365, "acc_caminata_n_deporte_y_recreacion": 0.018386064598353267, "acc_caminata_n_educacion_y_cultura": 12.273799695046083, "acc_caminata_m2_habitacional": 15709.376038317389, "acc_caminata_m2_industria": 543.83959021303554, "acc_caminata_m2_oficina": 58.71441483515548, "acc_caminata_n_salud": 0.046004172427999375, "acc_caminata_n_paraderos": 3.5413376642215271 }, "geometry": { "type": "Polygon", "coordinates": [ [ [ -70.725665194063879, -34.162097701150657 ], [ -70.726840998052083, -34.163524865268698 ], [ -70.725936612345592, -34.164912837953715 ], [ -70.723856431014539, -34.164873642695142 ], [ -70.72268066337756, -34.163446489743066 ], [ -70.723585040719058, -34.162058520883789 ], [ -70.725665194063879, -34.162097701150657 ] ] ] } },
{ "type": "Feature", "properties": { "h3": "89b2c1c72afffff", "acc_caminata_m2_comercio": 2.3755402856418346, "acc_caminata_m2_departamento": 4.3223430429471801, "acc_caminata_n_deporte_y_recreacion": 3.59587640081124e-06, "acc_caminata_n_educacion_y_cultura": 0.028533470867847695, "acc_caminata_m2_habitacional": 15137.4086950276, "acc_caminata_m2_industria": 0.00015795812147452026, "acc_caminata_m2_oficina": 0.045644815686033804, "acc_caminata_n_salud": 9.5543968532701238e-07, "acc_caminata_n_paraderos": 3.2040939662731663e-10 }, "geometry": { "type": "Polygon", "coordinates": [ [ [ -70.650799908717602, -34.160665474584881 ], [ -70.651974630386576, -34.162092989085096 ], [ -70.651070319569726, -34.163480070350374 ], [ -70.6489912955834, -34.163439633274749 ], [ -70.6478166103972, -34.162012130001671 ], [ -70.648720912713202, -34.160625052577274 ], [ -70.650799908717602, -34.160665474584881 ] ] ] } },
{ "type": "Feature", "properties": { "h3": "89b2c1c03abffff", "acc_caminata_m2_comercio": 1935.1431760386208, "acc_caminata_m2_departamento": 18419.675290995925, "acc_caminata_n_deporte_y_recreacion": 0.30225751655875377, "acc_caminata_n_educacion_y_cultura": 1.3186312630806911, "acc_caminata_m2_habitacional": 15433.506387301959, "acc_caminata_m2_industria": 1040.713764824151, "acc_caminata_m2_oficina": 34.777317170650285, "acc_caminata_n_salud": 1.009023933857462, "acc_caminata_n_paraderos": 3.7738825441174031 }, "geometry": { "type": "Polygon", "coordinates": [ [ [ -70.739230369920463, -34.141272314416092 ], [ -70.740406268717337, -34.1426997924654 ], [ -70.739501947392071, -34.144088450450312 ], [ -70.737421735607469, -34.144049626554384 ], [ -70.736245873131693, -34.142622159667575 ], [ -70.737150186118043, -34.141233505514371 ], [ -70.739230369920463, -34.141272314416092 ] ] ] } },
{ "type": "Feature", "properties": { "h3": "89b2c1c0033ffff", "acc_caminata_m2_comercio": 171.96022926359694, "acc_caminata_m2_departamento": 7.7530933749106605, "acc_caminata_n_deporte_y_recreacion": 1.4148780546011468, "acc_caminata_n_educacion_y_cultura": 4.8767648678164086, "acc_caminata_m2_habitacional": 37355.367337780983, "acc_caminata_m2_industria": 37.576386052280974, "acc_caminata_m2_oficina": 9.9633621051905283, "acc_caminata_n_salud": 3.6882314582501715e-07, "acc_caminata_n_paraderos": 10.814546832062298 }, "geometry": { "type": "Polygon", "coordinates": [ [ [ -70.73760104705012, -34.124373015789061 ], [ -70.738776841627057, -34.125800803449479 ], [ -70.737872583963124, -34.127189861054823 ], [ -70.735792540061667, -34.127151127160914 ], [ -70.734616781803695, -34.125723350670391 ], [ -70.735521031126865, -34.124334296904095 ], [ -70.73760104705012, -34.124373015789061 ] ] ] } },
{ "type": "Feature", "properties": { "h3": "89b2c1c09bbffff", "acc_caminata_m2_comercio": 608.64076548329319, "acc_caminata_m2_departamento": 19.638176807875361, "acc_caminata_n_deporte_y_recreacion": 0.00022150502139412799, "acc_caminata_n_educacion_y_cultura": 0.020321994531332481, "acc_caminata_m2_habitacional": 12157.836990302516, "acc_caminata_m2_industria": 2.058105789515392e-05, "acc_caminata_m2_oficina": 28.189415621985287, "acc_caminata_n_salud": 0.13232439173984792, "acc_caminata_n_paraderos": 0.0090069922971071376 }, "geometry": { "type": "Polygon", "coordinates": [ [ [ -70.676291873478405, -34.166777284678226 ], [ -70.677466990978587, -34.168204579496681 ], [ -70.676562633606935, -34.16959182469305 ], [ -70.674483167188754, -34.169551771237771 ], [ -70.673308086128287, -34.168124487623587 ], [ -70.674212435044922, -34.166737246260617 ], [ -70.676291873478405, -34.166777284678226 ] ] ] } },
{ "type": "Feature", "properties": { "h3": "89b2c1c1997ffff", "acc_caminata_m2_comercio": 13146.007198730895, "acc_caminata_m2_departamento": 5830.2049475421836, "acc_caminata_n_deporte_y_recreacion": 0.62786832388787939, "acc_caminata_n_educacion_y_cultura": 42.644083776851396, "acc_caminata_m2_habitacional": 13674.259335614435, "acc_caminata_m2_industria": 960.281892362186, "acc_caminata_m2_oficina": 12880.011161477125, "acc_caminata_n_salud": 0.65725556883596004, "acc_caminata_n_paraderos": 3.1931192520074938 }, "geometry": { "type": "Polygon", "coordinates": [ [ [ -70.742218093980796, -34.172243307233508 ], [ -70.743394183889407, -34.173670217251093 ], [ -70.742489745832245, -34.175058142416518 ], [ -70.740409226200669, -34.175019153746227 ], [ -70.739233172617006, -34.173592254877555 ], [ -70.740137602338592, -34.172204333530452 ], [ -70.742218093980796, -34.172243307233508 ] ] ] } },
{ "type": "Feature", "properties": { "h3": "89b2c1c1583ffff", "acc_caminata_m2_comercio": 255.46684036712179, "acc_caminata_m2_departamento": 4.9408246797712115e-13, "acc_caminata_n_deporte_y_recreacion": 4.1683161507785756e-12, "acc_caminata_n_educacion_y_cultura": 2.0795147989891202e-09, "acc_caminata_m2_habitacional": 244.87242092766138, "acc_caminata_m2_industria": 1211.0000019370086, "acc_caminata_m2_oficina": 9.0882350839725774e-07, "acc_caminata_n_salud": 1.5684405934787201e-18, "acc_caminata_n_paraderos": 2.3798855113325292e-17 }, "geometry": { "type": "Polygon", "coordinates": [ [ [ -70.783457333327547, -34.115373995122887 ], [ -70.784633741506838, -34.116801743636145 ], [ -70.783729476073532, -34.118191591332838 ], [ -70.781648810716277, -34.118153686682845 ], [ -70.780472438772151, -34.116725949305589 ], [ -70.781376695948722, -34.115336105442545 ], [ -70.783457333327547, -34.115373995122887 ] ] ] } },
{ "type": "Feature", "properties": { "h3": "89b2c1c022fffff", "acc_caminata_m2_comercio": 10.177664895642376, "acc_caminata_m2_departamento": 2.7612150657712644, "acc_caminata_n_deporte_y_recreacion": 4.1286910930942247e-05, "acc_caminata_n_educacion_y_cultura": 0.0011682700089779821, "acc_caminata_m2_habitacional": 4382.9735429629818, "acc_caminata_m2_industria": 0.43197343448180187, "acc_caminata_m2_oficina": 0.010683001162790013, "acc_caminata_n_salud": 1.8417997955702013e-05, "acc_caminata_n_paraderos": 0.00034125513930991739 }, "geometry": { "type": "Polygon", "coordinates": [ [ [ -70.760938299296967, -34.140269532388508 ], [ -70.762114504305814, -34.141696933630406 ], [ -70.761210167204354, -34.143085884857889 ], [ -70.759129633392092, -34.14304743101583 ], [ -70.757953464665619, -34.141620040919229 ], [ -70.758857793467698, -34.140231093519581 ], [ -70.760938299296967, -34.140269532388508 ] ] ] } },
{ "type": "Feature", "properties": { "h3": "89b2c1c0e93ffff", "acc_caminata_m2_comercio": 33.094744197110529, "acc_caminata_m2_departamento": 71.351509901549164, "acc_caminata_n_deporte_y_recreacion": 0.0042836278123764907, "acc_caminata_n_educacion_y_cultura": 0.13536650380881074, "acc_caminata_m2_habitacional": 666.35205917195367, "acc_caminata_m2_industria": 48.44898410476177, "acc_caminata_m2_oficina": 0.10510659340764773, "acc_caminata_n_salud": 1.8371799808936352e-06, "acc_caminata_n_paraderos": 0.014541821729396536 }, "geometry": { "type": "Polygon", "coordinates": [ [ [ -70.720509869142035, -34.140921791770488 ], [ -70.721685497821753, -34.142349357619089 ], [ -70.720781194778326, -34.143737792780442 ], [ -70.718701271426781, -34.143698658257847 ], [ -70.717525679101101, -34.142271103587035 ], [ -70.718429973771592, -34.14088267226122 ], [ -70.720509869142035, -34.140921791770488 ] ] ] } },
{ "type": "Feature", "properties": { "h3": "89b2c1c0b1bffff", "acc_caminata_m2_comercio": 329.73036078942681, "acc_caminata_m2_departamento": 608.16537108133741, "acc_caminata_n_deporte_y_recreacion": 0.06964895820859883, "acc_caminata_n_educacion_y_cultura": 1.2361841733696597, "acc_caminata_m2_habitacional": 25055.82686814839, "acc_caminata_m2_industria": 3.5976510788652574, "acc_caminata_m2_oficina": 15.145944540466685, "acc_caminata_n_salud": 0.047082906284642283, "acc_caminata_n_paraderos": 2.2707940528394612 }, "geometry": { "type": "Polygon", "coordinates": [ [ [ -70.708572068453492, -34.178632073258399 ], [ -70.70974770636046, -34.180059015461481 ], [ -70.70884327537658, -34.181446365557449 ], [ -70.706763214881548, -34.181406769628289 ], [ -70.705587613360905, -34.179979838599031 ], [ -70.706492035947591, -34.178592492325294 ], [ -70.708572068453492, -34.178632073258399 ] ] ] } },
{ "type": "Feature", "properties": { "h3": "89b2c1c1d0fffff", "acc_caminata_m2_comercio": 25962.36187621078, "acc_caminata_m2_departamento": 731.44237346015757, "acc_caminata_n_deporte_y_recreacion": 0.089448637401048511, "acc_caminata_n_educacion_y_cultura": 3.7235575839651611, "acc_caminata_m2_habitacional": 13071.430325990674, "acc_caminata_m2_industria": 497.38922100731776, "acc_caminata_m2_oficina": 6974.4847794566986, "acc_caminata_n_salud": 19.174597964700158, "acc_caminata_n_paraderos": 5.6840061988068475 }, "geometry": { "type": "Polygon", "coordinates": [ [ [ -70.747644594169799, -34.163914671094396 ], [ -70.748820721958253, -34.165341706727027 ], [ -70.747916309695825, -34.166729906042043 ], [ -70.745835777968708, -34.166691065903933 ], [ -70.744659686493137, -34.165264041418837 ], [ -70.745564090430435, -34.163875845924508 ], [ -70.747644594169799, -34.163914671094396 ] ] ] } },
{ "type": "Feature", "properties": { "h3": "89b2c1c5573ffff", "acc_caminata_m2_comercio": 33.917440978611118, "acc_caminata_m2_departamento": 0.026864809951002024, "acc_caminata_n_deporte_y_recreacion": 1.248067622690127e-05, "acc_caminata_n_educacion_y_cultura": 2.5096157947062779e-05, "acc_caminata_m2_habitacional": 4011.7937345523592, "acc_caminata_m2_industria": 0.00016351144208958892, "acc_caminata_m2_oficina": 44.002055901977528, "acc_caminata_n_salud": 1.132242662002897e-07, "acc_caminata_n_paraderos": 3.0095491917331428e-13 }, "geometry": { "type": "Polygon", "coordinates": [ [ [ -70.644553363757183, -34.192843240574739 ], [ -70.645728149551033, -34.194270205720464 ], [ -70.644823726111653, -34.195656409329736 ], [ -70.642744525391507, -34.195615643964771 ], [ -70.641569776100994, -34.194188690039589 ], [ -70.642474191025968, -34.192802490259005 ], [ -70.644553363757183, -34.192843240574739 ] ] ] } },
{ "type": "Feature", "properties": { "h3": "89b2c1c0627ffff", "acc_caminata_m2_comercio": 63.741512673336267, "acc_caminata_m2_departamento": 0.00022220564283949087, "acc_caminata_n_deporte_y_recreacion": 0.0018746331429936028, "acc_caminata_n_educacion_y_cultura": 6.957720123451061e-05, "acc_caminata_m2_habitacional": 1494.2712762325773, "acc_caminata_m2_industria": 779.94653667568798, "acc_caminata_m2_oficina": 394.00000441479625, "acc_caminata_n_salud": 7.0538092913191686e-10, "acc_caminata_n_paraderos": 1.070315229146172e-08 }, "geometry": { "type": "Polygon", "coordinates": [ [ [ -70.75577907370203, -34.119085617605741 ], [ -70.75695510344454, -34.120513420646617 ], [ -70.756050848894787, -34.121902834259856 ], [ -70.7539705729085, -34.121864440994798 ], [ -70.752794579451262, -34.120436649110985 ], [ -70.753698825693689, -34.11904723933538 ], [ -70.75577907370203, -34.119085617605741 ] ] ] } },
{ "type": "Feature", "properties": { "h3": "89b2c1ce44bffff", "acc_caminata_m2_comercio": 217.38095641275586, "acc_caminata_m2_departamento": 161.38170245737766, "acc_caminata_n_deporte_y_recreacion": 0.000171837786926368, "acc_caminata_n_educacion_y_cultura": 2.7118260292759411, "acc_caminata_m2_habitacional": 6952.8326590057713, "acc_caminata_m2_industria": 4.9305365227328197, "acc_caminata_m2_oficina": 0.72371871852654557, "acc_caminata_n_salud": 0.00035932752889940609, "acc_caminata_n_paraderos": 4.6653620661977477 }, "geometry": { "type": "Polygon", "coordinates": [ [ [ -70.74113460737523, -34.193293045524555 ], [ -70.742310782601209, -34.194719582650684 ], [ -70.741406267965502, -34.196106970900779 ], [ -70.739325586441453, -34.196067818215127 ], [ -70.738149447548579, -34.194641292231182 ], [ -70.7390539538453, -34.193253907790911 ], [ -70.74113460737523, -34.193293045524555 ] ] ] } },
{ "type": "Feature", "properties": { "h3": "89b2c1c0b9bffff", "acc_caminata_m2_comercio": 1742.4764387680016, "acc_caminata_m2_departamento": 477.52675372022611, "acc_caminata_n_deporte_y_recreacion": 0.12511692929507603, "acc_caminata_n_educacion_y_cultura": 1.6923068827600116, "acc_caminata_m2_habitacional": 14874.224242039532, "acc_caminata_m2_industria": 2.1451661491217369, "acc_caminata_m2_oficina": 64.979672779193905, "acc_caminata_n_salud": 0.20663875482004959, "acc_caminata_n_paraderos": 0.44602448403609452 }, "geometry": { "type": "Polygon", "coordinates": [ [ [ -70.704774148925154, -34.171536497018799 ], [ -70.705949698335814, -34.172963582934514 ], [ -70.705045296985546, -34.174351062467316 ], [ -70.702965354626812, -34.174311452258706 ], [ -70.70178984160701, -34.172884377522507 ], [ -70.702694234553704, -34.171496901815594 ], [ -70.704774148925154, -34.171536497018799 ] ] ] } },
{ "type": "Feature", "properties": { "h3": "89b2c1c0823ffff", "acc_caminata_m2_comercio": 25.139035441966318, "acc_caminata_m2_departamento": 285.8663624463, "acc_caminata_n_deporte_y_recreacion": 0.067277163476326243, "acc_caminata_n_educacion_y_cultura": 0.068147792338073804, "acc_caminata_m2_habitacional": 15112.632649742074, "acc_caminata_m2_industria": 0.010744029792918927, "acc_caminata_m2_oficina": 2.0863883523263147, "acc_caminata_n_salud": 0.0086665882665418817, "acc_caminata_n_paraderos": 3.5817025816273187 }, "geometry": { "type": "Polygon", "coordinates": [ [ [ -70.697992394212207, -34.16578821231149 ], [ -70.699167818731638, -34.167215430705802 ], [ -70.698263444812838, -34.168602969209772 ], [ -70.69618365478884, -34.168563285489981 ], [ -70.695008266670555, -34.167136078282709 ], [ -70.695912632173815, -34.165748543608373 ], [ -70.697992394212207, -34.16578821231149 ] ] ] } },
{ "type": "Feature", "properties": { "h3": "89b2c1ce4afffff", "acc_caminata_m2_comercio": 78.97538395605126, "acc_caminata_m2_departamento": 3205.0054662883276, "acc_caminata_n_deporte_y_recreacion": 0.081177350347029539, "acc_caminata_n_educacion_y_cultura": 0.017666616316692585, "acc_caminata_m2_habitacional": 21471.708317067169, "acc_caminata_m2_industria": 0.057778990513961861, "acc_caminata_m2_oficina": 7.3449837270453484, "acc_caminata_n_salud": 0.91886923554274558, "acc_caminata_n_paraderos": 0.35908484960386799 }, "geometry": { "type": "Polygon", "coordinates": [ [ [ -70.719153663094204, -34.191473447604885 ], [ -70.720329514366597, -34.192900113396945 ], [ -70.719425026373486, -34.194287275034497 ], [ -70.717344695485494, -34.194247767065306 ], [ -70.716168880584519, -34.192821112433869 ], [ -70.717073360198782, -34.191433954611192 ], [ -70.719153663094204, -34.191473447604885 ] ] ] } },
{ "type": "Feature", "properties": { "h3": "89b2c1c1d73ffff", "acc_caminata_m2_comercio": 56581.977352821632, "acc_caminata_m2_departamento": 2533.3028974121285, "acc_caminata_n_deporte_y_recreacion": 0.036477271499602532, "acc_caminata_n_educacion_y_cultura": 0.92514787885666661, "acc_caminata_m2_habitacional": 7177.7610273686814, "acc_caminata_m2_industria": 1482.3804786699272, "acc_caminata_m2_oficina": 3650.3880680074481, "acc_caminata_n_salud": 3.0264580836337793, "acc_caminata_n_paraderos": 5.9742488326607557 }, "geometry": { "type": "Polygon", "coordinates": [ [ [ -70.750901287706114, -34.165380487565741 ], [ -70.752077469178445, -34.166807482683453 ], [ -70.751173048596669, -34.168195685817899 ], [ -70.749092454860559, -34.168156890015375 ], [ -70.747916309695825, -34.166729906042043 ], [ -70.748820721958253, -34.165341706727027 ], [ -70.750901287706114, -34.165380487565741 ] ] ] } },
{ "type": "Feature", "properties": { "h3": "89b2c1c5393ffff", "acc_caminata_m2_comercio": 107.10669891746996, "acc_caminata_m2_departamento": 23.855363726694382, "acc_caminata_n_deporte_y_recreacion": 4.6209697943523946e-12, "acc_caminata_n_educacion_y_cultura": 1.2042976080888912e-07, "acc_caminata_m2_habitacional": 8496.6989034820526, "acc_caminata_m2_industria": 0.46836610339907081, "acc_caminata_m2_oficina": 0.00010398026512779747, "acc_caminata_n_salud": 4.5877312243615264e-13, "acc_caminata_n_paraderos": 1.3075888822296812e-12 }, "geometry": { "type": "Polygon", "coordinates": [ [ [ -70.661636417913371, -34.208619353917534 ], [ -70.662811525057947, -34.210045962237928 ], [ -70.66190702725396, -34.211431985031624 ], [ -70.659827430788567, -34.211391395686263 ], [ -70.658652360121948, -34.209964798566823 ], [ -70.659556849441444, -34.208578779591974 ], [ -70.661636417913371, -34.208619353917534 ] ] ] } },
{ "type": "Feature", "properties": { "h3": "89b2c1c7233ffff", "acc_caminata_m2_comercio": 19.206041678803228, "acc_caminata_m2_departamento": 34.94577681325211, "acc_caminata_n_deporte_y_recreacion": 2.907235564188543e-05, "acc_caminata_n_educacion_y_cultura": 0.23069069130971828, "acc_caminata_m2_habitacional": 14374.684444220549, "acc_caminata_m2_industria": 0.0012770780116344901, "acc_caminata_m2_oficina": 0.3690344625119244, "acc_caminata_n_salud": 7.7246488004792171e-06, "acc_caminata_n_paraderos": 2.5904827895780355e-09 }, "geometry": { "type": "Polygon", "coordinates": [ [ [ -70.654053688726862, -34.162133366929524 ], [ -70.655228464231413, -34.163560841103049 ], [ -70.654324144919514, -34.164947926207958 ], [ -70.652245058596762, -34.16490753329991 ], [ -70.651070319569726, -34.163480070350374 ], [ -70.651974630386576, -34.162092989085096 ], [ -70.654053688726862, -34.162133366929524 ] ] ] } },
{ "type": "Feature", "properties": { "h3": "89b2c1c130bffff", "acc_caminata_m2_comercio": 0.026921938631502957, "acc_caminata_m2_departamento": 4.6670631665441962e-09, "acc_caminata_n_deporte_y_recreacion": 2.5842018193588622e-12, "acc_caminata_n_educacion_y_cultura": 0.01070701063946764, "acc_caminata_m2_habitacional": 459.82088354274788, "acc_caminata_m2_industria": 2.65683735347891e-09, "acc_caminata_m2_oficina": 2.078980125969053e-08, "acc_caminata_n_salud": 1.1867537710133619e-13, "acc_caminata_n_paraderos": 0.0016889247635797386 }, "geometry": { "type": "Polygon", "coordinates": [ [ [ -70.815228658400244, -34.153912419176351 ], [ -70.816405705331405, -34.15533933767 ], [ -70.815501270441402, -34.156728620286167 ], [ -70.813419796820384, -34.15669098059746 ], [ -70.812242786079437, -34.155264073200321 ], [ -70.813147212767944, -34.153874794395563 ], [ -70.815228658400244, -34.153912419176351 ] ] ] } },
{ "type": "Feature", "properties": { "h3": "89b2c1c032fffff", "acc_caminata_m2_comercio": 802.58224563514511, "acc_caminata_m2_departamento": 2915.3030602996459, "acc_caminata_n_deporte_y_recreacion": 0.3263389062417652, "acc_caminata_n_educacion_y_cultura": 13.717867367632451, "acc_caminata_m2_habitacional": 20394.678983903803, "acc_caminata_m2_industria": 15.92484004495042, "acc_caminata_m2_oficina": 184.604377799611, "acc_caminata_n_salud": 7.0649513609969663, "acc_caminata_n_paraderos": 1.3070055448806801 }, "geometry": { "type": "Polygon", "coordinates": [ [ [ -70.740045122617289, -34.149720367829943 ], [ -70.741221073530184, -34.151147691014259 ], [ -70.74031672037141, -34.152536149162614 ], [ -70.738236424636426, -34.152497280298817 ], [ -70.73706051004568, -34.151069968273283 ], [ -70.737964854866419, -34.14968151395297 ], [ -70.740045122617289, -34.149720367829943 ] ] ] } },
{ "type": "Feature", "properties": { "h3": "89b2c1c734bffff", "acc_caminata_m2_comercio": 24.503898998672479, "acc_caminata_m2_departamento": 7.6676624284735588, "acc_caminata_n_deporte_y_recreacion": 0.0072211437056470254, "acc_caminata_n_educacion_y_cultura": 0.029550403881113723, "acc_caminata_m2_habitacional": 12620.961656809757, "acc_caminata_m2_industria": 0.87879922024556145, "acc_caminata_m2_oficina": 2.0473951580830922, "acc_caminata_n_salud": 0.0060781063660451124, "acc_caminata_n_paraderos": 3.1647734606864586e-12 }, "geometry": { "type": "Polygon", "coordinates": [ [ [ -70.651881592530287, -34.171923148612656 ], [ -70.653056383634279, -34.173350456883782 ], [ -70.652152030319328, -34.174737271667617 ], [ -70.650072894398761, -34.174696774344532 ], [ -70.648898139778979, -34.173269477295605 ], [ -70.649802484594247, -34.171882666347749 ], [ -70.651881592530287, -34.171923148612656 ] ] ] } },
{ "type": "Feature", "properties": { "h3": "89b2c1c0b37ffff", "acc_caminata_m2_comercio": 14.229885156423663, "acc_caminata_m2_departamento": 0.32166258036613848, "acc_caminata_n_deporte_y_recreacion": 0.012367257572494912, "acc_caminata_n_educacion_y_cultura": 0.015208728850263087, "acc_caminata_m2_habitacional": 7589.6497839629337, "acc_caminata_m2_industria": 2.2622710977722755e-05, "acc_caminata_m2_oficina": 1.20624089705953, "acc_caminata_n_salud": 1.4581872931437121e-06, "acc_caminata_n_paraderos": 0.00027885237699147716 }, "geometry": { "type": "Polygon", "coordinates": [ [ [ -70.696634439874728, -34.184022356221185 ], [ -70.697809932202517, -34.185449253717366 ], [ -70.696905492363356, -34.18683632199027 ], [ -70.694825568614291, -34.186796488944857 ], [ -70.693650112695465, -34.185369602630217 ], [ -70.694554544115391, -34.183982538179635 ], [ -70.696634439874728, -34.184022356221185 ] ] ] } },
{ "type": "Feature", "properties": { "h3": "89b2c1c5477ffff", "acc_caminata_m2_comercio": 7.2992435597519378, "acc_caminata_m2_departamento": 1.8197857457197311, "acc_caminata_n_deporte_y_recreacion": 0.00096458415469668438, "acc_caminata_n_educacion_y_cultura": 0.010266444765371396, "acc_caminata_m2_habitacional": 2975.9809740253486, "acc_caminata_m2_industria": 0.16828757283526258, "acc_caminata_m2_oficina": 1.2170971808586863, "acc_caminata_n_salud": 0.00079033070779704548, "acc_caminata_n_paraderos": 6.5737004069374953e-08 }, "geometry": { "type": "Polygon", "coordinates": [ [ [ -70.662455566847072, -34.184767819845057 ], [ -70.663630571542257, -34.186194852273502 ], [ -70.662726160890088, -34.187581478665528 ], [ -70.660646754022736, -34.187541068800655 ], [ -70.659471785796981, -34.186114047581164 ], [ -70.660376187967799, -34.184727425017762 ], [ -70.662455566847072, -34.184767819845057 ] ] ] } },
{ "type": "Feature", "properties": { "h3": "89b2c1c08a3ffff", "acc_caminata_m2_comercio": 2.9489645057116642, "acc_caminata_m2_departamento": 2530.2614481442974, "acc_caminata_n_deporte_y_recreacion": 0.0063827977622929691, "acc_caminata_n_educacion_y_cultura": 0.19387484941800168, "acc_caminata_m2_habitacional": 18157.310311016929, "acc_caminata_m2_industria": 0.0088834646286013886, "acc_caminata_m2_oficina": 4.4604198108395146, "acc_caminata_n_salud": 1.1165572299193964e-05, "acc_caminata_n_paraderos": 0.36898980322895081 }, "geometry": { "type": "Polygon", "coordinates": [ [ [ -70.694195271168283, -34.158691343175313 ], [ -70.69537060718784, -34.16011870517886 ], [ -70.694466262921537, -34.161506373093367 ], [ -70.692386591056277, -34.161466675171212 ], [ -70.691211291442457, -34.160039324360362 ], [ -70.692115627286825, -34.158651660279155 ], [ -70.694195271168283, -34.158691343175313 ] ] ] } },
{ "type": "Feature", "properties": { "h3": "89b2c1c0e17ffff", "acc_caminata_m2_comercio": 944.89840127926982, "acc_caminata_m2_departamento": 11901.718503388973, "acc_caminata_n_deporte_y_recreacion": 0.5994293430948634, "acc_caminata_n_educacion_y_cultura": 5.9577131878567871, "acc_caminata_m2_habitacional": 12797.830153845603, "acc_caminata_m2_industria": 25.771740030719421, "acc_caminata_m2_oficina": 91.171593748417365, "acc_caminata_n_salud": 0.0010885060331030283, "acc_caminata_n_paraderos": 6.8069392281720287 }, "geometry": { "type": "Polygon", "coordinates": [ [ [ -70.721323866315259, -34.149369440177743 ], [ -70.722499547100611, -34.150796851223134 ], [ -70.7215952122164, -34.152185086552393 ], [ -70.719515204917528, -34.152145907004609 ], [ -70.718339560487294, -34.150718507133298 ], [ -70.719243886999493, -34.14933027563589 ], [ -70.721323866315259, -34.149369440177743 ] ] ] } },
{ "type": "Feature", "properties": { "h3": "89b2c1c0eafffff", "acc_caminata_m2_comercio": 200.99288870429049, "acc_caminata_m2_departamento": 10001.606719935797, "acc_caminata_n_deporte_y_recreacion": 0.46202381410072163, "acc_caminata_n_educacion_y_cultura": 2.0639590773451442, "acc_caminata_m2_habitacional": 3401.6223255641939, "acc_caminata_m2_industria": 0.40631693144544911, "acc_caminata_m2_oficina": 15.725619782731828, "acc_caminata_n_salud": 0.11476105970428686, "acc_caminata_n_paraderos": 8.1400161913320588 }, "geometry": { "type": "Polygon", "coordinates": [ [ [ -70.715355286541012, -34.152067444374374 ], [ -70.716530894610457, -34.153494833069665 ], [ -70.715626555246672, -34.154882927507714 ], [ -70.713546616195103, -34.15484362941875 ], [ -70.712371044492102, -34.153416251901383 ], [ -70.713275375472847, -34.152028161295256 ], [ -70.715355286541012, -34.152067444374374 ] ] ] } },
{ "type": "Feature", "properties": { "h3": "89b2c1c03afffff", "acc_caminata_m2_comercio": 2153.2540292120466, "acc_caminata_m2_departamento": 4427.5248412688234, "acc_caminata_n_deporte_y_recreacion": 2.0311335393932453, "acc_caminata_n_educacion_y_cultura": 1.0692174666917811, "acc_caminata_m2_habitacional": 21114.082692209238, "acc_caminata_m2_industria": 240.34889504633591, "acc_caminata_m2_oficina": 25.423820499681081, "acc_caminata_n_salud": 0.11256800248866028, "acc_caminata_n_paraderos": 1.4197230443196447 }, "geometry": { "type": "Polygon", "coordinates": [ [ [ -70.736245873131693, -34.142622159667575 ], [ -70.737421735607469, -34.144049626554384 ], [ -70.736517412009846, -34.14543821409859 ], [ -70.734437234279525, -34.14539933092442 ], [ -70.733261408130474, -34.143971875202013 ], [ -70.734165723383654, -34.142583291489565 ], [ -70.736245873131693, -34.142622159667575 ] ] ] } },
{ "type": "Feature", "properties": { "h3": "89b2c1c0037ffff", "acc_caminata_m2_comercio": 122.85353371987418, "acc_caminata_m2_departamento": 5.7610276804498159, "acc_caminata_n_deporte_y_recreacion": 0.1325680943991919, "acc_caminata_n_educacion_y_cultura": 0.4576029814960112, "acc_caminata_m2_habitacional": 16428.414550720852, "acc_caminata_m2_industria": 86.03087677733528, "acc_caminata_m2_oficina": 3.8360869658942751, "acc_caminata_n_salud": 8.4442049122026565e-07, "acc_caminata_n_paraderos": 3.467460125215891 }, "geometry": { "type": "Polygon", "coordinates": [ [ [ -70.734616781803695, -34.125723350670391 ], [ -70.735792540061667, -34.127151127160914 ], [ -70.734888280128459, -34.128540114329937 ], [ -70.732808270282192, -34.12850132116953 ], [ -70.731632548348855, -34.127073555850821 ], [ -70.732536799935787, -34.125684572520882 ], [ -70.734616781803695, -34.125723350670391 ] ] ] } },
{ "type": "Feature", "properties": { "h3": "89b2c1c0923ffff", "acc_caminata_m2_comercio": 5.8087679463510273, "acc_caminata_m2_departamento": 0.0037827115546864533, "acc_caminata_n_deporte_y_recreacion": 2.8340486120314392e-05, "acc_caminata_n_educacion_y_cultura": 0.11307223844534176, "acc_caminata_m2_habitacional": 17032.307374152722, "acc_caminata_m2_industria": 0.00056727094740116439, "acc_caminata_m2_oficina": 1.8036087905261726, "acc_caminata_n_salud": 0.00039933125349694111, "acc_caminata_n_paraderos": 0.010945212296240401 }, "geometry": { "type": "Polygon", "coordinates": [ [ [ -70.677104174090914, -34.17522055008542 ], [ -70.678279343683371, -34.176647690129869 ], [ -70.677374954446833, -34.178034735450296 ], [ -70.675295404070638, -34.17799463689672 ], [ -70.674120270918948, -34.176567508052827 ], [ -70.675024651701364, -34.175180466562132 ], [ -70.677104174090914, -34.17522055008542 ] ] ] } },
{ "type": "Feature", "properties": { "h3": "89b2c1c120fffff", "acc_caminata_m2_comercio": 9.6644558902587397e-05, "acc_caminata_m2_departamento": 2.4336054765116517e-15, "acc_caminata_n_deporte_y_recreacion": 1.125857304035716e-09, "acc_caminata_n_educacion_y_cultura": 0.0049860636802400047, "acc_caminata_m2_habitacional": 100.67780195864358, "acc_caminata_m2_industria": 4.4523358170961158e-07, "acc_caminata_m2_oficina": 2.429721844616116e-13, "acc_caminata_n_salud": 6.188239527401794e-20, "acc_caminata_n_paraderos": 8.8067729285985044e-10 }, "geometry": { "type": "Polygon", "coordinates": [ [ [ -70.833144550841737, -34.145799769848956 ], [ -70.834321814794421, -34.147226754881302 ], [ -70.833417394414397, -34.148616460085286 ], [ -70.831335718248653, -34.148579176445978 ], [ -70.830158490451964, -34.14715220249861 ], [ -70.83106290266366, -34.145762501105771 ], [ -70.833144550841737, -34.145799769848956 ] ] ] } },
{ "type": "Feature", "properties": { "h3": "89b2c1c0233ffff", "acc_caminata_m2_comercio": 4060.0961228188044, "acc_caminata_m2_departamento": 0.1844898196922567, "acc_caminata_n_deporte_y_recreacion": 5.192567247697056e-06, "acc_caminata_n_educacion_y_cultura": 7.814785298150125e-05, "acc_caminata_m2_habitacional": 6862.3373130730733, "acc_caminata_m2_industria": 0.086415123449987696, "acc_caminata_m2_oficina": 0.0037178717350500536, "acc_caminata_n_salud": 1.2305924187407847e-06, "acc_caminata_n_paraderos": 2.280084578991137e-05 }, "geometry": { "type": "Polygon", "coordinates": [ [ [ -70.760394583783281, -34.134636472724964 ], [ -70.761570754042779, -34.136063977231821 ], [ -70.76066643815669, -34.137453061675409 ], [ -70.758585960309759, -34.137414637782065 ], [ -70.75740982633198, -34.135987144422955 ], [ -70.758314133918063, -34.134598063809648 ], [ -70.760394583783281, -34.134636472724964 ] ] ] } },
{ "type": "Feature", "properties": { "h3": "89b2c1c0e97ffff", "acc_caminata_m2_comercio": 102.70957856686009, "acc_caminata_m2_departamento": 52.162165984452294, "acc_caminata_n_deporte_y_recreacion": 0.0053401721385347026, "acc_caminata_n_educacion_y_cultura": 0.024278183573959104, "acc_caminata_m2_habitacional": 1830.632547273992, "acc_caminata_m2_industria": 1.8132720328701371, "acc_caminata_m2_oficina": 0.25067463263377127, "acc_caminata_n_salud": 3.5822386187334643e-06, "acc_caminata_n_paraderos": 0.027695055620042337 }, "geometry": { "type": "Polygon", "coordinates": [ [ [ -70.717525679101101, -34.142271103587035 ], [ -70.718701271426781, -34.143698658257847 ], [ -70.717796966142586, -34.145087022976142 ], [ -70.715717076909812, -34.145047829188243 ], [ -70.714541520943854, -34.143620285697132 ], [ -70.715445817849613, -34.142231924814411 ], [ -70.717525679101101, -34.142271103587035 ] ] ] } },
{ "type": "Feature", "properties": { "h3": "89b2c1c5003ffff", "acc_caminata_m2_comercio": 11.34664582946372, "acc_caminata_m2_departamento": 1.1632019744351159, "acc_caminata_n_deporte_y_recreacion": 3.2017023400321127e-09, "acc_caminata_n_educacion_y_cultura": 8.344141254993092e-05, "acc_caminata_m2_habitacional": 11171.022676401817, "acc_caminata_m2_industria": 269.2183805199918, "acc_caminata_m2_oficina": 0.072044153715028869, "acc_caminata_n_salud": 3.1786725406490508e-10, "acc_caminata_n_paraderos": 9.0598090235330453e-10 }, "geometry": { "type": "Polygon", "coordinates": [ [ [ -70.663808604453138, -34.198834931555076 ], [ -70.664983695971017, -34.200261705948215 ], [ -70.664079232192861, -34.201647999147887 ], [ -70.661999685375378, -34.201607514132128 ], [ -70.660824630328719, -34.200180750941733 ], [ -70.661729085626988, -34.19879446156456 ], [ -70.663808604453138, -34.198834931555076 ] ] ] } },
{ "type": "Feature", "properties": { "h3": "89b2c1ce433ffff", "acc_caminata_m2_comercio": 28.701354543287842, "acc_caminata_m2_departamento": 93.083325579384351, "acc_caminata_n_deporte_y_recreacion": 0.0068474098984342069, "acc_caminata_n_educacion_y_cultura": 0.0049552528294330512, "acc_caminata_m2_habitacional": 4989.250678452393, "acc_caminata_m2_industria": 0.021005315473448079, "acc_caminata_m2_oficina": 2.5702723715000144, "acc_caminata_n_salud": 0.29827714732932276, "acc_caminata_n_paraderos": 1.1138510971202995 }, "geometry": { "type": "Polygon", "coordinates": [ [ [ -70.722409879381431, -34.192939562068801 ], [ -70.723585784394913, -34.194366187349488 ], [ -70.722681288028809, -34.195753352800651 ], [ -70.720600895020894, -34.195713889157716 ], [ -70.719425026373486, -34.194287275034497 ], [ -70.720329514366597, -34.192900113396945 ], [ -70.722409879381431, -34.192939562068801 ] ] ] } },
{ "type": "Feature", "properties": { "h3": "89b2c1c093bffff", "acc_caminata_m2_comercio": 49.923381167039317, "acc_caminata_m2_departamento": 0.031977536024206291, "acc_caminata_n_deporte_y_recreacion": 0.00024577947588044617, "acc_caminata_n_educacion_y_cultura": 5.0202380792696317, "acc_caminata_m2_habitacional": 17763.296676366477, "acc_caminata_m2_industria": 9.1389980284790667e-05, "acc_caminata_m2_oficina": 55.933070456725403, "acc_caminata_n_salud": 0.003468051036390269, "acc_caminata_n_paraderos": 0.09506575348183105 }, "geometry": { "type": "Polygon", "coordinates": [ [ [ -70.680088109362686, -34.1738734624046 ], [ -70.681263315390282, -34.175300613647678 ], [ -70.680358928326996, -34.176687729425076 ], [ -70.678279343683371, -34.176647690129869 ], [ -70.677104174090914, -34.17522055008542 ], [ -70.678008552705592, -34.173833438137748 ], [ -70.680088109362686, -34.1738734624046 ] ] ] } },
{ "type": "Feature", "properties": { "h3": "89b2c1c1917ffff", "acc_caminata_m2_comercio": 4955.166323788173, "acc_caminata_m2_departamento": 611.26591448073771, "acc_caminata_n_deporte_y_recreacion": 0.01236241417472949, "acc_caminata_n_educacion_y_cultura": 9.3078017389904595, "acc_caminata_m2_habitacional": 27878.581281802628, "acc_caminata_m2_industria": 175.98628373146138, "acc_caminata_m2_oficina": 1088.9117151980395, "acc_caminata_n_salud": 0.088502387340742505, "acc_caminata_n_paraderos": 2.656087631286681 }, "geometry": { "type": "Polygon", "coordinates": [ [ [ -70.746018138762722, -34.179338625276884 ], [ -70.747194317122464, -34.180765391427826 ], [ -70.746289849509452, -34.18215318714276 ], [ -70.744209211864501, -34.18211421289233 ], [ -70.743033069825088, -34.180687457884673 ], [ -70.743937529108962, -34.179299665984352 ], [ -70.746018138762722, -34.179338625276884 ] ] ] } },
{ "type": "Feature", "properties": { "h3": "89b2c1c550fffff", "acc_caminata_m2_comercio": 167.03464804395898, "acc_caminata_m2_departamento": 1.8531864655184973, "acc_caminata_n_deporte_y_recreacion": 0.0001273187162936155, "acc_caminata_n_educacion_y_cultura": 0.00038944886833572784, "acc_caminata_m2_habitacional": 2243.9341224340392, "acc_caminata_m2_industria": 0.0014842094477806372, "acc_caminata_m2_oficina": 0.046722871853563649, "acc_caminata_n_salud": 2.441099301707658e-06, "acc_caminata_n_paraderos": 4.3428988243218575e-14 }, "geometry": { "type": "Polygon", "coordinates": [ [ [ -70.641299459096118, -34.191375484748598 ], [ -70.642474191025968, -34.192802490259005 ], [ -70.641569776100994, -34.194188690039589 ], [ -70.639490637765064, -34.194147880480038 ], [ -70.638315942343866, -34.192720886193349 ], [ -70.63922034874858, -34.191334690242677 ], [ -70.641299459096118, -34.191375484748598 ] ] ] } },
{ "type": "Feature", "properties": { "h3": "89b2c1c5577ffff", "acc_caminata_m2_comercio": 1001.3352841841009, "acc_caminata_m2_departamento": 0.0054819346542258783, "acc_caminata_n_deporte_y_recreacion": 2.0893437401452495e-06, "acc_caminata_n_educacion_y_cultura": 4.9293968069613809e-06, "acc_caminata_m2_habitacional": 1402.3539988879545, "acc_caminata_m2_industria": 2.7792249632675633e-05, "acc_caminata_m2_oficina": 0.0088206545828048589, "acc_caminata_n_salud": 2.2350987102949534e-08, "acc_caminata_n_paraderos": 4.4788906381505325e-14 }, "geometry": { "type": "Polygon", "coordinates": [ [ [ -70.641569776100994, -34.194188690039589 ], [ -70.642744525391507, -34.195615643964771 ], [ -70.641840099838461, -34.197001777107765 ], [ -70.639760933513443, -34.196960952497072 ], [ -70.638586220731924, -34.195534009794351 ], [ -70.639490637765064, -34.194147880480038 ], [ -70.641569776100994, -34.194188690039589 ] ] ] } },
{ "type": "Feature", "properties": { "h3": "89b2c1c09a3ffff", "acc_caminata_m2_comercio": 264.6678657600209, "acc_caminata_m2_departamento": 452.08524991329534, "acc_caminata_n_deporte_y_recreacion": 7.1392588976429893e-05, "acc_caminata_n_educacion_y_cultura": 0.0025588889273654822, "acc_caminata_m2_habitacional": 9918.4314549475148, "acc_caminata_m2_industria": 1.4172739530222509e-05, "acc_caminata_m2_oficina": 3.4589374511698545, "acc_caminata_n_salud": 0.0083403147920439961, "acc_caminata_n_paraderos": 0.0010928988982675915 }, "geometry": { "type": "Polygon", "coordinates": [ [ [ -70.673308086128287, -34.168124487623587 ], [ -70.674483167188754, -34.169551771237771 ], [ -70.673578807650387, -34.17093894597857 ], [ -70.67149937551072, -34.17089883327197 ], [ -70.670324330895596, -34.169471560863983 ], [ -70.671228681973446, -34.168084389956611 ], [ -70.673308086128287, -34.168124487623587 ] ] ] } },
{ "type": "Feature", "properties": { "h3": "89b2c1c1c8fffff", "acc_caminata_m2_comercio": 1.333640931302839, "acc_caminata_m2_departamento": 12.099580987972299, "acc_caminata_n_deporte_y_recreacion": 2.9080221191051335e-05, "acc_caminata_n_educacion_y_cultura": 0.0051193276400313065, "acc_caminata_m2_habitacional": 2188.8970964160176, "acc_caminata_m2_industria": 0.29394049781663251, "acc_caminata_m2_oficina": 0.04665609658814706, "acc_caminata_n_salud": 8.0707244006515024e-05, "acc_caminata_n_paraderos": 0.0014953721823554081 }, "geometry": { "type": "Polygon", "coordinates": [ [ [ -70.764738905387375, -34.147367841520058 ], [ -70.765915198801409, -34.148795098971178 ], [ -70.765010832190796, -34.150183920798902 ], [ -70.762930180457758, -34.150145481351544 ], [ -70.761753923321479, -34.1487182350401 ], [ -70.762658281639133, -34.147329417036538 ], [ -70.764738905387375, -34.147367841520058 ] ] ] } },
{ "type": "Feature", "properties": { "h3": "89b2c1c1803ffff", "acc_caminata_m2_comercio": 82.517035980715988, "acc_caminata_m2_departamento": 4.2310869862645566, "acc_caminata_n_deporte_y_recreacion": 1.0008695783295203, "acc_caminata_n_educacion_y_cultura": 1.7014497787860652, "acc_caminata_m2_habitacional": 20318.918987761517, "acc_caminata_m2_industria": 1.6085532883071934, "acc_caminata_m2_oficina": 1.7721651997990677, "acc_caminata_n_salud": 0.024272214101789473, "acc_caminata_n_paraderos": 0.81408387767308754 }, "geometry": { "type": "Polygon", "coordinates": [ [ [ -70.770171851392618, -34.171358507700077 ], [ -70.771348337491474, -34.172785311238044 ], [ -70.770443877725512, -34.174173603895767 ], [ -70.768362940144016, -34.17413508920253 ], [ -70.767186490320384, -34.172708296791185 ], [ -70.768090941801674, -34.171320007946647 ], [ -70.770171851392618, -34.171358507700077 ] ] ] } },
{ "type": "Feature", "properties": { "h3": "89b2c1c0827ffff", "acc_caminata_m2_comercio": 6.1936477803534498, "acc_caminata_m2_departamento": 1.3193003132526413, "acc_caminata_n_deporte_y_recreacion": 0.14918431858308931, "acc_caminata_n_educacion_y_cultura": 0.68376496977295009, "acc_caminata_m2_habitacional": 8290.2656840094387, "acc_caminata_m2_industria": 1.264847807092857e-05, "acc_caminata_m2_oficina": 0.27528798122155956, "acc_caminata_n_salud": 1.1888279426969654e-05, "acc_caminata_n_paraderos": 0.0082162889289264622 }, "geometry": { "type": "Polygon", "coordinates": [ [ [ -70.695008266670555, -34.167136078282709 ], [ -70.69618365478884, -34.168563285489981 ], [ -70.695279278666774, -34.169950753541336 ], [ -70.693199522846143, -34.169911010555992 ], [ -70.692024171134705, -34.168483814537687 ], [ -70.692928538835702, -34.16709635031598 ], [ -70.695008266670555, -34.167136078282709 ] ] ] } },
{ "type": "Feature", "properties": { "h3": "89b2c1c004fffff", "acc_caminata_m2_comercio": 97.042794081403173, "acc_caminata_m2_departamento": 0.049542474882953789, "acc_caminata_n_deporte_y_recreacion": 0.43127513981868643, "acc_caminata_n_educacion_y_cultura": 0.016006154321384025, "acc_caminata_m2_habitacional": 649.53861931368704, "acc_caminata_m2_industria": 365.20374820537643, "acc_caminata_m2_oficina": 1.7136179566566552, "acc_caminata_n_salud": 1.5175469518390912e-07, "acc_caminata_n_paraderos": 2.267353785427999e-06 }, "geometry": { "type": "Polygon", "coordinates": [ [ [ -70.753338059430291, -34.126070801041948 ], [ -70.754514087630142, -34.12749848971859 ], [ -70.753609809565631, -34.128887699703782 ], [ -70.751529511612162, -34.128849217177297 ], [ -70.75035351970395, -34.127421539657178 ], [ -70.751257789456218, -34.126032333507212 ], [ -70.753338059430291, -34.126070801041948 ] ] ] } },
{ "type": "Feature", "properties": { "h3": "89b2c1ce4b3ffff", "acc_caminata_m2_comercio": 450.67115859427747, "acc_caminata_m2_departamento": 869.51879742967344, "acc_caminata_n_deporte_y_recreacion": 0.03300052821956051, "acc_caminata_n_educacion_y_cultura": 1.6930043650907332, "acc_caminata_m2_habitacional": 13592.182235083836, "acc_caminata_m2_industria": 0.30214302164809742, "acc_caminata_m2_oficina": 334.30771368701494, "acc_caminata_n_salud": 112.76478437883129, "acc_caminata_n_paraderos": 5.4208103114951305 }, "geometry": { "type": "Polygon", "coordinates": [ [ [ -70.718610956805833, -34.185845437835184 ], [ -70.719786773329574, -34.187272206951768 ], [ -70.718882306571743, -34.18865950186968 ], [ -70.716802031668223, -34.188620023853929 ], [ -70.715626251515189, -34.18719326590044 ], [ -70.716530709893604, -34.185805974799813 ], [ -70.718610956805833, -34.185845437835184 ] ] ] } },
{ "type": "Feature", "properties": { "h3": "89b2c1ca8bbffff", "acc_caminata_m2_comercio": 169.2623592038195, "acc_caminata_m2_departamento": 2.2292276735953606e-10, "acc_caminata_n_deporte_y_recreacion": 2.1124730582856838e-15, "acc_caminata_n_educacion_y_cultura": 0.035219005550463894, "acc_caminata_m2_habitacional": 4067.5662611454204, "acc_caminata_m2_industria": 0.65662498044007356, "acc_caminata_m2_oficina": 112.4308292316844, "acc_caminata_n_salud": 2.8409994324138877e-19, "acc_caminata_n_paraderos": 1.1139874793753721 }, "geometry": { "type": "Polygon", "coordinates": [ [ [ -70.830173265159956, -34.179479794720812 ], [ -70.831350648092808, -34.180906188396889 ], [ -70.830446106245816, -34.182295019804464 ], [ -70.828364189640567, -34.182257453738231 ], [ -70.827186842878916, -34.180831071137405 ], [ -70.828091376549949, -34.17944224352776 ], [ -70.830173265159956, -34.179479794720812 ] ] ] } },
{ "type": "Feature", "properties": { "h3": "89b2c1c1d77ffff", "acc_caminata_m2_comercio": 59080.761729338265, "acc_caminata_m2_departamento": 2069.9913615532428, "acc_caminata_n_deporte_y_recreacion": 0.036058263955504127, "acc_caminata_n_educacion_y_cultura": 4.5134311054840515, "acc_caminata_m2_habitacional": 7317.7271327894268, "acc_caminata_m2_industria": 514.54560639721615, "acc_caminata_m2_oficina": 17996.309931666423, "acc_caminata_n_salud": 7.5981960090534413, "acc_caminata_n_paraderos": 3.7179904065813396 }, "geometry": { "type": "Polygon", "coordinates": [ [ [ -70.747916309695825, -34.166729906042043 ], [ -70.749092454860559, -34.168156890015375 ], [ -70.748188031986317, -34.169545022704114 ], [ -70.746107472270836, -34.16950616760024 ], [ -70.74493136341934, -34.168079194773199 ], [ -70.745835777968708, -34.166691065903933 ], [ -70.747916309695825, -34.166729906042043 ] ] ] } },
{ "type": "Feature", "properties": { "h3": "89b2c1c0a23ffff", "acc_caminata_m2_comercio": 2872.6433206255901, "acc_caminata_m2_departamento": 13567.226061970006, "acc_caminata_n_deporte_y_recreacion": 1.1231152909047877, "acc_caminata_n_educacion_y_cultura": 16.908908120148517, "acc_caminata_m2_habitacional": 17899.795991977106, "acc_caminata_m2_industria": 31.501813731237444, "acc_caminata_m2_oficina": 253.6683275405172, "acc_caminata_n_salud": 0.062635761059614548, "acc_caminata_n_paraderos": 4.2131035308382403 }, "geometry": { "type": "Polygon", "coordinates": [ [ [ -70.720781569405204, -34.176054333337241 ], [ -70.721957370173286, -34.177481268572627 ], [ -70.721052937508645, -34.178868833849108 ], [ -70.718972712449357, -34.178829460069473 ], [ -70.717796948045233, -34.177402535998972 ], [ -70.718701372335076, -34.176014974543406 ], [ -70.720781569405204, -34.176054333337241 ] ] ] } },
{ "type": "Feature", "properties": { "h3": "89b2c1c7237ffff", "acc_caminata_m2_comercio": 14.206044200410117, "acc_caminata_m2_departamento": 43.075798123804006, "acc_caminata_n_deporte_y_recreacion": 3.2408141870479901e-05, "acc_caminata_n_educacion_y_cultura": 0.27824864025285229, "acc_caminata_m2_habitacional": 23366.44248344277, "acc_caminata_m2_industria": 0.0015741907514266545, "acc_caminata_m2_oficina": 0.45198339781210295, "acc_caminata_n_salud": 9.5012649288147862e-06, "acc_caminata_n_paraderos": 1.6490141045155111e-09 }, "geometry": { "type": "Polygon", "coordinates": [ [ [ -70.651070319569726, -34.163480070350374 ], [ -70.652245058596762, -34.16490753329991 ], [ -70.651340737155707, -34.166294547947714 ], [ -70.649261685186801, -34.166254095806551 ], [ -70.64808698264288, -34.164826644082915 ], [ -70.6489912955834, -34.163439633274749 ], [ -70.651070319569726, -34.163480070350374 ] ] ] } },
{ "type": "Feature", "properties": { "h3": "89b2c1c130fffff", "acc_caminata_m2_comercio": 0.16754883188277522, "acc_caminata_m2_departamento": 2.9045493289545512e-08, "acc_caminata_n_deporte_y_recreacion": 1.606828820772564e-11, "acc_caminata_n_educacion_y_cultura": 0.015277059403737686, "acc_caminata_m2_habitacional": 418.53193253592809, "acc_caminata_m2_industria": 1.6528950010533714e-08, "acc_caminata_m2_oficina": 7.8943697387076436e-08, "acc_caminata_n_salud": 7.3857686219908799e-13, "acc_caminata_n_paraderos": 0.01051103255651834 }, "geometry": { "type": "Polygon", "coordinates": [ [ [ -70.812242786079437, -34.155264073200321 ], [ -70.813419796820384, -34.15669098059746 ], [ -70.812515359529598, -34.158080192779579 ], [ -70.810433919703527, -34.158042493753328 ], [ -70.809256945158467, -34.156615597454632 ], [ -70.810161374242242, -34.155226389083943 ], [ -70.812242786079437, -34.155264073200321 ] ] ] } },
{ "type": "Feature", "properties": { "h3": "89b2c1c0333ffff", "acc_caminata_m2_comercio": 2245.7357962929077, "acc_caminata_m2_departamento": 15772.860051267482, "acc_caminata_n_deporte_y_recreacion": 0.33925589432876679, "acc_caminata_n_educacion_y_cultura": 3.2460050448614286, "acc_caminata_m2_habitacional": 17010.699821812508, "acc_caminata_m2_industria": 228.51178034241036, "acc_caminata_m2_oficina": 87.292253243470242, "acc_caminata_n_salud": 0.19016369139552811, "acc_caminata_n_paraderos": 4.962666339908246 }, "geometry": { "type": "Polygon", "coordinates": [ [ [ -70.739501947392071, -34.144088450450312 ], [ -70.740677863560492, -34.145515876882371 ], [ -70.739773531624266, -34.146904468257055 ], [ -70.737693291856871, -34.14686562936938 ], [ -70.736517412009846, -34.14543821409859 ], [ -70.737421735607469, -34.144049626554384 ], [ -70.739501947392071, -34.144088450450312 ] ] ] } },
{ "type": "Feature", "properties": { "h3": "89b2c1c547bffff", "acc_caminata_m2_comercio": 10.265217134320917, "acc_caminata_m2_departamento": 0.023062764141284813, "acc_caminata_n_deporte_y_recreacion": 1.1047754365173969e-05, "acc_caminata_n_educacion_y_cultura": 0.00038531289382151291, "acc_caminata_m2_habitacional": 21912.479811617508, "acc_caminata_m2_industria": 0.15774138742567764, "acc_caminata_m2_oficina": 2.0514175889692612, "acc_caminata_n_salud": 1.0207300531934266e-05, "acc_caminata_n_paraderos": 5.2679925342021457e-06 }, "geometry": { "type": "Polygon", "coordinates": [ [ [ -70.66869389673144, -34.184888797385938 ], [ -70.66986899171286, -34.186315800625749 ], [ -70.668964574739334, -34.187702501306397 ], [ -70.66688507125312, -34.187662194920051 ], [ -70.665710012730173, -34.186235202884099 ], [ -70.666614421233646, -34.184848506030832 ], [ -70.66869389673144, -34.184888797385938 ] ] ] } },
{ "type": "Feature", "properties": { "h3": "89b2c1c1883ffff", "acc_caminata_m2_comercio": 2163.8067479429183, "acc_caminata_m2_departamento": 10.837202499331246, "acc_caminata_n_deporte_y_recreacion": 0.0064455605235224245, "acc_caminata_n_educacion_y_cultura": 0.151266299535397, "acc_caminata_m2_habitacional": 12802.64571915313, "acc_caminata_m2_industria": 442.34041563679409, "acc_caminata_m2_oficina": 651.01312722922967, "acc_caminata_n_salud": 0.17632474568671336, "acc_caminata_n_paraderos": 3.1311288630911971 }, "geometry": { "type": "Polygon", "coordinates": [ [ [ -70.76637056774689, -34.164262543022112 ], [ -70.767546965429958, -34.165689490486237 ], [ -70.766642535167591, -34.167077912588205 ], [ -70.764561715511931, -34.167039383409438 ], [ -70.763385354108706, -34.165612447077585 ], [ -70.764289776079963, -34.164224028792454 ], [ -70.76637056774689, -34.164262543022112 ] ] ] } },
{ "type": "Feature", "properties": { "h3": "89b2c1c0e1bffff", "acc_caminata_m2_comercio": 515.29255497276904, "acc_caminata_m2_departamento": 1208.7463755349131, "acc_caminata_n_deporte_y_recreacion": 0.19683952404969826, "acc_caminata_n_educacion_y_cultura": 0.79633714520325694, "acc_caminata_m2_habitacional": 6233.5026487192845, "acc_caminata_m2_industria": 11.323095071411306, "acc_caminata_m2_oficina": 45.505767358315104, "acc_caminata_n_salud": 0.00096676905200171427, "acc_caminata_n_paraderos": 0.99101677261607102 }, "geometry": { "type": "Polygon", "coordinates": [ [ [ -70.727563996647532, -34.149486726726678 ], [ -70.728739767496222, -34.150914108502093 ], [ -70.727835426498615, -34.152302418106451 ], [ -70.725755323011683, -34.152263342104995 ], [ -70.72457958850714, -34.150835971498552 ], [ -70.725483921144033, -34.1494476657248 ], [ -70.727563996647532, -34.149486726726678 ] ] ] } },
{ "type": "Feature", "properties": { "h3": "89b2c1c0aa3ffff", "acc_caminata_m2_comercio": 11263.796947241988, "acc_caminata_m2_departamento": 909.15921382578222, "acc_caminata_n_deporte_y_recreacion": 0.060184396591827741, "acc_caminata_n_educacion_y_cultura": 11.148818448513923, "acc_caminata_m2_habitacional": 16824.888162158299, "acc_caminata_m2_industria": 14.489685112764136, "acc_caminata_m2_oficina": 581.03009408662581, "acc_caminata_n_salud": 0.17773946385826023, "acc_caminata_n_paraderos": 6.1928667805921878 }, "geometry": { "type": "Polygon", "coordinates": [ [ [ -70.716983000085236, -34.168958569696272 ], [ -70.718158712373764, -34.17038564868124 ], [ -70.717254309316687, -34.171773343394037 ], [ -70.715174202350951, -34.171733955297476 ], [ -70.713998526430998, -34.170306887483044 ], [ -70.714902921106827, -34.168919196594835 ], [ -70.716983000085236, -34.168958569696272 ] ] ] } },
{ "type": "Feature", "properties": { "h3": "89b2c1c72cbffff", "acc_caminata_m2_comercio": 1.0430684797984457, "acc_caminata_m2_departamento": 0.010374261339674094, "acc_caminata_n_deporte_y_recreacion": 0.2447635884334258, "acc_caminata_n_educacion_y_cultura": 3.2044823303890429e-05, "acc_caminata_m2_habitacional": 7795.4037465107886, "acc_caminata_m2_industria": 5.1461720114463764e-06, "acc_caminata_m2_oficina": 0.38205131006285192, "acc_caminata_n_salud": 1.7328698577119892e-06, "acc_caminata_n_paraderos": 1.1541239479635446e-07 }, "geometry": { "type": "Polygon", "coordinates": [ [ [ -70.668971017419508, -34.15539790448382 ], [ -70.670145975226703, -34.156825434748228 ], [ -70.669241666635642, -34.158212872127777 ], [ -70.667162408703561, -34.158172775403528 ], [ -70.665987487345589, -34.156745256353432 ], [ -70.66689178746914, -34.155357822813443 ], [ -70.668971017419508, -34.15539790448382 ] ] ] } },
{ "type": "Feature", "properties": { "h3": "89b2c1c0ab7ffff", "acc_caminata_m2_comercio": 4204.6371440906923, "acc_caminata_m2_departamento": 436.42843116517008, "acc_caminata_n_deporte_y_recreacion": 0.10991801578217297, "acc_caminata_n_educacion_y_cultura": 2.4473323031223839, "acc_caminata_m2_habitacional": 24158.724032923583, "acc_caminata_m2_industria": 15.031883325123669, "acc_caminata_m2_oficina": 318.47459057911453, "acc_caminata_n_salud": 0.076876089031984951, "acc_caminata_n_paraderos": 5.9963265990991026 }, "geometry": { "type": "Polygon", "coordinates": [ [ [ -70.713727262557498, -34.167492077152282 ], [ -70.714902921106827, -34.168919196594835 ], [ -70.713998526430998, -34.170306887483044 ], [ -70.71191848159151, -34.170267455103023 ], [ -70.710742859416044, -34.168840346834159 ], [ -70.711647245704839, -34.167452659771797 ], [ -70.713727262557498, -34.167492077152282 ] ] ] } },
{ "type": "Feature", "properties": { "h3": "89b2c1c1a93ffff", "acc_caminata_m2_comercio": 23.343222637572303, "acc_caminata_m2_departamento": 87.505718108946141, "acc_caminata_n_deporte_y_recreacion": 0.00019447632766655563, "acc_caminata_n_educacion_y_cultura": 3.3989858479968411e-05, "acc_caminata_m2_habitacional": 308.70271109288564, "acc_caminata_m2_industria": 6310.351177795681, "acc_caminata_m2_oficina": 0.060254413360015691, "acc_caminata_n_salud": 2.3325730721729464e-08, "acc_caminata_n_paraderos": 2.2740220591667129 }, "geometry": { "type": "Polygon", "coordinates": [ [ [ -70.788901475401232, -34.171703449855045 ], [ -70.790078231183927, -34.173130164994213 ], [ -70.789173753653941, -34.174518680413456 ], [ -70.78709252859052, -34.174480476884433 ], [ -70.785915809049968, -34.173053772856676 ], [ -70.786820278329316, -34.171665261246737 ], [ -70.788901475401232, -34.171703449855045 ] ] ] } },
{ "type": "Feature", "properties": { "h3": "89b2c1c568bffff", "acc_caminata_m2_comercio": 15.940968820087869, "acc_caminata_m2_departamento": 0.014957839635874314, "acc_caminata_n_deporte_y_recreacion": 0.00398244621728741, "acc_caminata_n_educacion_y_cultura": 0.070778731649823956, "acc_caminata_m2_habitacional": 13153.554941694574, "acc_caminata_m2_industria": 6.1878988679047513, "acc_caminata_m2_oficina": 44.071675057018631, "acc_caminata_n_salud": 9.717474753419094e-08, "acc_caminata_n_paraderos": 0.0013895745741384509 }, "geometry": { "type": "Polygon", "coordinates": [ [ [ -70.684155547475612, -34.183782930296225 ], [ -70.685330859398178, -34.185209886299305 ], [ -70.684426432027763, -34.18659680601035 ], [ -70.682346701175362, -34.18655676589367 ], [ -70.681171425683686, -34.185129821082342 ], [ -70.682075844612214, -34.183742905196119 ], [ -70.684155547475612, -34.183782930296225 ] ] ] } },
{ "type": "Feature", "properties": { "h3": "89b2c1c03b3ffff", "acc_caminata_m2_comercio": 4382.141116212395, "acc_caminata_m2_departamento": 16093.972116930083, "acc_caminata_n_deporte_y_recreacion": 0.04689291420402654, "acc_caminata_n_educacion_y_cultura": 1.4901088021235558, "acc_caminata_m2_habitacional": 17501.606456176523, "acc_caminata_m2_industria": 453.75290926339949, "acc_caminata_m2_oficina": 106.70245506910321, "acc_caminata_n_salud": 0.025150279331271487, "acc_caminata_n_paraderos": 5.3198780772972158 }, "geometry": { "type": "Polygon", "coordinates": [ [ [ -70.735702815653582, -34.136989696149975 ], [ -70.736878643388309, -34.138417266255651 ], [ -70.735974341012991, -34.139805987015933 ], [ -70.733894219246636, -34.139767133836521 ], [ -70.732718427837952, -34.138339574897735 ], [ -70.733622721868215, -34.136950857971641 ], [ -70.735702815653582, -34.136989696149975 ] ] ] } },
{ "type": "Feature", "properties": { "h3": "89b2c1c003bffff", "acc_caminata_m2_comercio": 79.830023889217685, "acc_caminata_m2_departamento": 38.731606655529497, "acc_caminata_n_deporte_y_recreacion": 2.1635903502187106, "acc_caminata_n_educacion_y_cultura": 8.471640857261546, "acc_caminata_m2_habitacional": 28037.35805565225, "acc_caminata_m2_industria": 89.276425087093983, "acc_caminata_m2_oficina": 4.131924358014567, "acc_caminata_n_salud": 8.7595770146319217e-07, "acc_caminata_n_paraderos": 5.3606713963242569 }, "geometry": { "type": "Polygon", "coordinates": [ [ [ -70.740856919573034, -34.125839478075697 ], [ -70.742032767832484, -34.127267225311982 ], [ -70.741128501833657, -34.128656286755131 ], [ -70.739048395908938, -34.128617597124396 ], [ -70.737872583963124, -34.127189861054823 ], [ -70.738776841627057, -34.125800803449479 ], [ -70.740856919573034, -34.125839478075697 ] ] ] } },
{ "type": "Feature", "properties": { "h3": "89b2c1c1903ffff", "acc_caminata_m2_comercio": 2423.9974219066016, "acc_caminata_m2_departamento": 71.995559246222342, "acc_caminata_n_deporte_y_recreacion": 0.0014844305564299192, "acc_caminata_n_educacion_y_cultura": 4.9191250643852893, "acc_caminata_m2_habitacional": 25710.022619355397, "acc_caminata_m2_industria": 202.45048508692608, "acc_caminata_m2_oficina": 375.47131640620034, "acc_caminata_n_salud": 0.022927101876453661, "acc_caminata_n_paraderos": 1.4675732001267201 }, "geometry": { "type": "Polygon", "coordinates": [ [ [ -70.749274988798064, -34.180804306370241 ], [ -70.750451220851005, -34.182231031981303 ], [ -70.749546744914639, -34.183618831509619 ], [ -70.747466045247364, -34.183579901613697 ], [ -70.746289849509452, -34.18215318714276 ], [ -70.747194317122464, -34.180765391427826 ], [ -70.749274988798064, -34.180804306370241 ] ] ] } },
{ "type": "Feature", "properties": { "h3": "89b2c1c0e2fffff", "acc_caminata_m2_comercio": 2204.7167972639945, "acc_caminata_m2_departamento": 11369.416311792225, "acc_caminata_n_deporte_y_recreacion": 0.11286567380032519, "acc_caminata_n_educacion_y_cultura": 1.3850182931627977, "acc_caminata_m2_habitacional": 17114.278327637181, "acc_caminata_m2_industria": 8.2375605734504962, "acc_caminata_m2_oficina": 18.927026540278508, "acc_caminata_n_salud": 0.038137622631944555, "acc_caminata_n_paraderos": 7.2316190441897605 }, "geometry": { "type": "Polygon", "coordinates": [ [ [ -70.71915350266238, -34.159164846721147 ], [ -70.720329199201203, -34.160592091753351 ], [ -70.719424830230523, -34.161980056785637 ], [ -70.717344773096286, -34.161940772957671 ], [ -70.716169112919317, -34.160513539097778 ], [ -70.717073473513381, -34.159125577893725 ], [ -70.71915350266238, -34.159164846721147 ] ] ] } },
{ "type": "Feature", "properties": { "h3": "89b2c1c0927ffff", "acc_caminata_m2_comercio": 1.0884067746167498, "acc_caminata_m2_departamento": 0.0009971595959268882, "acc_caminata_n_deporte_y_recreacion": 4.1246966839161267e-06, "acc_caminata_n_educacion_y_cultura": 0.015617784079380073, "acc_caminata_m2_habitacional": 1814.1157150406302, "acc_caminata_m2_industria": 0.0026949978268383445, "acc_caminata_m2_oficina": 0.31062584338278315, "acc_caminata_n_salud": 5.5341602463601519e-05, "acc_caminata_n_paraderos": 0.0015111971139477184 }, "geometry": { "type": "Polygon", "coordinates": [ [ [ -70.674120270918948, -34.176567508052827 ], [ -70.675295404070638, -34.17799463689672 ], [ -70.674391012665879, -34.179381611759446 ], [ -70.67231149656773, -34.179341453948723 ], [ -70.67113639986249, -34.177914336307303 ], [ -70.672040782807613, -34.176527365274339 ], [ -70.674120270918948, -34.176567508052827 ] ] ] } },
{ "type": "Feature", "properties": { "h3": "89b2c1c158bffff", "acc_caminata_m2_comercio": 1049.0000005926545, "acc_caminata_m2_departamento": 1.2032572523596176e-13, "acc_caminata_n_deporte_y_recreacion": 1.0151254018558481e-12, "acc_caminata_n_educacion_y_cultura": 5.0643190670523354e-10, "acc_caminata_m2_habitacional": 59.634683576286989, "acc_caminata_m2_industria": 294.91929574106882, "acc_caminata_m2_oficina": 2.213291400666645e-07, "acc_caminata_n_salud": 3.8196812097487563e-19, "acc_caminata_n_paraderos": 5.7958229382651383e-18 }, "geometry": { "type": "Polygon", "coordinates": [ [ [ -70.786714440747659, -34.116839588993194 ], [ -70.787890902532723, -34.118267297012395 ], [ -70.786986628848481, -34.119657148541506 ], [ -70.784905901628747, -34.119619288219205 ], [ -70.783729476073532, -34.118191591332838 ], [ -70.784633741506838, -34.116801743636145 ], [ -70.786714440747659, -34.116839588993194 ] ] ] } },
{ "type": "Feature", "properties": { "h3": "89b2c1ce5b3ffff", "acc_caminata_m2_comercio": 0.00056101250164906989, "acc_caminata_m2_departamento": 0.00080237006971516024, "acc_caminata_n_deporte_y_recreacion": 0.00043877858675457518, "acc_caminata_n_educacion_y_cultura": 5.2153461921880635e-05, "acc_caminata_m2_habitacional": 462.14198199967399, "acc_caminata_m2_industria": 4.3106827270929971e-08, "acc_caminata_m2_oficina": 0.00017039739323518557, "acc_caminata_n_salud": 6.5435902726803248e-06, "acc_caminata_n_paraderos": 4.5208381727703116e-07 }, "geometry": { "type": "Polygon", "coordinates": [ [ [ -70.697718690327648, -34.195277509650182 ], [ -70.698894252137421, -34.196704200584641 ], [ -70.697989769816019, -34.198091002300046 ], [ -70.695909734101562, -34.198051109263751 ], [ -70.694734208702187, -34.196624429505881 ], [ -70.695638682605519, -34.195237631607938 ], [ -70.697718690327648, -34.195277509650182 ] ] ] } },
{ "type": "Feature", "properties": { "h3": "89b2c1c0237ffff", "acc_caminata_m2_comercio": 783.01849199014123, "acc_caminata_m2_departamento": 0.17389064206453164, "acc_caminata_n_deporte_y_recreacion": 3.3650768046214866e-06, "acc_caminata_n_educacion_y_cultura": 7.3601479535069004e-05, "acc_caminata_m2_habitacional": 2058.8475967268346, "acc_caminata_m2_industria": 0.045292494251835076, "acc_caminata_m2_oficina": 0.0016169381660835706, "acc_caminata_n_salud": 1.1598939343357341e-06, "acc_caminata_n_paraderos": 2.1490921546038968e-05 }, "geometry": { "type": "Polygon", "coordinates": [ [ [ -70.75740982633198, -34.135987144422955 ], [ -70.758585960309759, -34.137414637782065 ], [ -70.757681642115784, -34.138803651789523 ], [ -70.755601198248172, -34.138765168607769 ], [ -70.754425100557739, -34.137337686398347 ], [ -70.755329410446222, -34.13594867622119 ], [ -70.75740982633198, -34.135987144422955 ] ] ] } },
{ "type": "Feature", "properties": { "h3": "89b2c1c01cbffff", "acc_caminata_m2_comercio": 65.463949749439038, "acc_caminata_m2_departamento": 2.0591517954899081, "acc_caminata_n_deporte_y_recreacion": 0.0084750132289642174, "acc_caminata_n_educacion_y_cultura": 0.034655566321433295, "acc_caminata_m2_habitacional": 13855.209234678226, "acc_caminata_m2_industria": 52.136898923524264, "acc_caminata_m2_oficina": 30.298407634896005, "acc_caminata_n_salud": 5.1174028963636192e-07, "acc_caminata_n_paraderos": 0.29090779102083197 }, "geometry": { "type": "Polygon", "coordinates": [ [ [ -70.731632548348855, -34.127073555850821 ], [ -70.732808270282192, -34.12850132116953 ], [ -70.731904008084726, -34.129890237901428 ], [ -70.729824032304322, -34.12985138547571 ], [ -70.728648346701291, -34.128423631330719 ], [ -70.729552600546981, -34.127034718437933 ], [ -70.731632548348855, -34.127073555850821 ] ] ] } },
{ "type": "Feature", "properties": { "h3": "89b2c1c0e9bffff", "acc_caminata_m2_comercio": 20.000547701009346, "acc_caminata_m2_departamento": 25430.622342666724, "acc_caminata_n_deporte_y_recreacion": 0.0030950382672639649, "acc_caminata_n_educacion_y_cultura": 0.047103412807988507, "acc_caminata_m2_habitacional": 3954.8296428222184, "acc_caminata_m2_industria": 83.949703856287016, "acc_caminata_m2_oficina": 0.075942388785160894, "acc_caminata_n_salud": 1.3274127897592713e-06, "acc_caminata_n_paraderos": 0.010506863971275664 }, "geometry": { "type": "Polygon", "coordinates": [ [ [ -70.723765455281452, -34.142388432875173 ], [ -70.724941137677973, -34.143815958301708 ], [ -70.724036826267451, -34.145204397297356 ], [ -70.721956840826138, -34.145165307032372 ], [ -70.720781194778326, -34.143737792780442 ], [ -70.721685497821753, -34.142349357619089 ], [ -70.723765455281452, -34.142388432875173 ] ] ] } },
{ "type": "Feature", "properties": { "h3": "89b2c1c5007ffff", "acc_caminata_m2_comercio": 13.112541032729117, "acc_caminata_m2_departamento": 35.161135771830374, "acc_caminata_n_deporte_y_recreacion": 1.3519162380412446e-13, "acc_caminata_n_educacion_y_cultura": 3.523306933967473e-09, "acc_caminata_m2_habitacional": 21045.968558710043, "acc_caminata_m2_industria": 0.013702572592168349, "acc_caminata_m2_oficina": 3.0420585963125478e-06, "acc_caminata_n_salud": 1.342191923773962e-14, "acc_caminata_n_paraderos": 3.8254970736424213e-14 }, "geometry": { "type": "Polygon", "coordinates": [ [ [ -70.660824630328719, -34.200180750941733 ], [ -70.661999685375378, -34.201607514132128 ], [ -70.661095219450999, -34.202993736866304 ], [ -70.659015706963999, -34.202953192587763 ], [ -70.657840688394231, -34.201526440602066 ], [ -70.658745145833223, -34.200140221690397 ], [ -70.660824630328719, -34.200180750941733 ] ] ] } },
{ "type": "Feature", "properties": { "h3": "89b2c1ce437ffff", "acc_caminata_m2_comercio": 7.1459882035305409, "acc_caminata_m2_departamento": 143.38626609292888, "acc_caminata_n_deporte_y_recreacion": 0.030420291063997896, "acc_caminata_n_educacion_y_cultura": 0.0026664895268382325, "acc_caminata_m2_habitacional": 9339.0160588336112, "acc_caminata_m2_industria": 0.0052111054344437264, "acc_caminata_m2_oficina": 0.66909894375297352, "acc_caminata_n_salud": 0.082873097249099442, "acc_caminata_n_paraderos": 0.076459646172911039 }, "geometry": { "type": "Polygon", "coordinates": [ [ [ -70.719425026373486, -34.194287275034497 ], [ -70.720600895020894, -34.195713889157716 ], [ -70.719696396409859, -34.1971009841522 ], [ -70.717616037528614, -34.197061461209977 ], [ -70.716440205252979, -34.195634858246116 ], [ -70.717344695485494, -34.194247767065306 ], [ -70.719425026373486, -34.194287275034497 ] ] ] } },
{ "type": "Feature", "properties": { "h3": "89b2c1c557bffff", "acc_caminata_m2_comercio": 122.15464641907583, "acc_caminata_m2_departamento": 0.099814877957097967, "acc_caminata_n_deporte_y_recreacion": 4.63713376972443e-05, "acc_caminata_n_educacion_y_cultura": 9.3243538563900916e-05, "acc_caminata_m2_habitacional": 4093.143182706684, "acc_caminata_m2_industria": 0.00060751870817357732, "acc_caminata_m2_oficina": 4.7428338808513555, "acc_caminata_n_salud": 4.206791834067065e-07, "acc_caminata_n_paraderos": 1.1181831765294969e-12 }, "geometry": { "type": "Polygon", "coordinates": [ [ [ -70.647807384655692, -34.194310911838429 ], [ -70.648982224309066, -34.195737836610682 ], [ -70.648077792361079, -34.197124044047385 ], [ -70.645998529266976, -34.197083322884602 ], [ -70.644823726111653, -34.195656409329736 ], [ -70.645728149551033, -34.194270205720464 ], [ -70.647807384655692, -34.194310911838429 ] ] ] } },
{ "type": "Feature", "properties": { "h3": "89b2c1c1983ffff", "acc_caminata_m2_comercio": 9675.2261188469147, "acc_caminata_m2_departamento": 1671.0274310818916, "acc_caminata_n_deporte_y_recreacion": 0.13570898043594803, "acc_caminata_n_educacion_y_cultura": 11.237557857665614, "acc_caminata_m2_habitacional": 31704.251706736766, "acc_caminata_m2_industria": 521.74743513849751, "acc_caminata_m2_oficina": 4018.76675759921, "acc_caminata_n_salud": 0.74018019543329072, "acc_caminata_n_paraderos": 1.6636909943056866 }, "geometry": { "type": "Polygon", "coordinates": [ [ [ -70.745474737562802, -34.173709146620439 ], [ -70.74665088116754, -34.175136016118195 ], [ -70.745746434780585, -34.176523945100669 ], [ -70.743665853117335, -34.17648500076853 ], [ -70.742489745832245, -34.175058142416518 ], [ -70.743394183889407, -34.173670217251093 ], [ -70.745474737562802, -34.173709146620439 ] ] ] } },
{ "type": "Feature", "properties": { "h3": "89b2c1c09a7ffff", "acc_caminata_m2_comercio": 82.922072272134315, "acc_caminata_m2_departamento": 6.5595234082999099, "acc_caminata_n_deporte_y_recreacion": 2.0108515880145576e-05, "acc_caminata_n_educacion_y_cultura": 0.0003525310351083965, "acc_caminata_m2_habitacional": 713.19207688781194, "acc_caminata_m2_industria": 4.5684023677141817e-06, "acc_caminata_m2_oficina": 0.77590007279537798, "acc_caminata_n_salud": 0.0010972263502764402, "acc_caminata_n_paraderos": 0.0001437758732441743 }, "geometry": { "type": "Polygon", "coordinates": [ [ [ -70.670324330895596, -34.169471560863983 ], [ -70.67149937551072, -34.17089883327197 ], [ -70.670595013810654, -34.172285937556474 ], [ -70.668515615960146, -34.172245765599733 ], [ -70.667340607796049, -34.170818504399904 ], [ -70.668244961030084, -34.169431403948828 ], [ -70.670324330895596, -34.169471560863983 ] ] ] } },
{ "type": "Feature", "properties": { "h3": "89b2c1c062fffff", "acc_caminata_m2_comercio": 2.8470783043621881, "acc_caminata_m2_departamento": 0.00010767466397625827, "acc_caminata_n_deporte_y_recreacion": 0.00077047092019395238, "acc_caminata_n_educacion_y_cultura": 2.8603015175138937e-05, "acc_caminata_m2_habitacional": 570.32832648625697, "acc_caminata_m2_industria": 31.944039580086983, "acc_caminata_m2_oficina": 8.2593933177083869, "acc_caminata_n_salud": 3.9895682037033955e-10, "acc_caminata_n_paraderos": 6.4194598834465348e-09 }, "geometry": { "type": "Polygon", "coordinates": [ [ [ -70.759035413411084, -34.120551754635038 ], [ -70.760211496804942, -34.121979517227196 ], [ -70.759307233953692, -34.123368934676833 ], [ -70.757226896008731, -34.123330585698106 ], [ -70.756050848894787, -34.121902834259856 ], [ -70.75695510344454, -34.120513420646617 ], [ -70.759035413411084, -34.120551754635038 ] ] ] } },
{ "type": "Feature", "properties": { "h3": "89b2c1c02b7ffff", "acc_caminata_m2_comercio": 447.22995052932697, "acc_caminata_m2_departamento": 0.22972869448724864, "acc_caminata_n_deporte_y_recreacion": 2.0000209377786926, "acc_caminata_n_educacion_y_cultura": 0.074227880804055624, "acc_caminata_m2_habitacional": 1278.3714695207318, "acc_caminata_m2_industria": 95.102857922168667, "acc_caminata_m2_oficina": 0.37398063285822947, "acc_caminata_n_salud": 7.0360602323290067e-07, "acc_caminata_n_paraderos": 1.0511978188998802e-05 }, "geometry": { "type": "Polygon", "coordinates": [ [ [ -70.753609809565631, -34.128887699703782 ], [ -70.754785855137442, -34.130315336770231 ], [ -70.753881566465168, -34.13170448015471 ], [ -70.751801240531634, -34.131665982638914 ], [ -70.750625231251803, -34.130238356727759 ], [ -70.751529511612162, -34.128849217177297 ], [ -70.753609809565631, -34.128887699703782 ] ] ] } },
{ "type": "Feature", "properties": { "h3": "89b2c1c0ba3ffff", "acc_caminata_m2_comercio": 798.58733982641581, "acc_caminata_m2_departamento": 18.051843816907841, "acc_caminata_n_deporte_y_recreacion": 2.0227426710638783, "acc_caminata_n_educacion_y_cultura": 0.8535204733672872, "acc_caminata_m2_habitacional": 17921.179492056322, "acc_caminata_m2_industria": 0.0012695963727582149, "acc_caminata_m2_oficina": 67.694763421035105, "acc_caminata_n_salud": 8.1834104674741046e-05, "acc_caminata_n_paraderos": 0.015649316596583432 }, "geometry": { "type": "Polygon", "coordinates": [ [ [ -70.69609235514524, -34.17839406989718 ], [ -70.697267812734722, -34.179821070647947 ], [ -70.696363394135432, -34.181208272188059 ], [ -70.69428352636514, -34.181168469152823 ], [ -70.693108105183882, -34.179741479586085 ], [ -70.694012515363326, -34.178354281870739 ], [ -70.69609235514524, -34.17839406989718 ] ] ] } },
{ "type": "Feature", "properties": { "h3": "89b2c1c08bbffff", "acc_caminata_m2_comercio": 12.236897061150922, "acc_caminata_m2_departamento": 20159.035831118857, "acc_caminata_n_deporte_y_recreacion": 0.025294325511856158, "acc_caminata_n_educacion_y_cultura": 0.39780731073791764, "acc_caminata_m2_habitacional": 10705.332297180335, "acc_caminata_m2_industria": 0.034410051608057601, "acc_caminata_m2_oficina": 6.8925748253429653, "acc_caminata_n_salud": 1.6444799601857932e-05, "acc_caminata_n_paraderos": 0.85688610086790162 }, "geometry": { "type": "Polygon", "coordinates": [ [ [ -70.697179282901857, -34.157343232282024 ], [ -70.698354655321495, -34.158770605476327 ], [ -70.697450313256951, -34.160158343841275 ], [ -70.69537060718784, -34.16011870517886 ], [ -70.694195271168283, -34.158691343175313 ], [ -70.695099604816406, -34.157303608643637 ], [ -70.697179282901857, -34.157343232282024 ] ] ] } },
{ "type": "Feature", "properties": { "h3": "89b2c1c1807ffff", "acc_caminata_m2_comercio": 81.48515300229667, "acc_caminata_m2_departamento": 27.952044013752392, "acc_caminata_n_deporte_y_recreacion": 0.063793954669396705, "acc_caminata_n_educacion_y_cultura": 8.5036264475610146, "acc_caminata_m2_habitacional": 28770.738162346057, "acc_caminata_m2_industria": 4.6901640114644048, "acc_caminata_m2_oficina": 3.5764532947936556, "acc_caminata_n_salud": 0.0078626810980447076, "acc_caminata_n_paraderos": 6.4104671897096734 }, "geometry": { "type": "Polygon", "coordinates": [ [ [ -70.767186490320384, -34.172708296791185 ], [ -70.768362940144016, -34.17413508920253 ], [ -70.767458478052959, -34.175523311415425 ], [ -70.765377574427134, -34.175484737404005 ], [ -70.764201160884411, -34.174057956121239 ], [ -70.765105614685268, -34.172669737721527 ], [ -70.767186490320384, -34.172708296791185 ] ] ] } },
{ "type": "Feature", "properties": { "h3": "89b2c1c1897ffff", "acc_caminata_m2_comercio": 396.21355352476013, "acc_caminata_m2_departamento": 34.399350848801618, "acc_caminata_n_deporte_y_recreacion": 0.01174045609948687, "acc_caminata_n_educacion_y_cultura": 0.1723602099130993, "acc_caminata_m2_habitacional": 16455.433128944471, "acc_caminata_m2_industria": 89.363228374909284, "acc_caminata_m2_oficina": 21.941567772094427, "acc_caminata_n_salud": 0.057896549096236129, "acc_caminata_n_paraderos": 3.8625376242235858 }, "geometry": { "type": "Polygon", "coordinates": [ [ [ -70.76311343205569, -34.162797040786359 ], [ -70.764289776079963, -34.164224028792454 ], [ -70.763385354108706, -34.165612447077585 ], [ -70.761304596408777, -34.165573873538733 ], [ -70.760128288669691, -34.164146896668086 ], [ -70.761032702344011, -34.162758482201042 ], [ -70.76311343205569, -34.162797040786359 ] ] ] } },
{ "type": "Feature", "properties": { "h3": "89b2c1c548fffff", "acc_caminata_m2_comercio": 756.40670630407942, "acc_caminata_m2_departamento": 177.19247514796044, "acc_caminata_n_deporte_y_recreacion": 1.475928131668014, "acc_caminata_n_educacion_y_cultura": 1.0258297076899914, "acc_caminata_m2_habitacional": 10741.219933493918, "acc_caminata_m2_industria": 6.4351496846828589, "acc_caminata_m2_oficina": 444.26623954168065, "acc_caminata_n_salud": 0.046705564898442839, "acc_caminata_n_paraderos": 1.2734874626483015e-08 }, "geometry": { "type": "Polygon", "coordinates": [ [ [ -70.658389631452735, -34.174858556785544 ], [ -70.659564530229844, -34.176285784349417 ], [ -70.658660159932992, -34.17767260680148 ], [ -70.656580899345755, -34.177632197856376 ], [ -70.655406037042269, -34.176204981508363 ], [ -70.656310398851062, -34.1748181628898 ], [ -70.658389631452735, -34.174858556785544 ] ] ] } },
{ "type": "Feature", "properties": { "h3": "89b2c1c082bffff", "acc_caminata_m2_comercio": 126.72793148146842, "acc_caminata_m2_departamento": 111.72149255555969, "acc_caminata_n_deporte_y_recreacion": 1.1567838935404062, "acc_caminata_n_educacion_y_cultura": 0.33474191457269248, "acc_caminata_m2_habitacional": 13235.28932272372, "acc_caminata_m2_industria": 0.14267403400729625, "acc_caminata_m2_oficina": 36.790658390521081, "acc_caminata_n_salud": 0.19183602423907462, "acc_caminata_n_paraderos": 3.5125499056049927 }, "geometry": { "type": "Polygon", "coordinates": [ [ [ -70.701247642948388, -34.167255055158833 ], [ -70.702423121231149, -34.168682233128251 ], [ -70.701518738902664, -34.170069775460576 ], [ -70.699438886699767, -34.170030135995312 ], [ -70.698263444812838, -34.168602969209772 ], [ -70.699167818731638, -34.167215430705802 ], [ -70.701247642948388, -34.167255055158833 ] ] ] } },
{ "type": "Feature", "properties": { "h3": "89b2c1ce4b7ffff", "acc_caminata_m2_comercio": 73.641138678112526, "acc_caminata_m2_departamento": 163.80681080354941, "acc_caminata_n_deporte_y_recreacion": 0.01789237062880724, "acc_caminata_n_educacion_y_cultura": 0.45633297183203514, "acc_caminata_m2_habitacional": 7601.4006156367877, "acc_caminata_m2_industria": 0.043583363593435114, "acc_caminata_m2_oficina": 50.51695601875177, "acc_caminata_n_salud": 16.178725464556699, "acc_caminata_n_paraderos": 1.0204832079862522 }, "geometry": { "type": "Polygon", "coordinates": [ [ [ -70.715626251515189, -34.18719326590044 ], [ -70.716802031668223, -34.188620023853929 ], [ -70.715897562672012, -34.190007248316533 ], [ -70.713817321906319, -34.189967711008528 ], [ -70.712641578129663, -34.188540964220074 ], [ -70.713546038740958, -34.187153743574783 ], [ -70.715626251515189, -34.18719326590044 ] ] ] } },
{ "type": "Feature", "properties": { "h3": "89b2c1c0c33ffff", "acc_caminata_m2_comercio": 0.13211381027559579, "acc_caminata_m2_departamento": 0.53709548867453116, "acc_caminata_n_deporte_y_recreacion": 0.0056404525322205799, "acc_caminata_n_educacion_y_cultura": 0.00012180472793177225, "acc_caminata_m2_habitacional": 1022.5769450383874, "acc_caminata_m2_industria": 0.013063994453478457, "acc_caminata_m2_oficina": 0.42542491680254108, "acc_caminata_n_salud": 1.0793877155827756e-06, "acc_caminata_n_paraderos": 0.014434166067672631 }, "geometry": { "type": "Polygon", "coordinates": [ [ [ -70.695824232342204, -34.143265901497571 ], [ -70.696999517937826, -34.144693532603881 ], [ -70.696095228959507, -34.146081604031735 ], [ -70.694015662802116, -34.146042040514047 ], [ -70.69284041360477, -34.144614420604654 ], [ -70.69374469416519, -34.143226353016217 ], [ -70.695824232342204, -34.143265901497571 ] ] ] } },
{ "type": "Feature", "properties": { "h3": "89b2c1c1d7bffff", "acc_caminata_m2_comercio": 22977.054018645889, "acc_caminata_m2_departamento": 2515.9508537377646, "acc_caminata_n_deporte_y_recreacion": 0.22533295632723607, "acc_caminata_n_educacion_y_cultura": 0.58924912132578067, "acc_caminata_m2_habitacional": 6298.1139298486814, "acc_caminata_m2_industria": 21805.489468998858, "acc_caminata_m2_oficina": 2415.0437549895541, "acc_caminata_n_salud": 0.16013271993980605, "acc_caminata_n_paraderos": 4.373896969812054 }, "geometry": { "type": "Polygon", "coordinates": [ [ [ -70.754158096924485, -34.166846219183427 ], [ -70.755334332076146, -34.168273173777436 ], [ -70.754429903180849, -34.169661380730069 ], [ -70.752349247446091, -34.169622629270691 ], [ -70.751173048596669, -34.168195685817899 ], [ -70.752077469178445, -34.166807482683453 ], [ -70.754158096924485, -34.166846219183427 ] ] ] } },
{ "type": "Feature", "properties": { "h3": "89b2c1c1c0fffff", "acc_caminata_m2_comercio": 1280.2688774145647, "acc_caminata_m2_departamento": 1737.3451309382983, "acc_caminata_n_deporte_y_recreacion": 0.0014999500408590441, "acc_caminata_n_educacion_y_cultura": 0.10228742922790585, "acc_caminata_m2_habitacional": 1732.209061670751, "acc_caminata_m2_industria": 4.5277005818103042, "acc_caminata_m2_oficina": 27.031421160517073, "acc_caminata_n_salud": 3.0000254594149531, "acc_caminata_n_paraderos": 2.6924357643983914 }, "geometry": { "type": "Polygon", "coordinates": [ [ [ -70.768539835593188, -34.15446544601096 ], [ -70.769716217412835, -34.155892559622401 ], [ -70.768811821299295, -34.157281252036427 ], [ -70.766731051651263, -34.157242827018784 ], [ -70.765554706104723, -34.155815724541405 ], [ -70.766459093931743, -34.154427035947819 ], [ -70.768539835593188, -34.15446544601096 ] ] ] } },
{ "type": "Feature", "properties": { "h3": "89b2c1c0a27ffff", "acc_caminata_m2_comercio": 2789.7640712936268, "acc_caminata_m2_departamento": 2385.4404181113528, "acc_caminata_n_deporte_y_recreacion": 0.58213406021343961, "acc_caminata_n_educacion_y_cultura": 3.3460957057449328, "acc_caminata_m2_habitacional": 25039.509057891104, "acc_caminata_m2_industria": 48.89834831074257, "acc_caminata_m2_oficina": 82.442338584403373, "acc_caminata_n_salud": 0.21204270508684303, "acc_caminata_n_paraderos": 3.2056394196896383 }, "geometry": { "type": "Polygon", "coordinates": [ [ [ -70.717796948045233, -34.177402535998972 ], [ -70.718972712449357, -34.178829460069473 ], [ -70.718068277542827, -34.18021695489351 ], [ -70.715988086611162, -34.180177521826295 ], [ -70.71481235857668, -34.178750608922599 ], [ -70.71571678510287, -34.177363117919526 ], [ -70.717796948045233, -34.177402535998972 ] ] ] } },
{ "type": "Feature", "properties": { "h3": "89b2c1c723bffff", "acc_caminata_m2_comercio": 9.39544408810211, "acc_caminata_m2_departamento": 17.095198357638075, "acc_caminata_n_deporte_y_recreacion": 1.4221967051347956e-05, "acc_caminata_n_educacion_y_cultura": 0.11239141851107567, "acc_caminata_m2_habitacional": 4890.5239973952366, "acc_caminata_m2_industria": 0.00062473648944013618, "acc_caminata_m2_oficina": 0.18052874804183228, "acc_caminata_n_salud": 3.7788372595914284e-06, "acc_caminata_n_paraderos": 1.267243746405728e-09 }, "geometry": { "type": "Polygon", "coordinates": [ [ [ -70.657307584897325, -34.163601174776744 ], [ -70.658482414232964, -34.165028608614762 ], [ -70.657578086431798, -34.166415697558065 ], [ -70.655498937782951, -34.166375348825156 ], [ -70.654324144919514, -34.164947926207958 ], [ -70.655228464231413, -34.163560841103049 ], [ -70.657307584897325, -34.163601174776744 ] ] ] } },
{ "type": "Feature", "properties": { "h3": "89b2c1c168bffff", "acc_caminata_m2_comercio": 3.5157660492493714e-09, "acc_caminata_m2_departamento": 5.0467230145273139e-17, "acc_caminata_n_deporte_y_recreacion": 6.9682433778739057e-16, "acc_caminata_n_educacion_y_cultura": 2.1459571146026641e-18, "acc_caminata_m2_habitacional": 106.00000289233833, "acc_caminata_m2_industria": 2.9031190587387645e-14, "acc_caminata_m2_oficina": 3.3149519009559687e-17, "acc_caminata_n_salud": 3.8497820217300169e-22, "acc_caminata_n_paraderos": 1.1969042179517785e-20 }, "geometry": { "type": "Polygon", "coordinates": [ [ [ -70.830416488528513, -34.117626359965023 ], [ -70.831593578614147, -34.119053862000897 ], [ -70.830689264211443, -34.120444233291494 ], [ -70.828607867893169, -34.120407098723106 ], [ -70.827430813960092, -34.118979607784453 ], [ -70.828335120191383, -34.117589240317159 ], [ -70.830416488528513, -34.117626359965023 ] ] ] } },
{ "type": "Feature", "properties": { "h3": "89b2c1c06afffff", "acc_caminata_m2_comercio": 31.032994442303046, "acc_caminata_m2_departamento": 2.7901720823706995e-06, "acc_caminata_n_deporte_y_recreacion": 2.353922696754306e-05, "acc_caminata_n_educacion_y_cultura": 8.7366082149035845e-07, "acc_caminata_m2_habitacional": 549.05065968188467, "acc_caminata_m2_industria": 10.9386344190776, "acc_caminata_m2_oficina": 4.9473442650877688, "acc_caminata_n_salud": 8.8572646074620464e-12, "acc_caminata_n_paraderos": 1.3439639216799855e-10 }, "geometry": { "type": "Polygon", "coordinates": [ [ [ -70.755235543609274, -34.113450829727007 ], [ -70.75641153861028, -34.114878735959834 ], [ -70.755507305273611, -34.116268282759336 ], [ -70.753427085242549, -34.116229919486109 ], [ -70.752251126526104, -34.114802024412782 ], [ -70.753155351554838, -34.113412481453373 ], [ -70.755235543609274, -34.113450829727007 ] ] ] } },
{ "type": "Feature", "properties": { "h3": "89b2c1c0337ffff", "acc_caminata_m2_comercio": 4941.7372342256213, "acc_caminata_m2_departamento": 1952.2566089197544, "acc_caminata_n_deporte_y_recreacion": 0.37510128387184938, "acc_caminata_n_educacion_y_cultura": 7.4644918753301752, "acc_caminata_m2_habitacional": 20903.779798629846, "acc_caminata_m2_industria": 1150.8895666105036, "acc_caminata_m2_oficina": 162.24931720420616, "acc_caminata_n_salud": 0.10707541556826188, "acc_caminata_n_paraderos": 4.3680581886729568 }, "geometry": { "type": "Polygon", "coordinates": [ [ [ -70.736517412009846, -34.14543821409859 ], [ -70.737693291856871, -34.14686562936938 ], [ -70.736788957647789, -34.148254150302598 ], [ -70.734708751934477, -34.148215252134726 ], [ -70.733532908414574, -34.146787848027131 ], [ -70.734437234279525, -34.14539933092442 ], [ -70.736517412009846, -34.14543821409859 ] ] ] } },
{ "type": "Feature", "properties": { "h3": "89b2c1c1887ffff", "acc_caminata_m2_comercio": 1698.2262912877022, "acc_caminata_m2_departamento": 47.313973006536351, "acc_caminata_n_deporte_y_recreacion": 0.020926267003879329, "acc_caminata_n_educacion_y_cultura": 0.71835349926404424, "acc_caminata_m2_habitacional": 19671.629727411218, "acc_caminata_m2_industria": 116.2946541000812, "acc_caminata_m2_oficina": 119.22126379876683, "acc_caminata_n_salud": 2.0007433481698405, "acc_caminata_n_paraderos": 7.1775965305010008 }, "geometry": { "type": "Polygon", "coordinates": [ [ [ -70.763385354108706, -34.165612447077585 ], [ -70.764561715511931, -34.167039383409438 ], [ -70.763657282931007, -34.168427735068022 ], [ -70.76157649724216, -34.168389146578114 ], [ -70.760400172124506, -34.166962221380459 ], [ -70.761304596408777, -34.165573873538733 ], [ -70.763385354108706, -34.165612447077585 ] ] ] } },
{ "type": "Feature", "properties": { "h3": "89b2c1c08abffff", "acc_caminata_m2_comercio": 31.674180199392527, "acc_caminata_m2_departamento": 23657.333823922771, "acc_caminata_n_deporte_y_recreacion": 0.0078273511880319908, "acc_caminata_n_educacion_y_cultura": 3.2075095740875872, "acc_caminata_m2_habitacional": 21362.159109641267, "acc_caminata_m2_industria": 0.031248437390852618, "acc_caminata_m2_oficina": 74.866242414429351, "acc_caminata_n_salud": 7.094405689526113e-05, "acc_caminata_n_paraderos": 5.125503588177498 }, "geometry": { "type": "Polygon", "coordinates": [ [ [ -70.697450313256951, -34.160158343841275 ], [ -70.698625703042751, -34.161585665439993 ], [ -70.697721350360325, -34.16297333718655 ], [ -70.695641616306887, -34.162933683502544 ], [ -70.694466262921537, -34.161506373093367 ], [ -70.69537060718784, -34.16011870517886 ], [ -70.697450313256951, -34.160158343841275 ] ] ] } },
{ "type": "Feature", "properties": { "h3": "89b2c1c1323ffff", "acc_caminata_m2_comercio": 12.451601322209243, "acc_caminata_m2_departamento": 7.4722275110396098e-07, "acc_caminata_n_deporte_y_recreacion": 4.1336200364462212e-10, "acc_caminata_n_educacion_y_cultura": 3.0000063675528206, "acc_caminata_m2_habitacional": 7781.9736989742496, "acc_caminata_m2_industria": 4.2521883579148029e-07, "acc_caminata_m2_oficina": 1.9965158663800053e-06, "acc_caminata_n_salud": 1.9000587436150616e-11, "acc_caminata_n_paraderos": 1.1499439586607381 }, "geometry": { "type": "Polygon", "coordinates": [ [ [ -70.806271135653091, -34.157966991939652 ], [ -70.80744807399654, -34.159393877137994 ], [ -70.80654363191924, -34.160782948449722 ], [ -70.80446225971518, -34.160745130751792 ], [ -70.803285357579028, -34.159318256655766 ], [ -70.804189791438262, -34.157929189155553 ], [ -70.806271135653091, -34.157966991939652 ] ] ] } },
{ "type": "Feature", "properties": { "h3": "89b2c1c0aa7ffff", "acc_caminata_m2_comercio": 10425.105963828435, "acc_caminata_m2_departamento": 464.07796020333234, "acc_caminata_n_deporte_y_recreacion": 0.27810642393385049, "acc_caminata_n_educacion_y_cultura": 2.1465440614683713, "acc_caminata_m2_habitacional": 22957.215130905999, "acc_caminata_m2_industria": 59.180479827687876, "acc_caminata_m2_oficina": 439.25042504694841, "acc_caminata_n_salud": 0.43467938478864487, "acc_caminata_n_paraderos": 3.4773611603480847 }, "geometry": { "type": "Polygon", "coordinates": [ [ [ -70.713998526430998, -34.170306887483044 ], [ -70.715174202350951, -34.171733955297476 ], [ -70.714269797058535, -34.173121579559229 ], [ -70.712189724231564, -34.173082132182131 ], [ -70.711014084685843, -34.171655075540166 ], [ -70.71191848159151, -34.170267455103023 ], [ -70.713998526430998, -34.170306887483044 ] ] ] } },
{ "type": "Feature", "properties": { "h3": "89b2c1c03b7ffff", "acc_caminata_m2_comercio": 2677.1909726126414, "acc_caminata_m2_departamento": 17421.743951285647, "acc_caminata_n_deporte_y_recreacion": 0.035976741288091821, "acc_caminata_n_educacion_y_cultura": 0.3954807362696342, "acc_caminata_m2_habitacional": 24108.556694313775, "acc_caminata_m2_industria": 95.502145002612565, "acc_caminata_m2_oficina": 9.2517205601970911, "acc_caminata_n_salud": 0.0095315802674665658, "acc_caminata_n_paraderos": 0.749728204735707 }, "geometry": { "type": "Polygon", "coordinates": [ [ [ -70.732718427837952, -34.138339574897735 ], [ -70.733894219246636, -34.139767133836521 ], [ -70.732989914605014, -34.141155784156773 ], [ -70.730909826903911, -34.141116871704213 ], [ -70.729734071826911, -34.139689323934249 ], [ -70.730638368117994, -34.138300677448214 ], [ -70.732718427837952, -34.138339574897735 ] ] ] } },
{ "type": "Feature", "properties": { "h3": "89b2c1c0ca3ffff", "acc_caminata_m2_comercio": 0.0042010328714548514, "acc_caminata_m2_departamento": 0.017078879174894326, "acc_caminata_n_deporte_y_recreacion": 0.00017935843685311148, "acc_caminata_n_educacion_y_cultura": 3.8732185898851054e-06, "acc_caminata_m2_habitacional": 228.43800204864013, "acc_caminata_m2_industria": 0.00041541660192132815, "acc_caminata_m2_oficina": 0.013527912457412179, "acc_caminata_n_salud": 3.4323007297636209e-08, "acc_caminata_n_paraderos": 0.00045898612715685345 }, "geometry": { "type": "Polygon", "coordinates": [ [ [ -70.692298517802897, -34.138982824303952 ], [ -70.693473732274455, -34.140410547344878 ], [ -70.692569462330965, -34.141798681538845 ], [ -70.690489986338591, -34.141759088850215 ], [ -70.689314808270254, -34.140331377010632 ], [ -70.690219069789734, -34.138943246658521 ], [ -70.692298517802897, -34.138982824303952 ] ] ] } },
{ "type": "Feature", "properties": { "h3": "89b2c1c1907ffff", "acc_caminata_m2_comercio": 1265.5047610350305, "acc_caminata_m2_departamento": 37.256655022867783, "acc_caminata_n_deporte_y_recreacion": 0.00084544802337328329, "acc_caminata_n_educacion_y_cultura": 1.0571207919341548, "acc_caminata_m2_habitacional": 7026.834424419153, "acc_caminata_m2_industria": 658.21253846371428, "acc_caminata_m2_oficina": 206.70011677889661, "acc_caminata_n_salud": 0.01237817337955735, "acc_caminata_n_paraderos": 0.37895458768396667 }, "geometry": { "type": "Polygon", "coordinates": [ [ [ -70.746289849509452, -34.18215318714276 ], [ -70.747466045247364, -34.183579901613697 ], [ -70.746561567021004, -34.184967630691972 ], [ -70.744480901384222, -34.184928641486096 ], [ -70.743304741966995, -34.1835019381572 ], [ -70.744209211864501, -34.18211421289233 ], [ -70.746289849509452, -34.18215318714276 ] ] ] } },
{ "type": "Feature", "properties": { "h3": "89b2c1ce5b7ffff", "acc_caminata_m2_comercio": 2.0299295137328676e-05, "acc_caminata_m2_departamento": 2.8815209434198856e-05, "acc_caminata_n_deporte_y_recreacion": 1.5768711107641046e-05, "acc_caminata_n_educacion_y_cultura": 1.8741525357303619e-06, "acc_caminata_m2_habitacional": 325.16967318824794, "acc_caminata_m2_industria": 1.5573364641428004e-09, "acc_caminata_m2_oficina": 6.1194158932869732e-06, "acc_caminata_n_salud": 2.3499743484062542e-07, "acc_caminata_n_paraderos": 1.6235511846854028e-08 }, "geometry": { "type": "Polygon", "coordinates": [ [ [ -70.694734208702187, -34.196624429505881 ], [ -70.695909734101562, -34.198051109263751 ], [ -70.695005249576823, -34.19943784051874 ], [ -70.692925248074928, -34.199397888198597 ], [ -70.691749759091593, -34.197971219619241 ], [ -70.692654235192762, -34.196584492181714 ], [ -70.694734208702187, -34.196624429505881 ] ] ] } },
{ "type": "Feature", "properties": { "h3": "89b2c1c1217ffff", "acc_caminata_m2_comercio": 8.2705959972030455e-06, "acc_caminata_m2_departamento": 2.0826177843178742e-16, "acc_caminata_n_deporte_y_recreacion": 9.6348009840523801e-11, "acc_caminata_n_educacion_y_cultura": 0.00042669467152473396, "acc_caminata_m2_habitacional": 304.43334713878488, "acc_caminata_m2_industria": 3.8101959598361878e-08, "acc_caminata_m2_oficina": 2.0792942707363252e-14, "acc_caminata_n_salud": 5.2957382853441098e-21, "acc_caminata_n_paraderos": 7.5366126928013652e-11 }, "geometry": { "type": "Polygon", "coordinates": [ [ [ -70.829612900847721, -34.141518630049539 ], [ -70.830790093868103, -34.142945707430364 ], [ -70.82988569225536, -34.144335475439469 ], [ -70.827804105795337, -34.14429816225433 ], [ -70.826626948935981, -34.142871095962846 ], [ -70.827531342374257, -34.141481331767352 ], [ -70.829612900847721, -34.141518630049539 ] ] ] } },
{ "type": "Feature", "properties": { "h3": "89b2c1c0a37ffff", "acc_caminata_m2_comercio": 4782.9927072984137, "acc_caminata_m2_departamento": 4355.0812656793314, "acc_caminata_n_deporte_y_recreacion": 0.30242064468697333, "acc_caminata_n_educacion_y_cultura": 10.975715917411277, "acc_caminata_m2_habitacional": 19740.859229485322, "acc_caminata_m2_industria": 45.547688123081606, "acc_caminata_m2_oficina": 84.303064096724029, "acc_caminata_n_salud": 0.20432109822785299, "acc_caminata_n_paraderos": 1.6046026491885745 }, "geometry": { "type": "Polygon", "coordinates": [ [ [ -70.717525625303267, -34.174587998830376 ], [ -70.718701372335076, -34.176014974543406 ], [ -70.717796948045233, -34.177402535998972 ], [ -70.71571678510287, -34.177363117919526 ], [ -70.714541074440348, -34.175936153374522 ], [ -70.715445490349552, -34.174548595741136 ], [ -70.717525625303267, -34.174587998830376 ] ] ] } },
{ "type": "Feature", "properties": { "h3": "89b2c1c023bffff", "acc_caminata_m2_comercio": 355.12541709659058, "acc_caminata_m2_departamento": 0.42379918253067311, "acc_caminata_n_deporte_y_recreacion": 7.3735175383494008e-06, "acc_caminata_n_educacion_y_cultura": 0.00017934784576328563, "acc_caminata_m2_habitacional": 1325.5467146735257, "acc_caminata_m2_industria": 0.090813413388824163, "acc_caminata_m2_oficina": 0.0029191568579290368, "acc_caminata_n_salud": 2.8268465455979434e-06, "acc_caminata_n_paraderos": 5.2376805126097324e-05 }, "geometry": { "type": "Polygon", "coordinates": [ [ [ -70.763651265858286, -34.136102341835588 ], [ -70.764827489768592, -34.137529805856772 ], [ -70.763923165588338, -34.138918894129375 ], [ -70.761842625790621, -34.138880514551985 ], [ -70.76066643815669, -34.137453061675409 ], [ -70.761570754042779, -34.136063977231821 ], [ -70.763651265858286, -34.136102341835588 ] ] ] } },
{ "type": "Feature", "properties": { "h3": "89b2c1c733bffff", "acc_caminata_m2_comercio": 21.392367755468868, "acc_caminata_m2_departamento": 52.042245159407109, "acc_caminata_n_deporte_y_recreacion": 0.0064418232674187418, "acc_caminata_n_educacion_y_cultura": 1.3508382056271779, "acc_caminata_m2_habitacional": 4911.9251375872082, "acc_caminata_m2_industria": 0.077223191345127631, "acc_caminata_m2_oficina": 16.994423012216171, "acc_caminata_n_salud": 2.0269457811652149e-05, "acc_caminata_n_paraderos": 1.1394184137985365e-13 }, "geometry": { "type": "Polygon", "coordinates": [ [ [ -70.63642418209497, -34.173025711292119 ], [ -70.637598756006568, -34.174453066543904 ], [ -70.636694413367806, -34.175839662272523 ], [ -70.634615505343888, -34.175798898911076 ], [ -70.633440967944011, -34.174371554893625 ], [ -70.634345302054996, -34.172984963003486 ], [ -70.63642418209497, -34.173025711292119 ] ] ] } },
{ "type": "Feature", "properties": { "h3": "89b2c1c5383ffff", "acc_caminata_m2_comercio": 27.623995051447412, "acc_caminata_m2_departamento": 14.009251640036366, "acc_caminata_n_deporte_y_recreacion": 8.1786166415649124e-13, "acc_caminata_n_educacion_y_cultura": 2.1314764859424874e-08, "acc_caminata_m2_habitacional": 5850.4990602600574, "acc_caminata_m2_industria": 0.0828957335381455, "acc_caminata_m2_oficina": 1.840338207377776e-05, "acc_caminata_n_salud": 8.1197879684146304e-14, "acc_caminata_n_paraderos": 2.314290867168005e-13 }, "geometry": { "type": "Polygon", "coordinates": [ [ [ -70.66190702725396, -34.211431985031624 ], [ -70.663082151765394, -34.212858541719939 ], [ -70.662177643334459, -34.214244497862985 ], [ -70.660098018874962, -34.214203893500276 ], [ -70.65892293084184, -34.212777348011663 ], [ -70.659827430788567, -34.211391395686263 ], [ -70.66190702725396, -34.211431985031624 ] ] ] } },
{ "type": "Feature", "properties": { "h3": "89b2c1c500bffff", "acc_caminata_m2_comercio": 7.400582097255632, "acc_caminata_m2_departamento": 0.67559919138234525, "acc_caminata_n_deporte_y_recreacion": 5.5124875537494301e-09, "acc_caminata_n_educacion_y_cultura": 0.00014366411967708183, "acc_caminata_m2_habitacional": 10937.761113526611, "acc_caminata_m2_industria": 162.02595215892941, "acc_caminata_m2_oficina": 0.12404104394992672, "acc_caminata_n_salud": 5.4728363091983222e-10, "acc_caminata_n_paraderos": 1.5598603235887245e-09 }, "geometry": { "type": "Polygon", "coordinates": [ [ [ -70.667063277108326, -34.200302131699992 ], [ -70.668238422458003, -34.201728865672528 ], [ -70.667333950205787, -34.203115162693472 ], [ -70.665254341076619, -34.203074721920821 ], [ -70.664079232192861, -34.201647999147887 ], [ -70.664983695971017, -34.200261705948215 ], [ -70.667063277108326, -34.200302131699992 ] ] ] } },
{ "type": "Feature", "properties": { "h3": "89b2c1c1d8bffff", "acc_caminata_m2_comercio": 2234.8437798827927, "acc_caminata_m2_departamento": 307.33336007024229, "acc_caminata_n_deporte_y_recreacion": 1.3039405278055247, "acc_caminata_n_educacion_y_cultura": 0.84835845613009209, "acc_caminata_m2_habitacional": 9472.9985378566562, "acc_caminata_m2_industria": 734.47072760258629, "acc_caminata_m2_oficina": 365.24926253156769, "acc_caminata_n_salud": 0.15548229178936848, "acc_caminata_n_paraderos": 3.9785277758722426 }, "geometry": { "type": "Polygon", "coordinates": [ [ [ -70.746829488176289, -34.155468256601367 ], [ -70.748005563838561, -34.156895447185533 ], [ -70.74710118341028, -34.158283846367731 ], [ -70.745020735644417, -34.158245051141634 ], [ -70.743844696293991, -34.156817871708711 ], [ -70.744749068396203, -34.155429476350832 ], [ -70.746829488176289, -34.155468256601367 ] ] ] } },
{ "type": "Feature", "properties": { "h3": "89b2c1c1987ffff", "acc_caminata_m2_comercio": 6155.3277314503912, "acc_caminata_m2_departamento": 1961.8836011985416, "acc_caminata_n_deporte_y_recreacion": 0.67009887121122014, "acc_caminata_n_educacion_y_cultura": 53.295601096302263, "acc_caminata_m2_habitacional": 9416.6661233831128, "acc_caminata_m2_industria": 222.25565525237315, "acc_caminata_m2_oficina": 2593.2150821831574, "acc_caminata_n_salud": 1.1635429490061551, "acc_caminata_n_paraderos": 1.0325526414907724 }, "geometry": { "type": "Polygon", "coordinates": [ [ [ -70.742489745832245, -34.175058142416518 ], [ -70.743665853117335, -34.17648500076853 ], [ -70.742761404446924, -34.177872859302347 ], [ -70.74068085682535, -34.177833855667288 ], [ -70.739504785865549, -34.176407008462974 ], [ -70.740409226200669, -34.175019153746227 ], [ -70.742489745832245, -34.175058142416518 ] ] ] } },
{ "type": "Feature", "properties": { "h3": "89b2c1c09abffff", "acc_caminata_m2_comercio": 74.35699602576463, "acc_caminata_m2_departamento": 1.4528887760639737, "acc_caminata_n_deporte_y_recreacion": 0.0001392980380153204, "acc_caminata_n_educacion_y_cultura": 0.022142824959864981, "acc_caminata_m2_habitacional": 15983.856310347235, "acc_caminata_m2_industria": 8.0192848088252477e-07, "acc_caminata_m2_oficina": 8.6286506074239853, "acc_caminata_n_salud": 0.030781756691285377, "acc_caminata_n_paraderos": 0.0097734256976469633 }, "geometry": { "type": "Polygon", "coordinates": [ [ [ -70.676562633606935, -34.16959182469305 ], [ -70.677737768470735, -34.171019067924576 ], [ -70.676833400477676, -34.17240624649758 ], [ -70.674753906074145, -34.172366178007053 ], [ -70.673578807650387, -34.17093894597857 ], [ -70.674483167188754, -34.169551771237771 ], [ -70.676562633606935, -34.16959182469305 ] ] ] } },
{ "type": "Feature", "properties": { "h3": "89b2c1c014bffff", "acc_caminata_m2_comercio": 2945.0757292801518, "acc_caminata_m2_departamento": 1512.4772418465975, "acc_caminata_n_deporte_y_recreacion": 0.11518889567936354, "acc_caminata_n_educacion_y_cultura": 12.804649972697216, "acc_caminata_m2_habitacional": 21558.589144296609, "acc_caminata_m2_industria": 944.93771021682187, "acc_caminata_m2_oficina": 33.78120978801325, "acc_caminata_n_salud": 0.0019868347568902226, "acc_caminata_n_paraderos": 5.5472613458716138 }, "geometry": { "type": "Polygon", "coordinates": [ [ [ -70.735431297053182, -34.134173287076067 ], [ -70.736607107418052, -34.135600908784575 ], [ -70.735702815653582, -34.136989696149975 ], [ -70.733622721868215, -34.136950857971641 ], [ -70.732446947829047, -34.135523247431252 ], [ -70.733351231248179, -34.134134463901276 ], [ -70.735431297053182, -34.134173287076067 ] ] ] } },
{ "type": "Feature", "properties": { "h3": "89b2c1c0633ffff", "acc_caminata_m2_comercio": 29.533147268448886, "acc_caminata_m2_departamento": 5.9960641093346782e-06, "acc_caminata_n_deporte_y_recreacion": 5.0585666336982435e-05, "acc_caminata_n_educacion_y_cultura": 1.8774921978730496e-06, "acc_caminata_m2_habitacional": 171.67810678793762, "acc_caminata_m2_industria": 23.507162356233231, "acc_caminata_m2_oficina": 10.631814995156486, "acc_caminata_n_salud": 1.9034211816268781e-11, "acc_caminata_n_paraderos": 2.8881709074298599e-10 }, "geometry": { "type": "Polygon", "coordinates": [ [ [ -70.758491792621939, -34.114917039960361 ], [ -70.759667841272687, -34.116344905755774 ], [ -70.758763599633909, -34.117734456394096 ], [ -70.756683317645141, -34.117696137398383 ], [ -70.755507305273611, -34.116268282759336 ], [ -70.75641153861028, -34.114878735959834 ], [ -70.758491792621939, -34.114917039960361 ] ] ] } },
{ "type": "Feature", "properties": { "h3": "89b2c1c1297ffff", "acc_caminata_m2_comercio": 0.10596823307049981, "acc_caminata_m2_departamento": 1.4377523766495284e-11, "acc_caminata_n_deporte_y_recreacion": 0.010360849528779706, "acc_caminata_n_educacion_y_cultura": 9.7255901612550315e-10, "acc_caminata_m2_habitacional": 706.99337676436494, "acc_caminata_m2_industria": 4.0973204329512676, "acc_caminata_m2_oficina": 7.0329553513490086e-14, "acc_caminata_n_salud": 1.2193714121649667e-16, "acc_caminata_n_paraderos": 3.8420453870723276e-15 }, "geometry": { "type": "Polygon", "coordinates": [ [ [ -70.825808731196716, -34.134420094428755 ], [ -70.826985835896025, -34.13584731583375 ], [ -70.826081463655683, -34.137237213253485 ], [ -70.823999994895601, -34.137199885451103 ], [ -70.822822926361994, -34.135772675141062 ], [ -70.823727290421417, -34.13438278153864 ], [ -70.825808731196716, -34.134420094428755 ] ] ] } },
{ "type": "Feature", "properties": { "h3": "89b2c1c1b83ffff", "acc_caminata_m2_comercio": 42.771621562361581, "acc_caminata_m2_departamento": 0.11000505540480256, "acc_caminata_n_deporte_y_recreacion": 0.010276072585955174, "acc_caminata_n_educacion_y_cultura": 0.63128022364839098, "acc_caminata_m2_habitacional": 20552.850971461103, "acc_caminata_m2_industria": 0.09910055391111415, "acc_caminata_m2_oficina": 18.773327960062979, "acc_caminata_n_salud": 7.5618589603007998e-05, "acc_caminata_n_paraderos": 4.1356242734057442 }, "geometry": { "type": "Polygon", "coordinates": [ [ [ -70.768274481878322, -34.183967645303319 ], [ -70.769451001228973, -34.185394230916209 ], [ -70.768546496696786, -34.186782186583279 ], [ -70.766465481101562, -34.186743552829299 ], [ -70.765288998033213, -34.185316978340005 ], [ -70.766193494276422, -34.183929026481294 ], [ -70.768274481878322, -34.183967645303319 ] ] ] } },
{ "type": "Feature", "properties": { "h3": "89b2c1c0ba7ffff", "acc_caminata_m2_comercio": 108.51261892928221, "acc_caminata_m2_departamento": 0.94956519529360628, "acc_caminata_n_deporte_y_recreacion": 0.10375436910509188, "acc_caminata_n_educacion_y_cultura": 3.5597315682293624, "acc_caminata_m2_habitacional": 21994.367357304098, "acc_caminata_m2_industria": 0.028211649283796408, "acc_caminata_m2_oficina": 94.828292221396211, "acc_caminata_n_salud": 4.4211183771888595e-06, "acc_caminata_n_paraderos": 0.01535117170691274 }, "geometry": { "type": "Polygon", "coordinates": [ [ [ -70.693108105183882, -34.179741479586085 ], [ -70.69428352636514, -34.181168469152823 ], [ -70.693379105565555, -34.182555600236753 ], [ -70.691299272008749, -34.182515737929371 ], [ -70.690123887241398, -34.18108875954858 ], [ -70.69102829961561, -34.179701632289429 ], [ -70.693108105183882, -34.179741479586085 ] ] ] } },
{ "type": "Feature", "properties": { "h3": "89b2c1c180bffff", "acc_caminata_m2_comercio": 209.15834003650193, "acc_caminata_m2_departamento": 0.25099538439020341, "acc_caminata_n_deporte_y_recreacion": 0.058018706673164194, "acc_caminata_n_educacion_y_cultura": 0.15974684221214375, "acc_caminata_m2_habitacional": 16475.013805466093, "acc_caminata_m2_industria": 0.10585282566029405, "acc_caminata_m2_oficina": 0.14856247926514049, "acc_caminata_n_salud": 0.093122091718728761, "acc_caminata_n_paraderos": 0.11885444141304481 }, "geometry": { "type": "Polygon", "coordinates": [ [ [ -70.773429309017942, -34.172823766611927 ], [ -70.774605848768132, -34.174250529579091 ], [ -70.773701380723296, -34.175638826048718 ], [ -70.771620381205807, -34.175600355739455 ], [ -70.770443877725512, -34.174173603895767 ], [ -70.771348337491474, -34.172785311238044 ], [ -70.773429309017942, -34.172823766611927 ] ] ] } },
{ "type": "Feature", "properties": { "h3": "89b2c1ca8cfffff", "acc_caminata_m2_comercio": 734.74690189676232, "acc_caminata_m2_departamento": 5.2304408274173439e-14, "acc_caminata_n_deporte_y_recreacion": 4.9564992673319194e-19, "acc_caminata_n_educacion_y_cultura": 3.4243645708953304e-05, "acc_caminata_m2_habitacional": 562.98687602357552, "acc_caminata_m2_industria": 9.4895491423572782, "acc_caminata_m2_oficina": 0.061482972244300924, "acc_caminata_n_salud": 6.6658419855343469e-23, "acc_caminata_n_paraderos": 0.00019826101697457241 }, "geometry": { "type": "Polygon", "coordinates": [ [ [ -70.842665264997805, -34.179704374851113 ], [ -70.843842827348425, -34.181130709254028 ], [ -70.842938274057232, -34.182519689129158 ], [ -70.840856166567278, -34.182482330806238 ], [ -70.839678640365719, -34.181056007468435 ], [ -70.840583185503704, -34.179667031388639 ], [ -70.842665264997805, -34.179704374851113 ] ] ] } },
{ "type": "Feature", "properties": { "h3": "89b2c1ce4c7ffff", "acc_caminata_m2_comercio": 5760.9205199652642, "acc_caminata_m2_departamento": 320.25428711296632, "acc_caminata_n_deporte_y_recreacion": 0.10510840316927113, "acc_caminata_n_educacion_y_cultura": 5.2116590791549955, "acc_caminata_m2_habitacional": 15479.060443052707, "acc_caminata_m2_industria": 657.0557058809411, "acc_caminata_m2_oficina": 275.89940526407599, "acc_caminata_n_salud": 0.026301176914315057, "acc_caminata_n_paraderos": 6.5139778063450571 }, "geometry": { "type": "Polygon", "coordinates": [ [ [ -70.731093111857021, -34.186081490770448 ], [ -70.732269108558313, -34.187508201185715 ], [ -70.731364629572951, -34.18889564464282 ], [ -70.729284162241683, -34.188856373870102 ], [ -70.728108201889086, -34.187429674607749 ], [ -70.729012672517698, -34.186042234965406 ], [ -70.731093111857021, -34.186081490770448 ] ] ] } },
{ "type": "Feature", "properties": { "h3": "89b2c1c1493ffff", "acc_caminata_m2_comercio": 1.3270260961856589e-08, "acc_caminata_m2_departamento": 1.0822544658464346e-21, "acc_caminata_n_deporte_y_recreacion": 9.1304166037502822e-21, "acc_caminata_n_educacion_y_cultura": 0.063904064939402802, "acc_caminata_m2_habitacional": 188.16746932031796, "acc_caminata_m2_industria": 6.2905544936525242e-08, "acc_caminata_m2_oficina": 1.006489022795596, "acc_caminata_n_salud": 3.4355637909130747e-27, "acc_caminata_n_paraderos": 5.2129793906431916e-26 }, "geometry": { "type": "Polygon", "coordinates": [ [ [ -70.804080071375125, -34.10308839842147 ], [ -70.805256715663504, -34.104516276463578 ], [ -70.804352477394531, -34.105906683720633 ], [ -70.802271603054223, -34.105869209101137 ], [ -70.801094994960849, -34.104441342182731 ], [ -70.801999225011429, -34.10305093876029 ], [ -70.804080071375125, -34.10308839842147 ] ] ] } },
{ "type": "Feature", "properties": { "h3": "89b2c1ce4bbffff", "acc_caminata_m2_comercio": 1339.0186272353612, "acc_caminata_m2_departamento": 900.35312197893393, "acc_caminata_n_deporte_y_recreacion": 0.0060806897023850505, "acc_caminata_n_educacion_y_cultura": 0.22230357520676924, "acc_caminata_m2_habitacional": 3920.1924593077692, "acc_caminata_m2_industria": 0.28974212618287948, "acc_caminata_m2_oficina": 54.61769479139528, "acc_caminata_n_salud": 9.0755793445227013, "acc_caminata_n_paraderos": 1.2377579750193428 }, "geometry": { "type": "Polygon", "coordinates": [ [ [ -70.721867082360234, -34.187311625674091 ], [ -70.723042952623445, -34.18873835429055 ], [ -70.722138477491995, -34.190125653024516 ], [ -70.720058140469575, -34.190086219326183 ], [ -70.718882306571743, -34.18865950186968 ], [ -70.719786773329574, -34.187272206951768 ], [ -70.721867082360234, -34.187311625674091 ] ] ] } },
{ "type": "Feature", "properties": { "h3": "89b2c1c0a2bffff", "acc_caminata_m2_comercio": 2437.7420039222407, "acc_caminata_m2_departamento": 12882.544478590575, "acc_caminata_n_deporte_y_recreacion": 0.28476080574457086, "acc_caminata_n_educacion_y_cultura": 4.2111882025034753, "acc_caminata_m2_habitacional": 24011.999763589007, "acc_caminata_m2_industria": 11.864204316328562, "acc_caminata_m2_oficina": 172.97409074148047, "acc_caminata_n_salud": 0.30637161741108926, "acc_caminata_n_paraderos": 3.7990601172682115 }, "geometry": { "type": "Polygon", "coordinates": [ [ [ -70.72403762934951, -34.177520583063497 ], [ -70.725213483849345, -34.17894747781245 ], [ -70.724309042815676, -34.180335046908617 ], [ -70.722228755649837, -34.180295717436337 ], [ -70.721052937508645, -34.178868833849108 ], [ -70.721957370173286, -34.177481268572627 ], [ -70.72403762934951, -34.177520583063497 ] ] ] } },
{ "type": "Feature", "properties": { "h3": "89b2c1c083bffff", "acc_caminata_m2_comercio": 70.587915035895492, "acc_caminata_m2_departamento": 1032.9751905479927, "acc_caminata_n_deporte_y_recreacion": 0.077865234153207216, "acc_caminata_n_educacion_y_cultura": 0.25659707319957498, "acc_caminata_m2_habitacional": 24413.742966983355, "acc_caminata_m2_industria": 0.09070728741269192, "acc_caminata_m2_oficina": 2.3676684104831933, "acc_caminata_n_salud": 0.010721296936220185, "acc_caminata_n_paraderos": 1.1988441680646726 }, "geometry": { "type": "Polygon", "coordinates": [ [ [ -70.700976553743999, -34.164440216623568 ], [ -70.702152014658893, -34.165867446203002 ], [ -70.701247642948388, -34.167255055158833 ], [ -70.699167818731638, -34.167215430705802 ], [ -70.697992394212207, -34.16578821231149 ], [ -70.698896757512713, -34.164400607185257 ], [ -70.700976553743999, -34.164440216623568 ] ] ] } },
{ "type": "Feature", "properties": { "h3": "89b2c1c1817ffff", "acc_caminata_m2_comercio": 279.77259865445438, "acc_caminata_m2_departamento": 12.991421165866241, "acc_caminata_n_deporte_y_recreacion": 0.063682988590484838, "acc_caminata_n_educacion_y_cultura": 3.6353411548059342, "acc_caminata_m2_habitacional": 29349.262560650248, "acc_caminata_m2_industria": 6.5734229401365143, "acc_caminata_m2_oficina": 6.202541328531975, "acc_caminata_n_salud": 0.049368660160345232, "acc_caminata_n_paraderos": 2.1335979998551893 }, "geometry": { "type": "Polygon", "coordinates": [ [ [ -70.766914509358685, -34.16989316384668 ], [ -70.768090941801674, -34.171320007946647 ], [ -70.767186490320384, -34.172708296791185 ], [ -70.765105614685268, -34.172669737721527 ], [ -70.763929218522819, -34.171242904751352 ], [ -70.764833661713595, -34.169854619721228 ], [ -70.766914509358685, -34.16989316384668 ] ] ] } },
{ "type": "Feature", "properties": { "h3": "89b2c1c540fffff", "acc_caminata_m2_comercio": 26.651400137438888, "acc_caminata_m2_departamento": 7.4724171108668402, "acc_caminata_n_deporte_y_recreacion": 0.0035691428789050789, "acc_caminata_n_educacion_y_cultura": 0.04194023307447621, "acc_caminata_m2_habitacional": 8765.5207690274456, "acc_caminata_m2_industria": 0.62842093198315174, "acc_caminata_m2_oficina": 4.8797684925105393, "acc_caminata_n_salud": 0.0032452676706337547, "acc_caminata_n_paraderos": 4.1325333324598323e-07 }, "geometry": { "type": "Polygon", "coordinates": [ [ [ -70.662184979542701, -34.18195404279799 ], [ -70.663359966874694, -34.183381126820365 ], [ -70.662455566847072, -34.184767819845057 ], [ -70.660376187967799, -34.184727425017762 ], [ -70.659201237104881, -34.183300352205599 ], [ -70.66010562865084, -34.181913663010725 ], [ -70.662184979542701, -34.18195404279799 ] ] ] } },
{ "type": "Feature", "properties": { "h3": "89b2c1c033bffff", "acc_caminata_m2_comercio": 1315.7383914742259, "acc_caminata_m2_departamento": 19506.098661176409, "acc_caminata_n_deporte_y_recreacion": 0.28653947244586037, "acc_caminata_n_educacion_y_cultura": 8.947345788360284, "acc_caminata_m2_habitacional": 9560.2994503560149, "acc_caminata_m2_industria": 61.08229778273811, "acc_caminata_m2_oficina": 189.32199587892865, "acc_caminata_n_salud": 0.13163528058277132, "acc_caminata_n_paraderos": 3.1626180332935192 }, "geometry": { "type": "Polygon", "coordinates": [ [ [ -70.742758137371297, -34.145554656488649 ], [ -70.74393410722783, -34.14698204245714 ], [ -70.743029766958813, -34.148370637661053 ], [ -70.74094946516469, -34.148331843067425 ], [ -70.739773531624266, -34.146904468257055 ], [ -70.740677863560492, -34.145515876882371 ], [ -70.742758137371297, -34.145554656488649 ] ] ] } },
{ "type": "Feature", "properties": { "h3": "89b2c1c1c03ffff", "acc_caminata_m2_comercio": 4169.168033173135, "acc_caminata_m2_departamento": 15767.367568649152, "acc_caminata_n_deporte_y_recreacion": 0.00031283607887468341, "acc_caminata_n_educacion_y_cultura": 0.82740470480680861, "acc_caminata_m2_habitacional": 1016.440905996457, "acc_caminata_m2_industria": 2.7332503489578843, "acc_caminata_m2_oficina": 212.01340460691318, "acc_caminata_n_salud": 0.31541268161977343, "acc_caminata_n_paraderos": 0.47691610278946267 }, "geometry": { "type": "Polygon", "coordinates": [ [ [ -70.76826785665736, -34.151649521702687 ], [ -70.769444221098723, -34.15307668697767 ], [ -70.768539835593188, -34.15446544601096 ], [ -70.766459093931743, -34.154427035947819 ], [ -70.76528276576316, -34.152999881808121 ], [ -70.766187142981892, -34.151611126596485 ], [ -70.76826785665736, -34.151649521702687 ] ] ] } },
{ "type": "Feature", "properties": { "h3": "89b2c1c73c7ffff", "acc_caminata_m2_comercio": 480.96178164340188, "acc_caminata_m2_departamento": 245.25533160763871, "acc_caminata_n_deporte_y_recreacion": 0.00021349542662685173, "acc_caminata_n_educacion_y_cultura": 0.012421407877121784, "acc_caminata_m2_habitacional": 12939.755811248855, "acc_caminata_m2_industria": 0.0055759425321589536, "acc_caminata_m2_oficina": 0.82101204753475998, "acc_caminata_n_salud": 2.3727051936361067e-05, "acc_caminata_n_paraderos": 1.2352411438916954e-12 }, "geometry": { "type": "Polygon", "coordinates": [ [ [ -70.641850110511939, -34.164705051780295 ], [ -70.643024722715637, -34.166132532593274 ], [ -70.642120405542826, -34.167519402485041 ], [ -70.640041484682357, -34.167478787723141 ], [ -70.638866908978372, -34.166051318143097 ], [ -70.639771217633822, -34.164664452092232 ], [ -70.641850110511939, -34.164705051780295 ] ] ] } },
{ "type": "Feature", "properties": { "h3": "89b2c1c0bb3ffff", "acc_caminata_m2_comercio": 8200.6117984551092, "acc_caminata_m2_departamento": 154.19959429323879, "acc_caminata_n_deporte_y_recreacion": 0.42381190660654022, "acc_caminata_n_educacion_y_cultura": 9.200763604717535, "acc_caminata_m2_habitacional": 11861.841018371268, "acc_caminata_m2_industria": 0.011667202663546357, "acc_caminata_m2_oficina": 765.34081213287584, "acc_caminata_n_salud": 0.00069903029674868043, "acc_caminata_n_paraderos": 0.13367710770348623 }, "geometry": { "type": "Polygon", "coordinates": [ [ [ -70.695821322903882, -34.175579749354895 ], [ -70.696996763124886, -34.177006801726364 ], [ -70.69609235514524, -34.17839406989718 ], [ -70.694012515363326, -34.178354281870739 ], [ -70.69283711155019, -34.176927240684549 ], [ -70.693741511109735, -34.175539976339692 ], [ -70.695821322903882, -34.175579749354895 ] ] ] } },
{ "type": "Feature", "properties": { "h3": "89b2c1c5483ffff", "acc_caminata_m2_comercio": 75.753562663514131, "acc_caminata_m2_departamento": 59.24566421212937, "acc_caminata_n_deporte_y_recreacion": 0.024569074599597323, "acc_caminata_n_educacion_y_cultura": 0.10884963909894529, "acc_caminata_m2_habitacional": 4037.0478821120082, "acc_caminata_m2_industria": 3.8572495901780419, "acc_caminata_m2_oficina": 12.979360192012845, "acc_caminata_n_salud": 0.027929773320387777, "acc_caminata_n_paraderos": 1.9601457668133123e-10 }, "geometry": { "type": "Polygon", "coordinates": [ [ [ -70.658119109709276, -34.172044388568779 ], [ -70.659293991125324, -34.173471667707787 ], [ -70.658389631452735, -34.174858556785544 ], [ -70.656310398851062, -34.1748181628898 ], [ -70.655135553908266, -34.173390894967895 ], [ -70.656039905092527, -34.172004009724851 ], [ -70.658119109709276, -34.172044388568779 ] ] ] } },
{ "type": "Feature", "properties": { "h3": "89b2c1c188bffff", "acc_caminata_m2_comercio": 1448.709771401662, "acc_caminata_m2_departamento": 14.569826146392051, "acc_caminata_n_deporte_y_recreacion": 0.0077970378489519128, "acc_caminata_n_educacion_y_cultura": 0.14263531454613354, "acc_caminata_m2_habitacional": 3239.9842586265077, "acc_caminata_m2_industria": 94.080569882783692, "acc_caminata_m2_oficina": 216.30460878598097, "acc_caminata_n_salud": 0.052716917140772049, "acc_caminata_n_paraderos": 1.6434425925660605 }, "geometry": { "type": "Polygon", "coordinates": [ [ [ -70.769627819041787, -34.16572796035269 ], [ -70.770804270379131, -34.167154867266035 ], [ -70.769899831831466, -34.168543293183625 ], [ -70.767818950230406, -34.16850480837244 ], [ -70.766642535167591, -34.167077912588205 ], [ -70.767546965429958, -34.165689490486237 ], [ -70.769627819041787, -34.16572796035269 ] ] ] } },
{ "type": "Feature", "properties": { "h3": "89b2c1c08afffff", "acc_caminata_m2_comercio": 10.696807620508446, "acc_caminata_m2_departamento": 5786.1293702051171, "acc_caminata_n_deporte_y_recreacion": 0.017785071954104632, "acc_caminata_n_educacion_y_cultura": 0.23901536707547574, "acc_caminata_m2_habitacional": 17376.733560434415, "acc_caminata_m2_industria": 0.0044494542468955234, "acc_caminata_m2_oficina": 5.3844259189269126, "acc_caminata_n_salud": 0.00012807549515520683, "acc_caminata_n_paraderos": 2.0133042253227567 }, "geometry": { "type": "Polygon", "coordinates": [ [ [ -70.694466262921537, -34.161506373093367 ], [ -70.695641616306887, -34.162933683502544 ], [ -70.694737261422219, -34.164321284797943 ], [ -70.692657561572489, -34.164281571852271 ], [ -70.691482244593232, -34.162854272634547 ], [ -70.692386591056277, -34.161466675171212 ], [ -70.694466262921537, -34.161506373093367 ] ] ] } },
{ "type": "Feature", "properties": { "h3": "89b2c1ce53bffff", "acc_caminata_m2_comercio": 0.051213844529843129, "acc_caminata_m2_departamento": 0.00015642394770643147, "acc_caminata_n_deporte_y_recreacion": 0.0049507256653478788, "acc_caminata_n_educacion_y_cultura": 0.00055081946870515642, "acc_caminata_m2_habitacional": 71.876933364303639, "acc_caminata_m2_industria": 8.4036113165318469e-09, "acc_caminata_m2_oficina": 3.3219375874398699e-05, "acc_caminata_n_salud": 1.275688440469296e-06, "acc_caminata_n_paraderos": 8.813481220414363e-08 }, "geometry": { "type": "Polygon", "coordinates": [ [ [ -70.704772416930396, -34.203837194568464 ], [ -70.705948121035917, -34.205263701208558 ], [ -70.705043600654719, -34.206650377260047 ], [ -70.702963384572442, -34.20661054285906 ], [ -70.701787716867386, -34.205184047386723 ], [ -70.702692228842793, -34.203797375147786 ], [ -70.704772416930396, -34.203837194568464 ] ] ] } },
{ "type": "Feature", "properties": { "h3": "89b2c1c119bffff", "acc_caminata_m2_comercio": 11.71138546929965, "acc_caminata_m2_departamento": 1.3435334865003863e-06, "acc_caminata_n_deporte_y_recreacion": 1.8550756534959763e-05, "acc_caminata_n_educacion_y_cultura": 1.4991821441122205e-09, "acc_caminata_m2_habitacional": 97.592255747906279, "acc_caminata_m2_industria": 0.00077284544023042869, "acc_caminata_m2_oficina": 5.9174287006218077e-09, "acc_caminata_n_salud": 1.0248850880230966e-11, "acc_caminata_n_paraderos": 3.1863863521919967e-10 }, "geometry": { "type": "Polygon", "coordinates": [ [ [ -70.788347670969713, -34.133743172720173 ], [ -70.789524237021766, -34.135170570878181 ], [ -70.788619899719066, -34.136560022798747 ], [ -70.786539004612038, -34.136522072736447 ], [ -70.78536247479191, -34.135094685703919 ], [ -70.786266803845535, -34.133705237608424 ], [ -70.788347670969713, -34.133743172720173 ] ] ] } },
{ "type": "Feature", "properties": { "h3": "89b2c1c0e23ffff", "acc_caminata_m2_comercio": 317.47574860381701, "acc_caminata_m2_departamento": 4809.2905260893576, "acc_caminata_n_deporte_y_recreacion": 0.24592727125125002, "acc_caminata_n_educacion_y_cultura": 0.87763542567511088, "acc_caminata_m2_habitacional": 18551.266742580963, "acc_caminata_m2_industria": 2.3471173446759361, "acc_caminata_m2_oficina": 8.3389224273471303, "acc_caminata_n_salud": 0.0058870842739367699, "acc_caminata_n_paraderos": 9.1647038235847642 }, "geometry": { "type": "Polygon", "coordinates": [ [ [ -70.718882181849295, -34.156349518420036 ], [ -70.720057861018134, -34.157776815069674 ], [ -70.71915350266238, -34.159164846721147 ], [ -70.717073473513381, -34.159125577893725 ], [ -70.715897830706012, -34.157698292417635 ], [ -70.716802180684851, -34.156310264595604 ], [ -70.718882181849295, -34.156349518420036 ] ] ] } },
{ "type": "Feature", "properties": { "h3": "89b2c1c0aabffff", "acc_caminata_m2_comercio": 5317.8873747065454, "acc_caminata_m2_departamento": 720.03559333105954, "acc_caminata_n_deporte_y_recreacion": 0.016448836199213942, "acc_caminata_n_educacion_y_cultura": 4.9474220245372509, "acc_caminata_m2_habitacional": 16790.689645513448, "acc_caminata_m2_industria": 16.5086184091825, "acc_caminata_m2_oficina": 83.18174256357365, "acc_caminata_n_salud": 0.052100259640480151, "acc_caminata_n_paraderos": 2.991363223352618 }, "geometry": { "type": "Polygon", "coordinates": [ [ [ -70.720238853467563, -34.17042497749609 ], [ -70.721414619490773, -34.17185201601464 ], [ -70.720510208058258, -34.173239714550796 ], [ -70.718430038976621, -34.173200370745221 ], [ -70.717254309316687, -34.171773343394037 ], [ -70.718158712373764, -34.17038564868124 ], [ -70.720238853467563, -34.17042497749609 ] ] ] } },
{ "type": "Feature", "properties": { "h3": "89b2c1c5307ffff", "acc_caminata_m2_comercio": 0.047263932083878392, "acc_caminata_m2_departamento": 0.010526869956878073, "acc_caminata_n_deporte_y_recreacion": 2.0391367181450997e-15, "acc_caminata_n_educacion_y_cultura": 5.3143118901787406e-11, "acc_caminata_m2_habitacional": 1327.6905511089849, "acc_caminata_m2_industria": 0.00020668010428088855, "acc_caminata_m2_oficina": 4.5884302650861632e-08, "acc_caminata_n_salud": 2.0244692367411121e-16, "acc_caminata_n_paraderos": 5.7701145444655079e-16 }, "geometry": { "type": "Polygon", "coordinates": [ [ [ -70.662718895716182, -34.219869168652416 ], [ -70.663894072330919, -34.22129557041827 ], [ -70.662989532017889, -34.222681326597936 ], [ -70.660909823572098, -34.222640677197923 ], [ -70.659734683436781, -34.221214286628033 ], [ -70.660639215266499, -34.21982853426239 ], [ -70.662718895716182, -34.219869168652416 ] ] ] } },
{ "type": "Feature", "properties": { "h3": "89b2c1c03bbffff", "acc_caminata_m2_comercio": 13030.786771534413, "acc_caminata_m2_departamento": 57829.522711372185, "acc_caminata_n_deporte_y_recreacion": 0.02651291691167211, "acc_caminata_n_educacion_y_cultura": 0.6386904339610161, "acc_caminata_m2_habitacional": 2031.186498696341, "acc_caminata_m2_industria": 3931.2973587604552, "acc_caminata_m2_oficina": 12.730110835544645, "acc_caminata_n_salud": 0.0099180015247241175, "acc_caminata_n_paraderos": 1.3768468840115764 }, "geometry": { "type": "Polygon", "coordinates": [ [ [ -70.738958799209243, -34.138456060160706 ], [ -70.740134680634995, -34.139883589822887 ], [ -70.739230369920463, -34.141272314416092 ], [ -70.737150186118043, -34.141233505514371 ], [ -70.735974341012991, -34.139805987015933 ], [ -70.736878643388309, -34.138417266255651 ], [ -70.738958799209243, -34.138456060160706 ] ] ] } },
{ "type": "Feature", "properties": { "h3": "89b2c1c1c83ffff", "acc_caminata_m2_comercio": 8.2104911439324795, "acc_caminata_m2_departamento": 74.490442078732002, "acc_caminata_n_deporte_y_recreacion": 0.00017903087176506839, "acc_caminata_n_educacion_y_cultura": 0.031516874793505595, "acc_caminata_m2_habitacional": 4173.1173148899561, "acc_caminata_m2_industria": 1.8096294118754335, "acc_caminata_m2_oficina": 0.28723583601563435, "acc_caminata_n_salud": 0.00049686995698260974, "acc_caminata_n_paraderos": 0.0092061811931026197 }, "geometry": { "type": "Polygon", "coordinates": [ [ [ -70.764466985352655, -34.144551643977969 ], [ -70.765643261390068, -34.145978953078192 ], [ -70.764738905387375, -34.147367841520058 ], [ -70.762658281639133, -34.147329417036538 ], [ -70.76148204187912, -34.145902119077206 ], [ -70.762386389588571, -34.144513234460696 ], [ -70.764466985352655, -34.144551643977969 ] ] ] } },
{ "type": "Feature", "properties": { "h3": "89b2c1c5503ffff", "acc_caminata_m2_comercio": 2.3332873539095562, "acc_caminata_m2_departamento": 24.625382346132994, "acc_caminata_n_deporte_y_recreacion": 0.00011449489125852578, "acc_caminata_n_educacion_y_cultura": 0.004788898667039139, "acc_caminata_m2_habitacional": 750.80385320841378, "acc_caminata_m2_industria": 0.01956339493705811, "acc_caminata_m2_oficina": 0.40186850295660381, "acc_caminata_n_salud": 3.2458049512641918e-05, "acc_caminata_n_paraderos": 2.4768490917257214e-14 }, "geometry": { "type": "Polygon", "coordinates": [ [ [ -70.641029148823563, -34.18856216124108 ], [ -70.642203863393192, -34.189989218332322 ], [ -70.641299459096118, -34.191375484748598 ], [ -70.63922034874858, -34.191334690242677 ], [ -70.638045670687248, -34.189907644376362 ], [ -70.638950066463806, -34.188521381791226 ], [ -70.641029148823563, -34.18856216124108 ] ] ] } },
{ "type": "Feature", "properties": { "h3": "89b2c1c190bffff", "acc_caminata_m2_comercio": 1066.374400463967, "acc_caminata_m2_departamento": 26.804688504162439, "acc_caminata_n_deporte_y_recreacion": 0.00022480818418747065, "acc_caminata_n_educacion_y_cultura": 0.57392729739184722, "acc_caminata_m2_habitacional": 23755.674527295483, "acc_caminata_m2_industria": 137.55458273357496, "acc_caminata_m2_oficina": 351.16820591824677, "acc_caminata_n_salud": 0.022292259189895799, "acc_caminata_n_paraderos": 0.53964240072131431 }, "geometry": { "type": "Polygon", "coordinates": [ [ [ -70.7525319545381, -34.18226990256607 ], [ -70.753708240279678, -34.183696587628482 ], [ -70.752803756025827, -34.185084390968953 ], [ -70.750722994346546, -34.18504550543507 ], [ -70.749546744914639, -34.183618831509619 ], [ -70.750451220851005, -34.182231031981303 ], [ -70.7525319545381, -34.18226990256607 ] ] ] } },
{ "type": "Feature", "properties": { "h3": "89b2c1c0ea3ffff", "acc_caminata_m2_comercio": 28.344593962892628, "acc_caminata_m2_departamento": 5598.939838279467, "acc_caminata_n_deporte_y_recreacion": 1.2296878511287375, "acc_caminata_n_educacion_y_cultura": 1.0653596718297413, "acc_caminata_m2_habitacional": 2668.057413808107, "acc_caminata_m2_industria": 0.26672010172155125, "acc_caminata_m2_oficina": 26.899938094005996, "acc_caminata_n_salud": 0.69512901683959671, "acc_caminata_n_paraderos": 7.4261988473374236 }, "geometry": { "type": "Polygon", "coordinates": [ [ [ -70.715084024588805, -34.149251843023926 ], [ -70.716259615289985, -34.150679283322219 ], [ -70.715355286541012, -34.152067444374374 ], [ -70.713275375472847, -34.152028161295256 ], [ -70.71209982113777, -34.150600732176123 ], [ -70.713004141503404, -34.149212574957119 ], [ -70.715084024588805, -34.149251843023926 ] ] ] } },
{ "type": "Feature", "properties": { "h3": "89b2c1c5387ffff", "acc_caminata_m2_comercio": 2.6604698655473464e-06, "acc_caminata_m2_departamento": 5.9255375217422229e-07, "acc_caminata_n_deporte_y_recreacion": 1.1478369061397036e-19, "acc_caminata_n_educacion_y_cultura": 2.9914071928778564e-15, "acc_caminata_m2_habitacional": 5973.4091546779273, "acc_caminata_m2_industria": 1.1633949292912221e-08, "acc_caminata_m2_oficina": 2.582811017238865e-12, "acc_caminata_n_salud": 1.1395665067643794e-20, "acc_caminata_n_paraderos": 3.2479768799310708e-20 }, "geometry": { "type": "Polygon", "coordinates": [ [ [ -70.65892293084184, -34.212777348011663 ], [ -70.660098018874962, -34.214203893500276 ], [ -70.659193508300774, -34.215589779174323 ], [ -70.657113918181849, -34.215549115542302 ], [ -70.65593886663271, -34.214122581255317 ], [ -70.656843368717162, -34.212736699398931 ], [ -70.65892293084184, -34.212777348011663 ] ] ] } },
{ "type": "Feature", "properties": { "h3": "89b2c1c500fffff", "acc_caminata_m2_comercio": 37.235960434729762, "acc_caminata_m2_departamento": 4.0498336920295337, "acc_caminata_n_deporte_y_recreacion": 9.1959920519646355e-10, "acc_caminata_n_educacion_y_cultura": 2.3966205634411765e-05, "acc_caminata_m2_habitacional": 9422.8424092449823, "acc_caminata_m2_industria": 93.207511755032314, "acc_caminata_m2_oficina": 0.020692662671048915, "acc_caminata_n_salud": 9.129845411960999e-11, "acc_caminata_n_paraderos": 2.6021760589990327e-10 }, "geometry": { "type": "Polygon", "coordinates": [ [ [ -70.664079232192861, -34.201647999147887 ], [ -70.665254341076619, -34.203074721920821 ], [ -70.664349866672652, -34.204460948476296 ], [ -70.662270291863166, -34.20442044843773 ], [ -70.661095219450999, -34.202993736866304 ], [ -70.661999685375378, -34.201607514132128 ], [ -70.664079232192861, -34.201647999147887 ] ] ] } },
{ "type": "Feature", "properties": { "h3": "89b2c1ca847ffff", "acc_caminata_m2_comercio": 222.85400824290673, "acc_caminata_m2_departamento": 8.1010652287169739e-14, "acc_caminata_n_deporte_y_recreacion": 7.6767762404015601e-19, "acc_caminata_n_educacion_y_cultura": 5.3037596009719585e-05, "acc_caminata_m2_habitacional": 926.12996050538504, "acc_caminata_m2_industria": 41.169228769738801, "acc_caminata_m2_oficina": 0.0952266902620547, "acc_caminata_n_salud": 1.0324258033103105e-22, "acc_caminata_n_paraderos": 0.00030707267012823391 }, "geometry": { "type": "Polygon", "coordinates": [ [ [ -70.843211289911807, -34.18533488497993 ], [ -70.844388887054194, -34.186761115810377 ], [ -70.84348431256177, -34.188149962397141 ], [ -70.841402149078164, -34.188112574360709 ], [ -70.840224588085491, -34.186686354592872 ], [ -70.841129154425346, -34.185297511799035 ], [ -70.843211289911807, -34.18533488497993 ] ] ] } },
{ "type": "Feature", "properties": { "h3": "89b2c1c1d03ffff", "acc_caminata_m2_comercio": 8233.173625318319, "acc_caminata_m2_departamento": 318.98989926836612, "acc_caminata_n_deporte_y_recreacion": 0.48513063811007634, "acc_caminata_n_educacion_y_cultura": 12.094930976291506, "acc_caminata_m2_habitacional": 23523.034315048248, "acc_caminata_m2_industria": 465.41511583358334, "acc_caminata_m2_oficina": 1539.890722845844, "acc_caminata_n_salud": 2.7404569621008745, "acc_caminata_n_paraderos": 3.677499288988507 }, "geometry": { "type": "Polygon", "coordinates": [ [ [ -70.747372885408026, -34.161099317867517 ], [ -70.748548995820641, -34.162526405155056 ], [ -70.747644594169799, -34.163914671094396 ], [ -70.745564090430435, -34.163875845924508 ], [ -70.744388016330348, -34.16244876978574 ], [ -70.745292409655747, -34.161060507668289 ], [ -70.747372885408026, -34.161099317867517 ] ] ] } },
{ "type": "Feature", "properties": { "h3": "89b2c1c09b7ffff", "acc_caminata_m2_comercio": 80.246789638612697, "acc_caminata_m2_departamento": 0.33243270866573682, "acc_caminata_n_deporte_y_recreacion": 0.00107581169145026, "acc_caminata_n_educacion_y_cultura": 0.0024570916398905592, "acc_caminata_m2_habitacional": 8116.6106354762651, "acc_caminata_m2_industria": 0.00048984371786043885, "acc_caminata_m2_oficina": 3.7729772811560185, "acc_caminata_n_salud": 5.3351559728113384e-05, "acc_caminata_n_paraderos": 3.9219500215913439e-06 }, "geometry": { "type": "Polygon", "coordinates": [ [ [ -70.670053654720817, -34.166657065968536 ], [ -70.671228681973446, -34.168084389956611 ], [ -70.670324330895596, -34.169471560863983 ], [ -70.668244961030084, -34.169431403948828 ], [ -70.667069970228127, -34.16800409117014 ], [ -70.667974312839661, -34.166616924097426 ], [ -70.670053654720817, -34.166657065968536 ] ] ] } },
{ "type": "Feature", "properties": { "h3": "89b2c1c0d27ffff", "acc_caminata_m2_comercio": 1.443638741897602, "acc_caminata_m2_departamento": 0.0143582956235223, "acc_caminata_n_deporte_y_recreacion": 0.1079001665097718, "acc_caminata_n_educacion_y_cultura": 4.4351017497622549e-05, "acc_caminata_m2_habitacional": 3702.4915481801504, "acc_caminata_m2_industria": 7.1224597733301909e-06, "acc_caminata_m2_oficina": 0.52877072146407966, "acc_caminata_n_salud": 2.3983449885696958e-06, "acc_caminata_n_paraderos": 1.5973429132418382e-07 }, "geometry": { "type": "Polygon", "coordinates": [ [ [ -70.672225267448695, -34.156865472232091 ], [ -70.673400279060502, -34.158292962145161 ], [ -70.67249596200773, -34.159680403363041 ], [ -70.670416641803527, -34.159640350829704 ], [ -70.669241666635642, -34.158212872127777 ], [ -70.670145975226703, -34.156825434748228 ], [ -70.672225267448695, -34.156865472232091 ] ] ] } },
{ "type": "Feature", "properties": { "h3": "89b2c1c1993ffff", "acc_caminata_m2_comercio": 28063.635731139613, "acc_caminata_m2_departamento": 11208.608170293248, "acc_caminata_n_deporte_y_recreacion": 0.076004357176786524, "acc_caminata_n_educacion_y_cultura": 18.27635371983299, "acc_caminata_m2_habitacional": 18803.508601171281, "acc_caminata_m2_industria": 1367.984787373998, "acc_caminata_m2_oficina": 19151.536317840979, "acc_caminata_n_salud": 2.4881825042866503, "acc_caminata_n_paraderos": 1.9540530653792694 }, "geometry": { "type": "Polygon", "coordinates": [ [ [ -70.745203047109129, -34.17089422984251 ], [ -70.746379173337033, -34.172321151007083 ], [ -70.745474737562802, -34.173709146620439 ], [ -70.743394183889407, -34.173670217251093 ], [ -70.742218093980796, -34.172243307233508 ], [ -70.743122521424951, -34.170855315438438 ], [ -70.745203047109129, -34.17089422984251 ] ] ] } },
{ "type": "Feature", "properties": { "h3": "89b2c1c558bffff", "acc_caminata_m2_comercio": 0.44182802490140782, "acc_caminata_m2_departamento": 3.6563533655847484, "acc_caminata_n_deporte_y_recreacion": 0.00020981801214889858, "acc_caminata_n_educacion_y_cultura": 0.0042448327490647621, "acc_caminata_m2_habitacional": 228.10904209978528, "acc_caminata_m2_industria": 0.043151168858328377, "acc_caminata_m2_oficina": 0.13471585429125774, "acc_caminata_n_salud": 3.828080023620182e-05, "acc_caminata_n_paraderos": 2.0921138640697083e-14 }, "geometry": { "type": "Polygon", "coordinates": [ [ [ -70.640488548474494, -34.182935159601683 ], [ -70.641663228325029, -34.184362319841462 ], [ -70.640758845283102, -34.185748719523332 ], [ -70.638679790910444, -34.185707955132038 ], [ -70.637505147567467, -34.184280806119716 ], [ -70.638409522088267, -34.182894410271402 ], [ -70.640488548474494, -34.182935159601683 ] ] ] } },
{ "type": "Feature", "properties": { "h3": "89b2c1c198bffff", "acc_caminata_m2_comercio": 3917.6479640195666, "acc_caminata_m2_departamento": 190.27191442728233, "acc_caminata_n_deporte_y_recreacion": 0.0078207184494462345, "acc_caminata_n_educacion_y_cultura": 5.0873283957666127, "acc_caminata_m2_habitacional": 28191.336798342425, "acc_caminata_m2_industria": 398.4395165649525, "acc_caminata_m2_oficina": 897.83473926974523, "acc_caminata_n_salud": 0.29201500506746458, "acc_caminata_n_paraderos": 0.38513721372714771 }, "geometry": { "type": "Polygon", "coordinates": [ [ [ -70.74873149686178, -34.175174901146242 ], [ -70.749907694158082, -34.176601730115379 ], [ -70.749003239447205, -34.17798966291366 ], [ -70.746922595762598, -34.177950762927203 ], [ -70.745746434780585, -34.176523945100669 ], [ -70.74665088116754, -34.175136016118195 ], [ -70.74873149686178, -34.175174901146242 ] ] ] } },
{ "type": "Feature", "properties": { "h3": "89b2c1c09afffff", "acc_caminata_m2_comercio": 30.118583395834744, "acc_caminata_m2_departamento": 51.446242869115018, "acc_caminata_n_deporte_y_recreacion": 8.1243094576536996e-06, "acc_caminata_n_educacion_y_cultura": 0.00029119556821989199, "acc_caminata_m2_habitacional": 4358.3221793277244, "acc_caminata_m2_industria": 1.6128245726494613e-06, "acc_caminata_m2_oficina": 0.39361898273852247, "acc_caminata_n_salud": 0.0009491082942402121, "acc_caminata_n_paraderos": 0.00012436933556767476 }, "geometry": { "type": "Polygon", "coordinates": [ [ [ -70.673578807650387, -34.17093894597857 ], [ -70.674753906074145, -34.172366178007053 ], [ -70.673849535913874, -34.173753286123763 ], [ -70.671770075788686, -34.173713158379982 ], [ -70.670595013810654, -34.172285937556474 ], [ -70.67149937551072, -34.17089883327197 ], [ -70.673578807650387, -34.17093894597857 ] ] ] } },
{ "type": "Feature", "properties": { "h3": "89b2c1c0d2fffff", "acc_caminata_m2_comercio": 28.071478367525661, "acc_caminata_m2_departamento": 48.919317260039755, "acc_caminata_n_deporte_y_recreacion": 3.5605552625508734e-06, "acc_caminata_n_educacion_y_cultura": 2.266672048038905e-05, "acc_caminata_m2_habitacional": 3853.2945893422698, "acc_caminata_m2_industria": 7.9337578711661626e-07, "acc_caminata_m2_oficina": 0.13273839630082465, "acc_caminata_n_salud": 0.00011632562374042451, "acc_caminata_n_paraderos": 7.9176133039904558e-06 }, "geometry": { "type": "Polygon", "coordinates": [ [ [ -70.675479633543802, -34.158332955434972 ], [ -70.67665469895573, -34.1597604049879 ], [ -70.675750373447087, -34.161147850042852 ], [ -70.673670990981037, -34.161107841707974 ], [ -70.67249596200773, -34.159680403363041 ], [ -70.673400279060502, -34.158292962145161 ], [ -70.675479633543802, -34.158332955434972 ] ] ] } },
{ "type": "Feature", "properties": { "h3": "89b2c1c0637ffff", "acc_caminata_m2_comercio": 394.14451918114133, "acc_caminata_m2_departamento": 3.5437477227126082e-05, "acc_caminata_n_deporte_y_recreacion": 0.00029896751704923375, "acc_caminata_n_educacion_y_cultura": 1.109621003715695e-05, "acc_caminata_m2_habitacional": 1142.6111735996788, "acc_caminata_m2_industria": 138.92964185655489, "acc_caminata_m2_oficina": 62.83533579758155, "acc_caminata_n_salud": 1.124945356613544e-10, "acc_caminata_n_paraderos": 1.7069445705351228e-09 }, "geometry": { "type": "Polygon", "coordinates": [ [ [ -70.755507305273611, -34.116268282759336 ], [ -70.756683317645141, -34.117696137398383 ], [ -70.75577907370203, -34.119085617605741 ], [ -70.753698825693689, -34.11904723933538 ], [ -70.752522849607061, -34.117619395854597 ], [ -70.753427085242549, -34.116229919486109 ], [ -70.755507305273611, -34.116268282759336 ] ] ] } },
{ "type": "Feature", "properties": { "h3": "89b2c1c129bffff", "acc_caminata_m2_comercio": 5.4989147184686473, "acc_caminata_m2_departamento": 6.2907768205286921e-13, "acc_caminata_n_deporte_y_recreacion": 0.00045333113765056305, "acc_caminata_n_educacion_y_cultura": 5.046721899913891e-08, "acc_caminata_m2_habitacional": 245.43976840503609, "acc_caminata_m2_industria": 0.17927515770103675, "acc_caminata_m2_oficina": 3.0796078881102201e-15, "acc_caminata_n_salud": 5.3352674214585016e-18, "acc_caminata_n_paraderos": 9.0745010390701476e-15 }, "geometry": { "type": "Polygon", "coordinates": [ [ [ -70.832053244449256, -34.134531825590912 ], [ -70.833230438849753, -34.135959017477497 ], [ -70.832326060863124, -34.137348989139632 ], [ -70.830244496644212, -34.13731176509939 ], [ -70.829067338398346, -34.135884584302694 ], [ -70.82997170821541, -34.134494616456543 ], [ -70.832053244449256, -34.134531825590912 ] ] ] } },
{ "type": "Feature", "properties": { "h3": "89b2c1c1d0bffff", "acc_caminata_m2_comercio": 23781.970156268304, "acc_caminata_m2_departamento": 1581.691687884753, "acc_caminata_n_deporte_y_recreacion": 0.12424581297450134, "acc_caminata_n_educacion_y_cultura": 0.95767216835036506, "acc_caminata_m2_habitacional": 10542.583416963911, "acc_caminata_m2_industria": 698.46664248468664, "acc_caminata_m2_oficina": 6869.7543666932424, "acc_caminata_n_salud": 1.9038307379387966, "acc_caminata_n_paraderos": 6.2777033082572835 }, "geometry": { "type": "Polygon", "coordinates": [ [ [ -70.750629533580948, -34.162565171027495 ], [ -70.751805697676616, -34.163992217805749 ], [ -70.750901287706114, -34.165380487565741 ], [ -70.748820721958253, -34.165341706727027 ], [ -70.747644594169799, -34.163914671094396 ], [ -70.748548995820641, -34.162526405155056 ], [ -70.750629533580948, -34.162565171027495 ] ] ] } },
{ "type": "Feature", "properties": { "h3": "89b2c1c1b87ffff", "acc_caminata_m2_comercio": 16.983959326821505, "acc_caminata_m2_departamento": 0.086133184370796825, "acc_caminata_n_deporte_y_recreacion": 0.0024102889058646246, "acc_caminata_n_educacion_y_cultura": 0.078983312074435832, "acc_caminata_m2_habitacional": 9227.7550711593231, "acc_caminata_m2_industria": 0.26932968211485514, "acc_caminata_m2_oficina": 22.570236243907299, "acc_caminata_n_salud": 4.859056868284482e-05, "acc_caminata_n_paraderos": 0.32494937892393438 }, "geometry": { "type": "Polygon", "coordinates": [ [ [ -70.765288998033213, -34.185316978340005 ], [ -70.766465481101562, -34.186743552829299 ], [ -70.765560974247236, -34.188131438047932 ], [ -70.763479992617732, -34.18809274496909 ], [ -70.762303545837383, -34.186666181605339 ], [ -70.763208044397189, -34.185278300195094 ], [ -70.765288998033213, -34.185316978340005 ] ] ] } },
{ "type": "Feature", "properties": { "h3": "89b2c1c0babffff", "acc_caminata_m2_comercio": 111.18302028483782, "acc_caminata_m2_departamento": 2.5132611264664542, "acc_caminata_n_deporte_y_recreacion": 0.096629665976594142, "acc_caminata_n_educacion_y_cultura": 0.11883106502107413, "acc_caminata_m2_habitacional": 21739.373859920721, "acc_caminata_m2_industria": 0.00017675907471387608, "acc_caminata_m2_oficina": 9.4247778286270272, "acc_caminata_n_salud": 1.1393322265816267e-05, "acc_caminata_n_paraderos": 0.002178770183083518 }, "geometry": { "type": "Polygon", "coordinates": [ [ [ -70.699347714707798, -34.179860814409807 ], [ -70.700523226069151, -34.181287774716331 ], [ -70.699618799055855, -34.182674980079945 ], [ -70.697538869093862, -34.182635221313724 ], [ -70.696363394135432, -34.181208272188059 ], [ -70.697267812734722, -34.179821070647947 ], [ -70.699347714707798, -34.179860814409807 ] ] ] } },
{ "type": "Feature", "properties": { "h3": "89b2c1c5407ffff", "acc_caminata_m2_comercio": 1146.9564217446743, "acc_caminata_m2_departamento": 63.776525221567006, "acc_caminata_n_deporte_y_recreacion": 0.028437530531021171, "acc_caminata_n_educacion_y_cultura": 0.35704284164932476, "acc_caminata_m2_habitacional": 4349.7655527800944, "acc_caminata_m2_industria": 5.2878643994323253, "acc_caminata_m2_oficina": 40.364007270408209, "acc_caminata_n_salud": 0.027697993037194623, "acc_caminata_n_paraderos": 7.1844299290651685e-09 }, "geometry": { "type": "Polygon", "coordinates": [ [ [ -70.658930695150303, -34.180486538610261 ], [ -70.66010562865084, -34.181913663010725 ], [ -70.659201237104881, -34.183300352205599 ], [ -70.657121920544498, -34.183259913169174 ], [ -70.655947023518323, -34.181832799982089 ], [ -70.656851406576806, -34.18044611461827 ], [ -70.658930695150303, -34.180486538610261 ] ] ] } },
{ "type": "Feature", "properties": { "h3": "89b2c1c180fffff", "acc_caminata_m2_comercio": 220.419550315214, "acc_caminata_m2_departamento": 0.236039135056547, "acc_caminata_n_deporte_y_recreacion": 0.055669978582033368, "acc_caminata_n_educacion_y_cultura": 0.12596972813737667, "acc_caminata_m2_habitacional": 27686.906698524701, "acc_caminata_m2_industria": 0.090824004204395056, "acc_caminata_m2_oficina": 0.10343280975071426, "acc_caminata_n_salud": 0.011616286355054311, "acc_caminata_n_paraderos": 0.073093359636054192 }, "geometry": { "type": "Polygon", "coordinates": [ [ [ -70.770443877725512, -34.174173603895767 ], [ -70.771620381205807, -34.175600355739455 ], [ -70.770715910830376, -34.176988581764313 ], [ -70.768634945257674, -34.176950052133741 ], [ -70.767458478052959, -34.175523311415425 ], [ -70.768362940144016, -34.17413508920253 ], [ -70.770443877725512, -34.174173603895767 ] ] ] } },
{ "type": "Feature", "properties": { "h3": "89b2c1c0833ffff", "acc_caminata_m2_comercio": 95.838408055791277, "acc_caminata_m2_departamento": 1845.4912949181025, "acc_caminata_n_deporte_y_recreacion": 0.051525484974336691, "acc_caminata_n_educacion_y_cultura": 0.21321773510957898, "acc_caminata_m2_habitacional": 25921.338021710173, "acc_caminata_m2_industria": 0.010958470166126973, "acc_caminata_m2_oficina": 3.5365706881162895, "acc_caminata_n_salud": 0.0016583730981443575, "acc_caminata_n_paraderos": 8.6572718329658844 }, "geometry": { "type": "Polygon", "coordinates": [ [ [ -70.697721350360325, -34.16297333718655 ], [ -70.698896757512713, -34.164400607185257 ], [ -70.697992394212207, -34.16578821231149 ], [ -70.695912632173815, -34.165748543608373 ], [ -70.694737261422219, -34.164321284797943 ], [ -70.695641616306887, -34.162933683502544 ], [ -70.697721350360325, -34.16297333718655 ] ] ] } },
{ "type": "Feature", "properties": { "h3": "89b2c1c10a7ffff", "acc_caminata_m2_comercio": 53.102717995096079, "acc_caminata_m2_departamento": 7.65587448886832e-08, "acc_caminata_n_deporte_y_recreacion": 1.0570801926577846e-06, "acc_caminata_n_educacion_y_cultura": 8.5428108582722455e-11, "acc_caminata_m2_habitacional": 267.81637941340682, "acc_caminata_m2_industria": 4.4039163179388658e-05, "acc_caminata_m2_oficina": 3.3772153274787977e-10, "acc_caminata_n_salud": 5.8401161377539626e-13, "acc_caminata_n_paraderos": 1.8157027136342353e-11 }, "geometry": { "type": "Polygon", "coordinates": [ [ [ -70.797575793050655, -34.13250495007884 ], [ -70.798752485144817, -34.133932329939029 ], [ -70.797848144334992, -34.135321926545316 ], [ -70.795767119661903, -34.135284139467835 ], [ -70.794590463782967, -34.133856770726098 ], [ -70.795494796360572, -34.132467177943575 ], [ -70.797575793050655, -34.13250495007884 ] ] ] } },
{ "type": "Feature", "properties": { "h3": "89b2c1ca8c7ffff", "acc_caminata_m2_comercio": 503.7227858875039, "acc_caminata_m2_departamento": 3.5858500637497137e-14, "acc_caminata_n_deporte_y_recreacion": 3.3980430713549536e-19, "acc_caminata_n_educacion_y_cultura": 2.347652582260533e-05, "acc_caminata_m2_habitacional": 485.60671947608108, "acc_caminata_m2_industria": 6.5057805871173642, "acc_caminata_m2_oficina": 0.042151078124443624, "acc_caminata_n_salud": 4.5699226312777938e-23, "acc_caminata_n_paraderos": 0.00013592244015661541 }, "geometry": { "type": "Polygon", "coordinates": [ [ [ -70.839405676697055, -34.178240656272401 ], [ -70.840583185503704, -34.179667031388639 ], [ -70.839678640365719, -34.181056007468435 ], [ -70.837596594578784, -34.181018604635618 ], [ -70.836419121926554, -34.179592240587624 ], [ -70.837323658905461, -34.178203268304394 ], [ -70.839405676697055, -34.178240656272401 ] ] ] } },
{ "type": "Feature", "properties": { "h3": "89b2c1c0143ffff", "acc_caminata_m2_comercio": 3312.527187481598, "acc_caminata_m2_departamento": 617.83366974701903, "acc_caminata_n_deporte_y_recreacion": 0.009549309228644165, "acc_caminata_n_educacion_y_cultura": 0.64985067519608974, "acc_caminata_m2_habitacional": 5759.2093009827195, "acc_caminata_m2_industria": 1560.6502263888167, "acc_caminata_m2_oficina": 4.4705446750195748, "acc_caminata_n_salud": 0.00089422933400828649, "acc_caminata_n_paraderos": 0.85647481332657771 }, "geometry": { "type": "Polygon", "coordinates": [ [ [ -70.732175474578028, -34.132706801763717 ], [ -70.733351231248179, -34.134134463901276 ], [ -70.732446947829047, -34.135523247431252 ], [ -70.730366916089594, -34.135484364987214 ], [ -70.729191195750474, -34.134056714020907 ], [ -70.730095470818441, -34.1326679343276 ], [ -70.732175474578028, -34.132706801763717 ] ] ] } },
{ "type": "Feature", "properties": { "h3": "89b2c1c1d83ffff", "acc_caminata_m2_comercio": 2624.0114330662154, "acc_caminata_m2_departamento": 1266.9873294583228, "acc_caminata_n_deporte_y_recreacion": 2.4228236252948676, "acc_caminata_n_educacion_y_cultura": 5.3110592905554954, "acc_caminata_m2_habitacional": 19798.406950119141, "acc_caminata_m2_industria": 30.549861998991741, "acc_caminata_m2_oficina": 714.26006515784877, "acc_caminata_n_salud": 0.16903652355422261, "acc_caminata_n_paraderos": 5.2168284528558866 }, "geometry": { "type": "Polygon", "coordinates": [ [ [ -70.743573046419897, -34.154002245277432 ], [ -70.744749068396203, -34.155429476350832 ], [ -70.743844696293991, -34.156817871708711 ], [ -70.741764310546003, -34.156779032167776 ], [ -70.740588324886872, -34.155351812248774 ], [ -70.741492688657203, -34.153963420716487 ], [ -70.743573046419897, -34.154002245277432 ] ] ] } },
{ "type": "Feature", "properties": { "h3": "89b2c1c0a2fffff", "acc_caminata_m2_comercio": 1569.4638839152979, "acc_caminata_m2_departamento": 4166.7208579439002, "acc_caminata_n_deporte_y_recreacion": 0.24696828259284714, "acc_caminata_n_educacion_y_cultura": 2.1323588336326771, "acc_caminata_m2_habitacional": 26668.785276895072, "acc_caminata_m2_industria": 5.7018163081907156, "acc_caminata_m2_oficina": 46.247017267572922, "acc_caminata_n_salud": 0.39448891475348685, "acc_caminata_n_paraderos": 1.6964191211849742 }, "geometry": { "type": "Polygon", "coordinates": [ [ [ -70.721052937508645, -34.178868833849108 ], [ -70.722228755649837, -34.180295717436337 ], [ -70.721324312368779, -34.181683216080081 ], [ -70.71924405931972, -34.181643827317096 ], [ -70.718068277542827, -34.18021695489351 ], [ -70.718972712449357, -34.178829460069473 ], [ -70.721052937508645, -34.178868833849108 ] ] ] } },
{ "type": "Feature", "properties": { "h3": "89b2c1c7243ffff", "acc_caminata_m2_comercio": 38.978108334159273, "acc_caminata_m2_departamento": 0.38767261231288902, "acc_caminata_n_deporte_y_recreacion": 0.10886181390725054, "acc_caminata_n_educacion_y_cultura": 0.0011974732421493454, "acc_caminata_m2_habitacional": 18469.600658841224, "acc_caminata_m2_industria": 0.00019230573452582434, "acc_caminata_m2_oficina": 14.276759044348514, "acc_caminata_n_salud": 6.4755085932563853e-05, "acc_caminata_n_paraderos": 4.3128106299850349e-06 }, "geometry": { "type": "Polygon", "coordinates": [ [ [ -70.669512322591089, -34.161027721594103 ], [ -70.670687315120091, -34.16245514872913 ], [ -70.669782985286048, -34.163842452876487 ], [ -70.66770367138858, -34.163802326051858 ], [ -70.666528715309497, -34.162374910128662 ], [ -70.667433036676627, -34.160987609818449 ], [ -70.669512322591089, -34.161027721594103 ] ] ] } },
{ "type": "Feature", "properties": { "h3": "89b2c1c5017ffff", "acc_caminata_m2_comercio": 1.2508772675828312, "acc_caminata_m2_departamento": 0.0019290440914766758, "acc_caminata_n_deporte_y_recreacion": 2.8345180811762104e-06, "acc_caminata_n_educacion_y_cultura": 2.6917737681294e-05, "acc_caminata_m2_habitacional": 1937.079458030227, "acc_caminata_m2_industria": 1.4604142634102337, "acc_caminata_m2_oficina": 0.022939187732356037, "acc_caminata_n_salud": 3.4886491497841087e-08, "acc_caminata_n_paraderos": 4.5629641502132246e-10 }, "geometry": { "type": "Polygon", "coordinates": [ [ [ -70.660554047945411, -34.197367646759595 ], [ -70.661729085626988, -34.19879446156456 ], [ -70.660824630328719, -34.200180750941733 ], [ -70.658745145833223, -34.200140221690397 ], [ -70.657570144628153, -34.198713418091351 ], [ -70.658474591440751, -34.197327132537914 ], [ -70.660554047945411, -34.197367646759595 ] ] ] } },
{ "type": "Feature", "properties": { "h3": "89b2c1c06b7ffff", "acc_caminata_m2_comercio": 2.2800962158163567, "acc_caminata_m2_departamento": 2.0500312395949851e-07, "acc_caminata_n_deporte_y_recreacion": 1.7295044611864439e-06, "acc_caminata_n_educacion_y_cultura": 6.4190735337860585e-08, "acc_caminata_m2_habitacional": 261.98568153789034, "acc_caminata_m2_industria": 0.8036974643716146, "acc_caminata_m2_oficina": 0.36349766240380266, "acc_caminata_n_salud": 6.5077237556001927e-13, "acc_caminata_n_paraderos": 9.8745451642236943e-12 }, "geometry": { "type": "Polygon", "coordinates": [ [ [ -70.751707700652929, -34.109166926998363 ], [ -70.752883624630343, -34.110594925243554 ], [ -70.751979410208136, -34.111984534791894 ], [ -70.749899280121241, -34.111946142252719 ], [ -70.748723392433362, -34.11051815517142 ], [ -70.749627598541508, -34.10912854946563 ], [ -70.751707700652929, -34.109166926998363 ] ] ] } },
{ "type": "Feature", "properties": { "h3": "89b2c1c1c07ffff", "acc_caminata_m2_comercio": 576.44182221267795, "acc_caminata_m2_departamento": 4947.4900003901057, "acc_caminata_n_deporte_y_recreacion": 0.022576078858278684, "acc_caminata_n_educacion_y_cultura": 0.44060985637069672, "acc_caminata_m2_habitacional": 24477.35063487204, "acc_caminata_m2_industria": 5.955318041911366, "acc_caminata_m2_oficina": 7.2528938949626269, "acc_caminata_n_salud": 0.050838613668104549, "acc_caminata_n_paraderos": 7.5120852020520683 }, "geometry": { "type": "Polygon", "coordinates": [ [ [ -70.76528276576316, -34.152999881808121 ], [ -70.766459093931743, -34.154427035947819 ], [ -70.765554706104723, -34.155815724541405 ], [ -70.763473998400087, -34.155777255173774 ], [ -70.762297706509955, -34.154350112171272 ], [ -70.763202086044657, -34.152961427399418 ], [ -70.76528276576316, -34.152999881808121 ] ] ] } },
{ "type": "Feature", "properties": { "h3": "89b2c1c0c2bffff", "acc_caminata_m2_comercio": 4.199369429678538, "acc_caminata_m2_departamento": 17.074512892634871, "acc_caminata_n_deporte_y_recreacion": 0.17931265625757459, "acc_caminata_n_educacion_y_cultura": 0.0038722210545613233, "acc_caminata_m2_habitacional": 3310.9176439012472, "acc_caminata_m2_industria": 0.41530671649127182, "acc_caminata_m2_oficina": 13.524459506441266, "acc_caminata_n_salud": 3.4314246473544174e-05, "acc_caminata_n_paraderos": 0.45886897259968162 }, "geometry": { "type": "Polygon", "coordinates": [ [ [ -70.699350160251228, -34.147548702862899 ], [ -70.700525516968469, -34.148976242010143 ], [ -70.699621208961489, -34.150364250666229 ], [ -70.697541552647763, -34.150324716338318 ], [ -70.696366232323868, -34.148897188383607 ], [ -70.697270531919031, -34.147509183564445 ], [ -70.699350160251228, -34.147548702862899 ] ] ] } },
{ "type": "Feature", "properties": { "h3": "89b2c1c5487ffff", "acc_caminata_m2_comercio": 348.69676458189019, "acc_caminata_m2_departamento": 150.4627425851684, "acc_caminata_n_deporte_y_recreacion": 0.062521757319616358, "acc_caminata_n_educacion_y_cultura": 0.27659410109576638, "acc_caminata_m2_habitacional": 8556.896444637563, "acc_caminata_m2_industria": 9.816051074916361, "acc_caminata_m2_oficina": 32.965085953736747, "acc_caminata_n_salud": 0.070906345625671899, "acc_caminata_n_paraderos": 4.976294351694821e-10 }, "geometry": { "type": "Polygon", "coordinates": [ [ [ -70.655135553908266, -34.173390894967895 ], [ -70.656310398851062, -34.1748181628898 ], [ -70.655406037042269, -34.176204981508363 ], [ -70.653326838783201, -34.176164528370485 ], [ -70.652152030319328, -34.174737271667617 ], [ -70.653056383634279, -34.173350456883782 ], [ -70.655135553908266, -34.173390894967895 ] ] ] } },
{ "type": "Feature", "properties": { "h3": "89b2c1c188fffff", "acc_caminata_m2_comercio": 654.77989486762726, "acc_caminata_m2_departamento": 4.7524669978607159, "acc_caminata_n_deporte_y_recreacion": 0.033427411420635933, "acc_caminata_n_educacion_y_cultura": 0.36644762465266323, "acc_caminata_m2_habitacional": 16327.758936233671, "acc_caminata_m2_industria": 33.335275049550425, "acc_caminata_m2_oficina": 45.615779473722235, "acc_caminata_n_salud": 0.13919903444279447, "acc_caminata_n_paraderos": 1.9337586694531066 }, "geometry": { "type": "Polygon", "coordinates": [ [ [ -70.766642535167591, -34.167077912588205 ], [ -70.767818950230406, -34.16850480837244 ], [ -70.766914509358685, -34.16989316384668 ], [ -70.764833661713595, -34.169854619721228 ], [ -70.763657282931007, -34.168427735068022 ], [ -70.764561715511931, -34.167039383409438 ], [ -70.766642535167591, -34.167077912588205 ] ] ] } },
{ "type": "Feature", "properties": { "h3": "89b2c1c053bffff", "acc_caminata_m2_comercio": 2.2285508535118495e-15, "acc_caminata_m2_departamento": 9.0599507137528392e-15, "acc_caminata_n_deporte_y_recreacion": 9.5145505822983773e-17, "acc_caminata_n_educacion_y_cultura": 2.0546529528432931e-18, "acc_caminata_m2_habitacional": 1044.000000000121, "acc_caminata_m2_industria": 2.2036890714786698e-16, "acc_caminata_m2_oficina": 7.1762449320609984e-15, "acc_caminata_n_salud": 1.8207562175477984e-20, "acc_caminata_n_paraderos": 2.4348153340473011e-16 }, "geometry": { "type": "Polygon", "coordinates": [ [ [ -70.718068242337594, -34.115572464486107 ], [ -70.719243714724598, -34.117000494506399 ], [ -70.718339507192326, -34.118389529058653 ], [ -70.716259835647321, -34.118350529744269 ], [ -70.715084399611143, -34.116922510912829 ], [ -70.715988598767808, -34.115533480207134 ], [ -70.718068242337594, -34.115572464486107 ] ] ] } },
{ "type": "Feature", "properties": { "h3": "89b2c1c538fffff", "acc_caminata_m2_comercio": 2.0197872627834794, "acc_caminata_m2_departamento": 0.44985757465432713, "acc_caminata_n_deporte_y_recreacion": 8.7140916736981342e-14, "acc_caminata_n_educacion_y_cultura": 2.2710297245673015e-09, "acc_caminata_m2_habitacional": 3616.2155440900392, "acc_caminata_m2_industria": 0.0088323130068073911, "acc_caminata_m2_oficina": 1.960829875335832e-06, "acc_caminata_n_salud": 8.651411336259622e-15, "acc_caminata_n_paraderos": 2.4658134327525469e-14 }, "geometry": { "type": "Polygon", "coordinates": [ [ [ -70.662177643334459, -34.214244497862985 ], [ -70.663352785213206, -34.215671002914853 ], [ -70.662448266155124, -34.217056892405346 ], [ -70.660368613700868, -34.217016273027745 ], [ -70.659193508300774, -34.215589779174323 ], [ -70.660098018874962, -34.214203893500276 ], [ -70.662177643334459, -34.214244497862985 ] ] ] } },
{ "type": "Feature", "properties": { "h3": "89b2c1c0e27ffff", "acc_caminata_m2_comercio": 870.09642288296118, "acc_caminata_m2_departamento": 3972.1742053743346, "acc_caminata_n_deporte_y_recreacion": 0.36431264804989, "acc_caminata_n_educacion_y_cultura": 3.8852699742222305, "acc_caminata_m2_habitacional": 19627.316118597504, "acc_caminata_m2_industria": 4.9047471998391208, "acc_caminata_m2_oficina": 12.315492955614523, "acc_caminata_n_salud": 0.029795138347032402, "acc_caminata_n_paraderos": 10.002660741577307 }, "geometry": { "type": "Polygon", "coordinates": [ [ [ -70.715897830706012, -34.157698292417635 ], [ -70.717073473513381, -34.159125577893725 ], [ -70.716169112919317, -34.160513539097778 ], [ -70.714089117899007, -34.160474210996448 ], [ -70.71291351145878, -34.159046936695837 ], [ -70.713817863670414, -34.157658979321262 ], [ -70.715897830706012, -34.157698292417635 ] ] ] } },
{ "type": "Feature", "properties": { "h3": "89b2c1c5683ffff", "acc_caminata_m2_comercio": 4.3253481811752446, "acc_caminata_m2_departamento": 0.0040595220267600294, "acc_caminata_n_deporte_y_recreacion": 0.0010808303477839187, "acc_caminata_n_educacion_y_cultura": 0.019030223230464036, "acc_caminata_m2_habitacional": 5240.7126821070942, "acc_caminata_m2_industria": 1.534844288813644, "acc_caminata_m2_oficina": 10.956474011124461, "acc_caminata_n_salud": 2.6368165100319414e-08, "acc_caminata_n_paraderos": 0.00037712860282865918 }, "geometry": { "type": "Polygon", "coordinates": [ [ [ -70.680900586487255, -34.182315908770263 ], [ -70.682075844612214, -34.183742905196119 ], [ -70.681171425683686, -34.185129821082342 ], [ -70.679091757076577, -34.185089736716819 ], [ -70.677916535387808, -34.183662751485862 ], [ -70.678820945868623, -34.182275839425728 ], [ -70.680900586487255, -34.182315908770263 ] ] ] } },
{ "type": "Feature", "properties": { "h3": "89b2c1c7347ffff", "acc_caminata_m2_comercio": 304.28580156991904, "acc_caminata_m2_departamento": 101.50216562176821, "acc_caminata_n_deporte_y_recreacion": 0.21650859611625789, "acc_caminata_n_educacion_y_cultura": 0.17935330711938885, "acc_caminata_m2_habitacional": 19351.94657860888, "acc_caminata_m2_industria": 2.8064718438648533, "acc_caminata_m2_oficina": 11.072159598158134, "acc_caminata_n_salud": 0.0022926152856313862, "acc_caminata_n_paraderos": 3.6633328268521793e-12 }, "geometry": { "type": "Polygon", "coordinates": [ [ [ -70.645644365435942, -34.171801598408699 ], [ -70.646819066207144, -34.173228935794889 ], [ -70.64591471927173, -34.174615676282784 ], [ -70.643835680074716, -34.174575075547473 ], [ -70.642661015798694, -34.173147749388583 ], [ -70.643565354223142, -34.17176101273791 ], [ -70.645644365435942, -34.171801598408699 ] ] ] } },
{ "type": "Feature", "properties": { "h3": "89b2c1c0b33ffff", "acc_caminata_m2_comercio": 27.303393765262207, "acc_caminata_m2_departamento": 0.61718559178408905, "acc_caminata_n_deporte_y_recreacion": 0.023729503055463414, "acc_caminata_n_educacion_y_cultura": 0.029181536456770654, "acc_caminata_m2_habitacional": 9605.4174716632951, "acc_caminata_m2_industria": 4.340701130561483e-05, "acc_caminata_m2_oficina": 2.3144579050458578, "acc_caminata_n_salud": 2.7978765401512707e-06, "acc_caminata_n_paraderos": 0.00053504411087539267 }, "geometry": { "type": "Polygon", "coordinates": [ [ [ -70.699618799055855, -34.182674980079945 ], [ -70.700794327786923, -34.184101888755755 ], [ -70.699889890154068, -34.185489027485509 ], [ -70.697809932202517, -34.185449253717366 ], [ -70.696634439874728, -34.184022356221185 ], [ -70.697538869093862, -34.182635221313724 ], [ -70.699618799055855, -34.182674980079945 ] ] ] } },
{ "type": "Feature", "properties": { "h3": "89b2c1c0aafffff", "acc_caminata_m2_comercio": 97745.013219786721, "acc_caminata_m2_departamento": 987.04265371067947, "acc_caminata_n_deporte_y_recreacion": 0.047880957224496784, "acc_caminata_n_educacion_y_cultura": 2.0777822074618446, "acc_caminata_m2_habitacional": 9041.3323138410869, "acc_caminata_m2_industria": 27.775300712160622, "acc_caminata_m2_oficina": 222.08387045011659, "acc_caminata_n_salud": 0.22947307938657799, "acc_caminata_n_paraderos": 8.38729769965828 }, "geometry": { "type": "Polygon", "coordinates": [ [ [ -70.717254309316687, -34.171773343394037 ], [ -70.718430038976621, -34.173200370745221 ], [ -70.717525625303267, -34.174587998830376 ], [ -70.715445490349552, -34.174548595741136 ], [ -70.714269797058535, -34.173121579559229 ], [ -70.715174202350951, -34.171733955297476 ], [ -70.717254309316687, -34.171773343394037 ] ] ] } },
{ "type": "Feature", "properties": { "h3": "89b2c1c0cabffff", "acc_caminata_m2_comercio": 0.027854571036981923, "acc_caminata_m2_departamento": 0.11323997401724158, "acc_caminata_n_deporte_y_recreacion": 0.0011892200021460173, "acc_caminata_n_educacion_y_cultura": 2.5681027893588308e-05, "acc_caminata_m2_habitacional": 529.73998074865267, "acc_caminata_m2_industria": 0.0027543824583672002, "acc_caminata_m2_oficina": 0.089695608212788422, "acc_caminata_n_salud": 2.2757561633736275e-07, "acc_caminata_n_paraderos": 0.0030432662811924792 }, "geometry": { "type": "Polygon", "coordinates": [ [ [ -70.695553242471746, -34.140450080787453 ], [ -70.696728510703906, -34.141877763462979 ], [ -70.695824232342204, -34.143265901497571 ], [ -70.69374469416519, -34.143226353016217 ], [ -70.692569462330965, -34.141798681538845 ], [ -70.693473732274455, -34.140410547344878 ], [ -70.695553242471746, -34.140450080787453 ] ] ] } },
{ "type": "Feature", "properties": { "h3": "89b2c1c5507ffff", "acc_caminata_m2_comercio": 1.472725575659483, "acc_caminata_m2_departamento": 4.7490489661647715, "acc_caminata_n_deporte_y_recreacion": 2.2080544266060299e-05, "acc_caminata_n_educacion_y_cultura": 0.00092354766086876242, "acc_caminata_m2_habitacional": 574.78865325662161, "acc_caminata_m2_industria": 0.0037728356536603546, "acc_caminata_m2_oficina": 0.077501058528739494, "acc_caminata_n_salud": 6.2595928182996432e-06, "acc_caminata_n_paraderos": 4.7766477096966984e-15 }, "geometry": { "type": "Polygon", "coordinates": [ [ [ -70.638045670687248, -34.189907644376362 ], [ -70.63922034874858, -34.191334690242677 ], [ -70.638315942343866, -34.192720886193349 ], [ -70.636236866402427, -34.192680032446788 ], [ -70.635062224854991, -34.191252997807382 ], [ -70.635966622733719, -34.189866805687828 ], [ -70.638045670687248, -34.189907644376362 ] ] ] } },
{ "type": "Feature", "properties": { "h3": "89b2c1c190fffff", "acc_caminata_m2_comercio": 6528.1091373643394, "acc_caminata_m2_departamento": 26.903673779591163, "acc_caminata_n_deporte_y_recreacion": 0.00053484149648342998, "acc_caminata_n_educacion_y_cultura": 0.68470934811603756, "acc_caminata_m2_habitacional": 13623.828325218554, "acc_caminata_m2_industria": 708.4774058444782, "acc_caminata_m2_oficina": 3109.0888729533231, "acc_caminata_n_salud": 0.1259170868533892, "acc_caminata_n_paraderos": 2.459285936483687 }, "geometry": { "type": "Polygon", "coordinates": [ [ [ -70.749546744914639, -34.183618831509619 ], [ -70.750722994346546, -34.18504550543507 ], [ -70.749818507797144, -34.186433238325534 ], [ -70.747737780137541, -34.186394293478557 ], [ -70.746561567021004, -34.184967630691972 ], [ -70.747466045247364, -34.183579901613697 ], [ -70.749546744914639, -34.183618831509619 ] ] ] } },
{ "type": "Feature", "properties": { "h3": "89b2c1c0eabffff", "acc_caminata_m2_comercio": 505.60504952476543, "acc_caminata_m2_departamento": 37506.916206138347, "acc_caminata_n_deporte_y_recreacion": 1.3582459360222492, "acc_caminata_n_educacion_y_cultura": 0.93521610026687552, "acc_caminata_m2_habitacional": 2951.2213746288066, "acc_caminata_m2_industria": 2.8046905077295357, "acc_caminata_m2_oficina": 12.305169388410583, "acc_caminata_n_salud": 0.0046182763263373037, "acc_caminata_n_paraderos": 6.3124708228770325 }, "geometry": { "type": "Polygon", "coordinates": [ [ [ -70.718339560487294, -34.150718507133298 ], [ -70.719515204917528, -34.152145907004609 ], [ -70.718610867791, -34.153534071888636 ], [ -70.716530894610457, -34.153494833069665 ], [ -70.715355286541012, -34.152067444374374 ], [ -70.716259615289985, -34.150679283322219 ], [ -70.718339560487294, -34.150718507133298 ] ] ] } },
{ "type": "Feature", "properties": { "h3": "89b2c1c0933ffff", "acc_caminata_m2_comercio": 10.128139243165188, "acc_caminata_m2_departamento": 0.006494215259132333, "acc_caminata_n_deporte_y_recreacion": 4.9832882203051632e-05, "acc_caminata_n_educacion_y_cultura": 0.19910845518188772, "acc_caminata_m2_habitacional": 19139.104158530503, "acc_caminata_m2_industria": 7.9722140951565544e-05, "acc_caminata_m2_oficina": 3.1543610057416758, "acc_caminata_n_salud": 0.00070311578572570871, "acc_caminata_n_paraderos": 0.019273584135794736 }, "geometry": { "type": "Polygon", "coordinates": [ [ [ -70.676833400477676, -34.17240624649758 ], [ -70.678008552705592, -34.173833438137748 ], [ -70.677104174090914, -34.17522055008542 ], [ -70.675024651701364, -34.175180466562132 ], [ -70.673849535913874, -34.173753286123763 ], [ -70.674753906074145, -34.172366178007053 ], [ -70.676833400477676, -34.17240624649758 ] ] ] } },
{ "type": "Feature", "properties": { "h3": "89b2c1c0ea7ffff", "acc_caminata_m2_comercio": 57.847903084399903, "acc_caminata_m2_departamento": 13342.637208472384, "acc_caminata_n_deporte_y_recreacion": 1.2502715189108662, "acc_caminata_n_educacion_y_cultura": 4.499264657303307, "acc_caminata_m2_habitacional": 11604.483665311271, "acc_caminata_m2_industria": 1.0233929309633225, "acc_caminata_m2_oficina": 132.76519444544743, "acc_caminata_n_salud": 0.45951609365509738, "acc_caminata_n_paraderos": 10.033815008768334 }, "geometry": { "type": "Polygon", "coordinates": [ [ [ -70.71209982113777, -34.150600732176123 ], [ -70.713275375472847, -34.152028161295256 ], [ -70.712371044492102, -34.153416251901383 ], [ -70.710291167563781, -34.153376909555412 ], [ -70.709115649600449, -34.15194949161738 ], [ -70.710019972192342, -34.150561404844424 ], [ -70.71209982113777, -34.150600732176123 ] ] ] } },
{ "type": "Feature", "properties": { "h3": "89b2c1c0b2fffff", "acc_caminata_m2_comercio": 84.742891342487198, "acc_caminata_m2_departamento": 0.10522858325267796, "acc_caminata_n_deporte_y_recreacion": 0.0036265185002073322, "acc_caminata_n_educacion_y_cultura": 0.30708406598667004, "acc_caminata_m2_habitacional": 61.211081423208995, "acc_caminata_m2_industria": 0.0018748441135412329, "acc_caminata_m2_oficina": 383.11346132662288, "acc_caminata_n_salud": 0.00026183562579780364, "acc_caminata_n_paraderos": 0.00022650795723309417 }, "geometry": { "type": "Polygon", "coordinates": [ [ [ -70.70016098800275, -34.188302956620198 ], [ -70.701336551474625, -34.189729762021408 ], [ -70.700432092602085, -34.191116767477688 ], [ -70.698352078669444, -34.19107696371308 ], [ -70.697176551601572, -34.189650169488992 ], [ -70.698081002060974, -34.18826316785259 ], [ -70.70016098800275, -34.188302956620198 ] ] ] } },
{ "type": "Feature", "properties": { "h3": "89b2c1c7343ffff", "acc_caminata_m2_comercio": 149.70369464648579, "acc_caminata_m2_departamento": 68.692305820843615, "acc_caminata_n_deporte_y_recreacion": 0.027710616268272269, "acc_caminata_n_educacion_y_cultura": 0.25801336969363914, "acc_caminata_m2_habitacional": 21980.633736529657, "acc_caminata_m2_industria": 2.3924458745917505, "acc_caminata_m2_oficina": 9.6982186553049932, "acc_caminata_n_salud": 0.015834533274737054, "acc_caminata_n_paraderos": 1.8707950221018238e-11 }, "geometry": { "type": "Polygon", "coordinates": [ [ [ -70.648627747333549, -34.170455317736199 ], [ -70.649802484594247, -34.171882666347749 ], [ -70.648898139778979, -34.173269477295605 ], [ -70.646819066207144, -34.173228935794889 ], [ -70.645644365435942, -34.171801598408699 ], [ -70.646548701745743, -34.17041479129805 ], [ -70.648627747333549, -34.170455317736199 ] ] ] } },
{ "type": "Feature", "properties": { "h3": "89b2c1c141bffff", "acc_caminata_m2_comercio": 4.3871888155530524e-07, "acc_caminata_m2_departamento": 3.5779663277093142e-20, "acc_caminata_n_deporte_y_recreacion": 3.0185436232528694e-19, "acc_caminata_n_educacion_y_cultura": 0.0017784039535669359, "acc_caminata_m2_habitacional": 192.07667840061245, "acc_caminata_m2_industria": 2.0796765336797372e-06, "acc_caminata_m2_oficina": 0.028009862268742684, "acc_caminata_n_salud": 1.1358078851604052e-25, "acc_caminata_n_paraderos": 1.723426912558532e-24 }, "geometry": { "type": "Polygon", "coordinates": [ [ [ -70.811140291835343, -34.111655205924734 ], [ -70.812317078013749, -34.113082899648028 ], [ -70.811412802128373, -34.114473181387439 ], [ -70.809331748269372, -34.114435765574108 ], [ -70.808154998276009, -34.113008082965727 ], [ -70.809059265955241, -34.111617805055964 ], [ -70.811140291835343, -34.111655205924734 ] ] ] } },
{ "type": "Feature", "properties": { "h3": "89b2c1c1d07ffff", "acc_caminata_m2_comercio": 5431.2948769865188, "acc_caminata_m2_departamento": 542.85008920797691, "acc_caminata_n_deporte_y_recreacion": 0.037355474148742615, "acc_caminata_n_educacion_y_cultura": 3.9094644937745957, "acc_caminata_m2_habitacional": 10544.566563508926, "acc_caminata_m2_industria": 41.913544684065108, "acc_caminata_m2_oficina": 2107.1793677294072, "acc_caminata_n_salud": 9.0325294139557997, "acc_caminata_n_paraderos": 3.6090000599848073 }, "geometry": { "type": "Polygon", "coordinates": [ [ [ -70.744388016330348, -34.16244876978574 ], [ -70.745564090430435, -34.163875845924508 ], [ -70.744659686493137, -34.165264041418837 ], [ -70.742579216785415, -34.165225156952665 ], [ -70.741403179003541, -34.163798091964608 ], [ -70.742307574609853, -34.162409900292204 ], [ -70.744388016330348, -34.16244876978574 ] ] ] } },
{ "type": "Feature", "properties": { "h3": "89b2c1ce5c3ffff", "acc_caminata_m2_comercio": 3.4870325726618367, "acc_caminata_m2_departamento": 69.968290752477742, "acc_caminata_n_deporte_y_recreacion": 0.014844209476529287, "acc_caminata_n_educacion_y_cultura": 0.0013011686515453195, "acc_caminata_m2_habitacional": 1622.3990895530078, "acc_caminata_m2_industria": 0.0025428665528026942, "acc_caminata_m2_oficina": 0.32650065249863247, "acc_caminata_n_salud": 0.040439639875449053, "acc_caminata_n_paraderos": 0.016768788256888541 }, "geometry": { "type": "Polygon", "coordinates": [ [ [ -70.7131841299786, -34.194168647511901 ], [ -70.714359908502502, -34.195595290980791 ], [ -70.7134554160356, -34.196982311704154 ], [ -70.711375153433323, -34.196942685143895 ], [ -70.710199411292194, -34.195516052839444 ], [ -70.71110389536922, -34.194129035931013 ], [ -70.7131841299786, -34.194168647511901 ] ] ] } },
{ "type": "Feature", "properties": { "h3": "89b2c1c198fffff", "acc_caminata_m2_comercio": 4123.4656517368521, "acc_caminata_m2_departamento": 2191.2591016838264, "acc_caminata_n_deporte_y_recreacion": 0.070303912062518403, "acc_caminata_n_educacion_y_cultura": 23.805734992046769, "acc_caminata_m2_habitacional": 18530.119981793578, "acc_caminata_m2_industria": 119.80449563043675, "acc_caminata_m2_oficina": 1363.9719068717363, "acc_caminata_n_salud": 0.32018090308185387, "acc_caminata_n_paraderos": 0.7375993642446117 }, "geometry": { "type": "Polygon", "coordinates": [ [ [ -70.745746434780585, -34.176523945100669 ], [ -70.746922595762598, -34.177950762927203 ], [ -70.746018138762722, -34.179338625276884 ], [ -70.743937529108962, -34.179299665984352 ], [ -70.742761404446924, -34.177872859302347 ], [ -70.743665853117335, -34.17648500076853 ], [ -70.745746434780585, -34.176523945100669 ] ] ] } },
{ "type": "Feature", "properties": { "h3": "89b2c1c159bffff", "acc_caminata_m2_comercio": 165.49251454011034, "acc_caminata_m2_departamento": 7.6270331010728543e-13, "acc_caminata_n_deporte_y_recreacion": 6.43453012771078e-12, "acc_caminata_n_educacion_y_cultura": 3.2100973489298941e-09, "acc_caminata_m2_habitacional": 378.00371010970684, "acc_caminata_m2_industria": 784.49098498956005, "acc_caminata_m2_oficina": 1.4029291526895585e-06, "acc_caminata_n_salud": 2.4211642992526677e-18, "acc_caminata_n_paraderos": 3.6737724465336595e-17 }, "geometry": { "type": "Polygon", "coordinates": [ [ [ -70.786442259420738, -34.114021911222231 ], [ -70.787618703829537, -34.115449670869531 ], [ -70.786714440747659, -34.116839588993194 ], [ -70.784633741506838, -34.116801743636145 ], [ -70.783457333327547, -34.115373995122887 ], [ -70.784361588158191, -34.11398408083285 ], [ -70.786442259420738, -34.114021911222231 ] ] ] } },
{ "type": "Feature", "properties": { "h3": "89b2c1c09b3ffff", "acc_caminata_m2_comercio": 3691.9893936491521, "acc_caminata_m2_departamento": 134.08833499167233, "acc_caminata_n_deporte_y_recreacion": 0.00046828785049122444, "acc_caminata_n_educacion_y_cultura": 0.0029811501377575208, "acc_caminata_m2_habitacional": 3577.2226197395644, "acc_caminata_m2_industria": 0.00010434559066903817, "acc_caminata_m2_oficina": 17.457888923996812, "acc_caminata_n_salud": 0.015299264379182194, "acc_caminata_n_paraderos": 0.0010413325567906239 }, "geometry": { "type": "Polygon", "coordinates": [ [ [ -70.673037371347277, -34.165309911065108 ], [ -70.674212435044922, -34.166737246260617 ], [ -70.673308086128287, -34.168124487623587 ], [ -70.671228681973446, -34.168084389956611 ], [ -70.670053654720817, -34.166657065968536 ], [ -70.670957995176664, -34.165269828440216 ], [ -70.673037371347277, -34.165309911065108 ] ] ] } },
{ "type": "Feature", "properties": { "h3": "89b2c1c1b8bffff", "acc_caminata_m2_comercio": 5.6243054623953874, "acc_caminata_m2_departamento": 0.013816305955669706, "acc_caminata_n_deporte_y_recreacion": 0.0012636282542539293, "acc_caminata_n_educacion_y_cultura": 0.23845547423310551, "acc_caminata_m2_habitacional": 3556.6441727266624, "acc_caminata_m2_industria": 0.016219880009008564, "acc_caminata_m2_oficina": 2.9015555356852647, "acc_caminata_n_salud": 1.0512018515708891e-05, "acc_caminata_n_paraderos": 0.51239255970821318 }, "geometry": { "type": "Polygon", "coordinates": [ [ [ -70.7715320507792, -34.185432805344185 ], [ -70.772708623789697, -34.186859350366973 ], [ -70.771804110974344, -34.188247309841152 ], [ -70.76972303343031, -34.188208720485619 ], [ -70.768546496696786, -34.186782186583279 ], [ -70.769451001228973, -34.185394230916209 ], [ -70.7715320507792, -34.185432805344185 ] ] ] } },
{ "type": "Feature", "properties": { "h3": "89b2c1c0bafffff", "acc_caminata_m2_comercio": 119.34411087034839, "acc_caminata_m2_departamento": 2.6977403002250773, "acc_caminata_n_deporte_y_recreacion": 0.10372250672927656, "acc_caminata_n_educacion_y_cultura": 0.12755353976159836, "acc_caminata_m2_habitacional": 16716.948151290671, "acc_caminata_m2_industria": 0.00018973359921280902, "acc_caminata_m2_oficina": 10.116578297895501, "acc_caminata_n_salud": 1.2229618445242166e-05, "acc_caminata_n_paraderos": 0.0023386969487317324 }, "geometry": { "type": "Polygon", "coordinates": [ [ [ -70.696363394135432, -34.181208272188059 ], [ -70.697538869093862, -34.182635221313724 ], [ -70.696634439874728, -34.184022356221185 ], [ -70.694554544115391, -34.183982538179635 ], [ -70.693379105565555, -34.182555600236753 ], [ -70.69428352636514, -34.181168469152823 ], [ -70.696363394135432, -34.181208272188059 ] ] ] } },
{ "type": "Feature", "properties": { "h3": "89b2c1c73c3ffff", "acc_caminata_m2_comercio": 47.203435137247567, "acc_caminata_m2_departamento": 81.979277700383989, "acc_caminata_n_deporte_y_recreacion": 7.1363182004967861e-05, "acc_caminata_n_educacion_y_cultura": 0.0041519914740014057, "acc_caminata_m2_habitacional": 2100.935927815623, "acc_caminata_m2_industria": 0.0018638197925765455, "acc_caminata_m2_oficina": 0.27443225881788208, "acc_caminata_n_salud": 7.9310266853411596e-06, "acc_caminata_n_paraderos": 4.1289286597055648e-13 }, "geometry": { "type": "Polygon", "coordinates": [ [ [ -70.64483334432343, -34.163358655733319 ], [ -70.6460079930212, -34.164786147777306 ], [ -70.645103677962041, -34.166173088127628 ], [ -70.643024722715637, -34.166132532593274 ], [ -70.641850110511939, -34.164705051780295 ], [ -70.642754417059237, -34.163318115270854 ], [ -70.64483334432343, -34.163358655733319 ] ] ] } },
{ "type": "Feature", "properties": { "h3": "89b2c1c540bffff", "acc_caminata_m2_comercio": 15.608773946019747, "acc_caminata_m2_departamento": 0.63575167300553237, "acc_caminata_n_deporte_y_recreacion": 0.00030366878553301862, "acc_caminata_n_educacion_y_cultura": 0.0036122466281286441, "acc_caminata_m2_habitacional": 4791.052522608592, "acc_caminata_m2_industria": 0.071163189911883903, "acc_caminata_m2_oficina": 0.65807564186633449, "acc_caminata_n_salud": 0.00027618097178523074, "acc_caminata_n_paraderos": 2.078579347324154e-06 }, "geometry": { "type": "Polygon", "coordinates": [ [ [ -70.665168754158699, -34.180607603679391 ], [ -70.666343777954097, -34.182034698910044 ], [ -70.665439380074687, -34.183421462395323 ], [ -70.663359966874694, -34.183381126820365 ], [ -70.662184979542701, -34.18195404279799 ], [ -70.663089368945947, -34.180567283142508 ], [ -70.665168754158699, -34.180607603679391 ] ] ] } },
{ "type": "Feature", "properties": { "h3": "89b2c1c1913ffff", "acc_caminata_m2_comercio": 2464.6030962830655, "acc_caminata_m2_departamento": 153.6764232181342, "acc_caminata_n_deporte_y_recreacion": 0.0032205185324251789, "acc_caminata_n_educacion_y_cultura": 2.3589735848678313, "acc_caminata_m2_habitacional": 32345.166578772056, "acc_caminata_m2_industria": 561.28124891302673, "acc_caminata_m2_oficina": 609.46800921674753, "acc_caminata_n_salud": 0.055647808172992162, "acc_caminata_n_paraderos": 0.52343921585245901 }, "geometry": { "type": "Polygon", "coordinates": [ [ [ -70.749003239447205, -34.17798966291366 ], [ -70.750179454121607, -34.179416440205948 ], [ -70.749274988798064, -34.180804306370241 ], [ -70.747194317122464, -34.180765391427826 ], [ -70.746018138762722, -34.179338625276884 ], [ -70.746922595762598, -34.177950762927203 ], [ -70.749003239447205, -34.17798966291366 ] ] ] } },
{ "type": "Feature", "properties": { "h3": "89b2c1c550bffff", "acc_caminata_m2_comercio": 19.822331081630864, "acc_caminata_m2_departamento": 34.224589621609439, "acc_caminata_n_deporte_y_recreacion": 0.00072926804419814421, "acc_caminata_n_educacion_y_cultura": 0.0067453825649205976, "acc_caminata_m2_habitacional": 4115.5210916271726, "acc_caminata_m2_industria": 0.027255336500656004, "acc_caminata_m2_oficina": 0.6376656234094783, "acc_caminata_n_salud": 4.5110504629301006e-05, "acc_caminata_n_paraderos": 2.4374610981336132e-13 }, "geometry": { "type": "Polygon", "coordinates": [ [ [ -70.644283008136156, -34.190029953596373 ], [ -70.645457776568975, -34.191456970328574 ], [ -70.644553363757183, -34.192843240574739 ], [ -70.642474191025968, -34.192802490259005 ], [ -70.641299459096118, -34.191375484748598 ], [ -70.642203863393192, -34.189989218332322 ], [ -70.644283008136156, -34.190029953596373 ] ] ] } },
{ "type": "Feature", "properties": { "h3": "89b2c1c1813ffff", "acc_caminata_m2_comercio": 177.9914540175898, "acc_caminata_m2_departamento": 5.9766405169087333, "acc_caminata_n_deporte_y_recreacion": 0.19236007534886312, "acc_caminata_n_educacion_y_cultura": 1.3990065368046984, "acc_caminata_m2_habitacional": 14642.735965043512, "acc_caminata_m2_industria": 6.1688254959226336, "acc_caminata_m2_oficina": 7.7847999872040257, "acc_caminata_n_salud": 0.026724594124165578, "acc_caminata_n_paraderos": 1.846151122927816 }, "geometry": { "type": "Polygon", "coordinates": [ [ [ -70.769899831831466, -34.168543293183625 ], [ -70.771076300549325, -34.169970148411473 ], [ -70.770171851392618, -34.171358507700077 ], [ -70.768090941801674, -34.171320007946647 ], [ -70.766914509358685, -34.16989316384668 ], [ -70.767818950230406, -34.16850480837244 ], [ -70.769899831831466, -34.168543293183625 ] ] ] } },
{ "type": "Feature", "properties": { "h3": "89b2c1c0837ffff", "acc_caminata_m2_comercio": 4.8568733887436881, "acc_caminata_m2_departamento": 106.47163634107615, "acc_caminata_n_deporte_y_recreacion": 2.0041349823475128, "acc_caminata_n_educacion_y_cultura": 0.073489847907552017, "acc_caminata_m2_habitacional": 3508.7002956826327, "acc_caminata_m2_industria": 0.00095877899750820958, "acc_caminata_m2_oficina": 0.16451857923471649, "acc_caminata_n_salud": 0.00017833738556154768, "acc_caminata_n_paraderos": 0.21368928726375669 }, "geometry": { "type": "Polygon", "coordinates": [ [ [ -70.694737261422219, -34.164321284797943 ], [ -70.695912632173815, -34.165748543608373 ], [ -70.695008266670555, -34.167136078282709 ], [ -70.692928538835702, -34.16709635031598 ], [ -70.691753204490567, -34.165669102695759 ], [ -70.692657561572489, -34.164281571852271 ], [ -70.694737261422219, -34.164321284797943 ] ] ] } },
{ "type": "Feature", "properties": { "h3": "89b2c1c149bffff", "acc_caminata_m2_comercio": 8.9622876609543737e-09, "acc_caminata_m2_departamento": 7.3091824442246854e-22, "acc_caminata_n_deporte_y_recreacion": 6.1663761023518569e-21, "acc_caminata_n_educacion_y_cultura": 0.043158654855202767, "acc_caminata_m2_habitacional": 148.83718818584964, "acc_caminata_m2_industria": 4.2484288049099308e-08, "acc_caminata_m2_oficina": 0.67974881396944487, "acc_caminata_n_salud": 2.320264165130221e-27, "acc_caminata_n_paraderos": 3.5206708446700126e-26 }, "geometry": { "type": "Polygon", "coordinates": [ [ [ -70.807337623812671, -34.104553691784062 ], [ -70.808514321668625, -34.105981529315684 ], [ -70.8076100751871, -34.107371940406075 ], [ -70.805529139060823, -34.1073345101317 ], [ -70.804352477394531, -34.105906683720633 ], [ -70.805256715663504, -34.104516276463578 ], [ -70.807337623812671, -34.104553691784062 ] ] ] } },
{ "type": "Feature", "properties": { "h3": "89b2c1ce4c3ffff", "acc_caminata_m2_comercio": 2198.0790396349598, "acc_caminata_m2_departamento": 610.62460876638136, "acc_caminata_n_deporte_y_recreacion": 0.18351212724980223, "acc_caminata_n_educacion_y_cultura": 1.5394804327945455, "acc_caminata_m2_habitacional": 18466.693278087037, "acc_caminata_m2_industria": 1013.9539873623033, "acc_caminata_m2_oficina": 794.53530935613037, "acc_caminata_n_salud": 0.011743700500709246, "acc_caminata_n_paraderos": 3.4125656240333275 }, "geometry": { "type": "Polygon", "coordinates": [ [ [ -70.734078053650279, -34.18473317717995 ], [ -70.735254086694624, -34.186159898746183 ], [ -70.734349609973691, -34.187547412656343 ], [ -70.732269108558313, -34.187508201185715 ], [ -70.731093111857021, -34.186081490770448 ], [ -70.731997580226704, -34.184693980675029 ], [ -70.734078053650279, -34.18473317717995 ] ] ] } },
{ "type": "Feature", "properties": { "h3": "89b2c1c0cafffff", "acc_caminata_m2_comercio": 0.01767227599248274, "acc_caminata_m2_departamento": 0.071844871405749022, "acc_caminata_n_deporte_y_recreacion": 0.00075449821380492899, "acc_caminata_n_educacion_y_cultura": 1.6293275961908864e-05, "acc_caminata_m2_habitacional": 574.07824956693753, "acc_caminata_m2_industria": 0.0017475123536633194, "acc_caminata_m2_oficina": 0.056907196364484033, "acc_caminata_n_salud": 1.4438488733980521e-07, "acc_caminata_n_paraderos": 0.0019307941080279306 }, "geometry": { "type": "Polygon", "coordinates": [ [ [ -70.692569462330965, -34.141798681538845 ], [ -70.69374469416519, -34.143226353016217 ], [ -70.69284041360477, -34.144614420604654 ], [ -70.690760909632516, -34.144574812875305 ], [ -70.689585714201911, -34.143147152598026 ], [ -70.690489986338591, -34.141759088850215 ], [ -70.692569462330965, -34.141798681538845 ] ] ] } },
{ "type": "Feature", "properties": { "h3": "89b2c1c1d87ffff", "acc_caminata_m2_comercio": 9638.0285453725264, "acc_caminata_m2_departamento": 759.16931280913116, "acc_caminata_n_deporte_y_recreacion": 3.443582113324418, "acc_caminata_n_educacion_y_cultura": 2.6158444942705374, "acc_caminata_m2_habitacional": 26224.305013820031, "acc_caminata_m2_industria": 12.763215718457053, "acc_caminata_m2_oficina": 447.749415777205, "acc_caminata_n_salud": 0.405552618801719, "acc_caminata_n_paraderos": 3.4006956477018524 }, "geometry": { "type": "Polygon", "coordinates": [ [ [ -70.740588324886872, -34.155351812248774 ], [ -70.741764310546003, -34.156779032167776 ], [ -70.740859936163872, -34.15816735708205 ], [ -70.738779584458669, -34.158128458251895 ], [ -70.737603635122369, -34.156701249489224 ], [ -70.738508001167105, -34.155312928400562 ], [ -70.740588324886872, -34.155351812248774 ] ] ] } },
{ "type": "Feature", "properties": { "h3": "89b2c1c0a33ffff", "acc_caminata_m2_comercio": 7457.1631691611738, "acc_caminata_m2_departamento": 11487.074157396382, "acc_caminata_n_deporte_y_recreacion": 0.096099329135391834, "acc_caminata_n_educacion_y_cultura": 2.808925357378401, "acc_caminata_m2_habitacional": 14900.751101813328, "acc_caminata_m2_industria": 155.58664756294235, "acc_caminata_m2_oficina": 379.66979636398162, "acc_caminata_n_salud": 0.065457618207983737, "acc_caminata_n_paraderos": 6.1042733961299769 }, "geometry": { "type": "Polygon", "coordinates": [ [ [ -70.720510208058258, -34.173239714550796 ], [ -70.721685991453683, -34.174666701429956 ], [ -70.720781569405204, -34.176054333337241 ], [ -70.718701372335076, -34.176014974543406 ], [ -70.717525625303267, -34.174587998830376 ], [ -70.718430038976621, -34.173200370745221 ], [ -70.720510208058258, -34.173239714550796 ] ] ] } },
{ "type": "Feature", "properties": { "h3": "89b2c1c7247ffff", "acc_caminata_m2_comercio": 56.712812984259863, "acc_caminata_m2_departamento": 0.56406032259786398, "acc_caminata_n_deporte_y_recreacion": 0.025038110273784924, "acc_caminata_n_educacion_y_cultura": 0.0017423132865623187, "acc_caminata_m2_habitacional": 15343.571747517595, "acc_caminata_m2_industria": 0.00027980319271692127, "acc_caminata_m2_oficina": 20.772561838099836, "acc_caminata_n_salud": 9.4218094084744293e-05, "acc_caminata_n_paraderos": 6.2751024395023375e-06 }, "geometry": { "type": "Polygon", "coordinates": [ [ [ -70.666528715309497, -34.162374910128662 ], [ -70.66770367138858, -34.163802326051858 ], [ -70.666799339399347, -34.165189559744292 ], [ -70.664720059802136, -34.165149373676606 ], [ -70.663545140178655, -34.163721968967195 ], [ -70.664449463695448, -34.162334739111891 ], [ -70.666528715309497, -34.162374910128662 ] ] ] } },
{ "type": "Feature", "properties": { "h3": "89b2c1c004bffff", "acc_caminata_m2_comercio": 22.241704123328638, "acc_caminata_m2_departamento": 0.0098047048805432451, "acc_caminata_n_deporte_y_recreacion": 0.085135684007737036, "acc_caminata_n_educacion_y_cultura": 0.0031596985055369585, "acc_caminata_m2_habitacional": 216.38308296319457, "acc_caminata_m2_industria": 1832.0235728258415, "acc_caminata_m2_oficina": 8.6758261834344648, "acc_caminata_n_salud": 3.0122448489044895e-08, "acc_caminata_n_paraderos": 4.5065013509234728e-07 }, "geometry": { "type": "Polygon", "coordinates": [ [ [ -70.756322630852111, -34.124719932715294 ], [ -70.757498695337915, -34.126147632546548 ], [ -70.75659441957427, -34.127536912965674 ], [ -70.754514087630142, -34.12749848971859 ], [ -70.753338059430291, -34.126070801041948 ], [ -70.754242326887251, -34.124681524457998 ], [ -70.756322630852111, -34.124719932715294 ] ] ] } },
{ "type": "Feature", "properties": { "h3": "89b2c1c1c0bffff", "acc_caminata_m2_comercio": 8094.8795753145969, "acc_caminata_m2_departamento": 1268.0553628968469, "acc_caminata_n_deporte_y_recreacion": 8.8425027318899917e-05, "acc_caminata_n_educacion_y_cultura": 0.066523697555162312, "acc_caminata_m2_habitacional": 149.34939680775813, "acc_caminata_m2_industria": 0.43310251782180553, "acc_caminata_m2_oficina": 17.457852979118648, "acc_caminata_n_salud": 0.15846734525120279, "acc_caminata_n_paraderos": 0.15688347470952907 }, "geometry": { "type": "Polygon", "coordinates": [ [ [ -70.771524996706248, -34.153115037735169 ], [ -70.772701414793374, -34.154542162478712 ], [ -70.771797021006833, -34.155930925332434 ], [ -70.769716217412835, -34.155892559622401 ], [ -70.768539835593188, -34.15446544601096 ], [ -70.769444221098723, -34.15307668697767 ], [ -70.771524996706248, -34.153115037735169 ] ] ] } },
{ "type": "Feature", "properties": { "h3": "89b2c1c548bffff", "acc_caminata_m2_comercio": 662.9506717858369, "acc_caminata_m2_departamento": 39.679597125184806, "acc_caminata_n_deporte_y_recreacion": 5.0962041304383838, "acc_caminata_n_educacion_y_cultura": 6.1346615260139776, "acc_caminata_m2_habitacional": 9054.8769902547429, "acc_caminata_m2_industria": 1.4420645441397861, "acc_caminata_m2_oficina": 41.18049684674029, "acc_caminata_n_salud": 0.010457103590376772, "acc_caminata_n_paraderos": 7.2736568500433159e-08 }, "geometry": { "type": "Polygon", "coordinates": [ [ [ -70.661373258058944, -34.173512002360191 ], [ -70.662548193304048, -34.174939241137984 ], [ -70.661643825148872, -34.176326134049241 ], [ -70.659564530229844, -34.176285784349417 ], [ -70.658389631452735, -34.174858556785544 ], [ -70.659293991125324, -34.173471667707787 ], [ -70.661373258058944, -34.173512002360191 ] ] ] } },
{ "type": "Feature", "properties": { "h3": "89b2c1c1893ffff", "acc_caminata_m2_comercio": 251.21044131548427, "acc_caminata_m2_departamento": 1.2581615364081922, "acc_caminata_n_deporte_y_recreacion": 0.00074830716984271317, "acc_caminata_n_educacion_y_cultura": 0.017561491523479539, "acc_caminata_m2_habitacional": 7147.003586382285, "acc_caminata_m2_industria": 51.354184531235759, "acc_caminata_m2_oficina": 75.580360930523611, "acc_caminata_n_salud": 0.020470690010052743, "acc_caminata_n_paraderos": 0.36351317614688428 }, "geometry": { "type": "Polygon", "coordinates": [ [ [ -70.766098607096339, -34.161447055154724 ], [ -70.767274987400128, -34.162874054294313 ], [ -70.76637056774689, -34.164262543022112 ], [ -70.764289776079963, -34.164224028792454 ], [ -70.76311343205569, -34.162797040786359 ], [ -70.764017843417506, -34.161408555876633 ], [ -70.766098607096339, -34.161447055154724 ] ] ] } },
{ "type": "Feature", "properties": { "h3": "89b2c1c03c3ffff", "acc_caminata_m2_comercio": 11.239038850106146, "acc_caminata_m2_departamento": 17.215422368075888, "acc_caminata_n_deporte_y_recreacion": 0.020565182609766097, "acc_caminata_n_educacion_y_cultura": 0.060152568836179608, "acc_caminata_m2_habitacional": 4303.6320562760584, "acc_caminata_m2_industria": 521.20892534456357, "acc_caminata_m2_oficina": 0.35435324589813078, "acc_caminata_n_salud": 5.272657256116397e-05, "acc_caminata_n_paraderos": 0.00078774084446217585 }, "geometry": { "type": "Polygon", "coordinates": [ [ [ -70.751168674637725, -34.135871636231293 ], [ -70.752344718662144, -34.137299158911297 ], [ -70.751440406476291, -34.138688098651514 ], [ -70.749360058581516, -34.138649511880352 ], [ -70.748184050855471, -34.137222000355138 ], [ -70.749088354724478, -34.135833064446508 ], [ -70.751168674637725, -34.135871636231293 ] ] ] } },
{ "type": "Feature", "properties": { "h3": "89b2c1c0e2bffff", "acc_caminata_m2_comercio": 857.57448069540339, "acc_caminata_m2_departamento": 18697.127083939191, "acc_caminata_n_deporte_y_recreacion": 0.044266680655956896, "acc_caminata_n_educacion_y_cultura": 0.285302267659019, "acc_caminata_m2_habitacional": 17294.481252069781, "acc_caminata_m2_industria": 11.616718149847712, "acc_caminata_m2_oficina": 15.958540743479039, "acc_caminata_n_salud": 0.0046063285521592235, "acc_caminata_n_paraderos": 6.9589008366027612 }, "geometry": { "type": "Polygon", "coordinates": [ [ [ -70.722137924285178, -34.157816024622001 ], [ -70.723313657180157, -34.159243280824576 ], [ -70.722409290453271, -34.160631316304261 ], [ -70.720329199201203, -34.160592091753351 ], [ -70.71915350266238, -34.159164846721147 ], [ -70.720057861018134, -34.157776815069674 ], [ -70.722137924285178, -34.157816024622001 ] ] ] } },
{ "type": "Feature", "properties": { "h3": "89b2c1c0ab3ffff", "acc_caminata_m2_comercio": 1660.3605428187675, "acc_caminata_m2_departamento": 2369.2358000910749, "acc_caminata_n_deporte_y_recreacion": 0.23460082314176389, "acc_caminata_n_educacion_y_cultura": 8.3594139855248635, "acc_caminata_m2_habitacional": 20967.678239526114, "acc_caminata_m2_industria": 11.751752156683271, "acc_caminata_m2_oficina": 101.78672753151956, "acc_caminata_n_salud": 0.17440304961855252, "acc_caminata_n_paraderos": 4.931803405468548 }, "geometry": { "type": "Polygon", "coordinates": [ [ [ -70.716711697608673, -34.166143677743449 ], [ -70.717887392526237, -34.167570808357766 ], [ -70.716983000085236, -34.168958569696272 ], [ -70.714902921106827, -34.168919196594835 ], [ -70.713727262557498, -34.167492077152282 ], [ -70.714631646616965, -34.16610431963958 ], [ -70.716711697608673, -34.166143677743449 ] ] ] } }
]
}
