{
"type": "FeatureCollection",
"name": "celdas_area",
"crs": { "type": "name", "properties": { "name": "urn:ogc:def:crs:OGC:1.3:CRS84" } },
"features": [
{ "type": "Feature", "properties": { "h3": "89b2c1c1337ffff" }, "geometry": { "type": "Polygon", "coordinates": [ [ [ -70.803012906687357, -34.156502263351662 ], [ -70.804189791438262, -34.157929189155553 ], [ -70.803285357579028, -34.159318256655766 ], [ -70.801204047191433, -34.159280394539529 ], [ -70.800027198653154, -34.157853479841094 ], [ -70.800931624288495, -34.156464416153653 ], [ -70.803012906687357, -34.156502263351662 ] ] ] } },
{ "type": "Feature", "properties": { "h3": "89b2c1c035bffff" }, "geometry": { "type": "Polygon", "coordinates": [ [ [ -70.757953464665619, -34.141620040919229 ], [ -70.759129633392092, -34.14304743101583 ], [ -70.758225293981695, -34.144436311805727 ], [ -70.756144794148412, -34.144397798671349 ], [ -70.754968661709995, -34.142970419721962 ], [ -70.755872992815469, -34.14158154275993 ], [ -70.757953464665619, -34.141620040919229 ] ] ] } },
{ "type": "Feature", "properties": { "h3": "89b2c1c42cbffff" }, "geometry": { "type": "Polygon", "coordinates": [ [ [ -70.629095430165293, -34.193943315558528 ], [ -70.63026999866797, -34.195370327738388 ], [ -70.62936558597022, -34.196756312288052 ], [ -70.627286613310986, -34.196715280826901 ], [ -70.626112081339173, -34.195288279879712 ], [ -70.62701648549438, -34.193902299161209 ], [ -70.629095430165293, -34.193943315558528 ] ] ] } },
{ "type": "Feature", "properties": { "h3": "89b2c1c1c23ffff" }, "geometry": { "type": "Polygon", "coordinates": [ [ [ -70.762569608256555, -34.157165873326882 ], [ -70.76374591752429, -34.158592964668287 ], [ -70.762841516771729, -34.159981516200681 ], [ -70.760760815047632, -34.159942972571343 ], [ -70.759584542064403, -34.158515892367824 ], [ -70.760488934519415, -34.157127344655954 ], [ -70.762569608256555, -34.157165873326882 ] ] ] } },
{ "type": "Feature", "properties": { "h3": "89b2c1c16afffff" }, "geometry": { "type": "Polygon", "coordinates": [ [ [ -70.821732218722204, -34.124503342950511 ], [ -70.822909217716713, -34.125930760012054 ], [ -70.82200488545358, -34.127320853432487 ], [ -70.819923562382286, -34.127283525969382 ], [ -70.81874659955777, -34.125856120009644 ], [ -70.819650923633205, -34.124466030411426 ], [ -70.821732218722204, -34.124503342950511 ] ] ] } },
{ "type": "Feature", "properties": { "h3": "89b2c1c52a7ffff" }, "geometry": { "type": "Polygon", "coordinates": [ [ [ -70.674114505179134, -34.20886207521729 ], [ -70.675289792916004, -34.210288625043709 ], [ -70.674385282482987, -34.21167479640588 ], [ -70.672305492773646, -34.211634414125449 ], [ -70.67113024149279, -34.210207875489772 ], [ -70.672034743463939, -34.20882170794399 ], [ -70.674114505179134, -34.20886207521729 ] ] ] } },
{ "type": "Feature", "properties": { "h3": "89b2c1c0c47ffff" }, "geometry": { "type": "Polygon", "coordinates": [ [ [ -70.708302135841052, -34.143502468092194 ], [ -70.70947760170435, -34.144930040805434 ], [ -70.70857330034309, -34.146318260799745 ], [ -70.706493541512458, -34.146278904244149 ], [ -70.705318112025495, -34.144851342717637 ], [ -70.706222404991479, -34.143463126560192 ], [ -70.708302135841052, -34.143502468092194 ] ] ] } },
{ "type": "Feature", "properties": { "h3": "89b2c1c54a3ffff" }, "geometry": { "type": "Polygon", "coordinates": [ [ [ -70.652422474843249, -34.177551276529115 ], [ -70.653597300667414, -34.178978481659364 ], [ -70.652692926102205, -34.180365163190878 ], [ -70.650613734210523, -34.180324635758858 ], [ -70.649438944871278, -34.178897441848356 ], [ -70.65034331093743, -34.177510764150341 ], [ -70.652422474843249, -34.177551276529115 ] ] ] } },
{ "type": "Feature", "properties": { "h3": "89b2c1c18abffff" }, "geometry": { "type": "Polygon", "coordinates": [ [ [ -70.763929218522819, -34.171242904751352 ], [ -70.765105614685268, -34.172669737721527 ], [ -70.764201160884411, -34.174057956121239 ], [ -70.762120319215796, -34.17401933773651 ], [ -70.760943959339599, -34.172592515898046 ], [ -70.761848404844429, -34.171204301312805 ], [ -70.763929218522819, -34.171242904751352 ] ] ] } },
{ "type": "Feature", "properties": { "h3": "89b2c1c08cfffff" }, "geometry": { "type": "Polygon", "coordinates": [ [ [ -70.709658025863774, -34.157580249596144 ], [ -70.710833578562699, -34.159007564328689 ], [ -70.709929224123286, -34.160395451255084 ], [ -70.707849325377396, -34.160356019618369 ], [ -70.70667380905661, -34.158928716066377 ], [ -70.707578155102254, -34.157540832970724 ], [ -70.709658025863774, -34.157580249596144 ] ] ] } },
{ "type": "Feature", "properties": { "h3": "89b2c1c1533ffff" }, "geometry": { "type": "Polygon", "coordinates": [ [ [ -70.781288771582069, -34.125178138572835 ], [ -70.782465195654268, -34.12660572105991 ], [ -70.781560896063738, -34.12799529853487 ], [ -70.779480180661025, -34.127957289692922 ], [ -70.778303792830755, -34.126529718340088 ], [ -70.779208084159947, -34.125140144695159 ], [ -70.781288771582069, -34.125178138572835 ] ] ] } },
{ "type": "Feature", "properties": { "h3": "89b2c1ce55bffff" }, "geometry": { "type": "Polygon", "coordinates": [ [ [ -70.719967773203521, -34.199914574951691 ], [ -70.721143676602239, -34.201341085724131 ], [ -70.720239156754715, -34.202728047426682 ], [ -70.718158741885034, -34.202688494545782 ], [ -70.716982874858786, -34.201261994930235 ], [ -70.717887386328385, -34.1998750370389 ], [ -70.719967773203521, -34.199914574951691 ] ] ] } },
{ "type": "Feature", "properties": { "h3": "89b2c1c0a4bffff" }, "geometry": { "type": "Polygon", "coordinates": [ [ [ -70.739233172617006, -34.173592254877555 ], [ -70.740409226200669, -34.175019153746227 ], [ -70.739504785865549, -34.176407008462974 ], [ -70.73742430028652, -34.176367960492904 ], [ -70.736248283033476, -34.174941072775077 ], [ -70.737152715027491, -34.173553221876659 ], [ -70.739233172617006, -34.173592254877555 ] ] ] } },
{ "type": "Feature", "properties": { "h3": "89b2c1c4643ffff" }, "geometry": { "type": "Polygon", "coordinates": [ [ [ -70.627744752065297, -34.179876558916426 ], [ -70.628919233780834, -34.181303828909869 ], [ -70.628014874229493, -34.182690146623095 ], [ -70.625936041505256, -34.182649190505806 ], [ -70.624761596318763, -34.18122193175126 ], [ -70.625665947326112, -34.179835617875305 ], [ -70.627744752065297, -34.179876558916426 ] ] ] } },
{ "type": "Feature", "properties": { "h3": "89b2c1d8967ffff" }, "geometry": { "type": "Polygon", "coordinates": [ [ [ -70.829870957525372, -34.111990258496483 ], [ -70.831048012842956, -34.113417863880208 ], [ -70.830143719633227, -34.114808368364557 ], [ -70.828062379276602, -34.114771263639661 ], [ -70.826885360110879, -34.113343669355608 ], [ -70.827789645148584, -34.111953168696978 ], [ -70.829870957525372, -34.111990258496483 ] ] ] } },
{ "type": "Feature", "properties": { "h3": "89b2c1c0557ffff" }, "geometry": { "type": "Polygon", "coordinates": [ [ [ -70.727019961698048, -34.111521547108232 ], [ -70.72819554310361, -34.112949610683415 ], [ -70.727291342309954, -34.114338856540641 ], [ -70.725211568468438, -34.114300034976381 ], [ -70.724036023396721, -34.112871982584231 ], [ -70.724940215831296, -34.1114827405735 ], [ -70.727019961698048, -34.111521547108232 ] ] ] } },
{ "type": "Feature", "properties": { "h3": "89b2c1c11bbffff" }, "geometry": { "type": "Polygon", "coordinates": [ [ [ -70.782649461721917, -34.139262755911403 ], [ -70.783825972683132, -34.14069008016002 ], [ -70.782921620070539, -34.142079324605788 ], [ -70.780840764755197, -34.142041240979196 ], [ -70.77966429003763, -34.140613927858674 ], [ -70.780568634390406, -34.139224687236833 ], [ -70.782649461721917, -34.139262755911403 ] ] ] } },
{ "type": "Feature", "properties": { "h3": "89b2c1c0e43ffff" }, "geometry": { "type": "Polygon", "coordinates": [ [ [ -70.73407592925966, -34.152419438991522 ], [ -70.735251807522587, -34.15384673985632 ], [ -70.734347449821101, -34.155235057118141 ], [ -70.732267222204371, -34.155196069687229 ], [ -70.73109138027489, -34.153768779985086 ], [ -70.731995729627343, -34.152380466551399 ], [ -70.73407592925966, -34.152419438991522 ] ] ] } },
{ "type": "Feature", "properties": { "h3": "89b2c1c1aa7ffff" }, "geometry": { "type": "Polygon", "coordinates": [ [ [ -70.78048890266669, -34.181383882975979 ], [ -70.781665584473984, -34.182810461348581 ], [ -70.780761078671659, -34.184198632163437 ], [ -70.778679899327258, -34.184160220798873 ], [ -70.777503253779855, -34.182733653540943 ], [ -70.778407751315612, -34.181345486533111 ], [ -70.78048890266669, -34.181383882975979 ] ] ] } },
{ "type": "Feature", "properties": { "h3": "89b2c1c0acbffff" }, "geometry": { "type": "Polygon", "coordinates": [ [ [ -70.735433599665299, -34.166496347105976 ], [ -70.736609564793696, -34.167923389786857 ], [ -70.735705154027144, -34.169311373941625 ], [ -70.733624786478401, -34.169272311593716 ], [ -70.732448857685242, -34.167845280069329 ], [ -70.733353260104266, -34.166457299736557 ], [ -70.735433599665299, -34.166496347105976 ] ] ] } },
{ "type": "Feature", "properties": { "h3": "89b2c1c5327ffff" }, "geometry": { "type": "Polygon", "coordinates": [ [ [ -70.657021062411133, -34.225371269468205 ], [ -70.658196183429325, -34.226797597193155 ], [ -70.657291628202984, -34.228183145770316 ], [ -70.655211960451112, -34.228142362809905 ], [ -70.654036875923964, -34.226716046283521 ], [ -70.654941422656265, -34.225330501519174 ], [ -70.657021062411133, -34.225371269468205 ] ] ] } },
{ "type": "Feature", "properties": { "h3": "89b2c1c336fffff" }, "geometry": { "type": "Polygon", "coordinates": [ [ [ -70.789427217036049, -34.112669697603231 ], [ -70.790603697668644, -34.114097468382667 ], [ -70.789699436943224, -34.115487456932506 ], [ -70.787618703829537, -34.115449670869531 ], [ -70.786442259420738, -34.114021911222231 ], [ -70.787346511900466, -34.112631926505969 ], [ -70.789427217036049, -34.112669697603231 ] ] ] } },
{ "type": "Feature", "properties": { "h3": "89b2c1c13b7ffff" }, "geometry": { "type": "Polygon", "coordinates": [ [ [ -70.79921000243786, -34.1494050346246 ], [ -70.80038679882405, -34.15083210441653 ], [ -70.79948239439635, -34.152221301345392 ], [ -70.797401201811454, -34.152183424666077 ], [ -70.796224441642536, -34.150756365985224 ], [ -70.797128837839892, -34.149367172872836 ], [ -70.79921000243786, -34.1494050346246 ] ] ] } },
{ "type": "Feature", "properties": { "h3": "89b2c1c0dc3ffff" }, "geometry": { "type": "Polygon", "coordinates": [ [ [ -70.686601998100215, -34.144495493965451 ], [ -70.687777157121587, -34.145923143040697 ], [ -70.686872872178782, -34.147311069734641 ], [ -70.684793436648022, -34.147271343512848 ], [ -70.683618314041581, -34.145843705641568 ], [ -70.684522590549648, -34.144455782788292 ], [ -70.686601998100215, -34.144495493965451 ] ] ] } },
{ "type": "Feature", "properties": { "h3": "89b2c1c03dbffff" }, "geometry": { "type": "Polygon", "coordinates": [ [ [ -70.754153330129114, -34.134521142388351 ], [ -70.755329410446222, -34.13594867622119 ], [ -70.754425100557739, -34.137337686398347 ], [ -70.752344718662144, -34.137299158911297 ], [ -70.751168674637725, -34.135871636231293 ], [ -70.752072976214876, -34.134482629885703 ], [ -70.754153330129114, -34.134521142388351 ] ] ] } },
{ "type": "Feature", "properties": { "h3": "89b2c1c0063ffff" }, "geometry": { "type": "Polygon", "coordinates": [ [ [ -70.747369011688747, -34.128772148561382 ], [ -70.748544967299622, -34.130199814923053 ], [ -70.747640684648445, -34.131588884038024 ], [ -70.745560454708254, -34.131550282956248 ], [ -70.744384535400357, -34.130122627754972 ], [ -70.745288809728294, -34.128733562475297 ], [ -70.747369011688747, -34.128772148561382 ] ] ] } },
{ "type": "Feature", "properties": { "h3": "89b2c1c1ca3ffff" }, "geometry": { "type": "Polygon", "coordinates": [ [ [ -70.7587689729136, -34.150068498823686 ], [ -70.759945193766441, -34.151495733993528 ], [ -70.759040822529897, -34.152884414942449 ], [ -70.756960238743162, -34.1528458568975 ], [ -70.755784054179443, -34.151418632871184 ], [ -70.756688417111988, -34.150029955746476 ], [ -70.7587689729136, -34.150068498823686 ] ] ] } },
{ "type": "Feature", "properties": { "h3": "89b2c1c0cc7ffff" }, "geometry": { "type": "Polygon", "coordinates": [ [ [ -70.704504774807646, -34.136403500375536 ], [ -70.70568015219969, -34.137831216633948 ], [ -70.704775880464098, -34.139219566002495 ], [ -70.702696239736838, -34.139180195272289 ], [ -70.701520898725761, -34.137752490206253 ], [ -70.702425162059654, -34.136364144678254 ], [ -70.704504774807646, -34.136403500375536 ] ] ] } },
{ "type": "Feature", "properties": { "h3": "89b2c1c5523ffff" }, "geometry": { "type": "Polygon", "coordinates": [ [ [ -70.635332457895004, -34.194066157931168 ], [ -70.636507116801965, -34.195493140992227 ], [ -70.635602697665632, -34.196879199839536 ], [ -70.633523628152275, -34.196838271796054 ], [ -70.632349005765249, -34.195411299962558 ], [ -70.633253416370337, -34.194025244945195 ], [ -70.635332457895004, -34.194066157931168 ] ] ] } },
{ "type": "Feature", "properties": { "h3": "89b2c1c192bffff" }, "geometry": { "type": "Polygon", "coordinates": [ [ [ -70.746833291297619, -34.187781955918233 ], [ -70.748009521793236, -34.189208567016067 ], [ -70.747105022339554, -34.190596162815233 ], [ -70.745024300717162, -34.190557143705782 ], [ -70.743848106542927, -34.189130543747517 ], [ -70.744752597668366, -34.187742951759333 ], [ -70.746833291297619, -34.187781955918233 ] ] ] } },
{ "type": "Feature", "properties": { "h3": "89b2c1c094fffff" }, "geometry": { "type": "Polygon", "coordinates": [ [ [ -70.692566124664268, -34.174112883538399 ], [ -70.693741511109735, -34.175539976339692 ], [ -70.69283711155019, -34.176927240684549 ], [ -70.690757333969827, -34.176887408401065 ], [ -70.689581983937543, -34.175460326788198 ], [ -70.690486375071131, -34.174073066270566 ], [ -70.692566124664268, -34.174112883538399 ] ] ] } },
{ "type": "Feature", "properties": { "h3": "89b2c1cad5bffff" }, "geometry": { "type": "Polygon", "coordinates": [ [ [ -70.826368476154258, -34.172384930019717 ], [ -70.82754577073942, -34.173811467901579 ], [ -70.826641258272758, -34.175200428787548 ], [ -70.824559459401954, -34.175162847990272 ], [ -70.82338220099264, -34.17373632118931 ], [ -70.824286705276904, -34.172347364104922 ], [ -70.826368476154258, -34.172384930019717 ] ] ] } },
{ "type": "Feature", "properties": { "h3": "89b2c1c15b3ffff" }, "geometry": { "type": "Polygon", "coordinates": [ [ [ -70.77748757577028, -34.118077773770686 ], [ -70.778663911473544, -34.119505500010028 ], [ -70.777759641352361, -34.120895206850491 ], [ -70.775679043794312, -34.120857183618085 ], [ -70.77450274433761, -34.119429468518575 ], [ -70.775407006191003, -34.118039765511867 ], [ -70.77748757577028, -34.118077773770686 ] ] ] } },
{ "type": "Feature", "properties": { "h3": "89b2c1ce5dbffff" }, "geometry": { "type": "Polygon", "coordinates": [ [ [ -70.716168880584519, -34.192821112433869 ], [ -70.717344695485494, -34.194247767065306 ], [ -70.716440205252979, -34.195634858246116 ], [ -70.714359908502502, -34.195595290980791 ], [ -70.7131841299786, -34.194168647511901 ], [ -70.714088611826767, -34.192781560145974 ], [ -70.716168880584519, -34.192821112433869 ] ] ] } },
{ "type": "Feature", "properties": { "h3": "89b2c1c113bffff" }, "geometry": { "type": "Polygon", "coordinates": [ [ [ -70.786451276090844, -34.146361050161936 ], [ -70.787627875429877, -34.147788230537138 ], [ -70.786723493353634, -34.149177345577812 ], [ -70.784642520190388, -34.149139276423206 ], [ -70.783465957090385, -34.147712107170463 ], [ -70.784370330913248, -34.146322995950051 ], [ -70.786451276090844, -34.146361050161936 ] ] ] } },
{ "type": "Feature", "properties": { "h3": "89b2c1c123bffff" }, "geometry": { "type": "Polygon", "coordinates": [ [ [ -70.830158490451964, -34.14715220249861 ], [ -70.831335718248653, -34.148579176445978 ], [ -70.830431295437748, -34.149968811220617 ], [ -70.828349653002675, -34.149931468236908 ], [ -70.827172461367695, -34.148504505376422 ], [ -70.828076876004744, -34.147114874412964 ], [ -70.830158490451964, -34.14715220249861 ] ] ] } },
{ "type": "Feature", "properties": { "h3": "89b2c1c0ec3ffff" }, "geometry": { "type": "Polygon", "coordinates": [ [ [ -70.730276974932536, -34.145321461019833 ], [ -70.731452764749179, -34.146748905575869 ], [ -70.730548436621916, -34.148137352236354 ], [ -70.728468327032132, -34.148098350509194 ], [ -70.727292573553598, -34.146670917121433 ], [ -70.728196893325389, -34.145282474292763 ], [ -70.730276974932536, -34.145321461019833 ] ] ] } },
{ "type": "Feature", "properties": { "h3": "89b2c1c0b4bffff" }, "geometry": { "type": "Polygon", "coordinates": [ [ [ -70.718339613796289, -34.183031255507693 ], [ -70.719515412946365, -34.184458076279959 ], [ -70.718610956805833, -34.185845437835184 ], [ -70.716530709893604, -34.185805974799813 ], [ -70.715354947113866, -34.184379165191871 ], [ -70.716259394874655, -34.182991807455174 ], [ -70.718339613796289, -34.183031255507693 ] ] ] } },
{ "type": "Feature", "properties": { "h3": "89b2c1c53a7ffff" }, "geometry": { "type": "Polygon", "coordinates": [ [ [ -70.653225334856074, -34.218279952580502 ], [ -70.654400367281823, -34.219706424031244 ], [ -70.653495841807498, -34.221092102110546 ], [ -70.651416292406509, -34.221051304922867 ], [ -70.650241296476395, -34.219624844676375 ], [ -70.651145813450299, -34.218239170413526 ], [ -70.653225334856074, -34.218279952580502 ] ] ] } },
{ "type": "Feature", "properties": { "h3": "89b2c1c502fffff" }, "geometry": { "type": "Polygon", "coordinates": [ [ [ -70.658381796140887, -34.207152130846069 ], [ -70.659556849441444, -34.208578779591974 ], [ -70.658652360121948, -34.209964798566823 ], [ -70.656572825990906, -34.209924164975838 ], [ -70.655397809173593, -34.208497527434048 ], [ -70.65630229000277, -34.207111512279305 ], [ -70.658381796140887, -34.207152130846069 ] ] ] } },
{ "type": "Feature", "properties": { "h3": "89b2c1c1437ffff" }, "geometry": { "type": "Polygon", "coordinates": [ [ [ -70.799199306121466, -34.11706593571617 ], [ -70.800375947525652, -34.118493584968149 ], [ -70.799471662098114, -34.119883585011181 ], [ -70.797390743493224, -34.119845931972627 ], [ -70.796214138296833, -34.118418293843305 ], [ -70.797118415496158, -34.117028297630078 ], [ -70.799199306121466, -34.11706593571617 ] ] ] } },
{ "type": "Feature", "properties": { "h3": "89b2c1c1d23ffff" }, "geometry": { "type": "Polygon", "coordinates": [ [ [ -70.741674810566678, -34.166613282001229 ], [ -70.742850865723696, -34.168040295336866 ], [ -70.74194644889235, -34.169428353759649 ], [ -70.739865985238879, -34.169389395026251 ], [ -70.738689966406142, -34.167962392842021 ], [ -70.739594374901259, -34.166574338239975 ], [ -70.741674810566678, -34.166613282001229 ] ] ] } },
{ "type": "Feature", "properties": { "h3": "89b2c1c0d47ffff" }, "geometry": { "type": "Polygon", "coordinates": [ [ [ -70.687414640568875, -34.152941866743454 ], [ -70.688589851678756, -34.154369361108998 ], [ -70.687685534880885, -34.155757087970386 ], [ -70.685606015405682, -34.155717316629449 ], [ -70.684430840711812, -34.154289833464155 ], [ -70.685335149075812, -34.152902110439761 ], [ -70.687414640568875, -34.152941866743454 ] ] ] } },
{ "type": "Feature", "properties": { "h3": "89b2c1ce4dbffff" }, "geometry": { "type": "Polygon", "coordinates": [ [ [ -70.737063027253171, -34.183384733835773 ], [ -70.738239096634885, -34.184811466551075 ], [ -70.737334622183425, -34.186199050913544 ], [ -70.735254086694624, -34.186159898746183 ], [ -70.734078053650279, -34.18473317717995 ], [ -70.734982519756031, -34.183345596632194 ], [ -70.737063027253171, -34.183384733835773 ] ] ] } },
{ "type": "Feature", "properties": { "h3": "89b2c1c55a3ffff" }, "geometry": { "type": "Polygon", "coordinates": [ [ [ -70.631538442685098, -34.18697171005919 ], [ -70.632713012996049, -34.188398836610865 ], [ -70.63180862364915, -34.189785024898029 ], [ -70.629729672527574, -34.189744082800111 ], [ -70.628555138741078, -34.188316967481676 ], [ -70.62945951955038, -34.18693078302811 ], [ -70.631538442685098, -34.18697171005919 ] ] ] } },
{ "type": "Feature", "properties": { "h3": "89b2c1c14b3ffff" }, "geometry": { "type": "Polygon", "coordinates": [ [ [ -70.798382278857574, -34.108612278432631 ], [ -70.799558868127463, -34.110040082596861 ], [ -70.79865461450143, -34.111430282420507 ], [ -70.796573779833309, -34.111392674246687 ], [ -70.795397226770163, -34.109964881208796 ], [ -70.796301472167059, -34.10857468521862 ], [ -70.798382278857574, -34.108612278432631 ] ] ] } },
{ "type": "Feature", "properties": { "h3": "89b2c1c50abffff" }, "geometry": { "type": "Polygon", "coordinates": [ [ [ -70.657570144628153, -34.198713418091351 ], [ -70.658745145833223, -34.200140221690397 ], [ -70.657840688394231, -34.201526440602066 ], [ -70.655761238240018, -34.201485852091125 ], [ -70.65458627351714, -34.200059059699932 ], [ -70.655490722464947, -34.198672844612013 ], [ -70.657570144628153, -34.198713418091351 ] ] ] } },
{ "type": "Feature", "properties": { "h3": "89b2c1c19abffff" }, "geometry": { "type": "Polygon", "coordinates": [ [ [ -70.743033069825088, -34.180687457884673 ], [ -70.744209211864501, -34.18211421289233 ], [ -70.743304741966995, -34.1835019381572 ], [ -70.741224138363407, -34.183462904599935 ], [ -70.740048032650009, -34.182036160737496 ], [ -70.740952494212848, -34.180648439287303 ], [ -70.743033069825088, -34.180687457884673 ] ] ] } },
{ "type": "Feature", "properties": { "h3": "89b2c1c09cfffff" }, "geometry": { "type": "Polygon", "coordinates": [ [ [ -70.688769179581058, -34.16701679088046 ], [ -70.689944477514061, -34.168444027308531 ], [ -70.689040107620301, -34.169831421076907 ], [ -70.686960448224568, -34.169791574586526 ], [ -70.685785186709325, -34.168364349352544 ], [ -70.686689548170733, -34.166976959415052 ], [ -70.688769179581058, -34.16701679088046 ] ] ] } },
{ "type": "Feature", "properties": { "h3": "89b2c1caddbffff" }, "geometry": { "type": "Polygon", "coordinates": [ [ [ -70.822564011154924, -34.165289359148503 ], [ -70.823741217392808, -34.166716041187357 ], [ -70.822836734312688, -34.168105131537892 ], [ -70.820755053182211, -34.168067536044511 ], [ -70.81957788312485, -34.166640865092155 ], [ -70.820482358016093, -34.165251778546875 ], [ -70.822564011154924, -34.165289359148503 ] ] ] } },
{ "type": "Feature", "properties": { "h3": "89b2c1c1633ffff" }, "geometry": { "type": "Polygon", "coordinates": [ [ [ -70.824990574541658, -34.125968028150744 ], [ -70.826167627084914, -34.127395404629652 ], [ -70.825263286639938, -34.128785501871022 ], [ -70.8231819018322, -34.128748218812746 ], [ -70.82200488545358, -34.127320853432487 ], [ -70.822909217716713, -34.125930760012054 ], [ -70.824990574541658, -34.125968028150744 ] ] ] } },
{ "type": "Feature", "properties": { "h3": "89b2c1c0657ffff" }, "geometry": { "type": "Polygon", "coordinates": [ [ [ -70.770702019858618, -34.112328514475607 ], [ -70.771878230942235, -34.113756373272736 ], [ -70.770973987966741, -34.115146139036845 ], [ -70.768893542186007, -34.115108042166518 ], [ -70.767717367359253, -34.11368019451676 ], [ -70.768621602055006, -34.11229043259015 ], [ -70.770702019858618, -34.112328514475607 ] ] ] } },
{ "type": "Feature", "properties": { "h3": "89b2c1c3273ffff" }, "geometry": { "type": "Polygon", "coordinates": [ [ [ -70.809777842084586, -34.097563555150288 ], [ -70.810954541367764, -34.098991507063033 ], [ -70.8100503184736, -34.100382121745326 ], [ -70.807969404502586, -34.100344780679322 ], [ -70.806792741402688, -34.098916839887629 ], [ -70.807696956089174, -34.09752622904108 ], [ -70.809777842084586, -34.097563555150288 ] ] ] } },
{ "type": "Feature", "properties": { "h3": "89b2c1c084fffff" }, "geometry": { "type": "Polygon", "coordinates": [ [ [ -70.713456005437777, -34.164677148573276 ], [ -70.714631646616965, -34.16610431963958 ], [ -70.713727262557498, -34.167492077152282 ], [ -70.711647245704839, -34.167452659771797 ], [ -70.710471640899186, -34.166025499880426 ], [ -70.711376016571293, -34.164637746194785 ], [ -70.713456005437777, -34.164677148573276 ] ] ] } },
{ "type": "Feature", "properties": { "h3": "89b2c1c12bbffff" }, "geometry": { "type": "Polygon", "coordinates": [ [ [ -70.826354202902024, -34.140054213766952 ], [ -70.827531342374257, -34.141481331767352 ], [ -70.826626948935981, -34.142871095962846 ], [ -70.824545424204416, -34.142833738343299 ], [ -70.823368320898567, -34.141406631435416 ], [ -70.824272706156535, -34.140016871054776 ], [ -70.826354202902024, -34.140054213766952 ] ] ] } },
{ "type": "Feature", "properties": { "h3": "89b2c1c0bcbffff" }, "geometry": { "type": "Polygon", "coordinates": [ [ [ -70.714541074440348, -34.175936153374522 ], [ -70.71571678510287, -34.177363117919526 ], [ -70.71481235857668, -34.178750608922599 ], [ -70.712732229772769, -34.178711131558728 ], [ -70.711556555485203, -34.177284178183719 ], [ -70.712460973625241, -34.175896691002812 ], [ -70.714541074440348, -34.175936153374522 ] ] ] } },
{ "type": "Feature", "properties": { "h3": "89b2c1c182bffff" }, "geometry": { "type": "Polygon", "coordinates": [ [ [ -70.767730472556664, -34.178338207713068 ], [ -70.768906957142889, -34.179764896733964 ], [ -70.7680024738317, -34.181152985677805 ], [ -70.76592151422247, -34.181114381790209 ], [ -70.76474506591785, -34.179687703895418 ], [ -70.765649540939449, -34.178299618762338 ], [ -70.767730472556664, -34.178338207713068 ] ] ] } },
{ "type": "Feature", "properties": { "h3": "89b2c1c5423ffff" }, "geometry": { "type": "Polygon", "coordinates": [ [ [ -70.656217526860857, -34.184646531902729 ], [ -70.657392441249058, -34.186073593502755 ], [ -70.656488036940047, -34.187460145604142 ], [ -70.654408726734161, -34.187419632275834 ], [ -70.653233848826318, -34.185992581889863 ], [ -70.654138244642652, -34.18460603361833 ], [ -70.656217526860857, -34.184646531902729 ] ] ] } },
{ "type": "Feature", "properties": { "h3": "89b2c1c5427ffff" }, "geometry": { "type": "Polygon", "coordinates": [ [ [ -70.653233848826318, -34.185992581889863 ], [ -70.654408726734161, -34.187419632275834 ], [ -70.65350432029193, -34.188806113914467 ], [ -70.651425044438724, -34.188765541337482 ], [ -70.65025020301691, -34.187338502167528 ], [ -70.651154600960922, -34.185952024358741 ], [ -70.653233848826318, -34.185992581889863 ] ] ] } },
{ "type": "Feature", "properties": { "h3": "89b2c1c182fffff" }, "geometry": { "type": "Polygon", "coordinates": [ [ [ -70.76474506591785, -34.179687703895418 ], [ -70.76592151422247, -34.181114381790209 ], [ -70.765017028590179, -34.182502400287056 ], [ -70.762936102946981, -34.182463737078521 ], [ -70.761759690929651, -34.181037070311739 ], [ -70.762664168266838, -34.179649055625688 ], [ -70.76474506591785, -34.179687703895418 ] ] ] } },
{ "type": "Feature", "properties": { "h3": "89b2c1c0853ffff" }, "geometry": { "type": "Polygon", "coordinates": [ [ [ -70.71291351145878, -34.159046936695837 ], [ -70.714089117899007, -34.160474210996448 ], [ -70.713184755071623, -34.161862101752348 ], [ -70.711104794190661, -34.161822714378296 ], [ -70.709929224123286, -34.160395451255084 ], [ -70.710833578562699, -34.159007564328689 ], [ -70.71291351145878, -34.159046936695837 ] ] ] } },
{ "type": "Feature", "properties": { "h3": "89b2c1c50afffff" }, "geometry": { "type": "Polygon", "coordinates": [ [ [ -70.65458627351714, -34.200059059699932 ], [ -70.655761238240018, -34.201485852091125 ], [ -70.654856778665319, -34.202872000536544 ], [ -70.652777362863077, -34.20283135276722 ], [ -70.651602434628003, -34.201404571585805 ], [ -70.652506885706018, -34.200018426964128 ], [ -70.65458627351714, -34.200059059699932 ] ] ] } },
{ "type": "Feature", "properties": { "h3": "89b2c1c14b7ffff" }, "geometry": { "type": "Polygon", "coordinates": [ [ [ -70.795397226770163, -34.109964881208796 ], [ -70.796573779833309, -34.111392674246687 ], [ -70.795669523835812, -34.112782803646532 ], [ -70.793588723008469, -34.112745136175164 ], [ -70.792412206157778, -34.111317354265552 ], [ -70.79331645392061, -34.10992722869922 ], [ -70.795397226770163, -34.109964881208796 ] ] ] } },
{ "type": "Feature", "properties": { "h3": "89b2c1c73dbffff" }, "geometry": { "type": "Polygon", "coordinates": [ [ [ -70.6478166103972, -34.162012130001671 ], [ -70.6489912955834, -34.163439633274749 ], [ -70.64808698264288, -34.164826644082915 ], [ -70.6460079930212, -34.164786147777306 ], [ -70.64483334432343, -34.163358655733319 ], [ -70.645737648757589, -34.161971648766034 ], [ -70.6478166103972, -34.162012130001671 ] ] ] } },
{ "type": "Feature", "properties": { "h3": "89b2c1c0bc7ffff" }, "geometry": { "type": "Polygon", "coordinates": [ [ [ -70.708300868283203, -34.175817662693177 ], [ -70.709476488819348, -34.177244656530704 ], [ -70.708572068453492, -34.178632073258399 ], [ -70.706492035947591, -34.178592492325294 ], [ -70.705316451797373, -34.177165509662828 ], [ -70.706220863765779, -34.175778096758599 ], [ -70.708300868283203, -34.175817662693177 ] ] ] } },
{ "type": "Feature", "properties": { "h3": "89b2c1c0163ffff" }, "geometry": { "type": "Polygon", "coordinates": [ [ [ -70.726478344812264, -34.138222779016331 ], [ -70.727654046183048, -34.139650367214685 ], [ -70.726749747636191, -34.141038943259908 ], [ -70.724669756079081, -34.140999927271508 ], [ -70.723494091050995, -34.139572350247057 ], [ -70.724398381235972, -34.138183778037323 ], [ -70.726478344812264, -34.138222779016331 ] ] ] } },
{ "type": "Feature", "properties": { "h3": "89b2c1c1da3ffff" }, "geometry": { "type": "Polygon", "coordinates": [ [ [ -70.73787520780165, -34.159516712721818 ], [ -70.739051174511403, -34.160943869846463 ], [ -70.738146787241888, -34.1623320576957 ], [ -70.73606644160391, -34.162293084596058 ], [ -70.734890511223043, -34.160865938628447 ], [ -70.735794890149947, -34.159477754603621 ], [ -70.73787520780165, -34.159516712721818 ] ] ] } },
{ "type": "Feature", "properties": { "h3": "89b2c1c0dc7ffff" }, "geometry": { "type": "Polygon", "coordinates": [ [ [ -70.683618314041581, -34.145843705641568 ], [ -70.684793436648022, -34.147271343512848 ], [ -70.683889149521548, -34.148659199758427 ], [ -70.681809748227522, -34.148619414292227 ], [ -70.680634662041683, -34.147191787626817 ], [ -70.681538940727904, -34.145803935221934 ], [ -70.683618314041581, -34.145843705641568 ] ] ] } },
{ "type": "Feature", "properties": { "h3": "89b2c1c5623ffff" }, "geometry": { "type": "Polygon", "coordinates": [ [ [ -70.678999778192775, -34.194917364603562 ], [ -70.680175069349573, -34.196344143355127 ], [ -70.679270605754411, -34.197730722230894 ], [ -70.67719085945312, -34.197690518534081 ], [ -70.676015604739618, -34.196263750974374 ], [ -70.676920059882775, -34.194877175919821 ], [ -70.678999778192775, -34.194917364603562 ] ] ] } },
{ "type": "Feature", "properties": { "h3": "89b2c1c0a4fffff" }, "geometry": { "type": "Polygon", "coordinates": [ [ [ -70.736248283033476, -34.174941072775077 ], [ -70.73742430028652, -34.176367960492904 ], [ -70.736519857678459, -34.177755744760212 ], [ -70.734439406162608, -34.177716637491542 ], [ -70.733263425245894, -34.176289760926487 ], [ -70.734167859507323, -34.174901980477536 ], [ -70.736248283033476, -34.174941072775077 ] ] ] } },
{ "type": "Feature", "properties": { "h3": "89b2c1c7263ffff" }, "geometry": { "type": "Polygon", "coordinates": [ [ [ -70.663815725662744, -34.166536536913419 ], [ -70.664990662647071, -34.167963890054018 ], [ -70.664086317884852, -34.169350986670388 ], [ -70.662007044614583, -34.169310726310464 ], [ -70.660832144091856, -34.167883384384339 ], [ -70.661736480376419, -34.166496291603877 ], [ -70.663815725662744, -34.166536536913419 ] ] ] } },
{ "type": "Feature", "properties": { "h3": "89b2c1c52abffff" }, "geometry": { "type": "Polygon", "coordinates": [ [ [ -70.68035398344955, -34.208982969943051 ], [ -70.681529361451467, -34.210409490496886 ], [ -70.680624844736698, -34.211795736140317 ], [ -70.67854495846926, -34.211755457414995 ], [ -70.677369616912458, -34.210328948046794 ], [ -70.678274125176642, -34.208942706218494 ], [ -70.68035398344955, -34.208982969943051 ] ] ] } },
{ "type": "Feature", "properties": { "h3": "89b2c1c16b3ffff" }, "geometry": { "type": "Polygon", "coordinates": [ [ [ -70.821186905615122, -34.118867967156156 ], [ -70.822363869842746, -34.120295487567013 ], [ -70.821459558776127, -34.121685714189624 ], [ -70.819378291668798, -34.121648416576967 ], [ -70.81820136361047, -34.120220907270379 ], [ -70.819105666488795, -34.118830684472393 ], [ -70.821186905615122, -34.118867967156156 ] ] ] } },
{ "type": "Feature", "properties": { "h3": "89b2c1c133bffff" }, "geometry": { "type": "Polygon", "coordinates": [ [ [ -70.809256945158467, -34.156615597454632 ], [ -70.810433919703527, -34.158042493753328 ], [ -70.809529480016963, -34.159431635500638 ], [ -70.80744807399654, -34.159393877137994 ], [ -70.806271135653091, -34.157966991939652 ], [ -70.807175567127089, -34.156577854003814 ], [ -70.809256945158467, -34.156615597454632 ] ] ] } },
{ "type": "Feature", "properties": { "h3": "89b2c1c1c27ffff" }, "geometry": { "type": "Polygon", "coordinates": [ [ [ -70.759584542064403, -34.158515892367824 ], [ -70.760760815047632, -34.159942972571343 ], [ -70.75985641198308, -34.161331453661752 ], [ -70.757775744237009, -34.161292850728294 ], [ -70.756599507543953, -34.159865781664628 ], [ -70.75750390230543, -34.158477304394751 ], [ -70.759584542064403, -34.158515892367824 ] ] ] } },
{ "type": "Feature", "properties": { "h3": "89b2c1c0c4bffff" }, "geometry": { "type": "Polygon", "coordinates": [ [ [ -70.714541520943854, -34.143620285697132 ], [ -70.715717076909812, -34.145047829188243 ], [ -70.714812769389837, -34.146436123462728 ], [ -70.712732914286519, -34.146396870410705 ], [ -70.711557394685954, -34.144969338101227 ], [ -70.712461693821965, -34.143581047662352 ], [ -70.714541520943854, -34.143620285697132 ] ] ] } },
{ "type": "Feature", "properties": { "h3": "89b2c1c54a7ffff" }, "geometry": { "type": "Polygon", "coordinates": [ [ [ -70.649438944871278, -34.178897441848356 ], [ -70.650613734210523, -34.180324635758858 ], [ -70.649709357518617, -34.181711246829039 ], [ -70.647630199990729, -34.181670660155362 ], [ -70.646455447142088, -34.180243477466512 ], [ -70.647359815329395, -34.178856870229858 ], [ -70.649438944871278, -34.178897441848356 ] ] ] } },
{ "type": "Feature", "properties": { "h3": "89b2c1c18afffff" }, "geometry": { "type": "Polygon", "coordinates": [ [ [ -70.760943959339599, -34.172592515898046 ], [ -70.762120319215796, -34.17401933773651 ], [ -70.761215863100389, -34.175407485690648 ], [ -70.759135055409004, -34.175368807992044 ], [ -70.757958731824729, -34.173941997287223 ], [ -70.758863179638595, -34.172553853147591 ], [ -70.760943959339599, -34.172592515898046 ] ] ] } },
{ "type": "Feature", "properties": { "h3": "89b2c1c08d3ffff" }, "geometry": { "type": "Polygon", "coordinates": [ [ [ -70.709115649600449, -34.15194949161738 ], [ -70.710291167563781, -34.153376909555412 ], [ -70.709386834356252, -34.154764929714794 ], [ -70.707306991578434, -34.154725528103164 ], [ -70.706131509992517, -34.153298121348165 ], [ -70.70703583480568, -34.151910105021976 ], [ -70.709115649600449, -34.15194949161738 ] ] ] } },
{ "type": "Feature", "properties": { "h3": "89b2c1c1537ffff" }, "geometry": { "type": "Polygon", "coordinates": [ [ [ -70.778303792830755, -34.126529718340088 ], [ -70.779480180661025, -34.127957289692922 ], [ -70.778575878727551, -34.12934679673716 ], [ -70.776495197229309, -34.129308728598666 ], [ -70.775318845646609, -34.127881168382004 ], [ -70.776223139313231, -34.126491665167833 ], [ -70.778303792830755, -34.126529718340088 ] ] ] } },
{ "type": "Feature", "properties": { "h3": "89b2c1c055bffff" }, "geometry": { "type": "Polygon", "coordinates": [ [ [ -70.733259391545857, -34.111637759762921 ], [ -70.734435062967961, -34.113065794135245 ], [ -70.733530856082751, -34.114455114271131 ], [ -70.731450986121828, -34.114416396189689 ], [ -70.730275351022598, -34.112988372995282 ], [ -70.731179549560068, -34.111599056704591 ], [ -70.733259391545857, -34.111637759762921 ] ] ] } },
{ "type": "Feature", "properties": { "h3": "89b2c1c1e23ffff" }, "geometry": { "type": "Polygon", "coordinates": [ [ [ -70.785371350072225, -34.167423119826829 ], [ -70.786548034845083, -34.168849927268639 ], [ -70.785643576172845, -34.170238505509737 ], [ -70.783562440983118, -34.170200272497418 ], [ -70.78238579245739, -34.168773476171374 ], [ -70.783290242872894, -34.167384901742068 ], [ -70.785371350072225, -34.167423119826829 ] ] ] } },
{ "type": "Feature", "properties": { "h3": "89b2c1c0e47ffff" }, "geometry": { "type": "Polygon", "coordinates": [ [ [ -70.73109138027489, -34.153768779985086 ], [ -70.732267222204371, -34.155196069687229 ], [ -70.73136286223901, -34.156584316504627 ], [ -70.729282668697422, -34.156545269791955 ], [ -70.728106863107087, -34.1551179912544 ], [ -70.7290112147179, -34.153729748265135 ], [ -70.73109138027489, -34.153768779985086 ] ] ] } },
{ "type": "Feature", "properties": { "h3": "89b2c1c02dbffff" }, "geometry": { "type": "Polygon", "coordinates": [ [ [ -70.775046805106328, -34.125064053319157 ], [ -70.776223139313231, -34.126491665167833 ], [ -70.775318845646609, -34.127881168382004 ], [ -70.773238226044427, -34.127843055916351 ], [ -70.772061928090437, -34.126415455207002 ], [ -70.772966213484366, -34.125025955824171 ], [ -70.775046805106328, -34.125064053319157 ] ] ] } },
{ "type": "Feature", "properties": { "h3": "89b2c1c56a3ffff" }, "geometry": { "type": "Polygon", "coordinates": [ [ [ -70.675203278360129, -34.187823213481508 ], [ -70.676378480973014, -34.189250135903592 ], [ -70.675474047076833, -34.190636844235236 ], [ -70.673394419024859, -34.190596626320101 ], [ -70.672219252859847, -34.189169715095545 ], [ -70.6731236782976, -34.187783010588788 ], [ -70.675203278360129, -34.187823213481508 ] ] ] } },
{ "type": "Feature", "properties": { "h3": "89b2c1c1aabffff" }, "geometry": { "type": "Polygon", "coordinates": [ [ [ -70.786732548342854, -34.18149886481833 ], [ -70.787909320038352, -34.182925413692125 ], [ -70.78700480832849, -34.184313658758072 ], [ -70.784923533177036, -34.184275351144706 ], [ -70.783746797730444, -34.182848813380488 ], [ -70.784651301185079, -34.181460572120244 ], [ -70.786732548342854, -34.18149886481833 ] ] ] } },
{ "type": "Feature", "properties": { "h3": "89b2c1c12b7ffff" }, "geometry": { "type": "Polygon", "coordinates": [ [ [ -70.820109808158065, -34.139942081873471 ], [ -70.821286857905847, -34.141369229388964 ], [ -70.820382470234108, -34.142758919340856 ], [ -70.818301041004901, -34.142721457961294 ], [ -70.817124027434545, -34.141294321543384 ], [ -70.818028406914621, -34.139904635407639 ], [ -70.820109808158065, -34.139942081873471 ] ] ] } },
{ "type": "Feature", "properties": { "h3": "89b2c1c0acfffff" }, "geometry": { "type": "Polygon", "coordinates": [ [ [ -70.732448857685242, -34.167845280069329 ], [ -70.733624786478401, -34.169272311593716 ], [ -70.732720373445446, -34.17066022530048 ], [ -70.73064003997105, -34.170621103661041 ], [ -70.729464147518826, -34.169194083295046 ], [ -70.730368552198726, -34.167806173410305 ], [ -70.732448857685242, -34.167845280069329 ] ] ] } },
{ "type": "Feature", "properties": { "h3": "89b2c1c532bffff" }, "geometry": { "type": "Polygon", "coordinates": [ [ [ -70.663260175060458, -34.225493366235618 ], [ -70.664435386412947, -34.226919664697995 ], [ -70.663530824844159, -34.228305287559195 ], [ -70.661451060404247, -34.228264608146645 ], [ -70.66027588553186, -34.226838320877725 ], [ -70.661180438617947, -34.225452701828097 ], [ -70.663260175060458, -34.225493366235618 ] ] ] } },
{ "type": "Feature", "properties": { "h3": "89b2c1c3373ffff" }, "geometry": { "type": "Polygon", "coordinates": [ [ [ -70.788882797545057, -34.107033824300835 ], [ -70.790059243425773, -34.108461698325648 ], [ -70.789155003903403, -34.109851820057223 ], [ -70.787074326745284, -34.109814063928127 ], [ -70.785897917087681, -34.10838620103786 ], [ -70.786802148363748, -34.106996083142334 ], [ -70.788882797545057, -34.107033824300835 ] ] ] } },
{ "type": "Feature", "properties": { "h3": "89b2c1c13bbffff" }, "geometry": { "type": "Polygon", "coordinates": [ [ [ -70.805453687547555, -34.149518412435718 ], [ -70.806630573735518, -34.15094545274809 ], [ -70.805726163467483, -34.152334723926309 ], [ -70.803644875229139, -34.152296950977167 ], [ -70.802468025247407, -34.150869921770763 ], [ -70.803372427296438, -34.149480654407711 ], [ -70.805453687547555, -34.149518412435718 ] ] ] } },
{ "type": "Feature", "properties": { "h3": "89b2c1c1043ffff" }, "geometry": { "type": "Polygon", "coordinates": [ [ [ -70.819564504362688, -34.134308052014234 ], [ -70.820741519339805, -34.135735302920629 ], [ -70.819837152867677, -34.137125126095789 ], [ -70.817755779609314, -34.137087694546175 ], [ -70.816578800808927, -34.135660454739813 ], [ -70.817483159088766, -34.134270635383238 ], [ -70.819564504362688, -34.134308052014234 ] ] ] } },
{ "type": "Feature", "properties": { "h3": "89b2c1c326fffff" }, "geometry": { "type": "Polygon", "coordinates": [ [ [ -70.810322801642968, -34.103200570126674 ], [ -70.811499535682898, -34.104628418776905 ], [ -70.810595291592875, -34.106018900287957 ], [ -70.808514321668625, -34.105981529315684 ], [ -70.807337623812671, -34.104553691784062 ], [ -70.808241859695656, -34.103163214106324 ], [ -70.810322801642968, -34.103200570126674 ] ] ] } },
{ "type": "Feature", "properties": { "h3": "89b2c1c0067ffff" }, "geometry": { "type": "Polygon", "coordinates": [ [ [ -70.744384535400357, -34.130122627754972 ], [ -70.745560454708254, -34.131550282956248 ], [ -70.744656169771233, -34.132939281634961 ], [ -70.742575973853761, -34.132900621277287 ], [ -70.741400090854526, -34.131472977238353 ], [ -70.742304367462751, -34.13008398239495 ], [ -70.744384535400357, -34.130122627754972 ] ] ] } },
{ "type": "Feature", "properties": { "h3": "89b2c1c0653ffff" }, "geometry": { "type": "Polygon", "coordinates": [ [ [ -70.773686703960635, -34.110976704726092 ], [ -70.774862951295418, -34.11240457466868 ], [ -70.773958710649794, -34.113794410860621 ], [ -70.771878230942235, -34.113756373272736 ], [ -70.770702019858618, -34.112328514475607 ], [ -70.771606252230029, -34.110938682121095 ], [ -70.773686703960635, -34.110976704726092 ] ] ] } },
{ "type": "Feature", "properties": { "h3": "89b2c1c1ca7ffff" }, "geometry": { "type": "Polygon", "coordinates": [ [ [ -70.755784054179443, -34.151418632871184 ], [ -70.756960238743162, -34.1528458568975 ], [ -70.756055865201176, -34.154234467405864 ], [ -70.753975315403622, -34.154195850063886 ], [ -70.752799167134711, -34.15276863718303 ], [ -70.753703532367183, -34.151380030498892 ], [ -70.755784054179443, -34.151418632871184 ] ] ] } },
{ "type": "Feature", "properties": { "h3": "89b2c1c0ccbffff" }, "geometry": { "type": "Polygon", "coordinates": [ [ [ -70.710743805646672, -34.136521360523204 ], [ -70.711919273148837, -34.137949047585174 ], [ -70.711014995241626, -34.139337471236182 ], [ -70.708935258221231, -34.139298203986108 ], [ -70.707759827089035, -34.137870528111392 ], [ -70.708664096605901, -34.136482108299681 ], [ -70.710743805646672, -34.136521360523204 ] ] ] } },
{ "type": "Feature", "properties": { "h3": "89b2c1c162fffff" }, "geometry": { "type": "Polygon", "coordinates": [ [ [ -70.82553600552491, -34.131602857299143 ], [ -70.826713092838389, -34.133030130399852 ], [ -70.825808731196716, -34.134420094428755 ], [ -70.823727290421417, -34.13438278153864 ], [ -70.822550239273241, -34.132955519534107 ], [ -70.823454592733682, -34.131565559323718 ], [ -70.82553600552491, -34.131602857299143 ] ] ] } },
{ "type": "Feature", "properties": { "h3": "89b2c1c5527ffff" }, "geometry": { "type": "Polygon", "coordinates": [ [ [ -70.632349005765249, -34.195411299962558 ], [ -70.633523628152275, -34.196838271796054 ], [ -70.632619206917795, -34.19822426017565 ], [ -70.630540171831669, -34.198183272892045 ], [ -70.62936558597022, -34.196756312288052 ], [ -70.63026999866797, -34.195370327738388 ], [ -70.632349005765249, -34.195411299962558 ] ] ] } },
{ "type": "Feature", "properties": { "h3": "89b2c1c192fffff" }, "geometry": { "type": "Polygon", "coordinates": [ [ [ -70.743848106542927, -34.189130543747517 ], [ -70.745024300717162, -34.190557143705782 ], [ -70.744119798977465, -34.191944669052731 ], [ -70.742039111395954, -34.191905590630583 ], [ -70.740862953548799, -34.190479001813806 ], [ -70.741767446954725, -34.189091480277888 ], [ -70.743848106542927, -34.189130543747517 ] ] ] } },
{ "type": "Feature", "properties": { "h3": "89b2c1c0953ffff" }, "geometry": { "type": "Polygon", "coordinates": [ [ [ -70.692024171134705, -34.168483814537687 ], [ -70.693199522846143, -34.169911010555992 ], [ -70.692295144525858, -34.171298408154023 ], [ -70.69021542291928, -34.171258605904299 ], [ -70.689040107620301, -34.169831421076907 ], [ -70.689944477514061, -34.168444027308531 ], [ -70.692024171134705, -34.168483814537687 ] ] ] } },
{ "type": "Feature", "properties": { "h3": "89b2c1c15b7ffff" }, "geometry": { "type": "Polygon", "coordinates": [ [ [ -70.77450274433761, -34.119429468518575 ], [ -70.775679043794312, -34.120857183618085 ], [ -70.774774771336737, -34.122246820029233 ], [ -70.772694207694357, -34.122208737507336 ], [ -70.771517944489858, -34.12078103354964 ], [ -70.772422208674172, -34.119391400972241 ], [ -70.77450274433761, -34.119429468518575 ] ] ] } },
{ "type": "Feature", "properties": { "h3": "89b2c1c0263ffff" }, "geometry": { "type": "Polygon", "coordinates": [ [ [ -70.770164976765741, -34.139033825626207 ], [ -70.771341307964079, -34.140461208649633 ], [ -70.770436967213001, -34.141850304576515 ], [ -70.768356303544721, -34.14181201365367 ], [ -70.767180008612087, -34.14038464176852 ], [ -70.768084341080666, -34.138995549668138 ], [ -70.770164976765741, -34.139033825626207 ] ] ] } },
{ "type": "Feature", "properties": { "h3": "89b2c1c1ea3ffff" }, "geometry": { "type": "Polygon", "coordinates": [ [ [ -70.781569270600514, -34.160326853845518 ], [ -70.782745866979084, -34.161753805256033 ], [ -70.7818414377778, -34.163142512939409 ], [ -70.779760420459752, -34.163104265396996 ], [ -70.778583860332958, -34.161677325107895 ], [ -70.779488281271071, -34.160288621239978 ], [ -70.781569270600514, -34.160326853845518 ] ] ] } },
{ "type": "Feature", "properties": { "h3": "89b2c1c0ec7ffff" }, "geometry": { "type": "Polygon", "coordinates": [ [ [ -70.727292573553598, -34.146670917121433 ], [ -70.728468327032132, -34.148098350509194 ], [ -70.727563996647532, -34.149486726726678 ], [ -70.725483921144033, -34.1494476657248 ], [ -70.724308204009262, -34.148020243507254 ], [ -70.725212526032877, -34.146631871121599 ], [ -70.727292573553598, -34.146670917121433 ] ] ] } },
{ "type": "Feature", "properties": { "h3": "89b2c1cadd7ffff" }, "geometry": { "type": "Polygon", "coordinates": [ [ [ -70.816319147276644, -34.165176513544168 ], [ -70.817496263758883, -34.166603225142801 ], [ -70.816591786459782, -34.167992241251902 ], [ -70.814510200877365, -34.167954541955979 ], [ -70.813333120586734, -34.166527841448925 ], [ -70.814237589685561, -34.165138829146393 ], [ -70.816319147276644, -34.165176513544168 ] ] ] } },
{ "type": "Feature", "properties": { "h3": "89b2c1c09cbffff" }, "geometry": { "type": "Polygon", "coordinates": [ [ [ -70.691753204490567, -34.165669102695759 ], [ -70.692928538835702, -34.16709635031598 ], [ -70.692024171134705, -34.168483814537687 ], [ -70.689944477514061, -34.168444027308531 ], [ -70.688769179581058, -34.16701679088046 ], [ -70.689673538855203, -34.165629330489615 ], [ -70.691753204490567, -34.165669102695759 ] ] ] } },
{ "type": "Feature", "properties": { "h3": "89b2c1c0b4fffff" }, "geometry": { "type": "Polygon", "coordinates": [ [ [ -70.715354947113866, -34.184379165191871 ], [ -70.716530709893604, -34.185805974799813 ], [ -70.715626251515189, -34.18719326590044 ], [ -70.713546038740958, -34.187153743574783 ], [ -70.712370312337228, -34.185726945133112 ], [ -70.713274762330386, -34.184339657851027 ], [ -70.715354947113866, -34.184379165191871 ] ] ] } },
{ "type": "Feature", "properties": { "h3": "89b2c1c19a7ffff" }, "geometry": { "type": "Polygon", "coordinates": [ [ [ -70.736791439084925, -34.180570298449219 ], [ -70.737967491089961, -34.181997082836411 ], [ -70.737063027253171, -34.183384733835773 ], [ -70.734982519756031, -34.183345596632194 ], [ -70.733806504087994, -34.181918823395286 ], [ -70.734710959578763, -34.180531176211865 ], [ -70.736791439084925, -34.180570298449219 ] ] ] } },
{ "type": "Feature", "properties": { "h3": "89b2c1c7363ffff" }, "geometry": { "type": "Polygon", "coordinates": [ [ [ -70.64293133102413, -34.17596174557471 ], [ -70.644106012658511, -34.17738902017345 ], [ -70.643201652981588, -34.178775623575319 ], [ -70.641122620185115, -34.178734948542633 ], [ -70.639947975051896, -34.177307685171883 ], [ -70.640852326212652, -34.175921085606021 ], [ -70.64293133102413, -34.17596174557471 ] ] ] } },
{ "type": "Feature", "properties": { "h3": "89b2c1c53abffff" }, "geometry": { "type": "Polygon", "coordinates": [ [ [ -70.659464092499022, -34.218402092048549 ], [ -70.660639215266499, -34.21982853426239 ], [ -70.659734683436781, -34.221214286628033 ], [ -70.657655037327373, -34.22117359296481 ], [ -70.656479951044588, -34.21974716195011 ], [ -70.657384474385182, -34.218361413399691 ], [ -70.659464092499022, -34.218402092048549 ] ] ] } },
{ "type": "Feature", "properties": { "h3": "89b2c1c5033ffff" }, "geometry": { "type": "Polygon", "coordinates": [ [ [ -70.657840688394231, -34.201526440602066 ], [ -70.659015706963999, -34.202953192587763 ], [ -70.658111238898385, -34.204339344855725 ], [ -70.656031760752555, -34.204298741315654 ], [ -70.654856778665319, -34.202872000536544 ], [ -70.655761238240018, -34.201485852091125 ], [ -70.657840688394231, -34.201526440602066 ] ] ] } },
{ "type": "Feature", "properties": { "h3": "89b2c1c143bffff" }, "geometry": { "type": "Polygon", "coordinates": [ [ [ -70.80544216926296, -34.11717864266204 ], [ -70.806618900445329, -34.118606262504855 ], [ -70.805714609178963, -34.119996336801684 ], [ -70.803633594945737, -34.119958787427358 ], [ -70.802456899960106, -34.118531178702106 ], [ -70.803361183009628, -34.11714110823381 ], [ -70.80544216926296, -34.11717864266204 ] ] ] } },
{ "type": "Feature", "properties": { "h3": "89b2c1ce463ffff" }, "geometry": { "type": "Polygon", "coordinates": [ [ [ -70.73217922328476, -34.197337396350591 ], [ -70.733355289494412, -34.198763900044412 ], [ -70.732450768044188, -34.200151076929039 ], [ -70.730370188738533, -34.200111746310142 ], [ -70.729194158879011, -34.198685253764275 ], [ -70.730098671973678, -34.197298080689549 ], [ -70.73217922328476, -34.197337396350591 ] ] ] } },
{ "type": "Feature", "properties": { "h3": "89b2c1c10c3ffff" }, "geometry": { "type": "Polygon", "coordinates": [ [ [ -70.815761011752201, -34.127208767322394 ], [ -70.816937938400997, -34.12863616217841 ], [ -70.816033601320541, -34.130026114748013 ], [ -70.813952345788607, -34.129988668639506 ], [ -70.812775455321201, -34.128561284889152 ], [ -70.813679784202947, -34.127171336141842 ], [ -70.815761011752201, -34.127208767322394 ] ] ] } },
{ "type": "Feature", "properties": { "h3": "89b2c1c1d27ffff" }, "geometry": { "type": "Polygon", "coordinates": [ [ [ -70.738689966406142, -34.167962392842021 ], [ -70.739865985238879, -34.169389395026251 ], [ -70.738961566130612, -34.170777383001798 ], [ -70.736881136529973, -34.17073836497255 ], [ -70.735705154027144, -34.169311373941625 ], [ -70.736609564793696, -34.167923389786857 ], [ -70.738689966406142, -34.167962392842021 ] ] ] } },
{ "type": "Feature", "properties": { "h3": "89b2c1c0d43ffff" }, "geometry": { "type": "Polygon", "coordinates": [ [ [ -70.690398472467024, -34.151593770323437 ], [ -70.691573719987218, -34.153021275887312 ], [ -70.69066940537958, -34.15440907319848 ], [ -70.688589851678756, -34.154369361108998 ], [ -70.687414640568875, -34.152941866743454 ], [ -70.688318946748183, -34.15155407326926 ], [ -70.690398472467024, -34.151593770323437 ] ] ] } },
{ "type": "Feature", "properties": { "h3": "89b2c1c0d4bffff" }, "geometry": { "type": "Polygon", "coordinates": [ [ [ -70.693653307903048, -34.153060928724102 ], [ -70.694828609192342, -34.154488393903193 ], [ -70.693924286162186, -34.155876195050105 ], [ -70.691844670263876, -34.155836527182402 ], [ -70.69066940537958, -34.15440907319848 ], [ -70.691573719987218, -34.153021275887312 ], [ -70.693653307903048, -34.153060928724102 ] ] ] } },
{ "type": "Feature", "properties": { "h3": "89b2c1c55a7ffff" }, "geometry": { "type": "Polygon", "coordinates": [ [ [ -70.628555138741078, -34.188316967481676 ], [ -70.629729672527574, -34.189744082800111 ], [ -70.628825281088993, -34.191130200620968 ], [ -70.626746364405733, -34.191089199289955 ], [ -70.625571867149375, -34.189662095206693 ], [ -70.626476250044831, -34.188275981219441 ], [ -70.628555138741078, -34.188316967481676 ] ] ] } },
{ "type": "Feature", "properties": { "h3": "89b2c1c19afffff" }, "geometry": { "type": "Polygon", "coordinates": [ [ [ -70.740048032650009, -34.182036160737496 ], [ -70.741224138363407, -34.183462904599935 ], [ -70.740319666186423, -34.184850559413974 ], [ -70.738239096634885, -34.184811466551075 ], [ -70.737063027253171, -34.183384733835773 ], [ -70.737967491089961, -34.181997082836411 ], [ -70.740048032650009, -34.182036160737496 ] ] ] } },
{ "type": "Feature", "properties": { "h3": "89b2c1c09d3ffff" }, "geometry": { "type": "Polygon", "coordinates": [ [ [ -70.688227343740081, -34.161387175837639 ], [ -70.68940260694248, -34.162814515453881 ], [ -70.688498258287723, -34.164202042465277 ], [ -70.686418654862166, -34.164162226027287 ], [ -70.685243428076816, -34.162734897607592 ], [ -70.686147768298625, -34.161347374429532 ], [ -70.688227343740081, -34.161387175837639 ] ] ] } },
{ "type": "Feature", "properties": { "h3": "89b2c1c1637ffff" }, "geometry": { "type": "Polygon", "coordinates": [ [ [ -70.82200488545358, -34.127320853432487 ], [ -70.8231819018322, -34.128748218812746 ], [ -70.822277558970512, -34.130138245629141 ], [ -70.82019620791624, -34.130100903244475 ], [ -70.819019227707969, -34.128673548964791 ], [ -70.819923562382286, -34.127283525969382 ], [ -70.82200488545358, -34.127320853432487 ] ] ] } },
{ "type": "Feature", "properties": { "h3": "89b2c1c4253ffff" }, "geometry": { "type": "Polygon", "coordinates": [ [ [ -70.62936558597022, -34.196756312288052 ], [ -70.630540171831669, -34.198183272892045 ], [ -70.629635748504015, -34.199569190803253 ], [ -70.627556747855806, -34.19952814428072 ], [ -70.626382198525576, -34.198101194908162 ], [ -70.627286613310986, -34.196715280826901 ], [ -70.62936558597022, -34.196756312288052 ] ] ] } },
{ "type": "Feature", "properties": { "h3": "89b2c1c065bffff" }, "geometry": { "type": "Polygon", "coordinates": [ [ [ -70.776943464919114, -34.112442552973008 ], [ -70.778119765873285, -34.113870382447956 ], [ -70.777215516959288, -34.115260222476074 ], [ -70.775134975358114, -34.115222229193265 ], [ -70.773958710649794, -34.113794410860621 ], [ -70.774862951295418, -34.11240457466868 ], [ -70.776943464919114, -34.112442552973008 ] ] ] } },
{ "type": "Feature", "properties": { "h3": "89b2c1c3277ffff" }, "geometry": { "type": "Polygon", "coordinates": [ [ [ -70.806792741402688, -34.098916839887629 ], [ -70.807969404502586, -34.100344780679322 ], [ -70.807065179217943, -34.10173532494246 ], [ -70.804984299045245, -34.101697924578282 ], [ -70.803807672134312, -34.100269994909581 ], [ -70.804711889205777, -34.098879454482251 ], [ -70.806792741402688, -34.098916839887629 ] ] ] } },
{ "type": "Feature", "properties": { "h3": "89b2c1c0bcfffff" }, "geometry": { "type": "Polygon", "coordinates": [ [ [ -70.711556555485203, -34.177284178183719 ], [ -70.712732229772769, -34.178711131558728 ], [ -70.711827801015232, -34.180098552108625 ], [ -70.70974770636046, -34.180059015461481 ], [ -70.708572068453492, -34.178632073258399 ], [ -70.709476488819348, -34.177244656530704 ], [ -70.711556555485203, -34.177284178183719 ] ] ] } },
{ "type": "Feature", "properties": { "h3": "89b2c1c542bffff" }, "geometry": { "type": "Polygon", "coordinates": [ [ [ -70.659471785796981, -34.186114047581164 ], [ -70.660646754022736, -34.187541068800655 ], [ -70.659742341226845, -34.188927624730646 ], [ -70.65766296869073, -34.188887155612733 ], [ -70.656488036940047, -34.187460145604142 ], [ -70.657392441249058, -34.186073593502755 ], [ -70.659471785796981, -34.186114047581164 ] ] ] } },
{ "type": "Feature", "properties": { "h3": "89b2c1c10bbffff" }, "geometry": { "type": "Polygon", "coordinates": [ [ [ -70.803546545978989, -34.129800919560573 ], [ -70.804723310486466, -34.131228321651875 ], [ -70.803818974432872, -34.132618059116915 ], [ -70.801737882091572, -34.132580390667165 ], [ -70.80056115378791, -34.131152999690435 ], [ -70.801465481620369, -34.129763266049082 ], [ -70.803546545978989, -34.129800919560573 ] ] ] } },
{ "type": "Feature", "properties": { "h3": "89b2c1c1833ffff" }, "geometry": { "type": "Polygon", "coordinates": [ [ [ -70.764201160884411, -34.174057956121239 ], [ -70.765377574427134, -34.175484737404005 ], [ -70.764473110015999, -34.176872889171364 ], [ -70.762392240356533, -34.17683425584292 ], [ -70.761215863100389, -34.175407485690648 ], [ -70.762120319215796, -34.17401933773651 ], [ -70.764201160884411, -34.174057956121239 ] ] ] } },
{ "type": "Feature", "properties": { "h3": "89b2c1c0857ffff" }, "geometry": { "type": "Polygon", "coordinates": [ [ [ -70.709929224123286, -34.160395451255084 ], [ -70.711104794190661, -34.161822714378296 ], [ -70.710200429135014, -34.163210534685291 ], [ -70.7081205024041, -34.163171088039704 ], [ -70.706944968715206, -34.161743836095823 ], [ -70.707849325377396, -34.160356019618369 ], [ -70.709929224123286, -34.160395451255084 ] ] ] } },
{ "type": "Feature", "properties": { "h3": "89b2c1cac63ffff" }, "geometry": { "type": "Polygon", "coordinates": [ [ [ -70.838586826452925, -34.169793892224789 ], [ -70.839764283077614, -34.171220422650023 ], [ -70.838859769740893, -34.17260959864425 ], [ -70.836777807938077, -34.172572240413231 ], [ -70.835600387466769, -34.171145721059936 ], [ -70.836504892643518, -34.169756548865919 ], [ -70.838586826452925, -34.169793892224789 ] ] ] } },
{ "type": "Feature", "properties": { "h3": "89b2c1c50b3ffff" }, "geometry": { "type": "Polygon", "coordinates": [ [ [ -70.654045283431529, -34.194432823282398 ], [ -70.655220213427043, -34.195859718884634 ], [ -70.654315775105943, -34.197246000613106 ], [ -70.652236415285302, -34.197205382913324 ], [ -70.651061521776867, -34.195778498523339 ], [ -70.651965951600658, -34.19439222062109 ], [ -70.654045283431529, -34.194432823282398 ] ] ] } },
{ "type": "Feature", "properties": { "h3": "89b2c1c14bbffff" }, "geometry": { "type": "Polygon", "coordinates": [ [ [ -70.80163973662566, -34.110077631471995 ], [ -70.802816379474606, -34.1115053951264 ], [ -70.801912117625278, -34.112895598782245 ], [ -70.799831221148978, -34.112858034951735 ], [ -70.79865461450143, -34.111430282420507 ], [ -70.799558868127463, -34.110040082596861 ], [ -70.80163973662566, -34.110077631471995 ] ] ] } },
{ "type": "Feature", "properties": { "h3": "89b2c1c1143ffff" }, "geometry": { "type": "Polygon", "coordinates": [ [ [ -70.798665238859527, -34.143772146268915 ], [ -70.799842000479913, -34.145199319434539 ], [ -70.798937617259, -34.146588649597014 ], [ -70.796856480647321, -34.146550802775195 ], [ -70.795679755243526, -34.145123640723121 ], [ -70.79658413023347, -34.143734314379522 ], [ -70.798665238859527, -34.143772146268915 ] ] ] } },
{ "type": "Feature", "properties": { "h3": "89b2c1c0167ffff" }, "geometry": { "type": "Polygon", "coordinates": [ [ [ -70.723494091050995, -34.139572350247057 ], [ -70.724669756079081, -34.140999927271508 ], [ -70.723765455281452, -34.142388432875173 ], [ -70.721685497821753, -34.142349357619089 ], [ -70.720509869142035, -34.140921791770488 ], [ -70.721414161572284, -34.139533290002326 ], [ -70.723494091050995, -34.139572350247057 ] ] ] } },
{ "type": "Feature", "properties": { "h3": "89b2c1c1da7ffff" }, "geometry": { "type": "Polygon", "coordinates": [ [ [ -70.734890511223043, -34.160865938628447 ], [ -70.73606644160391, -34.162293084596058 ], [ -70.735162052064013, -34.163681201999459 ], [ -70.733081740490036, -34.163642169611002 ], [ -70.731905846443709, -34.162215034802337 ], [ -70.732810227635454, -34.160826921223375 ], [ -70.734890511223043, -34.160865938628447 ] ] ] } },
{ "type": "Feature", "properties": { "h3": "89b2c1ce45bffff" }, "geometry": { "type": "Polygon", "coordinates": [ [ [ -70.740862953548799, -34.190479001813806 ], [ -70.742039111395954, -34.191905590630583 ], [ -70.74113460737523, -34.193293045524555 ], [ -70.7390539538453, -34.193253907790911 ], [ -70.737877832330881, -34.191827330117562 ], [ -70.738782328012306, -34.190439879034635 ], [ -70.740862953548799, -34.190479001813806 ] ] ] } },
{ "type": "Feature", "properties": { "h3": "89b2c1c0dcbffff" }, "geometry": { "type": "Polygon", "coordinates": [ [ [ -70.689856626878424, -34.145962810016862 ], [ -70.691031839671794, -34.147390418727404 ], [ -70.690127546300033, -34.14877834926078 ], [ -70.688048048562536, -34.14873866724438 ], [ -70.686872872178782, -34.147311069734641 ], [ -70.687777157121587, -34.145923143040697 ], [ -70.689856626878424, -34.145962810016862 ] ] ] } },
{ "type": "Feature", "properties": { "h3": "89b2c1c1433ffff" }, "geometry": { "type": "Polygon", "coordinates": [ [ [ -70.802184505403332, -34.115713447861097 ], [ -70.803361183009628, -34.11714110823381 ], [ -70.802456899960106, -34.118531178702106 ], [ -70.800375947525652, -34.118493584968149 ], [ -70.799199306121466, -34.11706593571617 ], [ -70.800103580948289, -34.11567586907762 ], [ -70.802184505403332, -34.115713447861097 ] ] ] } },
{ "type": "Feature", "properties": { "h3": "89b2c1c502bffff" }, "geometry": { "type": "Polygon", "coordinates": [ [ [ -70.66136581531245, -34.205806604526998 ], [ -70.662540905090594, -34.207233264475093 ], [ -70.661636417913371, -34.208619353917534 ], [ -70.659556849441444, -34.208578779591974 ], [ -70.658381796140887, -34.207152130846069 ], [ -70.659286274833335, -34.205766045223719 ], [ -70.66136581531245, -34.205806604526998 ] ] ] } },
{ "type": "Feature", "properties": { "h3": "89b2c1c5627ffff" }, "geometry": { "type": "Polygon", "coordinates": [ [ [ -70.676015604739618, -34.196263750974374 ], [ -70.67719085945312, -34.197690518534081 ], [ -70.676286393686169, -34.199077026947222 ], [ -70.674206681661929, -34.199036763979628 ], [ -70.673031463397365, -34.197610007613747 ], [ -70.673935920706782, -34.19622350302182 ], [ -70.676015604739618, -34.196263750974374 ] ] ] } },
{ "type": "Feature", "properties": { "h3": "89b2c1c464bffff" }, "geometry": { "type": "Polygon", "coordinates": [ [ [ -70.630998100943813, -34.181344725799889 ], [ -70.632172636539622, -34.182771955475104 ], [ -70.631268268450057, -34.18415827702438 ], [ -70.629189373301543, -34.184117365062605 ], [ -70.628014874229493, -34.182690146623095 ], [ -70.628919233780834, -34.181303828909869 ], [ -70.630998100943813, -34.181344725799889 ] ] ] } },
{ "type": "Feature", "properties": { "h3": "89b2c1c0a53ffff" }, "geometry": { "type": "Polygon", "coordinates": [ [ [ -70.735705154027144, -34.169311373941625 ], [ -70.736881136529973, -34.17073836497255 ], [ -70.735976715149789, -34.172126282500109 ], [ -70.733896319612683, -34.172087205176155 ], [ -70.732720373445446, -34.17066022530048 ], [ -70.733624786478401, -34.169272311593716 ], [ -70.735705154027144, -34.169311373941625 ] ] ] } },
{ "type": "Feature", "properties": { "h3": "89b2c1c7267ffff" }, "geometry": { "type": "Polygon", "coordinates": [ [ [ -70.660832144091856, -34.167883384384339 ], [ -70.662007044614583, -34.169310726310464 ], [ -70.661102697706696, -34.170697752469778 ], [ -70.659023458757844, -34.170657432867237 ], [ -70.657848594702372, -34.169230102157528 ], [ -70.658752933127133, -34.167843079834114 ], [ -70.660832144091856, -34.167883384384339 ] ] ] } },
{ "type": "Feature", "properties": { "h3": "89b2c1c52afffff" }, "geometry": { "type": "Polygon", "coordinates": [ [ [ -70.677369616912458, -34.210328948046794 ], [ -70.67854495846926, -34.211755457414995 ], [ -70.67764043958023, -34.213141632592304 ], [ -70.675560587589061, -34.21310129458648 ], [ -70.674385282482987, -34.21167479640588 ], [ -70.675289792916004, -34.210288625043709 ], [ -70.677369616912458, -34.210328948046794 ] ] ] } },
{ "type": "Feature", "properties": { "h3": "89b2c1c16b7ffff" }, "geometry": { "type": "Polygon", "coordinates": [ [ [ -70.81820136361047, -34.120220907270379 ], [ -70.819378291668798, -34.121648416576967 ], [ -70.818473978192017, -34.123038572776046 ], [ -70.816392744849367, -34.123001215844056 ], [ -70.815215852966048, -34.121573717643656 ], [ -70.816120158249007, -34.120183565269237 ], [ -70.81820136361047, -34.120220907270379 ] ] ] } },
{ "type": "Feature", "properties": { "h3": "89b2c1c42d3ffff" }, "geometry": { "type": "Polygon", "coordinates": [ [ [ -70.625571867149375, -34.189662095206693 ], [ -70.626746364405733, -34.191089199289955 ], [ -70.625841970880515, -34.192475246643788 ], [ -70.623763088646228, -34.192434186080924 ], [ -70.622588627925666, -34.191007093234724 ], [ -70.623493012902244, -34.189621049714518 ], [ -70.625571867149375, -34.189662095206693 ] ] ] } },
{ "type": "Feature", "properties": { "h3": "89b2c1c0363ffff" }, "geometry": { "type": "Polygon", "coordinates": [ [ [ -70.749270864426876, -34.148486814266747 ], [ -70.750446941646075, -34.149914119281732 ], [ -70.749542584728914, -34.151302722140379 ], [ -70.74746215891237, -34.151264016157491 ], [ -70.74628611799865, -34.149836722294282 ], [ -70.747190466594645, -34.148448123262376 ], [ -70.749270864426876, -34.148486814266747 ] ] ] } },
{ "type": "Feature", "properties": { "h3": "89b2c1c1c2bffff" }, "geometry": { "type": "Polygon", "coordinates": [ [ [ -70.765826653215697, -34.158631448992381 ], [ -70.767003016140634, -34.160058499803078 ], [ -70.766098607096339, -34.161447055154724 ], [ -70.764017843417506, -34.161408555876633 ], [ -70.762841516771729, -34.159981516200681 ], [ -70.76374591752429, -34.158592964668287 ], [ -70.765826653215697, -34.158631448992381 ] ] ] } },
{ "type": "Feature", "properties": { "h3": "89b2c1c0c4fffff" }, "geometry": { "type": "Polygon", "coordinates": [ [ [ -70.711557394685954, -34.144969338101227 ], [ -70.712732914286519, -34.146396870410705 ], [ -70.71182860453581, -34.147785094240618 ], [ -70.709748783572621, -34.14774578192565 ], [ -70.70857330034309, -34.146318260799745 ], [ -70.70947760170435, -34.144930040805434 ], [ -70.711557394685954, -34.144969338101227 ] ] ] } },
{ "type": "Feature", "properties": { "h3": "89b2c1c53a3ffff" }, "geometry": { "type": "Polygon", "coordinates": [ [ [ -70.656209405469426, -34.216934930746667 ], [ -70.657384474385182, -34.218361413399691 ], [ -70.656479951044588, -34.21974716195011 ], [ -70.654400367281823, -34.219706424031244 ], [ -70.653225334856074, -34.218279952580502 ], [ -70.654129849701746, -34.216894207846558 ], [ -70.656209405469426, -34.216934930746667 ] ] ] } },
{ "type": "Feature", "properties": { "h3": "89b2c1c54abffff" }, "geometry": { "type": "Polygon", "coordinates": [ [ [ -70.655676526912202, -34.179018949848526 ], [ -70.656851406576806, -34.18044611461827 ], [ -70.655947023518323, -34.181832799982089 ], [ -70.653867769287146, -34.181792316744087 ], [ -70.652692926102205, -34.180365163190878 ], [ -70.653597300667414, -34.178978481659364 ], [ -70.655676526912202, -34.179018949848526 ] ] ] } },
{ "type": "Feature", "properties": { "h3": "89b2c1c18b3ffff" }, "geometry": { "type": "Polygon", "coordinates": [ [ [ -70.760400172124506, -34.166962221380459 ], [ -70.76157649724216, -34.168389146578114 ], [ -70.760672062347723, -34.169777427792567 ], [ -70.758591310636433, -34.169738779992656 ], [ -70.75741502180999, -34.168311865931152 ], [ -70.758319448402247, -34.166923588533592 ], [ -70.760400172124506, -34.166962221380459 ] ] ] } },
{ "type": "Feature", "properties": { "h3": "89b2c1c08d7ffff" }, "geometry": { "type": "Polygon", "coordinates": [ [ [ -70.706131509992517, -34.153298121348165 ], [ -70.707306991578434, -34.154725528103164 ], [ -70.706402656149137, -34.15611347781504 ], [ -70.704322847532467, -34.156074016938938 ], [ -70.703147402329662, -34.154646621368897 ], [ -70.704051729359065, -34.153258675490228 ], [ -70.706131509992517, -34.153298121348165 ] ] ] } },
{ "type": "Feature", "properties": { "h3": "89b2c1c153bffff" }, "geometry": { "type": "Polygon", "coordinates": [ [ [ -70.784545944950736, -34.126643670604167 ], [ -70.785722422636397, -34.128071212583443 ], [ -70.784818114790369, -34.129460793887191 ], [ -70.782737337512827, -34.129422829383074 ], [ -70.781560896063738, -34.12799529853487 ], [ -70.782465195654268, -34.12660572105991 ], [ -70.784545944950736, -34.126643670604167 ] ] ] } },
{ "type": "Feature", "properties": { "h3": "89b2c1ce563ffff" }, "geometry": { "type": "Polygon", "coordinates": [ [ [ -70.711284441599375, -34.206769673230902 ], [ -70.712460253238945, -34.208196098848667 ], [ -70.711555716063557, -34.209582782521544 ], [ -70.709475375641432, -34.209543036766782 ], [ -70.708299600391712, -34.208116622310442 ], [ -70.709204129172917, -34.20672994244763 ], [ -70.711284441599375, -34.206769673230902 ] ] ] } },
{ "type": "Feature", "properties": { "h3": "89b2c1c735bffff" }, "geometry": { "type": "Polygon", "coordinates": [ [ [ -70.651611161475813, -34.169108907370585 ], [ -70.652785935220379, -34.170536267205584 ], [ -70.651881592530287, -34.171923148612656 ], [ -70.649802484594247, -34.171882666347749 ], [ -70.648627747333549, -34.170455317736199 ], [ -70.649532081523674, -34.169068440166313 ], [ -70.651611161475813, -34.169108907370585 ] ] ] } },
{ "type": "Feature", "properties": { "h3": "89b2c1c0b47ffff" }, "geometry": { "type": "Polygon", "coordinates": [ [ [ -70.712099053299156, -34.182912807760538 ], [ -70.713274762330386, -34.184339657851027 ], [ -70.712370312337228, -34.185726945133112 ], [ -70.710290161702545, -34.185687378505129 ], [ -70.709114489052652, -34.184260539584045 ], [ -70.710018930654769, -34.182873256121738 ], [ -70.712099053299156, -34.182912807760538 ] ] ] } },
{ "type": "Feature", "properties": { "h3": "89b2c1c11c3ffff" }, "geometry": { "type": "Polygon", "coordinates": [ [ [ -70.794862776481509, -34.136673665643571 ], [ -70.796039449741002, -34.1381009827195 ], [ -70.795135095957647, -34.139490442286466 ], [ -70.793054077150856, -34.139452580955144 ], [ -70.791877440112629, -34.138025274998384 ], [ -70.792781785658576, -34.136635819253968 ], [ -70.794862776481509, -34.136673665643571 ] ] ] } },
{ "type": "Feature", "properties": { "h3": "89b2c1c1e27ffff" }, "geometry": { "type": "Polygon", "coordinates": [ [ [ -70.78238579245739, -34.168773476171374 ], [ -70.783562440983118, -34.170200272497418 ], [ -70.782657979960192, -34.171588780296801 ], [ -70.780576878672491, -34.171550487958491 ], [ -70.779400266399591, -34.170123702750139 ], [ -70.780304719160227, -34.16873519876259 ], [ -70.78238579245739, -34.168773476171374 ] ] ] } },
{ "type": "Feature", "properties": { "h3": "89b2c1c0e4bffff" }, "geometry": { "type": "Polygon", "coordinates": [ [ [ -70.737332069203802, -34.153885668004271 ], [ -70.738508001167105, -34.155312928400562 ], [ -70.737603635122369, -34.156701249489224 ], [ -70.735523345456244, -34.156662306354924 ], [ -70.734347449821101, -34.155235057118141 ], [ -70.735251807522587, -34.15384673985632 ], [ -70.737332069203802, -34.153885668004271 ] ] ] } },
{ "type": "Feature", "properties": { "h3": "89b2c1c56a7ffff" }, "geometry": { "type": "Polygon", "coordinates": [ [ [ -70.672219252859847, -34.189169715095545 ], [ -70.673394419024859, -34.190596626320101 ], [ -70.672489982963427, -34.191983264190497 ], [ -70.67041038919956, -34.191942987011643 ], [ -70.66923525948809, -34.190516086986541 ], [ -70.67013968708558, -34.189129452941046 ], [ -70.672219252859847, -34.189169715095545 ] ] ] } },
{ "type": "Feature", "properties": { "h3": "89b2c1c1aafffff" }, "geometry": { "type": "Polygon", "coordinates": [ [ [ -70.783746797730444, -34.182848813380488 ], [ -70.784923533177036, -34.184275351144706 ], [ -70.784019019113956, -34.185663525765314 ], [ -70.781937777863661, -34.185625158816151 ], [ -70.780761078671659, -34.184198632163437 ], [ -70.781665584473984, -34.182810461348581 ], [ -70.783746797730444, -34.182848813380488 ] ] ] } },
{ "type": "Feature", "properties": { "h3": "89b2c1c0ad3ffff" }, "geometry": { "type": "Polygon", "coordinates": [ [ [ -70.731905846443709, -34.162215034802337 ], [ -70.733081740490036, -34.163642169611002 ], [ -70.732177348684743, -34.165030216567843 ], [ -70.73009707118544, -34.164991124891728 ], [ -70.72892121347931, -34.163564001243948 ], [ -70.729825596930951, -34.16217595811159 ], [ -70.731905846443709, -34.162215034802337 ] ] ] } },
{ "type": "Feature", "properties": { "h3": "89b2c1c532fffff" }, "geometry": { "type": "Polygon", "coordinates": [ [ [ -70.66027588553186, -34.226838320877725 ], [ -70.661451060404247, -34.228264608146645 ], [ -70.660546496689662, -34.2296501605354 ], [ -70.658466766589584, -34.229609421843833 ], [ -70.657291628202984, -34.228183145770316 ], [ -70.658196183429325, -34.226797597193155 ], [ -70.66027588553186, -34.226838320877725 ] ] ] } },
{ "type": "Feature", "properties": { "h3": "89b2c1c3377ffff" }, "geometry": { "type": "Polygon", "coordinates": [ [ [ -70.785897917087681, -34.10838620103786 ], [ -70.787074326745284, -34.109814063928127 ], [ -70.786170084867493, -34.11120411523499 ], [ -70.78408944158258, -34.111166299815736 ], [ -70.782913068153761, -34.109738448061997 ], [ -70.783817301779735, -34.108348400591183 ], [ -70.785897917087681, -34.10838620103786 ] ] ] } },
{ "type": "Feature", "properties": { "h3": "89b2c1c1047ffff" }, "geometry": { "type": "Polygon", "coordinates": [ [ [ -70.816578800808927, -34.135660454739813 ], [ -70.817755779609314, -34.137087694546175 ], [ -70.816851410729456, -34.138477447293319 ], [ -70.814770071245647, -34.138439956415645 ], [ -70.813593128627687, -34.137012727711273 ], [ -70.81449748930973, -34.13562297878277 ], [ -70.816578800808927, -34.135660454739813 ] ] ] } },
{ "type": "Feature", "properties": { "h3": "89b2c1c006bffff" }, "geometry": { "type": "Polygon", "coordinates": [ [ [ -70.750625231251803, -34.130238356727759 ], [ -70.751801240531634, -34.131665982638914 ], [ -70.750896949562986, -34.133055055587931 ], [ -70.748816657630599, -34.133016498791953 ], [ -70.747640684648445, -34.131588884038024 ], [ -70.748544967299622, -34.130199814923053 ], [ -70.750625231251803, -34.130238356727759 ] ] ] } },
{ "type": "Feature", "properties": { "h3": "89b2c1c1cabffff" }, "geometry": { "type": "Polygon", "coordinates": [ [ [ -70.762025811531672, -34.151534232740261 ], [ -70.763202086044657, -34.152961427399418 ], [ -70.762297706509955, -34.154350112171272 ], [ -70.760217060759103, -34.154311598461248 ], [ -70.759040822529897, -34.152884414942449 ], [ -70.759945193766441, -34.151495733993528 ], [ -70.762025811531672, -34.151534232740261 ] ] ] } },
{ "type": "Feature", "properties": { "h3": "89b2c1c0ccfffff" }, "geometry": { "type": "Polygon", "coordinates": [ [ [ -70.707759827089035, -34.137870528111392 ], [ -70.708935258221231, -34.139298203986108 ], [ -70.708030978089781, -34.140686557193966 ], [ -70.705951275220642, -34.140647230687996 ], [ -70.704775880464098, -34.139219566002495 ], [ -70.70568015219969, -34.137831216633948 ], [ -70.707759827089035, -34.137870528111392 ] ] ] } },
{ "type": "Feature", "properties": { "h3": "89b2c1c552bffff" }, "geometry": { "type": "Polygon", "coordinates": [ [ [ -70.638586220731924, -34.195534009794351 ], [ -70.639760933513443, -34.196960952497072 ], [ -70.63885650585172, -34.198347015173077 ], [ -70.636777373932532, -34.198306131317857 ], [ -70.635602697665632, -34.196879199839536 ], [ -70.636507116801965, -34.195493140992227 ], [ -70.638586220731924, -34.195534009794351 ] ] ] } },
{ "type": "Feature", "properties": { "h3": "89b2c1c1e9bffff" }, "geometry": { "type": "Polygon", "coordinates": [ [ [ -70.79025341451117, -34.153458639435939 ], [ -70.791430102228404, -34.154885675888849 ], [ -70.790525690694736, -34.156274661510487 ], [ -70.788444599689399, -34.156236606862848 ], [ -70.787267948206534, -34.154809581526806 ], [ -70.788172351493259, -34.153420599721713 ], [ -70.79025341451117, -34.153458639435939 ] ] ] } },
{ "type": "Feature", "properties": { "h3": "89b2c1c1933ffff" }, "geometry": { "type": "Polygon", "coordinates": [ [ [ -70.743304741966995, -34.1835019381572 ], [ -70.744480901384222, -34.184928641486096 ], [ -70.743576420872856, -34.186316300113575 ], [ -70.74149578927728, -34.186277251598909 ], [ -70.740319666186423, -34.184850559413974 ], [ -70.741224138363407, -34.183462904599935 ], [ -70.743304741966995, -34.1835019381572 ] ] ] } },
{ "type": "Feature", "properties": { "h3": "89b2c1c0957ffff" }, "geometry": { "type": "Polygon", "coordinates": [ [ [ -70.689040107620301, -34.169831421076907 ], [ -70.69021542291928, -34.171258605904299 ], [ -70.689311042405734, -34.172645933048251 ], [ -70.687231355023911, -34.172606071535363 ], [ -70.686056076143061, -34.17117889790083 ], [ -70.686960448224568, -34.169791574586526 ], [ -70.689040107620301, -34.169831421076907 ] ] ] } },
{ "type": "Feature", "properties": { "h3": "89b2c1cad63ffff" }, "geometry": { "type": "Polygon", "coordinates": [ [ [ -70.817682411055756, -34.179253968356086 ], [ -70.818859614486897, -34.180680421237277 ], [ -70.817955084171786, -34.182069104168853 ], [ -70.815873358622909, -34.182031330418916 ], [ -70.814696191385067, -34.18060488862313 ], [ -70.815600713501453, -34.179216209492076 ], [ -70.817682411055756, -34.179253968356086 ] ] ] } },
{ "type": "Feature", "properties": { "h3": "89b2c1c15bbffff" }, "geometry": { "type": "Polygon", "coordinates": [ [ [ -70.780744542936517, -34.119543463951821 ], [ -70.781920932256227, -34.120971149703429 ], [ -70.781016653873081, -34.122360860376361 ], [ -70.778935994430839, -34.122322881465401 ], [ -70.777759641352361, -34.120895206850491 ], [ -70.778663911473544, -34.119505500010028 ], [ -70.780744542936517, -34.119543463951821 ] ] ] } },
{ "type": "Feature", "properties": { "h3": "89b2c1c025bffff" }, "geometry": { "type": "Polygon", "coordinates": [ [ [ -70.778847971396374, -34.132163756893902 ], [ -70.780024393980241, -34.133591224967034 ], [ -70.779120070837521, -34.134980598803992 ], [ -70.777039333375868, -34.134942500740358 ], [ -70.775862947040309, -34.133515043800955 ], [ -70.77676726191676, -34.132125673791634 ], [ -70.778847971396374, -34.132163756893902 ] ] ] } },
{ "type": "Feature", "properties": { "h3": "89b2c1c1243ffff" }, "geometry": { "type": "Polygon", "coordinates": [ [ [ -70.842375879015961, -34.144558628028349 ], [ -70.843553268792647, -34.145985594575784 ], [ -70.842648845137973, -34.147375444445885 ], [ -70.84056703985668, -34.147338323958969 ], [ -70.839389686219235, -34.145911368489486 ], [ -70.840294101722492, -34.144521522429173 ], [ -70.842375879015961, -34.144558628028349 ] ] ] } },
{ "type": "Feature", "properties": { "h3": "89b2c1c0267ffff" }, "geometry": { "type": "Polygon", "coordinates": [ [ [ -70.767180008612087, -34.14038464176852 ], [ -70.768356303544721, -34.14181201365367 ], [ -70.767451960469174, -34.143201039144529 ], [ -70.765371330747669, -34.143162688923894 ], [ -70.764195072086395, -34.141735328178939 ], [ -70.765099406873901, -34.140346306514651 ], [ -70.767180008612087, -34.14038464176852 ] ] ] } },
{ "type": "Feature", "properties": { "h3": "89b2c1c1237ffff" }, "geometry": { "type": "Polygon", "coordinates": [ [ [ -70.823913742582135, -34.147040114461326 ], [ -70.825090880662032, -34.148467117949458 ], [ -70.824186463604661, -34.149856678482735 ], [ -70.82210491665127, -34.149819231715604 ], [ -70.820927814744138, -34.148392239319442 ], [ -70.821832223616283, -34.147002682598632 ], [ -70.823913742582135, -34.147040114461326 ] ] ] } },
{ "type": "Feature", "properties": { "h3": "89b2c1c1ea7ffff" }, "geometry": { "type": "Polygon", "coordinates": [ [ [ -70.778583860332958, -34.161677325107895 ], [ -70.779760420459752, -34.163104265396996 ], [ -70.77885598891433, -34.164492902640077 ], [ -70.776775005509506, -34.164454595778729 ], [ -70.775598481640188, -34.16302766661294 ], [ -70.776502904916867, -34.161639033185374 ], [ -70.778583860332958, -34.161677325107895 ] ] ] } },
{ "type": "Feature", "properties": { "h3": "89b2c1c0ecbffff" }, "geometry": { "type": "Polygon", "coordinates": [ [ [ -70.733532908414574, -34.146787848027131 ], [ -70.734708751934477, -34.148215252134726 ], [ -70.733804415457556, -34.149603702625747 ], [ -70.731724243809026, -34.149564745178822 ], [ -70.730548436621916, -34.148137352236354 ], [ -70.731452764749179, -34.146748905575869 ], [ -70.733532908414574, -34.146787848027131 ] ] ] } },
{ "type": "Feature", "properties": { "h3": "89b2c1c0b53ffff" }, "geometry": { "type": "Polygon", "coordinates": [ [ [ -70.71481235857668, -34.178750608922599 ], [ -70.715988086611162, -34.180177521826295 ], [ -70.715083649467772, -34.18156494619717 ], [ -70.713003492674417, -34.18152545384357 ], [ -70.711827801015232, -34.180098552108625 ], [ -70.712732229772769, -34.178711131558728 ], [ -70.71481235857668, -34.178750608922599 ] ] ] } },
{ "type": "Feature", "properties": { "h3": "89b2c1c7367ffff" }, "geometry": { "type": "Polygon", "coordinates": [ [ [ -70.639947975051896, -34.177307685171883 ], [ -70.641122620185115, -34.178734948542633 ], [ -70.640218258397525, -34.180121481482416 ], [ -70.638139259997061, -34.180080747215634 ], [ -70.636964651370661, -34.178653495074791 ], [ -70.637869004636585, -34.177266965971029 ], [ -70.639947975051896, -34.177307685171883 ] ] ] } },
{ "type": "Feature", "properties": { "h3": "89b2c1c53afffff" }, "geometry": { "type": "Polygon", "coordinates": [ [ [ -70.656479951044588, -34.21974716195011 ], [ -70.657655037327373, -34.22117359296481 ], [ -70.656750503358396, -34.222559274859393 ], [ -70.65467089159992, -34.222518521924194 ], [ -70.653495841807498, -34.221092102110546 ], [ -70.654400367281823, -34.219706424031244 ], [ -70.656479951044588, -34.21974716195011 ] ] ] } },
{ "type": "Feature", "properties": { "h3": "89b2c1c5037ffff" }, "geometry": { "type": "Polygon", "coordinates": [ [ [ -70.654856778665319, -34.202872000536544 ], [ -70.656031760752555, -34.204298741315654 ], [ -70.655127290550737, -34.205684823116677 ], [ -70.653047846756706, -34.205644160316268 ], [ -70.651872901157645, -34.2042174307457 ], [ -70.652777362863077, -34.20283135276722 ], [ -70.654856778665319, -34.202872000536544 ] ] ] } },
{ "type": "Feature", "properties": { "h3": "89b2c1ce467ffff" }, "geometry": { "type": "Polygon", "coordinates": [ [ [ -70.729194158879011, -34.198685253764275 ], [ -70.730370188738533, -34.200111746310142 ], [ -70.729465665026837, -34.201498852738155 ], [ -70.727385119815338, -34.20145946281054 ], [ -70.72620912631163, -34.200032981414545 ], [ -70.727113641662257, -34.198645878796476 ], [ -70.729194158879011, -34.198685253764275 ] ] ] } },
{ "type": "Feature", "properties": { "h3": "89b2c1c0463ffff" }, "geometry": { "type": "Polygon", "coordinates": [ [ [ -70.745467490299831, -34.109051690881877 ], [ -70.746643324324367, -34.110479718374201 ], [ -70.74573911592897, -34.111869253649672 ], [ -70.743659081833087, -34.111830757589132 ], [ -70.742483284109056, -34.110402741265787 ], [ -70.743387484179067, -34.109013209834188 ], [ -70.745467490299831, -34.109051690881877 ] ] ] } },
{ "type": "Feature", "properties": { "h3": "89b2c1ce5d7ffff" }, "geometry": { "type": "Polygon", "coordinates": [ [ [ -70.709928170601557, -34.192702351965863 ], [ -70.71110389536922, -34.194129035931013 ], [ -70.710199411292194, -34.195516052839444 ], [ -70.708119210841815, -34.195476381966792 ], [ -70.70694352246224, -34.194049709169263 ], [ -70.707847998143578, -34.192662696076972 ], [ -70.709928170601557, -34.192702351965863 ] ] ] } },
{ "type": "Feature", "properties": { "h3": "89b2c1c10c7ffff" }, "geometry": { "type": "Polygon", "coordinates": [ [ [ -70.812775455321201, -34.128561284889152 ], [ -70.813952345788607, -34.129988668639506 ], [ -70.813048006306971, -34.131378550782507 ], [ -70.810966784560833, -34.131341045353025 ], [ -70.809789930280488, -34.129913672710252 ], [ -70.81069426155787, -34.128523794389586 ], [ -70.812775455321201, -34.128561284889152 ] ] ] } },
{ "type": "Feature", "properties": { "h3": "89b2c1c15afffff" }, "geometry": { "type": "Polygon", "coordinates": [ [ [ -70.778031713705758, -34.123712521709081 ], [ -70.779208084159947, -34.125140144695159 ], [ -70.778303792830755, -34.126529718340088 ], [ -70.776223139313231, -34.126491665167833 ], [ -70.775046805106328, -34.125064053319157 ], [ -70.775951088168327, -34.123674483505525 ], [ -70.778031713705758, -34.123712521709081 ] ] ] } },
{ "type": "Feature", "properties": { "h3": "89b2c1c1d2bffff" }, "geometry": { "type": "Polygon", "coordinates": [ [ [ -70.74493136341934, -34.168079194773199 ], [ -70.746107472270836, -34.16950616760024 ], [ -70.745203047109129, -34.17089422984251 ], [ -70.743122521424951, -34.170855315438438 ], [ -70.74194644889235, -34.169428353759649 ], [ -70.742850865723696, -34.168040295336866 ], [ -70.74493136341934, -34.168079194773199 ] ] ] } },
{ "type": "Feature", "properties": { "h3": "89b2c1c0d4fffff" }, "geometry": { "type": "Polygon", "coordinates": [ [ [ -70.69066940537958, -34.15440907319848 ], [ -70.691844670263876, -34.155836527182402 ], [ -70.690940345037987, -34.157224257879562 ], [ -70.688860763354498, -34.157184530757227 ], [ -70.687685534880885, -34.155757087970386 ], [ -70.688589851678756, -34.154369361108998 ], [ -70.69066940537958, -34.15440907319848 ] ] ] } },
{ "type": "Feature", "properties": { "h3": "89b2c1c55abffff" }, "geometry": { "type": "Polygon", "coordinates": [ [ [ -70.63479199854531, -34.188439719474452 ], [ -70.635966622733719, -34.189866805687828 ], [ -70.635062224854991, -34.191252997807382 ], [ -70.632983211318347, -34.191212099881355 ], [ -70.63180862364915, -34.189785024898029 ], [ -70.632713012996049, -34.188398836610865 ], [ -70.63479199854531, -34.188439719474452 ] ] ] } },
{ "type": "Feature", "properties": { "h3": "89b2c1c19b3ffff" }, "geometry": { "type": "Polygon", "coordinates": [ [ [ -70.739504785865549, -34.176407008462974 ], [ -70.74068085682535, -34.177833855667288 ], [ -70.739776405876469, -34.179221643751717 ], [ -70.737695892307258, -34.17918258081491 ], [ -70.736519857678459, -34.177755744760212 ], [ -70.73742430028652, -34.176367960492904 ], [ -70.739504785865549, -34.176407008462974 ] ] ] } },
{ "type": "Feature", "properties": { "h3": "89b2c1c09d7ffff" }, "geometry": { "type": "Polygon", "coordinates": [ [ [ -70.685243428076816, -34.162734897607592 ], [ -70.686418654862166, -34.164162226027287 ], [ -70.685514304020657, -34.165549682586011 ], [ -70.683434734830954, -34.165509806891912 ], [ -70.682259544468337, -34.164082489670697 ], [ -70.683163886871355, -34.162695036945308 ], [ -70.685243428076816, -34.162734897607592 ] ] ] } },
{ "type": "Feature", "properties": { "h3": "89b2c1c5233ffff" }, "geometry": { "type": "Polygon", "coordinates": [ [ [ -70.680624844736698, -34.211795736140317 ], [ -70.68180024010897, -34.213222205041497 ], [ -70.680895712769697, -34.214608384032729 ], [ -70.678815798507046, -34.214568090309072 ], [ -70.67764043958023, -34.213141632592304 ], [ -70.67854495846926, -34.211755457414995 ], [ -70.680624844736698, -34.211795736140317 ] ] ] } },
{ "type": "Feature", "properties": { "h3": "89b2c1c163bffff" }, "geometry": { "type": "Polygon", "coordinates": [ [ [ -70.828249045635417, -34.127432628360417 ], [ -70.82942615172287, -34.128859964247916 ], [ -70.828521803101907, -34.130250065308964 ], [ -70.826440356568128, -34.130212826663033 ], [ -70.825263286639938, -34.128785501871022 ], [ -70.826167627084914, -34.127395404629652 ], [ -70.828249045635417, -34.127432628360417 ] ] ] } },
{ "type": "Feature", "properties": { "h3": "89b2c1cad57ffff" }, "geometry": { "type": "Polygon", "coordinates": [ [ [ -70.820123259039761, -34.172272128452455 ], [ -70.821300463876923, -34.173698695919725 ], [ -70.820395957178249, -34.175087582566498 ], [ -70.818314253834856, -34.175049897943317 ], [ -70.817137085184612, -34.173623341561999 ], [ -70.818041583689478, -34.172234458718108 ], [ -70.820123259039761, -34.172272128452455 ] ] ] } },
{ "type": "Feature", "properties": { "h3": "89b2c1c094bffff" }, "geometry": { "type": "Polygon", "coordinates": [ [ [ -70.69555029741116, -34.172765310567513 ], [ -70.696725720264112, -34.174192414555307 ], [ -70.695821322903882, -34.175579749354895 ], [ -70.693741511109735, -34.175539976339692 ], [ -70.692566124664268, -34.174112883538399 ], [ -70.693470513604083, -34.172725552566007 ], [ -70.69555029741116, -34.172765310567513 ] ] ] } },
{ "type": "Feature", "properties": { "h3": "89b2c1c327bffff" }, "geometry": { "type": "Polygon", "coordinates": [ [ [ -70.813035489126406, -34.099028788829763 ], [ -70.814212241965677, -34.100456700231341 ], [ -70.813308010869704, -34.101847318748128 ], [ -70.811227035134934, -34.101810022029021 ], [ -70.8100503184736, -34.100382121745326 ], [ -70.810954541367764, -34.098991507063033 ], [ -70.813035489126406, -34.099028788829763 ] ] ] } },
{ "type": "Feature", "properties": { "h3": "89b2c1c1927ffff" }, "geometry": { "type": "Polygon", "coordinates": [ [ [ -70.740591306485925, -34.187664839774854 ], [ -70.741767446954725, -34.189091480277888 ], [ -70.740862953548799, -34.190479001813806 ], [ -70.738782328012306, -34.190439879034635 ], [ -70.737606223875915, -34.189013249676243 ], [ -70.738510708942258, -34.187625731952593 ], [ -70.740591306485925, -34.187664839774854 ] ] ] } },
{ "type": "Feature", "properties": { "h3": "89b2c1c12c3ffff" }, "geometry": { "type": "Polygon", "coordinates": [ [ [ -70.838570944361337, -34.137460453709608 ], [ -70.839748245830549, -34.138887564346938 ], [ -70.838843851522356, -34.140277543637268 ], [ -70.836762163901426, -34.14024040847702 ], [ -70.83558489857613, -34.138813308923261 ], [ -70.836489284726454, -34.137423333446399 ], [ -70.838570944361337, -34.137460453709608 ] ] ] } },
{ "type": "Feature", "properties": { "h3": "89b2c1c0bd3ffff" }, "geometry": { "type": "Polygon", "coordinates": [ [ [ -70.711014084685843, -34.171655075540166 ], [ -70.712189724231564, -34.173082132182131 ], [ -70.71128531670881, -34.174469685992129 ], [ -70.709205278031263, -34.174430179335694 ], [ -70.708029674865472, -34.173003133868107 ], [ -70.708934073995934, -34.171615583882762 ], [ -70.711014084685843, -34.171655075540166 ] ] ] } },
{ "type": "Feature", "properties": { "h3": "89b2c1c542fffff" }, "geometry": { "type": "Polygon", "coordinates": [ [ [ -70.656488036940047, -34.187460145604142 ], [ -70.65766296869073, -34.188887155612733 ], [ -70.65675855375612, -34.190273641080005 ], [ -70.65467921556187, -34.190233112710253 ], [ -70.65350432029193, -34.188806113914467 ], [ -70.654408726734161, -34.187419632275834 ], [ -70.656488036940047, -34.187460145604142 ] ] ] } },
{ "type": "Feature", "properties": { "h3": "89b2c1c1837ffff" }, "geometry": { "type": "Polygon", "coordinates": [ [ [ -70.761215863100389, -34.175407485690648 ], [ -70.762392240356533, -34.17683425584292 ], [ -70.761487773630307, -34.17822233716398 ], [ -70.759406937947915, -34.178183644519684 ], [ -70.758230596984063, -34.17675688549982 ], [ -70.759135055409004, -34.175368807992044 ], [ -70.761215863100389, -34.175407485690648 ] ] ] } },
{ "type": "Feature", "properties": { "h3": "89b2c1c085bffff" }, "geometry": { "type": "Polygon", "coordinates": [ [ [ -70.716169112919317, -34.160513539097778 ], [ -70.717344773096286, -34.161940772957671 ], [ -70.716440401886786, -34.163328667541833 ], [ -70.714360378881096, -34.163289324438018 ], [ -70.713184755071623, -34.161862101752348 ], [ -70.714089117899007, -34.160474210996448 ], [ -70.716169112919317, -34.160513539097778 ] ] ] } },
{ "type": "Feature", "properties": { "h3": "89b2c1cac67ffff" }, "geometry": { "type": "Polygon", "coordinates": [ [ [ -70.835600387466769, -34.171145721059936 ], [ -70.836777807938077, -34.172572240413231 ], [ -70.835873292160812, -34.173961345972266 ], [ -70.833791364076419, -34.173923928377974 ], [ -70.832613979764204, -34.172497420098559 ], [ -70.83351848737594, -34.171108318339769 ], [ -70.835600387466769, -34.171145721059936 ] ] ] } },
{ "type": "Feature", "properties": { "h3": "89b2c1c50b7ffff" }, "geometry": { "type": "Polygon", "coordinates": [ [ [ -70.651061521776867, -34.195778498523339 ], [ -70.652236415285302, -34.197205382913324 ], [ -70.651331974834491, -34.19859159417625 ], [ -70.649252649376734, -34.198550917223187 ], [ -70.648077792361079, -34.197124044047385 ], [ -70.648982224309066, -34.195737836610682 ], [ -70.651061521776867, -34.195778498523339 ] ] ] } },
{ "type": "Feature", "properties": { "h3": "89b2c1c0cc3ffff" }, "geometry": { "type": "Polygon", "coordinates": [ [ [ -70.707488682838601, -34.13505438085086 ], [ -70.708664096605901, -34.136482108299681 ], [ -70.707759827089035, -34.137870528111392 ], [ -70.70568015219969, -34.137831216633948 ], [ -70.704504774807646, -34.136403500375536 ], [ -70.705409035928355, -34.135015084404365 ], [ -70.707488682838601, -34.13505438085086 ] ] ] } },
{ "type": "Feature", "properties": { "h3": "89b2c1c1147ffff" }, "geometry": { "type": "Polygon", "coordinates": [ [ [ -70.795679755243526, -34.145123640723121 ], [ -70.796856480647321, -34.146550802775195 ], [ -70.795952095053778, -34.147940062504162 ], [ -70.793870992291588, -34.147902156362356 ], [ -70.792694303110068, -34.146475005425742 ], [ -70.793598680467127, -34.145085749515694 ], [ -70.795679755243526, -34.145123640723121 ] ] ] } },
{ "type": "Feature", "properties": { "h3": "89b2c1c016bffff" }, "geometry": { "type": "Polygon", "coordinates": [ [ [ -70.729734071826911, -34.139689323934249 ], [ -70.730909826903911, -34.141116871704213 ], [ -70.730005520000958, -34.142505451583681 ], [ -70.72792546637578, -34.142466479859138 ], [ -70.726749747636191, -34.141038943259908 ], [ -70.727654046183048, -34.139650367214685 ], [ -70.729734071826911, -34.139689323934249 ] ] ] } },
{ "type": "Feature", "properties": { "h3": "89b2c1c1dabffff" }, "geometry": { "type": "Polygon", "coordinates": [ [ [ -70.741131554202681, -34.16098278365611 ], [ -70.742307574609853, -34.162409900292204 ], [ -70.741403179003541, -34.163798091964608 ], [ -70.739322771325519, -34.163759163177943 ], [ -70.738146787241888, -34.1623320576957 ], [ -70.739051174511403, -34.160943869846463 ], [ -70.741131554202681, -34.16098278365611 ] ] ] } },
{ "type": "Feature", "properties": { "h3": "89b2c1c0dcfffff" }, "geometry": { "type": "Polygon", "coordinates": [ [ [ -70.686872872178782, -34.147311069734641 ], [ -70.688048048562536, -34.14873866724438 ], [ -70.687143753001578, -34.150126527329419 ], [ -70.685064289490001, -34.150086786065458 ], [ -70.683889149521548, -34.148659199758427 ], [ -70.684793436648022, -34.147271343512848 ], [ -70.686872872178782, -34.147311069734641 ] ] ] } },
{ "type": "Feature", "properties": { "h3": "89b2c1c562bffff" }, "geometry": { "type": "Polygon", "coordinates": [ [ [ -70.682254849917229, -34.196384287779949 ], [ -70.683430194880117, -34.19781102608944 ], [ -70.682525722838747, -34.199197608785184 ], [ -70.680445914279318, -34.199157449351674 ], [ -70.679270605754411, -34.197730722230894 ], [ -70.680175069349573, -34.196344143355127 ], [ -70.682254849917229, -34.196384287779949 ] ] ] } },
{ "type": "Feature", "properties": { "h3": "89b2c1c1a33ffff" }, "geometry": { "type": "Polygon", "coordinates": [ [ [ -70.78700480832849, -34.184313658758072 ], [ -70.788181597409832, -34.185740155905158 ], [ -70.787277075091851, -34.187128334330282 ], [ -70.785195771946078, -34.187090011804024 ], [ -70.784019019113956, -34.185663525765314 ], [ -70.784923533177036, -34.184275351144706 ], [ -70.78700480832849, -34.184313658758072 ] ] ] } },
{ "type": "Feature", "properties": { "h3": "89b2c1c464fffff" }, "geometry": { "type": "Polygon", "coordinates": [ [ [ -70.628014874229493, -34.182690146623095 ], [ -70.629189373301543, -34.184117365062605 ], [ -70.628285003121334, -34.185503616146939 ], [ -70.626206142411419, -34.185462644955948 ], [ -70.625031679868755, -34.184035437754098 ], [ -70.625936041505256, -34.182649190505806 ], [ -70.628014874229493, -34.182690146623095 ] ] ] } },
{ "type": "Feature", "properties": { "h3": "89b2c1c0a57ffff" }, "geometry": { "type": "Polygon", "coordinates": [ [ [ -70.732720373445446, -34.17066022530048 ], [ -70.733896319612683, -34.172087205176155 ], [ -70.732991895965569, -34.173475052254986 ], [ -70.730911534502667, -34.173435915637519 ], [ -70.729735624676707, -34.17200894691905 ], [ -70.73064003997105, -34.170621103661041 ], [ -70.732720373445446, -34.17066022530048 ] ] ] } },
{ "type": "Feature", "properties": { "h3": "89b2c1c726bffff" }, "geometry": { "type": "Polygon", "coordinates": [ [ [ -70.667069970228127, -34.16800409117014 ], [ -70.668244961030084, -34.169431403948828 ], [ -70.667340607796049, -34.170818504399904 ], [ -70.665261272230509, -34.170778288237784 ], [ -70.664086317884852, -34.169350986670388 ], [ -70.664990662647071, -34.167963890054018 ], [ -70.667069970228127, -34.16800409117014 ] ] ] } },
{ "type": "Feature", "properties": { "h3": "89b2c1c52b3ffff" }, "geometry": { "type": "Polygon", "coordinates": [ [ [ -70.676827991810825, -34.204703224067956 ], [ -70.67800329862898, -34.206129836725879 ], [ -70.677098800989398, -34.207516145203257 ], [ -70.675019004986979, -34.207475837205358 ], [ -70.673843734618842, -34.20604923573751 ], [ -70.674748223801799, -34.204662931077692 ], [ -70.676827991810825, -34.204703224067956 ] ] ] } },
{ "type": "Feature", "properties": { "h3": "89b2c1c103bffff" }, "geometry": { "type": "Polygon", "coordinates": [ [ [ -70.807349391064307, -34.13690001814458 ], [ -70.808526243917058, -34.13832727632316 ], [ -70.807621878445673, -34.139716884393138 ], [ -70.805540668334856, -34.139679230464758 ], [ -70.804363851681288, -34.138251983395143 ], [ -70.80526820893796, -34.136862379145143 ], [ -70.807349391064307, -34.13690001814458 ] ] ] } },
{ "type": "Feature", "properties": { "h3": "89b2c1c16bbffff" }, "geometry": { "type": "Polygon", "coordinates": [ [ [ -70.824445170704067, -34.120332725859207 ], [ -70.825622188478874, -34.121760205698699 ], [ -70.824717869229758, -34.123150436144684 ], [ -70.822636540386981, -34.123113182928016 ], [ -70.821459558776127, -34.121685714189624 ], [ -70.822363869842746, -34.120295487567013 ], [ -70.824445170704067, -34.120332725859207 ] ] ] } },
{ "type": "Feature", "properties": { "h3": "89b2c1c42d7ffff" }, "geometry": { "type": "Polygon", "coordinates": [ [ [ -70.622588627925666, -34.191007093234724 ], [ -70.623763088646228, -34.192434186080924 ], [ -70.622858693039362, -34.193820162967022 ], [ -70.620779845264693, -34.193779043173507 ], [ -70.619605421085538, -34.192351961566338 ], [ -70.620509808138266, -34.190965988513852 ], [ -70.622588627925666, -34.191007093234724 ] ] ] } },
{ "type": "Feature", "properties": { "h3": "89b2c1c1343ffff" }, "geometry": { "type": "Polygon", "coordinates": [ [ [ -70.821473186399672, -34.154025085980734 ], [ -70.822650323081916, -34.155451974942018 ], [ -70.821745882407583, -34.156841331801537 ], [ -70.81966431323977, -34.15680379588985 ], [ -70.81848721273667, -34.155376918020011 ], [ -70.819391645220875, -34.153987564970585 ], [ -70.821473186399672, -34.154025085980734 ] ] ] } },
{ "type": "Feature", "properties": { "h3": "89b2c1c0367ffff" }, "geometry": { "type": "Polygon", "coordinates": [ [ [ -70.74628611799865, -34.149836722294282 ], [ -70.74746215891237, -34.151264016157491 ], [ -70.746557799705826, -34.152652548574778 ], [ -70.744477407910864, -34.152613783302264 ], [ -70.743301403308251, -34.151186500592772 ], [ -70.744205754188158, -34.149797972002261 ], [ -70.74628611799865, -34.149836722294282 ] ] ] } },
{ "type": "Feature", "properties": { "h3": "89b2c1c1c2fffff" }, "geometry": { "type": "Polygon", "coordinates": [ [ [ -70.762841516771729, -34.159981516200681 ], [ -70.764017843417506, -34.161408555876633 ], [ -70.76311343205569, -34.162797040786359 ], [ -70.761032702344011, -34.162758482201042 ], [ -70.75985641198308, -34.161331453661752 ], [ -70.760760815047632, -34.159942972571343 ], [ -70.762841516771729, -34.159981516200681 ] ] ] } },
{ "type": "Feature", "properties": { "h3": "89b2c1c0c53ffff" }, "geometry": { "type": "Polygon", "coordinates": [ [ [ -70.711014995241626, -34.139337471236182 ], [ -70.712190480109484, -34.140765106718383 ], [ -70.711286191587959, -34.142153463764295 ], [ -70.709206426587301, -34.142114181490143 ], [ -70.708030978089781, -34.140686557193966 ], [ -70.708935258221231, -34.139298203986108 ], [ -70.711014995241626, -34.139337471236182 ] ] ] } },
{ "type": "Feature", "properties": { "h3": "89b2c1c54afffff" }, "geometry": { "type": "Polygon", "coordinates": [ [ [ -70.652692926102205, -34.180365163190878 ], [ -70.653867769287146, -34.181792316744087 ], [ -70.652963384096466, -34.183178931646566 ], [ -70.650884164218283, -34.183138389163751 ], [ -70.649709357518617, -34.181711246829039 ], [ -70.650613734210523, -34.180324635758858 ], [ -70.652692926102205, -34.180365163190878 ] ] ] } },
{ "type": "Feature", "properties": { "h3": "89b2c1c03d7ffff" }, "geometry": { "type": "Polygon", "coordinates": [ [ [ -70.747912364370606, -34.134405501304705 ], [ -70.749088354724478, -34.135833064446508 ], [ -70.748184050855471, -34.137222000355138 ], [ -70.746103764953915, -34.137183369289353 ], [ -70.744927810903732, -34.135755817305515 ], [ -70.745832106450052, -34.134366885229724 ], [ -70.747912364370606, -34.134405501304705 ] ] ] } },
{ "type": "Feature", "properties": { "h3": "89b2c1c18b7ffff" }, "geometry": { "type": "Polygon", "coordinates": [ [ [ -70.75741502180999, -34.168311865931152 ], [ -70.758591310636433, -34.169738779992656 ], [ -70.757686873433457, -34.171126990762225 ], [ -70.755606155710396, -34.171088283653525 ], [ -70.754429903180849, -34.169661380730069 ], [ -70.755334332076146, -34.168273173777436 ], [ -70.75741502180999, -34.168311865931152 ] ] ] } },
{ "type": "Feature", "properties": { "h3": "89b2c1c08dbffff" }, "geometry": { "type": "Polygon", "coordinates": [ [ [ -70.712371044492102, -34.153416251901383 ], [ -70.713546616195103, -34.15484362941875 ], [ -70.712642274599034, -34.15623165341006 ], [ -70.710562369687139, -34.156192296052282 ], [ -70.709386834356252, -34.154764929714794 ], [ -70.710291167563781, -34.153376909555412 ], [ -70.712371044492102, -34.153416251901383 ] ] ] } },
{ "type": "Feature", "properties": { "h3": "89b2c1c13b3ffff" }, "geometry": { "type": "Polygon", "coordinates": [ [ [ -70.802195594698659, -34.148053573506637 ], [ -70.803372427296438, -34.149480654407711 ], [ -70.802468025247407, -34.150869921770763 ], [ -70.80038679882405, -34.15083210441653 ], [ -70.79921000243786, -34.1494050346246 ], [ -70.800114396262074, -34.148015771077965 ], [ -70.802195594698659, -34.148053573506637 ] ] ] } },
{ "type": "Feature", "properties": { "h3": "89b2c1ce567ffff" }, "geometry": { "type": "Polygon", "coordinates": [ [ [ -70.708299600391712, -34.208116622310442 ], [ -70.709475375641432, -34.209543036766782 ], [ -70.708570836239616, -34.210929649977935 ], [ -70.706490529986439, -34.210889844922839 ], [ -70.705314791132238, -34.209463441629822 ], [ -70.706219322134359, -34.208076832228784 ], [ -70.708299600391712, -34.208116622310442 ] ] ] } },
{ "type": "Feature", "properties": { "h3": "89b2c1c0563ffff" }, "geometry": { "type": "Polygon", "coordinates": [ [ [ -70.724578714204668, -34.118506320065386 ], [ -70.725754294006379, -34.119934269334244 ], [ -70.724850069740327, -34.121323311575878 ], [ -70.722770274035156, -34.121284400704795 ], [ -70.721594730573656, -34.119856462618465 ], [ -70.722498946475753, -34.118467424220867 ], [ -70.724578714204668, -34.118506320065386 ] ] ] } },
{ "type": "Feature", "properties": { "h3": "89b2c1c11c7ffff" }, "geometry": { "type": "Polygon", "coordinates": [ [ [ -70.791877440112629, -34.138025274998384 ], [ -70.793054077150856, -34.139452580955144 ], [ -70.792149721001408, -34.140841970090058 ], [ -70.790068736055332, -34.140804049445784 ], [ -70.788892135244026, -34.139376754610112 ], [ -70.789796483150525, -34.137987369297797 ], [ -70.791877440112629, -34.138025274998384 ] ] ] } },
{ "type": "Feature", "properties": { "h3": "89b2c1c1e2bffff" }, "geometry": { "type": "Polygon", "coordinates": [ [ [ -70.788629203926106, -34.168888100953822 ], [ -70.789805942324392, -34.170314867803427 ], [ -70.788901475401232, -34.171703449855045 ], [ -70.786820278329316, -34.171665261246737 ], [ -70.785643576172845, -34.170238505509737 ], [ -70.786548034845083, -34.168849927268639 ], [ -70.788629203926106, -34.168888100953822 ] ] ] } },
{ "type": "Feature", "properties": { "h3": "89b2c1c0e4fffff" }, "geometry": { "type": "Polygon", "coordinates": [ [ [ -70.734347449821101, -34.155235057118141 ], [ -70.735523345456244, -34.156662306354924 ], [ -70.734618977142162, -34.158050556999207 ], [ -70.732538721540323, -34.158011554580007 ], [ -70.73136286223901, -34.156584316504627 ], [ -70.732267222204371, -34.155196069687229 ], [ -70.734347449821101, -34.155235057118141 ] ] ] } },
{ "type": "Feature", "properties": { "h3": "89b2c1c336bffff" }, "geometry": { "type": "Polygon", "coordinates": [ [ [ -70.792412206157778, -34.111317354265552 ], [ -70.793588723008469, -34.112745136175164 ], [ -70.792684464644495, -34.114135195150389 ], [ -70.790603697668644, -34.114097468382667 ], [ -70.789427217036049, -34.112669697603231 ], [ -70.790331467159831, -34.111279642461561 ], [ -70.792412206157778, -34.111317354265552 ] ] ] } },
{ "type": "Feature", "properties": { "h3": "89b2c1c56abffff" }, "geometry": { "type": "Polygon", "coordinates": [ [ [ -70.678458143302493, -34.189290294553764 ], [ -70.679633399724352, -34.19071717655379 ], [ -70.678728957375554, -34.192103888709077 ], [ -70.676649267056149, -34.192063715040895 ], [ -70.675474047076833, -34.190636844235236 ], [ -70.676378480973014, -34.189250135903592 ], [ -70.678458143302493, -34.189290294553764 ] ] ] } },
{ "type": "Feature", "properties": { "h3": "89b2c1c1ab3ffff" }, "geometry": { "type": "Polygon", "coordinates": [ [ [ -70.783202375293044, -34.177219033534875 ], [ -70.784379075969937, -34.178645674736984 ], [ -70.783474583123549, -34.180033982634889 ], [ -70.781393397860271, -34.17999564552273 ], [ -70.780216733437243, -34.178569015434604 ], [ -70.781121218022264, -34.177180711344874 ], [ -70.783202375293044, -34.177219033534875 ] ] ] } },
{ "type": "Feature", "properties": { "h3": "89b2c1c0ad7ffff" }, "geometry": { "type": "Polygon", "coordinates": [ [ [ -70.72892121347931, -34.163564001243948 ], [ -70.73009707118544, -34.164991124891728 ], [ -70.729192677119769, -34.16637910140124 ], [ -70.727112433705813, -34.166339950438676 ], [ -70.725936612345592, -34.164912837953715 ], [ -70.726840998052083, -34.163524865268698 ], [ -70.72892121347931, -34.163564001243948 ] ] ] } },
{ "type": "Feature", "properties": { "h3": "89b2c1c5333ffff" }, "geometry": { "type": "Polygon", "coordinates": [ [ [ -70.659734683436781, -34.221214286628033 ], [ -70.660909823572098, -34.222640677197923 ], [ -70.660005281114309, -34.224026362906514 ], [ -70.657925607008679, -34.223985654231392 ], [ -70.656750503358396, -34.222559274859393 ], [ -70.657655037327373, -34.22117359296481 ], [ -70.659734683436781, -34.221214286628033 ] ] ] } },
{ "type": "Feature", "properties": { "h3": "89b2c1c337bffff" }, "geometry": { "type": "Polygon", "coordinates": [ [ [ -70.792139954446412, -34.108499395163477 ], [ -70.79331645392061, -34.10992722869922 ], [ -70.792412206157778, -34.111317354265552 ], [ -70.790331467159831, -34.111279642461561 ], [ -70.789155003903403, -34.109851820057223 ], [ -70.790059243425773, -34.108461698325648 ], [ -70.792139954446412, -34.108499395163477 ] ] ] } },
{ "type": "Feature", "properties": { "h3": "89b2c1c5323ffff" }, "geometry": { "type": "Polygon", "coordinates": [ [ [ -70.660005281114309, -34.224026362906514 ], [ -70.661180438617947, -34.225452701828097 ], [ -70.66027588553186, -34.226838320877725 ], [ -70.658196183429325, -34.226797597193155 ], [ -70.657021062411133, -34.225371269468205 ], [ -70.657925607008679, -34.223985654231392 ], [ -70.660005281114309, -34.224026362906514 ] ] ] } },
{ "type": "Feature", "properties": { "h3": "89b2c1c13c3ffff" }, "geometry": { "type": "Polygon", "coordinates": [ [ [ -70.817669281199343, -34.146927715107815 ], [ -70.818846329541444, -34.148354748119701 ], [ -70.817941918259521, -34.149744234409496 ], [ -70.815860466830685, -34.149706683873831 ], [ -70.814683454672391, -34.148279661959009 ], [ -70.815587857757734, -34.146890179482995 ], [ -70.817669281199343, -34.146927715107815 ] ] ] } },
{ "type": "Feature", "properties": { "h3": "89b2c1c104bffff" }, "geometry": { "type": "Polygon", "coordinates": [ [ [ -70.822822926361994, -34.135772675141062 ], [ -70.823999994895601, -34.137199885451103 ], [ -70.823095620237027, -34.138589712443618 ], [ -70.821014185229899, -34.13855232530895 ], [ -70.819837152867677, -34.137125126095789 ], [ -70.820741519339805, -34.135735302920629 ], [ -70.822822926361994, -34.135772675141062 ] ] ] } },
{ "type": "Feature", "properties": { "h3": "89b2c1c006fffff" }, "geometry": { "type": "Polygon", "coordinates": [ [ [ -70.747640684648445, -34.131588884038024 ], [ -70.748816657630599, -34.133016498791953 ], [ -70.747912364370606, -34.134405501304705 ], [ -70.745832106450052, -34.134366885229724 ], [ -70.744656169771233, -34.132939281634961 ], [ -70.745560454708254, -34.131550282956248 ], [ -70.747640684648445, -34.131588884038024 ] ] ] } },
{ "type": "Feature", "properties": { "h3": "89b2c1c1cafffff" }, "geometry": { "type": "Polygon", "coordinates": [ [ [ -70.759040822529897, -34.152884414942449 ], [ -70.760217060759103, -34.154311598461248 ], [ -70.759312678913417, -34.155700212792603 ], [ -70.75723206714089, -34.155661639782373 ], [ -70.756055865201176, -34.154234467405864 ], [ -70.756960238743162, -34.1528458568975 ], [ -70.759040822529897, -34.152884414942449 ] ] ] } },
{ "type": "Feature", "properties": { "h3": "89b2c1c0cd3ffff" }, "geometry": { "type": "Polygon", "coordinates": [ [ [ -70.707217545338196, -34.132238115418687 ], [ -70.708392941741067, -34.133665894437236 ], [ -70.707488682838601, -34.13505438085086 ], [ -70.705409035928355, -34.135015084404365 ], [ -70.704233675900412, -34.133587316577469 ], [ -70.705137926406422, -34.132198834005621 ], [ -70.707217545338196, -34.132238115418687 ] ] ] } },
{ "type": "Feature", "properties": { "h3": "89b2c1c552fffff" }, "geometry": { "type": "Polygon", "coordinates": [ [ [ -70.635602697665632, -34.196879199839536 ], [ -70.636777373932532, -34.198306131317857 ], [ -70.635872944167104, -34.199692123526177 ], [ -70.633793846664403, -34.199651180427658 ], [ -70.632619206917795, -34.19822426017565 ], [ -70.633523628152275, -34.196838271796054 ], [ -70.635602697665632, -34.196879199839536 ] ] ] } },
{ "type": "Feature", "properties": { "h3": "89b2c1c0ac7ffff" }, "geometry": { "type": "Polygon", "coordinates": [ [ [ -70.729192677119769, -34.16637910140124 ], [ -70.730368552198726, -34.167806173410305 ], [ -70.729464147518826, -34.169194083295046 ], [ -70.7273838761175, -34.169154917347633 ], [ -70.726208037384794, -34.167727856500129 ], [ -70.727112433705813, -34.166339950438676 ], [ -70.729192677119769, -34.16637910140124 ] ] ] } },
{ "type": "Feature", "properties": { "h3": "89b2c1c1937ffff" }, "geometry": { "type": "Polygon", "coordinates": [ [ [ -70.740319666186423, -34.184850559413974 ], [ -70.74149578927728, -34.186277251598909 ], [ -70.740591306485925, -34.187664839774854 ], [ -70.738510708942258, -34.187625731952593 ], [ -70.737334622183425, -34.186199050913544 ], [ -70.738239096634885, -34.184811466551075 ], [ -70.740319666186423, -34.184850559413974 ] ] ] } },
{ "type": "Feature", "properties": { "h3": "89b2c1c095bffff" }, "geometry": { "type": "Polygon", "coordinates": [ [ [ -70.695279278666774, -34.169950753541336 ], [ -70.696454684152187, -34.171377909141064 ], [ -70.69555029741116, -34.172765310567513 ], [ -70.693470513604083, -34.172725552566007 ], [ -70.692295144525858, -34.171298408154023 ], [ -70.693199522846143, -34.169911010555992 ], [ -70.695279278666774, -34.169950753541336 ] ] ] } },
{ "type": "Feature", "properties": { "h3": "89b2c1c1aa3ffff" }, "geometry": { "type": "Polygon", "coordinates": [ [ [ -70.783474583123549, -34.180033982634889 ], [ -70.784651301185079, -34.181460572120244 ], [ -70.783746797730444, -34.182848813380488 ], [ -70.781665584473984, -34.182810461348581 ], [ -70.78048890266669, -34.181383882975979 ], [ -70.781393397860271, -34.17999564552273 ], [ -70.783474583123549, -34.180033982634889 ] ] ] } },
{ "type": "Feature", "properties": { "h3": "89b2c1c569bffff" }, "geometry": { "type": "Polygon", "coordinates": [ [ [ -70.683884669668856, -34.180968936332803 ], [ -70.685059964224365, -34.182395943951647 ], [ -70.684155547475612, -34.183782930296225 ], [ -70.682075844612214, -34.183742905196119 ], [ -70.680900586487255, -34.182315908770263 ], [ -70.681804994793808, -34.180928926251731 ], [ -70.683884669668856, -34.180968936332803 ] ] ] } },
{ "type": "Feature", "properties": { "h3": "89b2c1cad67ffff" }, "geometry": { "type": "Polygon", "coordinates": [ [ [ -70.814696191385067, -34.18060488862313 ], [ -70.815873358622909, -34.182031330418916 ], [ -70.814968825902383, -34.183419942909865 ], [ -70.812887134146905, -34.183382109804676 ], [ -70.811710003108075, -34.181955679096241 ], [ -70.812614527624362, -34.180567070405829 ], [ -70.814696191385067, -34.18060488862313 ] ] ] } },
{ "type": "Feature", "properties": { "h3": "89b2c1c1247ffff" }, "geometry": { "type": "Polygon", "coordinates": [ [ [ -70.839389686219235, -34.145911368489486 ], [ -70.84056703985668, -34.147338323958969 ], [ -70.839662613755607, -34.148728103401346 ], [ -70.837580842172656, -34.148690923564608 ], [ -70.836403524680151, -34.147263979175023 ], [ -70.837307942624292, -34.145874203542469 ], [ -70.839389686219235, -34.145911368489486 ] ] ] } },
{ "type": "Feature", "properties": { "h3": "89b2c1c026bffff" }, "geometry": { "type": "Polygon", "coordinates": [ [ [ -70.773422005568406, -34.140499440273537 ], [ -70.774598390403952, -34.141926782784893 ], [ -70.773694041376174, -34.143315882537038 ], [ -70.771613315788201, -34.143277635952764 ], [ -70.770436967213001, -34.141850304576515 ], [ -70.771341307964079, -34.140461208649633 ], [ -70.773422005568406, -34.140499440273537 ] ] ] } },
{ "type": "Feature", "properties": { "h3": "89b2c1c1eabffff" }, "geometry": { "type": "Polygon", "coordinates": [ [ [ -70.784826918199627, -34.161791993478339 ], [ -70.786003568206567, -34.163218904316665 ], [ -70.785099130747909, -34.164607615814255 ], [ -70.783018051538306, -34.164569412659489 ], [ -70.7818414377778, -34.163142512939409 ], [ -70.782745866979084, -34.161753805256033 ], [ -70.784826918199627, -34.161791993478339 ] ] ] } },
{ "type": "Feature", "properties": { "h3": "89b2c1c0ecfffff" }, "geometry": { "type": "Polygon", "coordinates": [ [ [ -70.730548436621916, -34.148137352236354 ], [ -70.731724243809026, -34.149564745178822 ], [ -70.730819905069268, -34.150953125226884 ], [ -70.728739767496222, -34.150914108502093 ], [ -70.727563996647532, -34.149486726726678 ], [ -70.728468327032132, -34.148098350509194 ], [ -70.730548436621916, -34.148137352236354 ] ] ] } },
{ "type": "Feature", "properties": { "h3": "89b2c1c0b57ffff" }, "geometry": { "type": "Polygon", "coordinates": [ [ [ -70.711827801015232, -34.180098552108625 ], [ -70.713003492674417, -34.18152545384357 ], [ -70.712099053299156, -34.182912807760538 ], [ -70.710018930654769, -34.182873256121738 ], [ -70.70884327537658, -34.181446365557449 ], [ -70.70974770636046, -34.180059015461481 ], [ -70.711827801015232, -34.180098552108625 ] ] ] } },
{ "type": "Feature", "properties": { "h3": "89b2c1c736bffff" }, "geometry": { "type": "Polygon", "coordinates": [ [ [ -70.64618507984035, -34.177429635970839 ], [ -70.647359815329395, -34.178856870229858 ], [ -70.646455447142088, -34.180243477466512 ], [ -70.644376351974756, -34.180202846609546 ], [ -70.643201652981588, -34.178775623575319 ], [ -70.644106012658511, -34.17738902017345 ], [ -70.64618507984035, -34.177429635970839 ] ] ] } },
{ "type": "Feature", "properties": { "h3": "89b2c1c53b3ffff" }, "geometry": { "type": "Polygon", "coordinates": [ [ [ -70.65593886663271, -34.214122581255317 ], [ -70.657113918181849, -34.215549115542302 ], [ -70.656209405469426, -34.216934930746667 ], [ -70.654129849701746, -34.216894207846558 ], [ -70.65295483464223, -34.215467684763112 ], [ -70.653859338859419, -34.214081873376443 ], [ -70.65593886663271, -34.214122581255317 ] ] ] } },
{ "type": "Feature", "properties": { "h3": "89b2c1c503bffff" }, "geometry": { "type": "Polygon", "coordinates": [ [ [ -70.661095219450999, -34.202993736866304 ], [ -70.662270291863166, -34.20442044843773 ], [ -70.66136581531245, -34.205806604526998 ], [ -70.659286274833335, -34.205766045223719 ], [ -70.658111238898385, -34.204339344855725 ], [ -70.659015706963999, -34.202953192587763 ], [ -70.661095219450999, -34.202993736866304 ] ] ] } },
{ "type": "Feature", "properties": { "h3": "89b2c1c1e1bffff" }, "geometry": { "type": "Polygon", "coordinates": [ [ [ -70.794055876990768, -34.16055552352401 ], [ -70.795232653086671, -34.161982416005735 ], [ -70.794328212101817, -34.163371272194468 ], [ -70.792247003260186, -34.163333232088753 ], [ -70.791070263394019, -34.161906350718233 ], [ -70.791974696138382, -34.160517498342408 ], [ -70.794055876990768, -34.16055552352401 ] ] ] } },
{ "type": "Feature", "properties": { "h3": "89b2c1c1443ffff" }, "geometry": { "type": "Polygon", "coordinates": [ [ [ -70.817656154799025, -34.114585221468268 ], [ -70.818833048092969, -34.116012834104083 ], [ -70.817928755812886, -34.117403123498988 ], [ -70.815847578431956, -34.117365796431159 ], [ -70.814670721312325, -34.115938194903975 ], [ -70.81557500539796, -34.114547909336174 ], [ -70.817656154799025, -34.114585221468268 ] ] ] } },
{ "type": "Feature", "properties": { "h3": "89b2c1c0467ffff" }, "geometry": { "type": "Polygon", "coordinates": [ [ [ -70.742483284109056, -34.110402741265787 ], [ -70.743659081833087, -34.111830757589132 ], [ -70.742754871155412, -34.113220222433483 ], [ -70.740674871083314, -34.113181667110794 ], [ -70.739499109665516, -34.11175366195836 ], [ -70.740403312012262, -34.110364200957896 ], [ -70.742483284109056, -34.110402741265787 ] ] ] } },
{ "type": "Feature", "properties": { "h3": "89b2c1ce46bffff" }, "geometry": { "type": "Polygon", "coordinates": [ [ [ -70.735435902883552, -34.198803171353418 ], [ -70.736612022816217, -34.200229634500737 ], [ -70.735707493016264, -34.201616815194043 ], [ -70.733626851632053, -34.201577528931573 ], [ -70.732450768044188, -34.200151076929039 ], [ -70.733355289494412, -34.198763900044412 ], [ -70.735435902883552, -34.198803171353418 ] ] ] } },
{ "type": "Feature", "properties": { "h3": "89b2c1ca873ffff" }, "geometry": { "type": "Polygon", "coordinates": [ [ [ -70.840224588085491, -34.186686354592872 ], [ -70.841402149078164, -34.188112574360709 ], [ -70.840497572137068, -34.18950135050865 ], [ -70.838415442360102, -34.189463903095998 ], [ -70.837237917522899, -34.188037694392705 ], [ -70.838142486305856, -34.186648922037726 ], [ -70.840224588085491, -34.186686354592872 ] ] ] } },
{ "type": "Feature", "properties": { "h3": "89b2c1c01dbffff" }, "geometry": { "type": "Polygon", "coordinates": [ [ [ -70.731361095370175, -34.124256755618191 ], [ -70.732536799935787, -34.125684572520882 ], [ -70.731632548348855, -34.127073555850821 ], [ -70.729552600546981, -34.127034718437933 ], [ -70.728376932311306, -34.125606912710218 ], [ -70.729281175546177, -34.124217933220613 ], [ -70.731361095370175, -34.124256755618191 ] ] ] } },
{ "type": "Feature", "properties": { "h3": "89b2c1c10cbffff" }, "geometry": { "type": "Polygon", "coordinates": [ [ [ -70.819019227707969, -34.128673548964791 ], [ -70.82019620791624, -34.130100903244475 ], [ -70.819291862642856, -34.131490859635093 ], [ -70.817210545352765, -34.131453457925197 ], [ -70.816033601320541, -34.130026114748013 ], [ -70.816937938400997, -34.12863616217841 ], [ -70.819019227707969, -34.128673548964791 ] ] ] } },
{ "type": "Feature", "properties": { "h3": "89b2c1c1d2fffff" }, "geometry": { "type": "Polygon", "coordinates": [ [ [ -70.74194644889235, -34.169428353759649 ], [ -70.743122521424951, -34.170855315438438 ], [ -70.742218093980796, -34.172243307233508 ], [ -70.740137602338592, -34.172204333530452 ], [ -70.738961566130612, -34.170777383001798 ], [ -70.739865985238879, -34.169389395026251 ], [ -70.74194644889235, -34.169428353759649 ] ] ] } },
{ "type": "Feature", "properties": { "h3": "89b2c1c11b7ffff" }, "geometry": { "type": "Polygon", "coordinates": [ [ [ -70.7764070755197, -34.139148446235154 ], [ -70.777583496609935, -34.140575799879699 ], [ -70.776679149917143, -34.141964970067079 ], [ -70.774598390403952, -34.141926782784893 ], [ -70.773422005568406, -34.140499440273537 ], [ -70.774326343990026, -34.139110273911371 ], [ -70.7764070755197, -34.139148446235154 ] ] ] } },
{ "type": "Feature", "properties": { "h3": "89b2c1c0d53ffff" }, "geometry": { "type": "Polygon", "coordinates": [ [ [ -70.690127546300033, -34.14877834926078 ], [ -70.69130277645661, -34.150205906400188 ], [ -70.690398472467024, -34.151593770323437 ], [ -70.688318946748183, -34.15155407326926 ], [ -70.687143753001578, -34.150126527329419 ], [ -70.688048048562536, -34.14873866724438 ], [ -70.690127546300033, -34.14877834926078 ] ] ] } },
{ "type": "Feature", "properties": { "h3": "89b2c1c55afffff" }, "geometry": { "type": "Polygon", "coordinates": [ [ [ -70.63180862364915, -34.189785024898029 ], [ -70.632983211318347, -34.191212099881355 ], [ -70.632078811342453, -34.192598221534595 ], [ -70.629999832233338, -34.192557264372304 ], [ -70.628825281088993, -34.191130200620968 ], [ -70.629729672527574, -34.189744082800111 ], [ -70.63180862364915, -34.189785024898029 ] ] ] } },
{ "type": "Feature", "properties": { "h3": "89b2c1c19b7ffff" }, "geometry": { "type": "Polygon", "coordinates": [ [ [ -70.736519857678459, -34.177755744760212 ], [ -70.737695892307258, -34.17918258081491 ], [ -70.736791439084925, -34.180570298449219 ], [ -70.734710959578763, -34.180531176211865 ], [ -70.733534961286622, -34.179104351308709 ], [ -70.734439406162608, -34.177716637491542 ], [ -70.736519857678459, -34.177755744760212 ] ] ] } },
{ "type": "Feature", "properties": { "h3": "89b2c1c09dbffff" }, "geometry": { "type": "Polygon", "coordinates": [ [ [ -70.691482244593232, -34.162854272634547 ], [ -70.692657561572489, -34.164281571852271 ], [ -70.691753204490567, -34.165669102695759 ], [ -70.689673538855203, -34.165629330489615 ], [ -70.688498258287723, -34.164202042465277 ], [ -70.68940260694248, -34.162814515453881 ], [ -70.691482244593232, -34.162854272634547 ] ] ] } },
{ "type": "Feature", "properties": { "h3": "89b2c1c5237ffff" }, "geometry": { "type": "Polygon", "coordinates": [ [ [ -70.67764043958023, -34.213141632592304 ], [ -70.678815798507046, -34.214568090309072 ], [ -70.677911268992958, -34.215954198833487 ], [ -70.675831389006433, -34.215913845827401 ], [ -70.674656066530716, -34.214487399296964 ], [ -70.675560587589061, -34.21310129458648 ], [ -70.67764043958023, -34.213141632592304 ] ] ] } },
{ "type": "Feature", "properties": { "h3": "89b2c1c0663ffff" }, "geometry": { "type": "Polygon", "coordinates": [ [ [ -70.768261233180041, -34.119315162286618 ], [ -70.769437442752903, -34.120742906716934 ], [ -70.768533176242713, -34.12213246886423 ], [ -70.766452708442955, -34.122094282746325 ], [ -70.765276535133353, -34.120666549462875 ], [ -70.766180793358899, -34.119276991150649 ], [ -70.768261233180041, -34.119315162286618 ] ] ] } },
{ "type": "Feature", "properties": { "h3": "89b2c1c12c7ffff" }, "geometry": { "type": "Polygon", "coordinates": [ [ [ -70.83558489857613, -34.138813308923261 ], [ -70.836762163901426, -34.14024040847702 ], [ -70.835857767153371, -34.141630317341054 ], [ -70.833776113242038, -34.141593122838046 ], [ -70.832598884066343, -34.140166034369777 ], [ -70.833503272651001, -34.138776129319247 ], [ -70.83558489857613, -34.138813308923261 ] ] ] } },
{ "type": "Feature", "properties": { "h3": "89b2c1c0553ffff" }, "geometry": { "type": "Polygon", "coordinates": [ [ [ -70.730003931826289, -34.110170981948322 ], [ -70.731179549560068, -34.111599056704591 ], [ -70.730275351022598, -34.112988372995282 ], [ -70.72819554310361, -34.112949610683415 ], [ -70.727019961698048, -34.111521547108232 ], [ -70.727924151881922, -34.110132234664007 ], [ -70.730003931826289, -34.110170981948322 ] ] ] } },
{ "type": "Feature", "properties": { "h3": "89b2c1ce557ffff" }, "geometry": { "type": "Polygon", "coordinates": [ [ [ -70.713726708847929, -34.199795857585585 ], [ -70.714902522120852, -34.201222397717423 ], [ -70.713998008415828, -34.202609285149869 ], [ -70.711917689825825, -34.202569628638216 ], [ -70.710741912936356, -34.201143099668371 ], [ -70.711646418252116, -34.199756216048399 ], [ -70.713726708847929, -34.199795857585585 ] ] ] } },
{ "type": "Feature", "properties": { "h3": "89b2c1c1bb3ffff" }, "geometry": { "type": "Polygon", "coordinates": [ [ [ -70.762303545837383, -34.186666181605339 ], [ -70.763479992617732, -34.18809274496909 ], [ -70.762575483446284, -34.189480559738548 ], [ -70.7604945357932, -34.189441807336031 ], [ -70.759318125306535, -34.188015255099742 ], [ -70.760222626177935, -34.186627444138708 ], [ -70.762303545837383, -34.186666181605339 ] ] ] } },
{ "type": "Feature", "properties": { "h3": "89b2c1c152fffff" }, "geometry": { "type": "Polygon", "coordinates": [ [ [ -70.781833027318314, -34.130812340256114 ], [ -70.783009486144763, -34.132239819461027 ], [ -70.782105165346053, -34.133629263730192 ], [ -70.780024393980241, -34.133591224967034 ], [ -70.778847971396374, -34.132163756893902 ], [ -70.779752283934386, -34.130774316452339 ], [ -70.781833027318314, -34.130812340256114 ] ] ] } },
{ "type": "Feature", "properties": { "h3": "89b2c1c0bd7ffff" }, "geometry": { "type": "Polygon", "coordinates": [ [ [ -70.708029674865472, -34.173003133868107 ], [ -70.709205278031263, -34.174430179335694 ], [ -70.708300868283203, -34.175817662693177 ], [ -70.706220863765779, -34.175778096758599 ], [ -70.705045296985546, -34.174351062467316 ], [ -70.705949698335814, -34.172963582934514 ], [ -70.708029674865472, -34.173003133868107 ] ] ] } },
{ "type": "Feature", "properties": { "h3": "89b2c1c5433ffff" }, "geometry": { "type": "Polygon", "coordinates": [ [ [ -70.655947023518323, -34.181832799982089 ], [ -70.657121920544498, -34.183259913169174 ], [ -70.656217526860857, -34.184646531902729 ], [ -70.654138244642652, -34.18460603361833 ], [ -70.652963384096466, -34.183178931646566 ], [ -70.653867769287146, -34.181792316744087 ], [ -70.655947023518323, -34.181832799982089 ] ] ] } },
{ "type": "Feature", "properties": { "h3": "89b2c1c183bffff" }, "geometry": { "type": "Polygon", "coordinates": [ [ [ -70.767458478052959, -34.175523311415425 ], [ -70.768634945257674, -34.176950052133741 ], [ -70.767730472556664, -34.178338207713068 ], [ -70.765649540939449, -34.178299618762338 ], [ -70.764473110015999, -34.176872889171364 ], [ -70.765377574427134, -34.175484737404005 ], [ -70.767458478052959, -34.175523311415425 ] ] ] } },
{ "type": "Feature", "properties": { "h3": "89b2c1c50bbffff" }, "geometry": { "type": "Polygon", "coordinates": [ [ [ -70.657299607599953, -34.195900277329912 ], [ -70.658474591440751, -34.197327132537914 ], [ -70.657570144628153, -34.198713418091351 ], [ -70.655490722464947, -34.198672844612013 ], [ -70.654315775105943, -34.197246000613106 ], [ -70.655220213427043, -34.195859718884634 ], [ -70.657299607599953, -34.195900277329912 ] ] ] } },
{ "type": "Feature", "properties": { "h3": "89b2c1c14c3ffff" }, "geometry": { "type": "Polygon", "coordinates": [ [ [ -70.813853074700816, -34.107484023916832 ], [ -70.815029879678249, -34.108911780401087 ], [ -70.814125616789084, -34.110302199154383 ], [ -70.81204455712205, -34.110264857592803 ], [ -70.810867788323591, -34.108837112222773 ], [ -70.811772043011857, -34.107446697300304 ], [ -70.813853074700816, -34.107484023916832 ] ] ] } },
{ "type": "Feature", "properties": { "h3": "89b2c1c114bffff" }, "geometry": { "type": "Polygon", "coordinates": [ [ [ -70.80192317093038, -34.145237106935191 ], [ -70.803099986144701, -34.146664239526537 ], [ -70.802195594698659, -34.148053573506637 ], [ -70.800114396262074, -34.148015771077965 ], [ -70.798937617259, -34.146588649597014 ], [ -70.799842000479913, -34.145199319434539 ], [ -70.80192317093038, -34.145237106935191 ] ] ] } },
{ "type": "Feature", "properties": { "h3": "89b2c1c016fffff" }, "geometry": { "type": "Polygon", "coordinates": [ [ [ -70.726749747636191, -34.141038943259908 ], [ -70.72792546637578, -34.142466479859138 ], [ -70.727021157216555, -34.143854989297068 ], [ -70.724941137677973, -34.143815958301708 ], [ -70.723765455281452, -34.142388432875173 ], [ -70.724669756079081, -34.140999927271508 ], [ -70.726749747636191, -34.141038943259908 ] ] ] } },
{ "type": "Feature", "properties": { "h3": "89b2c1cacd7ffff" }, "geometry": { "type": "Polygon", "coordinates": [ [ [ -70.837222211904603, -34.155713584326591 ], [ -70.838399581568325, -34.157140373512476 ], [ -70.837495121229537, -34.158529882658577 ], [ -70.835413299387213, -34.158492598812757 ], [ -70.834235965875152, -34.157065820704986 ], [ -70.835140418052418, -34.155676315365127 ], [ -70.837222211904603, -34.155713584326591 ] ] ] } },
{ "type": "Feature", "properties": { "h3": "89b2c1c08cbffff" }, "geometry": { "type": "Polygon", "coordinates": [ [ [ -70.712642274599034, -34.15623165341006 ], [ -70.713817863670414, -34.157658979321262 ], [ -70.71291351145878, -34.159046936695837 ], [ -70.710833578562699, -34.159007564328689 ], [ -70.709658025863774, -34.157580249596144 ], [ -70.710562369687139, -34.156192296052282 ], [ -70.712642274599034, -34.15623165341006 ] ] ] } },
{ "type": "Feature", "properties": { "h3": "89b2c1c1dafffff" }, "geometry": { "type": "Polygon", "coordinates": [ [ [ -70.738146787241888, -34.1623320576957 ], [ -70.739322771325519, -34.163759163177943 ], [ -70.738418373443295, -34.165147284404547 ], [ -70.736337999818431, -34.165108296325911 ], [ -70.735162052064013, -34.163681201999459 ], [ -70.73606644160391, -34.162293084596058 ], [ -70.738146787241888, -34.1623320576957 ] ] ] } },
{ "type": "Feature", "properties": { "h3": "89b2c1c18a7ffff" }, "geometry": { "type": "Polygon", "coordinates": [ [ [ -70.757686873433457, -34.171126990762225 ], [ -70.758863179638595, -34.172553853147591 ], [ -70.757958731824729, -34.173941997287223 ], [ -70.75587798611177, -34.173903275225996 ], [ -70.754701716203925, -34.172476423977457 ], [ -70.755606155710396, -34.171088283653525 ], [ -70.757686873433457, -34.171126990762225 ] ] ] } },
{ "type": "Feature", "properties": { "h3": "89b2c1c0dd3ffff" }, "geometry": { "type": "Polygon", "coordinates": [ [ [ -70.686331130765666, -34.141679800028207 ], [ -70.687506272425097, -34.143107500664534 ], [ -70.686601998100215, -34.144495493965451 ], [ -70.684522590549648, -34.144455782788292 ], [ -70.683347485304779, -34.143028093357152 ], [ -70.684251751194608, -34.141640103898141 ], [ -70.686331130765666, -34.141679800028207 ] ] ] } },
{ "type": "Feature", "properties": { "h3": "89b2c1c562fffff" }, "geometry": { "type": "Polygon", "coordinates": [ [ [ -70.679270605754411, -34.197730722230894 ], [ -70.680445914279318, -34.199157449351674 ], [ -70.679541440060646, -34.20054396158482 ], [ -70.677461665767453, -34.20050374287738 ], [ -70.676286393686169, -34.199077026947222 ], [ -70.67719085945312, -34.197690518534081 ], [ -70.679270605754411, -34.197730722230894 ] ] ] } },
{ "type": "Feature", "properties": { "h3": "89b2c1c0a5bffff" }, "geometry": { "type": "Polygon", "coordinates": [ [ [ -70.738961566130612, -34.170777383001798 ], [ -70.740137602338592, -34.172204333530452 ], [ -70.739233172617006, -34.173592254877555 ], [ -70.737152715027491, -34.173553221876659 ], [ -70.735976715149789, -34.172126282500109 ], [ -70.736881136529973, -34.17073836497255 ], [ -70.738961566130612, -34.170777383001798 ] ] ] } },
{ "type": "Feature", "properties": { "h3": "89b2c1c726fffff" }, "geometry": { "type": "Polygon", "coordinates": [ [ [ -70.664086317884852, -34.169350986670388 ], [ -70.665261272230509, -34.170778288237784 ], [ -70.664356916845279, -34.172165318231805 ], [ -70.662277615590369, -34.172125042823943 ], [ -70.661102697706696, -34.170697752469778 ], [ -70.662007044614583, -34.169310726310464 ], [ -70.664086317884852, -34.169350986670388 ] ] ] } },
{ "type": "Feature", "properties": { "h3": "89b2c1c52b7ffff" }, "geometry": { "type": "Polygon", "coordinates": [ [ [ -70.673843734618842, -34.20604923573751 ], [ -70.675019004986979, -34.207475837205358 ], [ -70.674114505179134, -34.20886207521729 ], [ -70.672034743463939, -34.20882170794399 ], [ -70.670859509551505, -34.207395117668142 ], [ -70.671764000897213, -34.206008883473807 ], [ -70.673843734618842, -34.20604923573751 ] ] ] } },
{ "type": "Feature", "properties": { "h3": "89b2c1c42dbffff" }, "geometry": { "type": "Polygon", "coordinates": [ [ [ -70.628825281088993, -34.191130200620968 ], [ -70.629999832233338, -34.192557264372304 ], [ -70.629095430165293, -34.193943315558528 ], [ -70.62701648549438, -34.193902299161209 ], [ -70.625841970880515, -34.192475246643788 ], [ -70.626746364405733, -34.191089199289955 ], [ -70.628825281088993, -34.191130200620968 ] ] ] } },
{ "type": "Feature", "properties": { "h3": "89b2c1c1347ffff" }, "geometry": { "type": "Polygon", "coordinates": [ [ [ -70.81848721273667, -34.155376918020011 ], [ -70.81966431323977, -34.15680379588985 ], [ -70.818759870154125, -34.158193082316146 ], [ -70.816678334759658, -34.15815548706265 ], [ -70.815501270441402, -34.156728620286167 ], [ -70.816405705331405, -34.15533933767 ], [ -70.81848721273667, -34.155376918020011 ] ] ] } },
{ "type": "Feature", "properties": { "h3": "89b2c1c0c43ffff" }, "geometry": { "type": "Polygon", "coordinates": [ [ [ -70.711286191587959, -34.142153463764295 ], [ -70.712461693821965, -34.143581047662352 ], [ -70.711557394685954, -34.144969338101227 ], [ -70.70947760170435, -34.144930040805434 ], [ -70.708302135841052, -34.143502468092194 ], [ -70.709206426587301, -34.142114181490143 ], [ -70.711286191587959, -34.142153463764295 ] ] ] } },
{ "type": "Feature", "properties": { "h3": "89b2c1c036bffff" }, "geometry": { "type": "Polygon", "coordinates": [ [ [ -70.752527401473486, -34.149952765973829 ], [ -70.753703532367183, -34.151380030498892 ], [ -70.752799167134711, -34.15276863718303 ], [ -70.750718679322489, -34.152729975516806 ], [ -70.749542584728914, -34.151302722140379 ], [ -70.750446941646075, -34.149914119281732 ], [ -70.752527401473486, -34.149952765973829 ] ] ] } },
{ "type": "Feature", "properties": { "h3": "89b2c1c1c33ffff" }, "geometry": { "type": "Polygon", "coordinates": [ [ [ -70.762297706509955, -34.154350112171272 ], [ -70.763473998400087, -34.155777255173774 ], [ -70.762569608256555, -34.157165873326882 ], [ -70.760488934519415, -34.157127344655954 ], [ -70.759312678913417, -34.155700212792603 ], [ -70.760217060759103, -34.154311598461248 ], [ -70.762297706509955, -34.154350112171272 ] ] ] } },
{ "type": "Feature", "properties": { "h3": "89b2c1c0c57ffff" }, "geometry": { "type": "Polygon", "coordinates": [ [ [ -70.708030978089781, -34.140686557193966 ], [ -70.709206426587301, -34.142114181490143 ], [ -70.708302135841052, -34.143502468092194 ], [ -70.706222404991479, -34.143463126560192 ], [ -70.705046992869953, -34.14203551345198 ], [ -70.705951275220642, -34.140647230687996 ], [ -70.708030978089781, -34.140686557193966 ] ] ] } },
{ "type": "Feature", "properties": { "h3": "89b2c1c54b3ffff" }, "geometry": { "type": "Polygon", "coordinates": [ [ [ -70.652152030319328, -34.174737271667617 ], [ -70.653326838783201, -34.176164528370485 ], [ -70.652422474843249, -34.177551276529115 ], [ -70.65034331093743, -34.177510764150341 ], [ -70.649168538958151, -34.176083518668435 ], [ -70.650072894398761, -34.174696774344532 ], [ -70.652152030319328, -34.174737271667617 ] ] ] } },
{ "type": "Feature", "properties": { "h3": "89b2c1c18bbffff" }, "geometry": { "type": "Polygon", "coordinates": [ [ [ -70.763657282931007, -34.168427735068022 ], [ -70.764833661713595, -34.169854619721228 ], [ -70.763929218522819, -34.171242904751352 ], [ -70.761848404844429, -34.171204301312805 ], [ -70.760672062347723, -34.169777427792567 ], [ -70.76157649724216, -34.168389146578114 ], [ -70.763657282931007, -34.168427735068022 ] ] ] } },
{ "type": "Feature", "properties": { "h3": "89b2c1c1543ffff" }, "geometry": { "type": "Polygon", "coordinates": [ [ [ -70.796758779865755, -34.12405331109268 ], [ -70.797935419819908, -34.125480845927569 ], [ -70.797031110816263, -34.126870642346169 ], [ -70.794950170090246, -34.126832900102642 ], [ -70.793773566350239, -34.125405376389885 ], [ -70.794677867120754, -34.124015583798716 ], [ -70.796758779865755, -34.12405331109268 ] ] ] } },
{ "type": "Feature", "properties": { "h3": "89b2c1c0567ffff" }, "geometry": { "type": "Polygon", "coordinates": [ [ [ -70.721594730573656, -34.119856462618465 ], [ -70.722770274035156, -34.121284400704795 ], [ -70.721866047521843, -34.122673372509993 ], [ -70.719786285915205, -34.122634402384932 ], [ -70.718610778799615, -34.121206475483049 ], [ -70.719514996943417, -34.119817507521951 ], [ -70.721594730573656, -34.119856462618465 ] ] ] } },
{ "type": "Feature", "properties": { "h3": "89b2c1c11cbffff" }, "geometry": { "type": "Polygon", "coordinates": [ [ [ -70.798120502397765, -34.138138784736718 ], [ -70.799297229254151, -34.139566061258428 ], [ -70.798392867239201, -34.140955524646714 ], [ -70.79631178659811, -34.140917707692175 ], [ -70.795135095957647, -34.139490442286466 ], [ -70.796039449741002, -34.1381009827195 ], [ -70.798120502397765, -34.138138784736718 ] ] ] } },
{ "type": "Feature", "properties": { "h3": "89b2c1c1e2fffff" }, "geometry": { "type": "Polygon", "coordinates": [ [ [ -70.785643576172845, -34.170238505509737 ], [ -70.786820278329316, -34.171665261246737 ], [ -70.785915809049968, -34.173053772856676 ], [ -70.783834645869206, -34.173015524919251 ], [ -70.782657979960192, -34.171588780296801 ], [ -70.783562440983118, -34.170200272497418 ], [ -70.785643576172845, -34.170238505509737 ] ] ] } },
{ "type": "Feature", "properties": { "h3": "89b2c1c0e53ffff" }, "geometry": { "type": "Polygon", "coordinates": [ [ [ -70.733804415457556, -34.149603702625747 ], [ -70.73498027634875, -34.151031055114146 ], [ -70.73407592925966, -34.152419438991522 ], [ -70.731995729627343, -34.152380466551399 ], [ -70.730819905069268, -34.150953125226884 ], [ -70.731724243809026, -34.149564745178822 ], [ -70.733804415457556, -34.149603702625747 ] ] ] } },
{ "type": "Feature", "properties": { "h3": "89b2c1c56afffff" }, "geometry": { "type": "Polygon", "coordinates": [ [ [ -70.675474047076833, -34.190636844235236 ], [ -70.676649267056149, -34.192063715040895 ], [ -70.675744822536586, -34.193450356734957 ], [ -70.673665166494516, -34.193410123799886 ], [ -70.672489982963427, -34.191983264190497 ], [ -70.673394419024859, -34.190596626320101 ], [ -70.675474047076833, -34.190636844235236 ] ] ] } },
{ "type": "Feature", "properties": { "h3": "89b2c1c1ab7ffff" }, "geometry": { "type": "Polygon", "coordinates": [ [ [ -70.780216733437243, -34.178569015434604 ], [ -70.781393397860271, -34.17999564552273 ], [ -70.78048890266669, -34.181383882975979 ], [ -70.778407751315612, -34.181345486533111 ], [ -70.777231123152148, -34.179918867560914 ], [ -70.778135610078834, -34.178530633915877 ], [ -70.780216733437243, -34.178569015434604 ] ] ] } },
{ "type": "Feature", "properties": { "h3": "89b2c1c0adbffff" }, "geometry": { "type": "Polygon", "coordinates": [ [ [ -70.735162052064013, -34.163681201999459 ], [ -70.736337999818431, -34.165108296325911 ], [ -70.735433599665299, -34.166496347105976 ], [ -70.733353260104266, -34.166457299736557 ], [ -70.732177348684743, -34.165030216567843 ], [ -70.733081740490036, -34.163642169611002 ], [ -70.735162052064013, -34.163681201999459 ] ] ] } },
{ "type": "Feature", "properties": { "h3": "89b2c1c5337ffff" }, "geometry": { "type": "Polygon", "coordinates": [ [ [ -70.656750503358396, -34.222559274859393 ], [ -70.657925607008679, -34.223985654231392 ], [ -70.657021062411133, -34.225371269468205 ], [ -70.654941422656265, -34.225330501519174 ], [ -70.653766355496714, -34.223904133346984 ], [ -70.65467089159992, -34.222518521924194 ], [ -70.656750503358396, -34.222559274859393 ] ] ] } },
{ "type": "Feature", "properties": { "h3": "89b2c1c13c7ffff" }, "geometry": { "type": "Polygon", "coordinates": [ [ [ -70.814683454672391, -34.148279661959009 ], [ -70.815860466830685, -34.149706683873831 ], [ -70.814956053143987, -34.151096099731838 ], [ -70.812874635499753, -34.151058489861406 ], [ -70.81169765953095, -34.149631479045574 ], [ -70.81260206501554, -34.148242067001377 ], [ -70.814683454672391, -34.148279661959009 ] ] ] } },
{ "type": "Feature", "properties": { "h3": "89b2c1c104fffff" }, "geometry": { "type": "Polygon", "coordinates": [ [ [ -70.819837152867677, -34.137125126095789 ], [ -70.821014185229899, -34.13855232530895 ], [ -70.820109808158065, -34.139942081873471 ], [ -70.818028406914621, -34.139904635407639 ], [ -70.816851410729456, -34.138477447293319 ], [ -70.817755779609314, -34.137087694546175 ], [ -70.819837152867677, -34.137125126095789 ] ] ] } },
{ "type": "Feature", "properties": { "h3": "89b2c1c0073ffff" }, "geometry": { "type": "Polygon", "coordinates": [ [ [ -70.747097345491269, -34.125955294881187 ], [ -70.748273283731351, -34.127383012846181 ], [ -70.747369011688747, -34.128772148561382 ], [ -70.745288809728294, -34.128733562475297 ], [ -70.744112907790864, -34.127305855671914 ], [ -70.745017171509886, -34.125916723793217 ], [ -70.747097345491269, -34.125955294881187 ] ] ] } },
{ "type": "Feature", "properties": { "h3": "89b2c1c1cb3ffff" }, "geometry": { "type": "Polygon", "coordinates": [ [ [ -70.758497130064285, -34.147252464442658 ], [ -70.759673333541215, -34.148679751259166 ], [ -70.7587689729136, -34.150068498823686 ], [ -70.756688417111988, -34.150029955746476 ], [ -70.755512249923825, -34.148602680074731 ], [ -70.756416602247157, -34.147213936335646 ], [ -70.758497130064285, -34.147252464442658 ] ] ] } },
{ "type": "Feature", "properties": { "h3": "89b2c1c0357ffff" }, "geometry": { "type": "Polygon", "coordinates": [ [ [ -70.751712145078898, -34.141504442842248 ], [ -70.752888223849695, -34.142931862273464 ], [ -70.751983890445828, -34.144320668797107 ], [ -70.749903486586035, -34.144282052060568 ], [ -70.748727444114323, -34.142854643781668 ], [ -70.749631769201955, -34.141465841087175 ], [ -70.751712145078898, -34.141504442842248 ] ] ] } },
{ "type": "Feature", "properties": { "h3": "89b2c1c0cd7ffff" }, "geometry": { "type": "Polygon", "coordinates": [ [ [ -70.704233675900412, -34.133587316577469 ], [ -70.705409035928355, -34.135015084404365 ], [ -70.704504774807646, -34.136403500375536 ], [ -70.702425162059654, -34.136364144678254 ], [ -70.701249838412323, -34.134936388044942 ], [ -70.702154091131035, -34.133547975915555 ], [ -70.704233675900412, -34.133587316577469 ] ] ] } },
{ "type": "Feature", "properties": { "h3": "89b2c1c5533ffff" }, "geometry": { "type": "Polygon", "coordinates": [ [ [ -70.635062224854991, -34.191252997807382 ], [ -70.636236866402427, -34.192680032446788 ], [ -70.635332457895004, -34.194066157931168 ], [ -70.633253416370337, -34.194025244945195 ], [ -70.632078811342453, -34.192598221534595 ], [ -70.632983211318347, -34.191212099881355 ], [ -70.635062224854991, -34.191252997807382 ] ] ] } },
{ "type": "Feature", "properties": { "h3": "89b2c1c1333ffff" }, "geometry": { "type": "Polygon", "coordinates": [ [ [ -70.805998646169243, -34.155150917096407 ], [ -70.807175567127089, -34.156577854003814 ], [ -70.806271135653091, -34.157966991939652 ], [ -70.804189791438262, -34.157929189155553 ], [ -70.803012906687357, -34.156502263351662 ], [ -70.80391732994299, -34.155113129228546 ], [ -70.805998646169243, -34.155150917096407 ] ] ] } },
{ "type": "Feature", "properties": { "h3": "89b2c1c193bffff" }, "geometry": { "type": "Polygon", "coordinates": [ [ [ -70.746561567021004, -34.184967630691972 ], [ -70.747737780137541, -34.186394293478557 ], [ -70.746833291297619, -34.187781955918233 ], [ -70.744752597668366, -34.187742951759333 ], [ -70.743576420872856, -34.186316300113575 ], [ -70.744480901384222, -34.184928641486096 ], [ -70.746561567021004, -34.184967630691972 ] ] ] } },
{ "type": "Feature", "properties": { "h3": "89b2c1cad6bffff" }, "geometry": { "type": "Polygon", "coordinates": [ [ [ -70.820941373818513, -34.180718135630819 ], [ -70.822118630828754, -34.182144547837623 ], [ -70.821214092320773, -34.183533234568444 ], [ -70.819132304994071, -34.183495505293401 ], [ -70.817955084171786, -34.182069104168853 ], [ -70.818859614486897, -34.180680421237277 ], [ -70.820941373818513, -34.180718135630819 ] ] ] } },
{ "type": "Feature", "properties": { "h3": "89b2c1c15c3ffff" }, "geometry": { "type": "Polygon", "coordinates": [ [ [ -70.792956729906891, -34.116952917811638 ], [ -70.794133281511975, -34.118380596455751 ], [ -70.793229001945136, -34.119770522242881 ], [ -70.791148179011429, -34.119732765555 ], [ -70.789971663625153, -34.118305098038633 ], [ -70.790875934952425, -34.116915176082607 ], [ -70.792956729906891, -34.116952917811638 ] ] ] } },
{ "type": "Feature", "properties": { "h3": "89b2c1c3203ffff" }, "geometry": { "type": "Polygon", "coordinates": [ [ [ -70.80624788610956, -34.093279515163914 ], [ -70.807424514455192, -34.094707559198007 ], [ -70.806520310366636, -34.096098236625991 ], [ -70.804439486144872, -34.096060866181823 ], [ -70.803262893987508, -34.094632833273138 ], [ -70.80416708986229, -34.09324215968342 ], [ -70.80624788610956, -34.093279515163914 ] ] ] } },
{ "type": "Feature", "properties": { "h3": "89b2c1c124bffff" }, "geometry": { "type": "Polygon", "coordinates": [ [ [ -70.845635107761566, -34.146022655711747 ], [ -70.846812551062769, -34.147449581601343 ], [ -70.845908119262546, -34.148839435279982 ], [ -70.843826252305306, -34.148802359260685 ], [ -70.842648845137973, -34.147375444445885 ], [ -70.843553268792647, -34.145985594575784 ], [ -70.845635107761566, -34.146022655711747 ] ] ] } },
{ "type": "Feature", "properties": { "h3": "89b2c1c026fffff" }, "geometry": { "type": "Polygon", "coordinates": [ [ [ -70.770436967213001, -34.141850304576515 ], [ -70.771613315788201, -34.143277635952764 ], [ -70.770708964430426, -34.144666665268929 ], [ -70.768628272778329, -34.144628359383745 ], [ -70.767451960469174, -34.143201039144529 ], [ -70.768356303544721, -34.14181201365367 ], [ -70.770436967213001, -34.141850304576515 ] ] ] } },
{ "type": "Feature", "properties": { "h3": "89b2c1c1eafffff" }, "geometry": { "type": "Polygon", "coordinates": [ [ [ -70.7818414377778, -34.163142512939409 ], [ -70.783018051538306, -34.164569412659489 ], [ -70.782113611729997, -34.165958053716814 ], [ -70.780032566422733, -34.165919791239993 ], [ -70.77885598891433, -34.164492902640077 ], [ -70.779760420459752, -34.163104265396996 ], [ -70.7818414377778, -34.163142512939409 ] ] ] } },
{ "type": "Feature", "properties": { "h3": "89b2c1c06cfffff" }, "geometry": { "type": "Polygon", "coordinates": [ [ [ -70.770430058519153, -34.109510771719634 ], [ -70.771606252230029, -34.110938682121095 ], [ -70.770702019858618, -34.112328514475607 ], [ -70.768621602055006, -34.11229043259015 ], [ -70.767445444600639, -34.110862533337297 ], [ -70.768349668692011, -34.109472704821506 ], [ -70.770430058519153, -34.109510771719634 ] ] ] } },
{ "type": "Feature", "properties": { "h3": "89b2c1c0ed3ffff" }, "geometry": { "type": "Polygon", "coordinates": [ [ [ -70.730005520000958, -34.142505451583681 ], [ -70.731181292447545, -34.143932947748887 ], [ -70.730276974932536, -34.145321461019833 ], [ -70.728196893325389, -34.145282474292763 ], [ -70.727021157216555, -34.143854989297068 ], [ -70.72792546637578, -34.142466479859138 ], [ -70.730005520000958, -34.142505451583681 ] ] ] } },
{ "type": "Feature", "properties": { "h3": "89b2c1c0b5bffff" }, "geometry": { "type": "Polygon", "coordinates": [ [ [ -70.718068277542827, -34.18021695489351 ], [ -70.71924405931972, -34.181643827317096 ], [ -70.718339613796289, -34.183031255507693 ], [ -70.716259394874655, -34.182991807455174 ], [ -70.715083649467772, -34.18156494619717 ], [ -70.715988086611162, -34.180177521826295 ], [ -70.718068277542827, -34.18021695489351 ] ] ] } },
{ "type": "Feature", "properties": { "h3": "89b2c1c16abffff" }, "geometry": { "type": "Polygon", "coordinates": [ [ [ -70.824717869229758, -34.123150436144684 ], [ -70.825894904388576, -34.124577864306083 ], [ -70.824990574541658, -34.125968028150744 ], [ -70.822909217716713, -34.125930760012054 ], [ -70.821732218722204, -34.124503342950511 ], [ -70.822636540386981, -34.123113182928016 ], [ -70.824717869229758, -34.123150436144684 ] ] ] } },
{ "type": "Feature", "properties": { "h3": "89b2c1c52a3ffff" }, "geometry": { "type": "Polygon", "coordinates": [ [ [ -70.677098800989398, -34.207516145203257 ], [ -70.678274125176642, -34.208942706218494 ], [ -70.677369616912458, -34.210328948046794 ], [ -70.675289792916004, -34.210288625043709 ], [ -70.674114505179134, -34.20886207521729 ], [ -70.675019004986979, -34.207475837205358 ], [ -70.677098800989398, -34.207516145203257 ] ] ] } },
{ "type": "Feature", "properties": { "h3": "89b2c1c736fffff" }, "geometry": { "type": "Polygon", "coordinates": [ [ [ -70.643201652981588, -34.178775623575319 ], [ -70.644376351974756, -34.180202846609546 ], [ -70.643471981671269, -34.181589383384114 ], [ -70.64139292088916, -34.181548693289876 ], [ -70.640218258397525, -34.180121481482416 ], [ -70.641122620185115, -34.178734948542633 ], [ -70.643201652981588, -34.178775623575319 ] ] ] } },
{ "type": "Feature", "properties": { "h3": "89b2c1c53b7ffff" }, "geometry": { "type": "Polygon", "coordinates": [ [ [ -70.65295483464223, -34.215467684763112 ], [ -70.654129849701746, -34.216894207846558 ], [ -70.653225334856074, -34.218279952580502 ], [ -70.651145813450299, -34.218239170413526 ], [ -70.649970834886062, -34.216812658535567 ], [ -70.650875341230986, -34.215426917619304 ], [ -70.65295483464223, -34.215467684763112 ] ] ] } },
{ "type": "Feature", "properties": { "h3": "89b2c1c1447ffff" }, "geometry": { "type": "Polygon", "coordinates": [ [ [ -70.814670721312325, -34.115938194903975 ], [ -70.815847578431956, -34.117365796431159 ], [ -70.814943283747766, -34.118756015403228 ], [ -70.812862140142542, -34.118718629021174 ], [ -70.811685319202937, -34.117291038604549 ], [ -70.812589605687165, -34.115900823459626 ], [ -70.814670721312325, -34.115938194903975 ] ] ] } },
{ "type": "Feature", "properties": { "h3": "89b2c1ce46fffff" }, "geometry": { "type": "Polygon", "coordinates": [ [ [ -70.732450768044188, -34.200151076929039 ], [ -70.733626851632053, -34.201577528931573 ], [ -70.732722319565099, -34.202964639168286 ], [ -70.730641712264202, -34.202925293593978 ], [ -70.729465665026837, -34.201498852738155 ], [ -70.730370188738533, -34.200111746310142 ], [ -70.732450768044188, -34.200151076929039 ] ] ] } },
{ "type": "Feature", "properties": { "h3": "89b2c1c046bffff" }, "geometry": { "type": "Polygon", "coordinates": [ [ [ -70.748723392433362, -34.11051815517142 ], [ -70.749899280121241, -34.111946142252719 ], [ -70.748995063406269, -34.113335681370778 ], [ -70.746914967321644, -34.113297229565134 ], [ -70.74573911592897, -34.111869253649672 ], [ -70.746643324324367, -34.110479718374201 ], [ -70.748723392433362, -34.11051815517142 ] ] ] } },
{ "type": "Feature", "properties": { "h3": "89b2c1c725bffff" }, "geometry": { "type": "Polygon", "coordinates": [ [ [ -70.67249596200773, -34.159680403363041 ], [ -70.673670990981037, -34.161107841707974 ], [ -70.6727666633072, -34.162495216309487 ], [ -70.670687315120091, -34.16245514872913 ], [ -70.669512322591089, -34.161027721594103 ], [ -70.670416641803527, -34.159640350829704 ], [ -70.67249596200773, -34.159680403363041 ] ] ] } },
{ "type": "Feature", "properties": { "h3": "89b2c1c0a47ffff" }, "geometry": { "type": "Polygon", "coordinates": [ [ [ -70.732991895965569, -34.173475052254986 ], [ -70.734167859507323, -34.174901980477536 ], [ -70.733263425245894, -34.176289760926487 ], [ -70.731183035793777, -34.176250609333501 ], [ -70.730007108593654, -34.17482369226687 ], [ -70.730911534502667, -34.173435915637519 ], [ -70.732991895965569, -34.173475052254986 ] ] ] } },
{ "type": "Feature", "properties": { "h3": "89b2c1c10cfffff" }, "geometry": { "type": "Polygon", "coordinates": [ [ [ -70.816033601320541, -34.130026114748013 ], [ -70.817210545352765, -34.131453457925197 ], [ -70.816306197672688, -34.13284334388927 ], [ -70.81422491415745, -34.132805882855273 ], [ -70.813048006306971, -34.131378550782507 ], [ -70.813952345788607, -34.129988668639506 ], [ -70.816033601320541, -34.130026114748013 ] ] ] } },
{ "type": "Feature", "properties": { "h3": "89b2c1c1d33ffff" }, "geometry": { "type": "Polygon", "coordinates": [ [ [ -70.741403179003541, -34.163798091964608 ], [ -70.742579216785415, -34.165225156952665 ], [ -70.741674810566678, -34.166613282001229 ], [ -70.739594374901259, -34.166574338239975 ], [ -70.738418373443295, -34.165147284404547 ], [ -70.739322771325519, -34.163759163177943 ], [ -70.741403179003541, -34.163798091964608 ] ] ] } },
{ "type": "Feature", "properties": { "h3": "89b2c1c0d57ffff" }, "geometry": { "type": "Polygon", "coordinates": [ [ [ -70.687143753001578, -34.150126527329419 ], [ -70.688318946748183, -34.15155407326926 ], [ -70.687414640568875, -34.152941866743454 ], [ -70.685335149075812, -34.152902110439761 ], [ -70.684159991744863, -34.151474575701407 ], [ -70.685064289490001, -34.150086786065458 ], [ -70.687143753001578, -34.150126527329419 ] ] ] } },
{ "type": "Feature", "properties": { "h3": "89b2c1c561bffff" }, "geometry": { "type": "Polygon", "coordinates": [ [ [ -70.687681554405188, -34.188063706253587 ], [ -70.688856937489135, -34.189490570199354 ], [ -70.687952491061068, -34.190877427097305 ], [ -70.685872669983524, -34.190837416227325 ], [ -70.684697323325523, -34.189410563468883 ], [ -70.685601761317798, -34.188023710393317 ], [ -70.687681554405188, -34.188063706253587 ] ] ] } },
{ "type": "Feature", "properties": { "h3": "89b2c1c55b3ffff" }, "geometry": { "type": "Polygon", "coordinates": [ [ [ -70.631268268450057, -34.18415827702438 ], [ -70.632442821403231, -34.185585455140007 ], [ -70.631538442685098, -34.18697171005919 ], [ -70.62945951955038, -34.18693078302811 ], [ -70.628285003121334, -34.185503616146939 ], [ -70.629189373301543, -34.184117365062605 ], [ -70.631268268450057, -34.18415827702438 ] ] ] } },
{ "type": "Feature", "properties": { "h3": "89b2c1c19bbffff" }, "geometry": { "type": "Polygon", "coordinates": [ [ [ -70.742761404446924, -34.177872859302347 ], [ -70.743937529108962, -34.179299665984352 ], [ -70.743033069825088, -34.180687457884673 ], [ -70.740952494212848, -34.180648439287303 ], [ -70.739776405876469, -34.179221643751717 ], [ -70.74068085682535, -34.177833855667288 ], [ -70.742761404446924, -34.177872859302347 ] ] ] } },
{ "type": "Feature", "properties": { "h3": "89b2c1c1643ffff" }, "geometry": { "type": "Polygon", "coordinates": [ [ [ -70.840465306348989, -34.124837599789146 ], [ -70.841642574403693, -34.126264928341882 ], [ -70.840738224925929, -34.127655244491265 ], [ -70.838656615545673, -34.127618228269824 ], [ -70.837479383627823, -34.126190910803643 ], [ -70.83838372495201, -34.124800598472547 ], [ -70.840465306348989, -34.124837599789146 ] ] ] } },
{ "type": "Feature", "properties": { "h3": "89b2c1c0667ffff" }, "geometry": { "type": "Polygon", "coordinates": [ [ [ -70.765276535133353, -34.120666549462875 ], [ -70.766452708442955, -34.122094282746325 ], [ -70.765548439611891, -34.123483774462741 ], [ -70.763468005760004, -34.123445529060803 ], [ -70.762291868719331, -34.122017806926152 ], [ -70.763196129260223, -34.12062831904484 ], [ -70.765276535133353, -34.120666549462875 ] ] ] } },
{ "type": "Feature", "properties": { "h3": "89b2c1c12cbffff" }, "geometry": { "type": "Polygon", "coordinates": [ [ [ -70.841829967150346, -34.138924640163296 ], [ -70.843007322147059, -34.140351710162811 ], [ -70.842102919686837, -34.141741693265367 ], [ -70.840021170380538, -34.141704602556388 ], [ -70.838843851522356, -34.140277543637268 ], [ -70.839748245830549, -34.138887564346938 ], [ -70.841829967150346, -34.138924640163296 ] ] ] } },
{ "type": "Feature", "properties": { "h3": "89b2c1c1bb7ffff" }, "geometry": { "type": "Polygon", "coordinates": [ [ [ -70.759318125306535, -34.188015255099742 ], [ -70.7604945357932, -34.189441807336031 ], [ -70.759590024309674, -34.190829551655554 ], [ -70.757509110643667, -34.190790739930542 ], [ -70.756332736456386, -34.189364198823647 ], [ -70.75723723963435, -34.187976458312562 ], [ -70.759318125306535, -34.188015255099742 ] ] ] } },
{ "type": "Feature", "properties": { "h3": "89b2c1c0bdbffff" }, "geometry": { "type": "Polygon", "coordinates": [ [ [ -70.714269797058535, -34.173121579559229 ], [ -70.715445490349552, -34.174548595741136 ], [ -70.714541074440348, -34.175936153374522 ], [ -70.712460973625241, -34.175896691002812 ], [ -70.71128531670881, -34.174469685992129 ], [ -70.712189724231564, -34.173082132182131 ], [ -70.714269797058535, -34.173121579559229 ] ] ] } },
{ "type": "Feature", "properties": { "h3": "89b2c1c5437ffff" }, "geometry": { "type": "Polygon", "coordinates": [ [ [ -70.652963384096466, -34.183178931646566 ], [ -70.654138244642652, -34.18460603361833 ], [ -70.653233848826318, -34.185992581889863 ], [ -70.651154600960922, -34.185952024358741 ], [ -70.649979776900423, -34.184524933604209 ], [ -70.650884164218283, -34.183138389163751 ], [ -70.652963384096466, -34.183178931646566 ] ] ] } },
{ "type": "Feature", "properties": { "h3": "89b2c1c0863ffff" }, "geometry": { "type": "Polygon", "coordinates": [ [ [ -70.707487308286673, -34.167373721463726 ], [ -70.70866287671312, -34.168800870178245 ], [ -70.707758488200042, -34.170188486789506 ], [ -70.705678539657526, -34.170148950859364 ], [ -70.704503007615941, -34.168721813323621 ], [ -70.705407387730645, -34.16733420053945 ], [ -70.707487308286673, -34.167373721463726 ] ] ] } },
{ "type": "Feature", "properties": { "h3": "89b2c1c1d9bffff" }, "geometry": { "type": "Polygon", "coordinates": [ [ [ -70.746557799705826, -34.152652548574778 ], [ -70.747733857993595, -34.154079790800658 ], [ -70.746829488176289, -34.155468256601367 ], [ -70.744749068396203, -34.155429476350832 ], [ -70.743573046419897, -34.154002245277432 ], [ -70.744477407910864, -34.152613783302264 ], [ -70.746557799705826, -34.152652548574778 ] ] ] } },
{ "type": "Feature", "properties": { "h3": "89b2c1cac6fffff" }, "geometry": { "type": "Polygon", "coordinates": [ [ [ -70.838859769740893, -34.17260959864425 ], [ -70.840037243759127, -34.174036077304194 ], [ -70.839132719822175, -34.175425186662224 ], [ -70.837050730025311, -34.1753878135615 ], [ -70.835873292160812, -34.173961345972266 ], [ -70.836777807938077, -34.172572240413231 ], [ -70.838859769740893, -34.17260959864425 ] ] ] } },
{ "type": "Feature", "properties": { "h3": "89b2c1c14c7ffff" }, "geometry": { "type": "Polygon", "coordinates": [ [ [ -70.810867788323591, -34.108837112222773 ], [ -70.81204455712205, -34.110264857592803 ], [ -70.811140291835343, -34.111655205924734 ], [ -70.809059265955241, -34.111617805055964 ], [ -70.807882533341456, -34.110190070802091 ], [ -70.808786790421735, -34.108799726301029 ], [ -70.810867788323591, -34.108837112222773 ] ] ] } },
{ "type": "Feature", "properties": { "h3": "89b2c1c114fffff" }, "geometry": { "type": "Polygon", "coordinates": [ [ [ -70.798937617259, -34.146588649597014 ], [ -70.800114396262074, -34.148015771077965 ], [ -70.79921000243786, -34.1494050346246 ], [ -70.797128837839892, -34.149367172872836 ], [ -70.795952095053778, -34.147940062504162 ], [ -70.796856480647321, -34.146550802775195 ], [ -70.798937617259, -34.146588649597014 ] ] ] } },
{ "type": "Feature", "properties": { "h3": "89b2c1c0173ffff" }, "geometry": { "type": "Polygon", "coordinates": [ [ [ -70.726206948744519, -34.135406496572678 ], [ -70.727382632746966, -34.136834136365756 ], [ -70.726478344812264, -34.138222779016331 ], [ -70.724398381235972, -34.138183778037323 ], [ -70.723222733575881, -34.136756149419384 ], [ -70.724127013148404, -34.135367510605526 ], [ -70.726206948744519, -34.135406496572678 ] ] ] } },
{ "type": "Feature", "properties": { "h3": "89b2c1c015bffff" }, "geometry": { "type": "Polygon", "coordinates": [ [ [ -70.735159785211536, -34.13135675980061 ], [ -70.736335578207019, -34.132784433107531 ], [ -70.735431297053182, -34.134173287076067 ], [ -70.733351231248179, -34.134134463901276 ], [ -70.732175474578028, -34.132706801763717 ], [ -70.733079747386242, -34.131317951631779 ], [ -70.735159785211536, -34.13135675980061 ] ] ] } },
{ "type": "Feature", "properties": { "h3": "89b2c1c1db3ffff" }, "geometry": { "type": "Polygon", "coordinates": [ [ [ -70.737603635122369, -34.156701249489224 ], [ -70.738779584458669, -34.158128458251895 ], [ -70.73787520780165, -34.159516712721818 ], [ -70.735794890149947, -34.159477754603621 ], [ -70.734618977142162, -34.158050556999207 ], [ -70.735523345456244, -34.156662306354924 ], [ -70.737603635122369, -34.156701249489224 ] ] ] } },
{ "type": "Feature", "properties": { "h3": "89b2c1c0dd7ffff" }, "geometry": { "type": "Polygon", "coordinates": [ [ [ -70.683347485304779, -34.143028093357152 ], [ -70.684522590549648, -34.144455782788292 ], [ -70.683618314041581, -34.145843705641568 ], [ -70.681538940727904, -34.145803935221934 ], [ -70.680363871903282, -34.144376256997909 ], [ -70.681268139970769, -34.142988337986566 ], [ -70.683347485304779, -34.143028093357152 ] ] ] } },
{ "type": "Feature", "properties": { "h3": "89b2c1c1137ffff" }, "geometry": { "type": "Polygon", "coordinates": [ [ [ -70.780208536329781, -34.14624678385033 ], [ -70.781385045805393, -34.147673993647139 ], [ -70.780480669635978, -34.149063034431663 ], [ -70.778399792254305, -34.149024861598058 ], [ -70.777223319028735, -34.147597662928817 ], [ -70.778127686933431, -34.146208625965819 ], [ -70.780208536329781, -34.14624678385033 ] ] ] } },
{ "type": "Feature", "properties": { "h3": "89b2c1c5633ffff" }, "geometry": { "type": "Polygon", "coordinates": [ [ [ -70.678728957375554, -34.192103888709077 ], [ -70.67990423116467, -34.193530719087065 ], [ -70.678999778192775, -34.194917364603562 ], [ -70.676920059882775, -34.194877175919821 ], [ -70.675744822536586, -34.193450356734957 ], [ -70.676649267056149, -34.192063715040895 ], [ -70.678728957375554, -34.192103888709077 ] ] ] } },
{ "type": "Feature", "properties": { "h3": "89b2c1c7273ffff" }, "geometry": { "type": "Polygon", "coordinates": [ [ [ -70.663545140178655, -34.163721968967195 ], [ -70.664720059802136, -34.165149373676606 ], [ -70.663815725662744, -34.166536536913419 ], [ -70.661736480376419, -34.166496291603877 ], [ -70.660561597214212, -34.165068898110164 ], [ -70.661465922875678, -34.163681738710494 ], [ -70.663545140178655, -34.163721968967195 ] ] ] } },
{ "type": "Feature", "properties": { "h3": "89b2c1c52bbffff" }, "geometry": { "type": "Polygon", "coordinates": [ [ [ -70.680083128907981, -34.206170085447177 ], [ -70.681258489539971, -34.207596657649312 ], [ -70.68035398344955, -34.208982969943051 ], [ -70.678274125176642, -34.208942706218494 ], [ -70.677098800989398, -34.207516145203257 ], [ -70.67800329862898, -34.206129836725879 ], [ -70.680083128907981, -34.206170085447177 ] ] ] } },
{ "type": "Feature", "properties": { "h3": "89b2c1c16c3ffff" }, "geometry": { "type": "Polygon", "coordinates": [ [ [ -70.836660784377003, -34.117737511447316 ], [ -70.837837964136043, -34.119164983988902 ], [ -70.836933644004006, -34.120555429522575 ], [ -70.834852152271637, -34.12051839869288 ], [ -70.833675008654112, -34.119090937243449 ], [ -70.834579320626105, -34.11770049553175 ], [ -70.836660784377003, -34.117737511447316 ] ] ] } },
{ "type": "Feature", "properties": { "h3": "89b2c1c134bffff" }, "geometry": { "type": "Polygon", "coordinates": [ [ [ -70.824731926012376, -34.155489451510725 ], [ -70.825909116256668, -34.156916299836269 ], [ -70.825004667398048, -34.158305660504638 ], [ -70.822923036478088, -34.158268169038784 ], [ -70.821745882407583, -34.156841331801537 ], [ -70.822650323081916, -34.155451974942018 ], [ -70.824731926012376, -34.155489451510725 ] ] ] } },
{ "type": "Feature", "properties": { "h3": "89b2c1c036fffff" }, "geometry": { "type": "Polygon", "coordinates": [ [ [ -70.749542584728914, -34.151302722140379 ], [ -70.750718679322489, -34.152729975516806 ], [ -70.749814311795078, -34.154118511759613 ], [ -70.747733857993595, -34.154079790800658 ], [ -70.746557799705826, -34.152652548574778 ], [ -70.74746215891237, -34.151264016157491 ], [ -70.749542584728914, -34.151302722140379 ] ] ] } },
{ "type": "Feature", "properties": { "h3": "89b2c1c1c37ffff" }, "geometry": { "type": "Polygon", "coordinates": [ [ [ -70.759312678913417, -34.155700212792603 ], [ -70.760488934519415, -34.157127344655954 ], [ -70.759584542064403, -34.158515892367824 ], [ -70.75750390230543, -34.158477304394751 ], [ -70.756327682989266, -34.157050183672467 ], [ -70.75723206714089, -34.155661639782373 ], [ -70.759312678913417, -34.155700212792603 ] ] ] } },
{ "type": "Feature", "properties": { "h3": "89b2c1c0c5bffff" }, "geometry": { "type": "Polygon", "coordinates": [ [ [ -70.714270279250599, -34.140804329733498 ], [ -70.715445817849613, -34.142231924814411 ], [ -70.714541520943854, -34.143620285697132 ], [ -70.712461693821965, -34.143581047662352 ], [ -70.711286191587959, -34.142153463764295 ], [ -70.712190480109484, -34.140765106718383 ], [ -70.714270279250599, -34.140804329733498 ] ] ] } },
{ "type": "Feature", "properties": { "h3": "89b2c1ce4d7ffff" }, "geometry": { "type": "Polygon", "coordinates": [ [ [ -70.730821600901365, -34.183267218590359 ], [ -70.731997580226704, -34.184693980675029 ], [ -70.731093111857021, -34.186081490770448 ], [ -70.729012672517698, -34.186042234965406 ], [ -70.727836729540726, -34.184615484034879 ], [ -70.728741189553361, -34.18322797775545 ], [ -70.730821600901365, -34.183267218590359 ] ] ] } },
{ "type": "Feature", "properties": { "h3": "89b2c1c54b7ffff" }, "geometry": { "type": "Polygon", "coordinates": [ [ [ -70.649168538958151, -34.176083518668435 ], [ -70.65034331093743, -34.177510764150341 ], [ -70.649438944871278, -34.178897441848356 ], [ -70.647359815329395, -34.178856870229858 ], [ -70.64618507984035, -34.177429635970839 ], [ -70.647089437401604, -34.176042962107594 ], [ -70.649168538958151, -34.176083518668435 ] ] ] } },
{ "type": "Feature", "properties": { "h3": "89b2c1c14afffff" }, "geometry": { "type": "Polygon", "coordinates": [ [ [ -70.798926956922642, -34.114248168183821 ], [ -70.800103580948289, -34.11567586907762 ], [ -70.799199306121466, -34.11706593571617 ], [ -70.797118415496158, -34.117028297630078 ], [ -70.79594182767795, -34.115600607860159 ], [ -70.796846094276262, -34.114210545052622 ], [ -70.798926956922642, -34.114248168183821 ] ] ] } },
{ "type": "Feature", "properties": { "h3": "89b2c1c50a7ffff" }, "geometry": { "type": "Polygon", "coordinates": [ [ [ -70.651331974834491, -34.19859159417625 ], [ -70.652506885706018, -34.200018426964128 ], [ -70.651602434628003, -34.201404571585805 ], [ -70.649523081179652, -34.201363879594787 ], [ -70.648348206801245, -34.199937058019856 ], [ -70.649252649376734, -34.198550917223187 ], [ -70.651331974834491, -34.19859159417625 ] ] ] } },
{ "type": "Feature", "properties": { "h3": "89b2c1c1547ffff" }, "geometry": { "type": "Polygon", "coordinates": [ [ [ -70.793773566350239, -34.125405376389885 ], [ -70.794950170090246, -34.126832900102642 ], [ -70.794045858717567, -34.128222626092899 ], [ -70.791964951842175, -34.128184824543133 ], [ -70.790788384322028, -34.126757311954456 ], [ -70.791692687456049, -34.125367589791644 ], [ -70.793773566350239, -34.125405376389885 ] ] ] } },
{ "type": "Feature", "properties": { "h3": "89b2c1c056bffff" }, "geometry": { "type": "Polygon", "coordinates": [ [ [ -70.727834123799397, -34.119973120950185 ], [ -70.729009757301682, -34.121401029830139 ], [ -70.728105524677417, -34.122790075914587 ], [ -70.726025666907702, -34.122751209276473 ], [ -70.724850069740327, -34.121323311575878 ], [ -70.725754294006379, -34.119934269334244 ], [ -70.727834123799397, -34.119973120950185 ] ] ] } },
{ "type": "Feature", "properties": { "h3": "89b2c1c11cfffff" }, "geometry": { "type": "Polygon", "coordinates": [ [ [ -70.795135095957647, -34.139490442286466 ], [ -70.79631178659811, -34.140917707692175 ], [ -70.795407422211568, -34.142307100648438 ], [ -70.793326375420307, -34.142269224377834 ], [ -70.792149721001408, -34.140841970090058 ], [ -70.793054077150856, -34.139452580955144 ], [ -70.795135095957647, -34.139490442286466 ] ] ] } },
{ "type": "Feature", "properties": { "h3": "89b2c1c1e33ffff" }, "geometry": { "type": "Polygon", "coordinates": [ [ [ -70.785099130747909, -34.164607615814255 ], [ -70.786275798137581, -34.166034474956518 ], [ -70.785371350072225, -34.167423119826829 ], [ -70.783290242872894, -34.167384901742068 ], [ -70.782113611729997, -34.165958053716814 ], [ -70.783018051538306, -34.164569412659489 ], [ -70.785099130747909, -34.164607615814255 ] ] ] } },
{ "type": "Feature", "properties": { "h3": "89b2c1c0e57ffff" }, "geometry": { "type": "Polygon", "coordinates": [ [ [ -70.730819905069268, -34.150953125226884 ], [ -70.731995729627343, -34.152380466551399 ], [ -70.73109138027489, -34.153768779985086 ], [ -70.7290112147179, -34.153729748265135 ], [ -70.727835426498615, -34.152302418106451 ], [ -70.728739767496222, -34.150914108502093 ], [ -70.730819905069268, -34.150953125226884 ] ] ] } },
{ "type": "Feature", "properties": { "h3": "89b2c1c56b3ffff" }, "geometry": { "type": "Polygon", "coordinates": [ [ [ -70.674932516386235, -34.185009464480089 ], [ -70.676107701633143, -34.186436438514207 ], [ -70.675203278360129, -34.187823213481508 ], [ -70.6731236782976, -34.187783010588788 ], [ -70.671948529498195, -34.186356047753435 ], [ -70.672852944312467, -34.18496927661225 ], [ -70.674932516386235, -34.185009464480089 ] ] ] } },
{ "type": "Feature", "properties": { "h3": "89b2c1c084bffff" }, "geometry": { "type": "Polygon", "coordinates": [ [ [ -70.716440401886786, -34.163328667541833 ], [ -70.717616079433839, -34.164755849781145 ], [ -70.716711697608673, -34.166143677743449 ], [ -70.714631646616965, -34.16610431963958 ], [ -70.713456005437777, -34.164677148573276 ], [ -70.714360378881096, -34.163289324438018 ], [ -70.716440401886786, -34.163328667541833 ] ] ] } },
{ "type": "Feature", "properties": { "h3": "89b2c1c1abbffff" }, "geometry": { "type": "Polygon", "coordinates": [ [ [ -70.786460295134745, -34.178683952517268 ], [ -70.787637049444797, -34.180110553113465 ], [ -70.786732548342854, -34.18149886481833 ], [ -70.784651301185079, -34.181460572120244 ], [ -70.783474583123549, -34.180033982634889 ], [ -70.784379075969937, -34.178645674736984 ], [ -70.786460295134745, -34.178683952517268 ] ] ] } },
{ "type": "Feature", "properties": { "h3": "89b2c1c533bffff" }, "geometry": { "type": "Polygon", "coordinates": [ [ [ -70.662989532017889, -34.222681326597936 ], [ -70.664164726001275, -34.224107676714233 ], [ -70.663260175060458, -34.225493366235618 ], [ -70.661180438617947, -34.225452701828097 ], [ -70.660005281114309, -34.224026362906514 ], [ -70.660909823572098, -34.222640677197923 ], [ -70.662989532017889, -34.222681326597936 ] ] ] } },
{ "type": "Feature", "properties": { "h3": "89b2c1c1827ffff" }, "geometry": { "type": "Polygon", "coordinates": [ [ [ -70.761487773630307, -34.17822233716398 ], [ -70.762664168266838, -34.179649055625688 ], [ -70.761759690929651, -34.181037070311739 ], [ -70.759678827255527, -34.180998362724225 ], [ -70.758502468911644, -34.17957165539368 ], [ -70.759406937947915, -34.178183644519684 ], [ -70.761487773630307, -34.17822233716398 ] ] ] } },
{ "type": "Feature", "properties": { "h3": "89b2c1c13cbffff" }, "geometry": { "type": "Polygon", "coordinates": [ [ [ -70.820927814744138, -34.148392239319442 ], [ -70.82210491665127, -34.149819231715604 ], [ -70.821200497178594, -34.151208721817923 ], [ -70.81911898398819, -34.151171215711742 ], [ -70.817941918259521, -34.149744234409496 ], [ -70.818846329541444, -34.148354748119701 ], [ -70.820927814744138, -34.148392239319442 ] ] ] } },
{ "type": "Feature", "properties": { "h3": "89b2c1c1053ffff" }, "geometry": { "type": "Polygon", "coordinates": [ [ [ -70.819291862642856, -34.131490859635093 ], [ -70.820468860235337, -34.132918162230332 ], [ -70.819564504362688, -34.134308052014234 ], [ -70.817483159088766, -34.134270635383238 ], [ -70.816306197672688, -34.13284334388927 ], [ -70.817210545352765, -34.131453457925197 ], [ -70.819291862642856, -34.131490859635093 ] ] ] } },
{ "type": "Feature", "properties": { "h3": "89b2c1c0077ffff" }, "geometry": { "type": "Polygon", "coordinates": [ [ [ -70.744112907790864, -34.127305855671914 ], [ -70.745288809728294, -34.128733562475297 ], [ -70.744384535400357, -34.130122627754972 ], [ -70.742304367462751, -34.13008398239495 ], [ -70.741128501833657, -34.128656286755131 ], [ -70.742032767832484, -34.127267225311982 ], [ -70.744112907790864, -34.127305855671914 ] ] ] } },
{ "type": "Feature", "properties": { "h3": "89b2c1c1cb7ffff" }, "geometry": { "type": "Polygon", "coordinates": [ [ [ -70.755512249923825, -34.148602680074731 ], [ -70.756688417111988, -34.150029955746476 ], [ -70.755784054179443, -34.151418632871184 ], [ -70.753703532367183, -34.151380030498892 ], [ -70.752527401473486, -34.149952765973829 ], [ -70.753431756096205, -34.14856409267459 ], [ -70.755512249923825, -34.148602680074731 ] ] ] } },
{ "type": "Feature", "properties": { "h3": "89b2c1c0cdbffff" }, "geometry": { "type": "Polygon", "coordinates": [ [ [ -70.710472622802882, -34.133705131631757 ], [ -70.711648072939823, -34.135132870269061 ], [ -70.710743805646672, -34.136521360523204 ], [ -70.708664096605901, -34.136482108299681 ], [ -70.707488682838601, -34.13505438085086 ], [ -70.708392941741067, -34.133665894437236 ], [ -70.710472622802882, -34.133705131631757 ] ] ] } },
{ "type": "Feature", "properties": { "h3": "89b2c1c5537ffff" }, "geometry": { "type": "Polygon", "coordinates": [ [ [ -70.632078811342453, -34.192598221534595 ], [ -70.633253416370337, -34.194025244945195 ], [ -70.632349005765249, -34.195411299962558 ], [ -70.63026999866797, -34.195370327738388 ], [ -70.629095430165293, -34.193943315558528 ], [ -70.629999832233338, -34.192557264372304 ], [ -70.632078811342453, -34.192598221534595 ] ] ] } },
{ "type": "Feature", "properties": { "h3": "89b2c1c73d7ffff" }, "geometry": { "type": "Polygon", "coordinates": [ [ [ -70.64157982221208, -34.161890582915312 ], [ -70.642754417059237, -34.163318115270854 ], [ -70.641850110511939, -34.164705051780295 ], [ -70.639771217633822, -34.164664452092232 ], [ -70.638596659286037, -34.163236930970861 ], [ -70.639500957315676, -34.161849998303552 ], [ -70.64157982221208, -34.161890582915312 ] ] ] } },
{ "type": "Feature", "properties": { "h3": "89b2c1c0bc3ffff" }, "geometry": { "type": "Polygon", "coordinates": [ [ [ -70.71128531670881, -34.174469685992129 ], [ -70.712460973625241, -34.175896691002812 ], [ -70.711556555485203, -34.177284178183719 ], [ -70.709476488819348, -34.177244656530704 ], [ -70.708300868283203, -34.175817662693177 ], [ -70.709205278031263, -34.174430179335694 ], [ -70.71128531670881, -34.174469685992129 ] ] ] } },
{ "type": "Feature", "properties": { "h3": "89b2c1c0963ffff" }, "geometry": { "type": "Polygon", "coordinates": [ [ [ -70.686597875246676, -34.176807640317371 ], [ -70.687773188860092, -34.178234710739879 ], [ -70.686868784917024, -34.179621834173005 ], [ -70.684789075796189, -34.179581883356597 ], [ -70.683613798607297, -34.178154824126402 ], [ -70.68451819411338, -34.176767704520508 ], [ -70.686597875246676, -34.176807640317371 ] ] ] } },
{ "type": "Feature", "properties": { "h3": "89b2c1cad6fffff" }, "geometry": { "type": "Polygon", "coordinates": [ [ [ -70.817955084171786, -34.182069104168853 ], [ -70.819132304994071, -34.183495505293401 ], [ -70.818227764075147, -34.18488412158365 ], [ -70.816146010531, -34.184846332950244 ], [ -70.814968825902383, -34.183419942909865 ], [ -70.815873358622909, -34.182031330418916 ], [ -70.817955084171786, -34.182069104168853 ] ] ] } },
{ "type": "Feature", "properties": { "h3": "89b2c1c15c7ffff" }, "geometry": { "type": "Polygon", "coordinates": [ [ [ -70.789971663625153, -34.118305098038633 ], [ -70.791148179011429, -34.119732765555 ], [ -70.790243897082121, -34.121122620915244 ], [ -70.788163108010266, -34.121084804928188 ], [ -70.786986628848481, -34.119657148541506 ], [ -70.787890902532723, -34.118267297012395 ], [ -70.789971663625153, -34.118305098038633 ] ] ] } },
{ "type": "Feature", "properties": { "h3": "89b2c1c3207ffff" }, "geometry": { "type": "Polygon", "coordinates": [ [ [ -70.803262893987508, -34.094632833273138 ], [ -70.804439486144872, -34.096060866181823 ], [ -70.803535279671848, -34.097451473191335 ], [ -70.801454489259442, -34.097414043454116 ], [ -70.800277933296044, -34.095986021672793 ], [ -70.801182131549766, -34.094595418501555 ], [ -70.803262893987508, -34.094632833273138 ] ] ] } },
{ "type": "Feature", "properties": { "h3": "89b2c1c124fffff" }, "geometry": { "type": "Polygon", "coordinates": [ [ [ -70.842648845137973, -34.147375444445885 ], [ -70.843826252305306, -34.148802359260685 ], [ -70.842921818053128, -34.150192142511628 ], [ -70.840839984783344, -34.150155007139411 ], [ -70.839662613755607, -34.148728103401346 ], [ -70.84056703985668, -34.147338323958969 ], [ -70.842648845137973, -34.147375444445885 ] ] ] } },
{ "type": "Feature", "properties": { "h3": "89b2c1c0273ffff" }, "geometry": { "type": "Polygon", "coordinates": [ [ [ -70.769892993088447, -34.136217228424329 ], [ -70.771069306910377, -34.137644663090533 ], [ -70.770164976765741, -34.139033825626207 ], [ -70.768084341080666, -34.138995549668138 ], [ -70.76690806352407, -34.137568126141453 ], [ -70.767812385385895, -34.136178967433509 ], [ -70.769892993088447, -34.136217228424329 ] ] ] } },
{ "type": "Feature", "properties": { "h3": "89b2c1c1eb3ffff" }, "geometry": { "type": "Polygon", "coordinates": [ [ [ -70.78129711019794, -34.157511076441459 ], [ -70.782473689195044, -34.158938079538011 ], [ -70.781569270600514, -34.160326853845518 ], [ -70.779488281271071, -34.160288621239978 ], [ -70.778311738525403, -34.158861629266042 ], [ -70.779216148856406, -34.157472858775222 ], [ -70.78129711019794, -34.157511076441459 ] ] ] } },
{ "type": "Feature", "properties": { "h3": "89b2c1c0ed7ffff" }, "geometry": { "type": "Polygon", "coordinates": [ [ [ -70.727021157216555, -34.143854989297068 ], [ -70.728196893325389, -34.145282474292763 ], [ -70.727292573553598, -34.146670917121433 ], [ -70.725212526032877, -34.146631871121599 ], [ -70.724036826267451, -34.145204397297356 ], [ -70.724941137677973, -34.143815958301708 ], [ -70.727021157216555, -34.143854989297068 ] ] ] } },
{ "type": "Feature", "properties": { "h3": "89b2c1c7373ffff" }, "geometry": { "type": "Polygon", "coordinates": [ [ [ -70.642661015798694, -34.173147749388583 ], [ -70.643835680074716, -34.174575075547473 ], [ -70.64293133102413, -34.17596174557471 ], [ -70.640852326212652, -34.175921085606021 ], [ -70.639677698437424, -34.174493770676349 ], [ -70.640582038971516, -34.173107104486341 ], [ -70.642661015798694, -34.173147749388583 ] ] ] } },
{ "type": "Feature", "properties": { "h3": "89b2c1c53bbffff" }, "geometry": { "type": "Polygon", "coordinates": [ [ [ -70.659193508300774, -34.215589779174323 ], [ -70.660368613700868, -34.217016273027745 ], [ -70.659464092499022, -34.218402092048549 ], [ -70.657384474385182, -34.218361413399691 ], [ -70.656209405469426, -34.216934930746667 ], [ -70.657113918181849, -34.215549115542302 ], [ -70.659193508300774, -34.215589779174323 ] ] ] } },
{ "type": "Feature", "properties": { "h3": "89b2c1c5043ffff" }, "geometry": { "type": "Polygon", "coordinates": [ [ [ -70.673302213728221, -34.200423201929439 ], [ -70.674477449360182, -34.201849906667022 ], [ -70.673572970801956, -34.203236277972792 ], [ -70.671493265073209, -34.203195940721123 ], [ -70.670318065896211, -34.201769247178028 ], [ -70.671222535991674, -34.200382879692292 ], [ -70.673302213728221, -34.200423201929439 ] ] ] } },
{ "type": "Feature", "properties": { "h3": "89b2c1c144bffff" }, "geometry": { "type": "Polygon", "coordinates": [ [ [ -70.820914259238933, -34.11605010185653 ], [ -70.822091206083812, -34.117477673935426 ], [ -70.821186905615122, -34.118867967156156 ], [ -70.819105666488795, -34.118830684472393 ], [ -70.817928755812886, -34.117403123498988 ], [ -70.818833048092969, -34.116012834104083 ], [ -70.820914259238933, -34.11605010185653 ] ] ] } },
{ "type": "Feature", "properties": { "h3": "89b2c1c046fffff" }, "geometry": { "type": "Polygon", "coordinates": [ [ [ -70.74573911592897, -34.111869253649672 ], [ -70.746914967321644, -34.113297229565134 ], [ -70.746010748318895, -34.114686698252129 ], [ -70.743930686247211, -34.114648187181203 ], [ -70.742754871155412, -34.113220222433483 ], [ -70.743659081833087, -34.111830757589132 ], [ -70.74573911592897, -34.111869253649672 ] ] ] } },
{ "type": "Feature", "properties": { "h3": "89b2c1ce473ffff" }, "geometry": { "type": "Polygon", "coordinates": [ [ [ -70.731907685286572, -34.194523597439193 ], [ -70.733083734118466, -34.19595015281994 ], [ -70.73217922328476, -34.197337396350591 ], [ -70.730098671973678, -34.197298080689549 ], [ -70.728922659491573, -34.195871536457986 ], [ -70.729827161969425, -34.19448429673848 ], [ -70.731907685286572, -34.194523597439193 ] ] ] } },
{ "type": "Feature", "properties": { "h3": "89b2c1ca87bffff" }, "geometry": { "type": "Polygon", "coordinates": [ [ [ -70.84348431256177, -34.188149962397141 ], [ -70.844661927100745, -34.189576141434792 ], [ -70.843757342007365, -34.190964921374437 ], [ -70.841675150525944, -34.190927518484926 ], [ -70.840497572137068, -34.18950135050865 ], [ -70.841402149078164, -34.188112574360709 ], [ -70.84348431256177, -34.188149962397141 ] ] ] } },
{ "type": "Feature", "properties": { "h3": "89b2c1c10d3ffff" }, "geometry": { "type": "Polygon", "coordinates": [ [ [ -70.815488428967456, -34.124391301618836 ], [ -70.816665338233307, -34.125818748149236 ], [ -70.815761011752201, -34.127208767322394 ], [ -70.813679784202947, -34.127171336141842 ], [ -70.812502911118145, -34.125743900718319 ], [ -70.813407229400198, -34.124353885368663 ], [ -70.815488428967456, -34.124391301618836 ] ] ] } },
{ "type": "Feature", "properties": { "h3": "89b2c1c1d37ffff" }, "geometry": { "type": "Polygon", "coordinates": [ [ [ -70.738418373443295, -34.165147284404547 ], [ -70.739594374901259, -34.166574338239975 ], [ -70.738689966406142, -34.167962392842021 ], [ -70.736609564793696, -34.167923389786857 ], [ -70.735433599665299, -34.166496347105976 ], [ -70.736337999818431, -34.165108296325911 ], [ -70.738418373443295, -34.165147284404547 ] ] ] } },
{ "type": "Feature", "properties": { "h3": "89b2c1c0d5bffff" }, "geometry": { "type": "Polygon", "coordinates": [ [ [ -70.69338233639057, -34.150245544203635 ], [ -70.69455762031545, -34.151673060963887 ], [ -70.693653307903048, -34.153060928724102 ], [ -70.691573719987218, -34.153021275887312 ], [ -70.690398472467024, -34.151593770323437 ], [ -70.69130277645661, -34.150205906400188 ], [ -70.69338233639057, -34.150245544203635 ] ] ] } },
{ "type": "Feature", "properties": { "h3": "89b2c1c02d7ffff" }, "geometry": { "type": "Polygon", "coordinates": [ [ [ -70.7688051260739, -34.124949657228463 ], [ -70.769981370394646, -34.126377298421716 ], [ -70.769077082673817, -34.127766727372972 ], [ -70.766996558914911, -34.12772851129855 ], [ -70.765820350858078, -34.126300881249726 ], [ -70.766724630294902, -34.12491145613108 ], [ -70.7688051260739, -34.124949657228463 ] ] ] } },
{ "type": "Feature", "properties": { "h3": "89b2c1c55b7ffff" }, "geometry": { "type": "Polygon", "coordinates": [ [ [ -70.628285003121334, -34.185503616146939 ], [ -70.62945951955038, -34.18693078302811 ], [ -70.628555138741078, -34.188316967481676 ], [ -70.626476250044831, -34.188275981219441 ], [ -70.625301770145541, -34.186848825574678 ], [ -70.626206142411419, -34.185462644955948 ], [ -70.628285003121334, -34.185503616146939 ] ] ] } },
{ "type": "Feature", "properties": { "h3": "89b2c1c1647ffff" }, "geometry": { "type": "Polygon", "coordinates": [ [ [ -70.837479383627823, -34.126190910803643 ], [ -70.838656615545673, -34.127618228269824 ], [ -70.837752263625077, -34.129008473996713 ], [ -70.835670687944415, -34.128971398439262 ], [ -70.834493492169088, -34.127544092061555 ], [ -70.83539783593055, -34.12615385015301 ], [ -70.837479383627823, -34.126190910803643 ] ] ] } },
{ "type": "Feature", "properties": { "h3": "89b2c1c12b3ffff" }, "geometry": { "type": "Polygon", "coordinates": [ [ [ -70.823095620237027, -34.138589712443618 ], [ -70.824272706156535, -34.140016871054776 ], [ -70.823368320898567, -34.141406631435416 ], [ -70.821286857905847, -34.141369229388964 ], [ -70.820109808158065, -34.139942081873471 ], [ -70.821014185229899, -34.13855232530895 ], [ -70.823095620237027, -34.138589712443618 ] ] ] } },
{ "type": "Feature", "properties": { "h3": "89b2c1c066bffff" }, "geometry": { "type": "Polygon", "coordinates": [ [ [ -70.771517944489858, -34.12078103354964 ], [ -70.772694207694357, -34.122208737507336 ], [ -70.771789932905335, -34.123598303488436 ], [ -70.769709403189324, -34.123560161678228 ], [ -70.768533176242713, -34.12213246886423 ], [ -70.769437442752903, -34.120742906716934 ], [ -70.771517944489858, -34.12078103354964 ] ] ] } },
{ "type": "Feature", "properties": { "h3": "89b2c1c12cfffff" }, "geometry": { "type": "Polygon", "coordinates": [ [ [ -70.838843851522356, -34.140277543637268 ], [ -70.840021170380538, -34.141704602556388 ], [ -70.839116765474913, -34.143094515232683 ], [ -70.837035049867296, -34.143057365177832 ], [ -70.835857767153371, -34.141630317341054 ], [ -70.836762163901426, -34.14024040847702 ], [ -70.838843851522356, -34.140277543637268 ] ] ] } },
{ "type": "Feature", "properties": { "h3": "89b2c1c543bffff" }, "geometry": { "type": "Polygon", "coordinates": [ [ [ -70.659201237104881, -34.183300352205599 ], [ -70.660376187967799, -34.184727425017762 ], [ -70.659471785796981, -34.186114047581164 ], [ -70.657392441249058, -34.186073593502755 ], [ -70.656217526860857, -34.184646531902729 ], [ -70.657121920544498, -34.183259913169174 ], [ -70.659201237104881, -34.183300352205599 ] ] ] } },
{ "type": "Feature", "properties": { "h3": "89b2c1c1843ffff" }, "geometry": { "type": "Polygon", "coordinates": [ [ [ -70.779672415303935, -34.172938925315385 ], [ -70.780849044959766, -34.174365658821365 ], [ -70.779944570983062, -34.175754029545629 ], [ -70.777863475616684, -34.175715662953486 ], [ -70.776686882219721, -34.17428894056588 ], [ -70.777591347928919, -34.17290057365225 ], [ -70.779672415303935, -34.172938925315385 ] ] ] } },
{ "type": "Feature", "properties": { "h3": "89b2c1c0867ffff" }, "geometry": { "type": "Polygon", "coordinates": [ [ [ -70.704503007615941, -34.168721813323621 ], [ -70.705678539657526, -34.170148950859364 ], [ -70.704774148925154, -34.171536497018799 ], [ -70.702694234553704, -34.171496901815594 ], [ -70.701518738902664, -34.170069775460576 ], [ -70.702423121231149, -34.168682233128251 ], [ -70.704503007615941, -34.168721813323621 ] ] ] } },
{ "type": "Feature", "properties": { "h3": "89b2c1c326bffff" }, "geometry": { "type": "Polygon", "coordinates": [ [ [ -70.813308010869704, -34.101847318748128 ], [ -70.814484781087913, -34.10327517851502 ], [ -70.813580539394422, -34.104665730445952 ], [ -70.811499535682898, -34.104628418776905 ], [ -70.810322801642968, -34.103200570126674 ], [ -70.811227035134934, -34.101810022029021 ], [ -70.813308010869704, -34.101847318748128 ] ] ] } },
{ "type": "Feature", "properties": { "h3": "89b2c1cac73ffff" }, "geometry": { "type": "Polygon", "coordinates": [ [ [ -70.838313889958044, -34.166978067410149 ], [ -70.83949132918967, -34.168404649596283 ], [ -70.838586826452925, -34.169793892224789 ], [ -70.836504892643518, -34.169756548865919 ], [ -70.835327489564961, -34.168329977752975 ], [ -70.836231984141392, -34.166940738925888 ], [ -70.838313889958044, -34.166978067410149 ] ] ] } },
{ "type": "Feature", "properties": { "h3": "89b2c1c064fffff" }, "geometry": { "type": "Polygon", "coordinates": [ [ [ -70.774230724108719, -34.116611998793587 ], [ -70.775407006191003, -34.118039765511867 ], [ -70.77450274433761, -34.119429468518575 ], [ -70.772422208674172, -34.119391400972241 ], [ -70.771245962843736, -34.117963645396983 ], [ -70.772150216423526, -34.116573946225245 ], [ -70.774230724108719, -34.116611998793587 ] ] ] } },
{ "type": "Feature", "properties": { "h3": "89b2c1c50c3ffff" }, "geometry": { "type": "Polygon", "coordinates": [ [ [ -70.669505950977907, -34.193329554420067 ], [ -70.670681098055098, -34.194756402831253 ], [ -70.669776649209041, -34.196142903600702 ], [ -70.6676970617536, -34.196102552135478 ], [ -70.666521951135948, -34.194675714924458 ], [ -70.667426391512862, -34.193289217978695 ], [ -70.669505950977907, -34.193329554420067 ] ] ] } },
{ "type": "Feature", "properties": { "h3": "89b2c1c14cbffff" }, "geometry": { "type": "Polygon", "coordinates": [ [ [ -70.817110973121544, -34.108949062654339 ], [ -70.818287831652867, -34.110376778601733 ], [ -70.817383560568658, -34.111767201184591 ], [ -70.815302439146805, -34.1117299039907 ], [ -70.814125616789084, -34.110302199154383 ], [ -70.815029879678249, -34.108911780401087 ], [ -70.817110973121544, -34.108949062654339 ] ] ] } },
{ "type": "Feature", "properties": { "h3": "89b2c1c162bffff" }, "geometry": { "type": "Polygon", "coordinates": [ [ [ -70.828521803101907, -34.130250065308964 ], [ -70.829698926575048, -34.131677349503931 ], [ -70.828794567356127, -34.133067383958512 ], [ -70.826713092838389, -34.133030130399852 ], [ -70.82553600552491, -34.131602857299143 ], [ -70.826440356568128, -34.130212826663033 ], [ -70.828521803101907, -34.130250065308964 ] ] ] } },
{ "type": "Feature", "properties": { "h3": "89b2c1c1153ffff" }, "geometry": { "type": "Polygon", "coordinates": [ [ [ -70.798392867239201, -34.140955524646714 ], [ -70.799569611477352, -34.142382749492562 ], [ -70.798665238859527, -34.143772146268915 ], [ -70.79658413023347, -34.143734314379522 ], [ -70.795407422211568, -34.142307100648438 ], [ -70.79631178659811, -34.140917707692175 ], [ -70.798392867239201, -34.140955524646714 ] ] ] } },
{ "type": "Feature", "properties": { "h3": "89b2c1c0177ffff" }, "geometry": { "type": "Polygon", "coordinates": [ [ [ -70.723222733575881, -34.136756149419384 ], [ -70.724398381235972, -34.138183778037323 ], [ -70.723494091050995, -34.139572350247057 ], [ -70.721414161572284, -34.139533290002326 ], [ -70.72023855026022, -34.138105672561473 ], [ -70.72114283207749, -34.136717104188463 ], [ -70.723222733575881, -34.136756149419384 ] ] ] } },
{ "type": "Feature", "properties": { "h3": "89b2c1c1db7ffff" }, "geometry": { "type": "Polygon", "coordinates": [ [ [ -70.734618977142162, -34.158050556999207 ], [ -70.735794890149947, -34.159477754603621 ], [ -70.734890511223043, -34.160865938628447 ], [ -70.732810227635454, -34.160826921223375 ], [ -70.731634350961869, -34.159399734779164 ], [ -70.732538721540323, -34.158011554580007 ], [ -70.734618977142162, -34.158050556999207 ] ] ] } },
{ "type": "Feature", "properties": { "h3": "89b2c1c0ddbffff" }, "geometry": { "type": "Polygon", "coordinates": [ [ [ -70.689585714201911, -34.143147152598026 ], [ -70.690760909632516, -34.144574812875305 ], [ -70.689856626878424, -34.145962810016862 ], [ -70.687777157121587, -34.145923143040697 ], [ -70.686601998100215, -34.144495493965451 ], [ -70.687506272425097, -34.143107500664534 ], [ -70.689585714201911, -34.143147152598026 ] ] ] } },
{ "type": "Feature", "properties": { "h3": "89b2c1c5637ffff" }, "geometry": { "type": "Polygon", "coordinates": [ [ [ -70.675744822536586, -34.193450356734957 ], [ -70.676920059882775, -34.194877175919821 ], [ -70.676015604739618, -34.196263750974374 ], [ -70.673935920706782, -34.19622350302182 ], [ -70.67276071980919, -34.194796695031989 ], [ -70.673665166494516, -34.193410123799886 ], [ -70.675744822536586, -34.193450356734957 ] ] ] } },
{ "type": "Feature", "properties": { "h3": "89b2c1c465bffff" }, "geometry": { "type": "Polygon", "coordinates": [ [ [ -70.630727940166096, -34.178531056392039 ], [ -70.631902458405008, -34.179958337622452 ], [ -70.630998100943813, -34.181344725799889 ], [ -70.628919233780834, -34.181303828909869 ], [ -70.627744752065297, -34.179876558916426 ], [ -70.628649100988014, -34.178490174576254 ], [ -70.630727940166096, -34.178531056392039 ] ] ] } },
{ "type": "Feature", "properties": { "h3": "89b2c1c0a63ffff" }, "geometry": { "type": "Polygon", "coordinates": [ [ [ -70.730278599269937, -34.177638319332267 ], [ -70.731454543844677, -34.179065184742626 ], [ -70.730550096705741, -34.180452828108855 ], [ -70.728469713348389, -34.180413602246546 ], [ -70.727293805121292, -34.178986747992816 ], [ -70.728198243902568, -34.17759910844498 ], [ -70.730278599269937, -34.177638319332267 ] ] ] } },
{ "type": "Feature", "properties": { "h3": "89b2c1c09c7ffff" }, "geometry": { "type": "Polygon", "coordinates": [ [ [ -70.685514304020657, -34.165549682586011 ], [ -70.686689548170733, -34.166976959415052 ], [ -70.685785186709325, -34.168364349352544 ], [ -70.683705589534696, -34.168324458629051 ], [ -70.682530381807737, -34.166897192997268 ], [ -70.683434734830954, -34.165509806891912 ], [ -70.685514304020657, -34.165549682586011 ] ] ] } },
{ "type": "Feature", "properties": { "h3": "89b2c1cadd3ffff" }, "geometry": { "type": "Polygon", "coordinates": [ [ [ -70.819305205347987, -34.163825055858574 ], [ -70.820482358016093, -34.165251778546875 ], [ -70.81957788312485, -34.166640865092155 ], [ -70.817496263758883, -34.166603225142801 ], [ -70.816319147276644, -34.165176513544168 ], [ -70.817223613973155, -34.163787430805392 ], [ -70.819305205347987, -34.163825055858574 ] ] ] } },
{ "type": "Feature", "properties": { "h3": "89b2c1c7277ffff" }, "geometry": { "type": "Polygon", "coordinates": [ [ [ -70.660561597214212, -34.165068898110164 ], [ -70.661736480376419, -34.166496291603877 ], [ -70.660832144091856, -34.167883384384339 ], [ -70.658752933127133, -34.167843079834114 ], [ -70.657578086431798, -34.166415697558065 ], [ -70.658482414232964, -34.165028608614762 ], [ -70.660561597214212, -34.165068898110164 ] ] ] } },
{ "type": "Feature", "properties": { "h3": "89b2c1c19a3ffff" }, "geometry": { "type": "Polygon", "coordinates": [ [ [ -70.739776405876469, -34.179221643751717 ], [ -70.740952494212848, -34.180648439287303 ], [ -70.740048032650009, -34.182036160737496 ], [ -70.737967491089961, -34.181997082836411 ], [ -70.736791439084925, -34.180570298449219 ], [ -70.737695892307258, -34.17918258081491 ], [ -70.739776405876469, -34.179221643751717 ] ] ] } },
{ "type": "Feature", "properties": { "h3": "89b2c1c559bffff" }, "geometry": { "type": "Polygon", "coordinates": [ [ [ -70.640218258397525, -34.180121481482416 ], [ -70.64139292088916, -34.181548693289876 ], [ -70.640488548474494, -34.182935159601683 ], [ -70.638409522088267, -34.182894410271402 ], [ -70.63723489610382, -34.181467209692627 ], [ -70.638139259997061, -34.180080747215634 ], [ -70.640218258397525, -34.180121481482416 ] ] ] } },
{ "type": "Feature", "properties": { "h3": "89b2c1c16c7ffff" }, "geometry": { "type": "Polygon", "coordinates": [ [ [ -70.833675008654112, -34.119090937243449 ], [ -70.834852152271637, -34.12051839869288 ], [ -70.833947829703348, -34.121908773805494 ], [ -70.831866371681784, -34.121871683646837 ], [ -70.830689264211443, -34.120444233291494 ], [ -70.831593578614147, -34.119053862000897 ], [ -70.833675008654112, -34.119090937243449 ] ] ] } },
{ "type": "Feature", "properties": { "h3": "89b2c1c134fffff" }, "geometry": { "type": "Polygon", "coordinates": [ [ [ -70.821745882407583, -34.156841331801537 ], [ -70.822923036478088, -34.158268169038784 ], [ -70.822018585202628, -34.159657459273987 ], [ -70.819936988045129, -34.159619908463213 ], [ -70.818759870154125, -34.158193082316146 ], [ -70.81966431323977, -34.15680379588985 ], [ -70.821745882407583, -34.156841331801537 ] ] ] } },
{ "type": "Feature", "properties": { "h3": "89b2c1c0373ffff" }, "geometry": { "type": "Polygon", "coordinates": [ [ [ -70.748999150888764, -34.145670788145061 ], [ -70.750175210733985, -34.147098144794207 ], [ -70.749270864426876, -34.148486814266747 ], [ -70.747190466594645, -34.148448123262376 ], [ -70.746014443054534, -34.147020777766237 ], [ -70.746918781040179, -34.14563211212166 ], [ -70.748999150888764, -34.145670788145061 ] ] ] } },
{ "type": "Feature", "properties": { "h3": "89b2c1c1c3bffff" }, "geometry": { "type": "Polygon", "coordinates": [ [ [ -70.765554706104723, -34.155815724541405 ], [ -70.766731051651263, -34.157242827018784 ], [ -70.765826653215697, -34.158631448992381 ], [ -70.76374591752429, -34.158592964668287 ], [ -70.762569608256555, -34.157165873326882 ], [ -70.763473998400087, -34.155777255173774 ], [ -70.765554706104723, -34.155815724541405 ] ] ] } },
{ "type": "Feature", "properties": { "h3": "89b2c1c54bbffff" }, "geometry": { "type": "Polygon", "coordinates": [ [ [ -70.655406037042269, -34.176204981508363 ], [ -70.656580899345755, -34.177632197856376 ], [ -70.655676526912202, -34.179018949848526 ], [ -70.653597300667414, -34.178978481659364 ], [ -70.652422474843249, -34.177551276529115 ], [ -70.653326838783201, -34.176164528370485 ], [ -70.655406037042269, -34.176204981508363 ] ] ] } },
{ "type": "Feature", "properties": { "h3": "89b2c1c18c3ffff" }, "geometry": { "type": "Polygon", "coordinates": [ [ [ -70.775870571625006, -34.165843162580728 ], [ -70.777047112875579, -34.167270040058547 ], [ -70.776142668383045, -34.168658540233025 ], [ -70.774061690912546, -34.168620159115576 ], [ -70.772885185925475, -34.167193292761773 ], [ -70.773789622144079, -34.165804796401609 ], [ -70.775870571625006, -34.165843162580728 ] ] ] } },
{ "type": "Feature", "properties": { "h3": "89b2c1c5143ffff" }, "geometry": { "type": "Polygon", "coordinates": [ [ [ -70.652413854426257, -34.209842794291426 ], [ -70.653588834754643, -34.211269420627161 ], [ -70.652684341165696, -34.212655298664671 ], [ -70.650604875748328, -34.21261454654649 ], [ -70.649429931914511, -34.211187931418728 ], [ -70.650334417002128, -34.209802057201344 ], [ -70.652413854426257, -34.209842794291426 ] ] ] } },
{ "type": "Feature", "properties": { "h3": "89b2c1c154bffff" }, "geometry": { "type": "Polygon", "coordinates": [ [ [ -70.800016394385878, -34.125518528863722 ], [ -70.801193087928411, -34.126946023163761 ], [ -70.800288770697506, -34.128335823408499 ], [ -70.798207768149965, -34.12829812552723 ], [ -70.797031110816263, -34.126870642346169 ], [ -70.797935419819908, -34.125480845927569 ], [ -70.800016394385878, -34.125518528863722 ] ] ] } },
{ "type": "Feature", "properties": { "h3": "89b2c1ce573ffff" }, "geometry": { "type": "Polygon", "coordinates": [ [ [ -70.711013173890393, -34.20395644561107 ], [ -70.712188968154678, -34.20538292290707 ], [ -70.711284441599375, -34.206769673230902 ], [ -70.709204129172917, -34.20672994244763 ], [ -70.708028371298127, -34.205303476314306 ], [ -70.708932889458936, -34.203916729801783 ], [ -70.711013173890393, -34.20395644561107 ] ] ] } },
{ "type": "Feature", "properties": { "h3": "89b2c1c1d1bffff" }, "geometry": { "type": "Polygon", "coordinates": [ [ [ -70.75035778622086, -34.159749736209505 ], [ -70.751533932940347, -34.161176834643896 ], [ -70.750629533580948, -34.162565171027495 ], [ -70.748548995820641, -34.162526405155056 ], [ -70.747372885408026, -34.161099317867517 ], [ -70.748277276447482, -34.159710985305772 ], [ -70.75035778622086, -34.159749736209505 ] ] ] } },
{ "type": "Feature", "properties": { "h3": "89b2c1c056fffff" }, "geometry": { "type": "Polygon", "coordinates": [ [ [ -70.724850069740327, -34.121323311575878 ], [ -70.726025666907702, -34.122751209276473 ], [ -70.72512143203069, -34.124140184924492 ], [ -70.723041608348652, -34.124101259029281 ], [ -70.721866047521843, -34.122673372509993 ], [ -70.722770274035156, -34.121284400704795 ], [ -70.724850069740327, -34.121323311575878 ] ] ] } },
{ "type": "Feature", "properties": { "h3": "89b2c1c11d3ffff" }, "geometry": { "type": "Polygon", "coordinates": [ [ [ -70.794590463782967, -34.133856770726098 ], [ -70.795767119661903, -34.135284139467835 ], [ -70.794862776481509, -34.136673665643571 ], [ -70.792781785658576, -34.136635819253968 ], [ -70.791605166000537, -34.135208461632608 ], [ -70.792509500943197, -34.133818939280673 ], [ -70.794590463782967, -34.133856770726098 ] ] ] } },
{ "type": "Feature", "properties": { "h3": "89b2c1c1e37ffff" }, "geometry": { "type": "Polygon", "coordinates": [ [ [ -70.782113611729997, -34.165958053716814 ], [ -70.783290242872894, -34.167384901742068 ], [ -70.78238579245739, -34.168773476171374 ], [ -70.780304719160227, -34.16873519876259 ], [ -70.779128124269803, -34.167308361856279 ], [ -70.780032566422733, -34.165919791239993 ], [ -70.782113611729997, -34.165958053716814 ] ] ] } },
{ "type": "Feature", "properties": { "h3": "89b2c1c0e5bffff" }, "geometry": { "type": "Polygon", "coordinates": [ [ [ -70.73706051004568, -34.151069968273283 ], [ -70.738236424636426, -34.152497280298817 ], [ -70.737332069203802, -34.153885668004271 ], [ -70.735251807522587, -34.15384673985632 ], [ -70.73407592925966, -34.152419438991522 ], [ -70.73498027634875, -34.151031055114146 ], [ -70.73706051004568, -34.151069968273283 ] ] ] } },
{ "type": "Feature", "properties": { "h3": "89b2c1c00dbffff" }, "geometry": { "type": "Polygon", "coordinates": [ [ [ -70.752251126526104, -34.114802024412782 ], [ -70.753427085242549, -34.116229919486109 ], [ -70.752522849607061, -34.117619395854597 ], [ -70.750442663567256, -34.117580973309835 ], [ -70.749266741141071, -34.116153089397933 ], [ -70.750170968463081, -34.114763616869567 ], [ -70.752251126526104, -34.114802024412782 ] ] ] } },
{ "type": "Feature", "properties": { "h3": "89b2c1c56b7ffff" }, "geometry": { "type": "Polygon", "coordinates": [ [ [ -70.671948529498195, -34.186356047753435 ], [ -70.6731236782976, -34.187783010588788 ], [ -70.672219252859847, -34.189169715095545 ], [ -70.67013968708558, -34.189129452941046 ], [ -70.668964574739334, -34.187702501306397 ], [ -70.66986899171286, -34.186315800625749 ], [ -70.671948529498195, -34.186356047753435 ] ] ] } },
{ "type": "Feature", "properties": { "h3": "89b2c1c13cfffff" }, "geometry": { "type": "Polygon", "coordinates": [ [ [ -70.817941918259521, -34.149744234409496 ], [ -70.81911898398819, -34.151171215711742 ], [ -70.818214562105226, -34.152560635382322 ], [ -70.816133082688509, -34.15252306993829 ], [ -70.814956053143987, -34.151096099731838 ], [ -70.815860466830685, -34.149706683873831 ], [ -70.817941918259521, -34.149744234409496 ] ] ] } },
{ "type": "Feature", "properties": { "h3": "89b2c1c10b7ffff" }, "geometry": { "type": "Polygon", "coordinates": [ [ [ -70.797303448544483, -34.129687855343676 ], [ -70.798480123258187, -34.131115286866496 ], [ -70.797575793050655, -34.13250495007884 ], [ -70.795494796360572, -34.132467177943575 ], [ -70.794318157861724, -34.131039757540421 ], [ -70.795222479836752, -34.129650098153057 ], [ -70.797303448544483, -34.129687855343676 ] ] ] } },
{ "type": "Feature", "properties": { "h3": "89b2c1c1057ffff" }, "geometry": { "type": "Polygon", "coordinates": [ [ [ -70.816306197672688, -34.13284334388927 ], [ -70.817483159088766, -34.134270635383238 ], [ -70.816578800808927, -34.135660454739813 ], [ -70.81449748930973, -34.13562297878277 ], [ -70.813320564075724, -34.134195698391991 ], [ -70.81422491415745, -34.132805882855273 ], [ -70.816306197672688, -34.13284334388927 ] ] ] } },
{ "type": "Feature", "properties": { "h3": "89b2c1c007bffff" }, "geometry": { "type": "Polygon", "coordinates": [ [ [ -70.75035351970395, -34.127421539657178 ], [ -70.751529511612162, -34.128849217177297 ], [ -70.750625231251803, -34.130238356727759 ], [ -70.748544967299622, -34.130199814923053 ], [ -70.747369011688747, -34.128772148561382 ], [ -70.748273283731351, -34.127383012846181 ], [ -70.75035351970395, -34.127421539657178 ] ] ] } },
{ "type": "Feature", "properties": { "h3": "89b2c1c1cbbffff" }, "geometry": { "type": "Polygon", "coordinates": [ [ [ -70.761753923321479, -34.1487182350401 ], [ -70.762930180457758, -34.150145481351544 ], [ -70.762025811531672, -34.151534232740261 ], [ -70.759945193766441, -34.151495733993528 ], [ -70.7587689729136, -34.150068498823686 ], [ -70.759673333541215, -34.148679751259166 ], [ -70.761753923321479, -34.1487182350401 ] ] ] } },
{ "type": "Feature", "properties": { "h3": "89b2c1c553bffff" }, "geometry": { "type": "Polygon", "coordinates": [ [ [ -70.638315942343866, -34.192720886193349 ], [ -70.639490637765064, -34.194147880480038 ], [ -70.638586220731924, -34.195534009794351 ], [ -70.636507116801965, -34.195493140992227 ], [ -70.635332457895004, -34.194066157931168 ], [ -70.636236866402427, -34.192680032446788 ], [ -70.638315942343866, -34.192720886193349 ] ] ] } },
{ "type": "Feature", "properties": { "h3": "89b2c1c1943ffff" }, "geometry": { "type": "Polygon", "coordinates": [ [ [ -70.758774347607769, -34.182386306962492 ], [ -70.759950723332139, -34.183812962599333 ], [ -70.759046233072638, -34.185200840199954 ], [ -70.756965375393634, -34.185162058353065 ], [ -70.755789035967936, -34.183735413848083 ], [ -70.756693517921235, -34.182347540058345 ], [ -70.758774347607769, -34.182386306962492 ] ] ] } },
{ "type": "Feature", "properties": { "h3": "89b2c1c0967ffff" }, "geometry": { "type": "Polygon", "coordinates": [ [ [ -70.683613798607297, -34.178154824126402 ], [ -70.684789075796189, -34.179581883356597 ], [ -70.683884669668856, -34.180968936332803 ], [ -70.681804994793808, -34.180928926251731 ], [ -70.680629754035095, -34.179501878215746 ], [ -70.681534151719902, -34.178114829066814 ], [ -70.683613798607297, -34.178154824126402 ] ] ] } },
{ "type": "Feature", "properties": { "h3": "89b2c1cad73ffff" }, "geometry": { "type": "Polygon", "coordinates": [ [ [ -70.817409744726774, -34.176438714151701 ], [ -70.818586930767239, -34.177865218785151 ], [ -70.817682411055756, -34.179253968356086 ], [ -70.815600713501453, -34.179216209492076 ], [ -70.814423563653961, -34.177789715945281 ], [ -70.81532807516642, -34.176400970176047 ], [ -70.817409744726774, -34.176438714151701 ] ] ] } },
{ "type": "Feature", "properties": { "h3": "89b2c1c51c3ffff" }, "geometry": { "type": "Polygon", "coordinates": [ [ [ -70.648618627976433, -34.202749953749503 ], [ -70.649793519718017, -34.204176723719193 ], [ -70.648889055886897, -34.205562731230046 ], [ -70.646809708820541, -34.2055219649476 ], [ -70.645634853578073, -34.204095206191525 ], [ -70.646539308901495, -34.202709202504465 ], [ -70.648618627976433, -34.202749953749503 ] ] ] } },
{ "type": "Feature", "properties": { "h3": "89b2c1ce457ffff" }, "geometry": { "type": "Polygon", "coordinates": [ [ [ -70.734621173058486, -34.190361529818198 ], [ -70.735797240856812, -34.19178814803 ], [ -70.734892742904918, -34.193175528659197 ], [ -70.73281218550396, -34.193136287264473 ], [ -70.731636154049383, -34.191709680201171 ], [ -70.732540643650651, -34.190322303384285 ], [ -70.734621173058486, -34.190361529818198 ] ] ] } },
{ "type": "Feature", "properties": { "h3": "89b2c1c15cbffff" }, "geometry": { "type": "Polygon", "coordinates": [ [ [ -70.796214138296833, -34.118418293843305 ], [ -70.797390743493224, -34.119845931972627 ], [ -70.796486455692673, -34.121235861589604 ], [ -70.794405570928078, -34.121198149247626 ], [ -70.793229001945136, -34.119770522242881 ], [ -70.794133281511975, -34.118380596455751 ], [ -70.796214138296833, -34.118418293843305 ] ] ] } },
{ "type": "Feature", "properties": { "h3": "89b2c1c142fffff" }, "geometry": { "type": "Polygon", "coordinates": [ [ [ -70.802729301295827, -34.121348791298942 ], [ -70.803906013661233, -34.122776348372334 ], [ -70.803001709410708, -34.124166285645224 ], [ -70.800920701015471, -34.124128662017597 ], [ -70.799744024852842, -34.122701116062501 ], [ -70.800648320881308, -34.121311182616914 ], [ -70.802729301295827, -34.121348791298942 ] ] ] } },
{ "type": "Feature", "properties": { "h3": "89b2c1c5027ffff" }, "geometry": { "type": "Polygon", "coordinates": [ [ [ -70.655127290550737, -34.205684823116677 ], [ -70.65630229000277, -34.207111512279305 ], [ -70.655397809173593, -34.208497527434048 ], [ -70.653318337387148, -34.208456849605014 ], [ -70.652143374423645, -34.207030171649677 ], [ -70.653047846756706, -34.205644160316268 ], [ -70.655127290550737, -34.205684823116677 ] ] ] } },
{ "type": "Feature", "properties": { "h3": "89b2c1c320bffff" }, "geometry": { "type": "Polygon", "coordinates": [ [ [ -70.809505372475627, -34.094744870347974 ], [ -70.81068205438109, -34.096172873885358 ], [ -70.809777842084586, -34.097563555150288 ], [ -70.807696956089174, -34.09752622904108 ], [ -70.806520310366636, -34.096098236625991 ], [ -70.807424514455192, -34.094707559198007 ], [ -70.809505372475627, -34.094744870347974 ] ] ] } },
{ "type": "Feature", "properties": { "h3": "89b2c1c1253ffff" }, "geometry": { "type": "Polygon", "coordinates": [ [ [ -70.842102919686837, -34.141741693265367 ], [ -70.843280292073302, -34.143168711541051 ], [ -70.842375879015961, -34.144558628028349 ], [ -70.840294101722492, -34.144521522429173 ], [ -70.839116765474913, -34.143094515232683 ], [ -70.840021170380538, -34.141704602556388 ], [ -70.842102919686837, -34.141741693265367 ] ] ] } },
{ "type": "Feature", "properties": { "h3": "89b2c1c0277ffff" }, "geometry": { "type": "Polygon", "coordinates": [ [ [ -70.76690806352407, -34.137568126141453 ], [ -70.768084341080666, -34.138995549668138 ], [ -70.767180008612087, -34.14038464176852 ], [ -70.765099406873901, -34.140346306514651 ], [ -70.763923165588338, -34.138918894129375 ], [ -70.764827489768592, -34.137529805856772 ], [ -70.76690806352407, -34.137568126141453 ] ] ] } },
{ "type": "Feature", "properties": { "h3": "89b2c1c1eb7ffff" }, "geometry": { "type": "Polygon", "coordinates": [ [ [ -70.778311738525403, -34.158861629266042 ], [ -70.779488281271071, -34.160288621239978 ], [ -70.778583860332958, -34.161677325107895 ], [ -70.776502904916867, -34.161639033185374 ], [ -70.775326398428319, -34.160212052336007 ], [ -70.776230811097406, -34.158823352284791 ], [ -70.778311738525403, -34.158861629266042 ] ] ] } },
{ "type": "Feature", "properties": { "h3": "89b2c1c0edbffff" }, "geometry": { "type": "Polygon", "coordinates": [ [ [ -70.733261408130474, -34.143971875202013 ], [ -70.734437234279525, -34.14539933092442 ], [ -70.733532908414574, -34.146787848027131 ], [ -70.731452764749179, -34.146748905575869 ], [ -70.730276974932536, -34.145321461019833 ], [ -70.731181292447545, -34.143932947748887 ], [ -70.733261408130474, -34.143971875202013 ] ] ] } },
{ "type": "Feature", "properties": { "h3": "89b2c1c0b63ffff" }, "geometry": { "type": "Polygon", "coordinates": [ [ [ -70.709385709482049, -34.187074595331843 ], [ -70.710561399504058, -34.188501382605331 ], [ -70.709656936664928, -34.189888532794548 ], [ -70.70757679219868, -34.189848891891906 ], [ -70.706401138564004, -34.188422115788541 ], [ -70.707305593006879, -34.187034969417894 ], [ -70.709385709482049, -34.187074595331843 ] ] ] } },
{ "type": "Feature", "properties": { "h3": "89b2c1c7377ffff" }, "geometry": { "type": "Polygon", "coordinates": [ [ [ -70.639677698437424, -34.174493770676349 ], [ -70.640852326212652, -34.175921085606021 ], [ -70.639947975051896, -34.177307685171883 ], [ -70.637869004636585, -34.177266965971029 ], [ -70.636694413367806, -34.175839662272523 ], [ -70.637598756006568, -34.174453066543904 ], [ -70.639677698437424, -34.174493770676349 ] ] ] } },
{ "type": "Feature", "properties": { "h3": "89b2c1c5047ffff" }, "geometry": { "type": "Polygon", "coordinates": [ [ [ -70.670318065896211, -34.201769247178028 ], [ -70.671493265073209, -34.203195940721123 ], [ -70.670588784352731, -34.204582241562129 ], [ -70.668509112922166, -34.204541845040161 ], [ -70.667333950205787, -34.203115162693472 ], [ -70.668238422458003, -34.201728865672528 ], [ -70.670318065896211, -34.201769247178028 ] ] ] } },
{ "type": "Feature", "properties": { "h3": "89b2c1c144fffff" }, "geometry": { "type": "Polygon", "coordinates": [ [ [ -70.817928755812886, -34.117403123498988 ], [ -70.819105666488795, -34.118830684472393 ], [ -70.81820136361047, -34.120220907270379 ], [ -70.816120158249007, -34.120183565269237 ], [ -70.814943283747766, -34.118756015403228 ], [ -70.815847578431956, -34.117365796431159 ], [ -70.817928755812886, -34.117403123498988 ] ] ] } },
{ "type": "Feature", "properties": { "h3": "89b2c1ce477ffff" }, "geometry": { "type": "Polygon", "coordinates": [ [ [ -70.728922659491573, -34.195871536457986 ], [ -70.730098671973678, -34.197298080689549 ], [ -70.729194158879011, -34.198685253764275 ], [ -70.727113641662257, -34.198645878796476 ], [ -70.725937665535596, -34.197219345716022 ], [ -70.726842170268895, -34.195832176452456 ], [ -70.728922659491573, -34.195871536457986 ] ] ] } },
{ "type": "Feature", "properties": { "h3": "89b2c1c0473ffff" }, "geometry": { "type": "Polygon", "coordinates": [ [ [ -70.74519587143125, -34.10623400995518 ], [ -70.74637168808809, -34.107662089019925 ], [ -70.745467490299831, -34.109051690881877 ], [ -70.743387484179067, -34.109013209834188 ], [ -70.742211703822406, -34.10758514193963 ], [ -70.743115893284966, -34.106195543922773 ], [ -70.74519587143125, -34.10623400995518 ] ] ] } },
{ "type": "Feature", "properties": { "h3": "89b2c1c10d7ffff" }, "geometry": { "type": "Polygon", "coordinates": [ [ [ -70.812502911118145, -34.125743900718319 ], [ -70.813679784202947, -34.127171336141842 ], [ -70.812775455321201, -34.128561284889152 ], [ -70.81069426155787, -34.128523794389586 ], [ -70.80951742465983, -34.12709637007486 ], [ -70.810421745336996, -34.125706425151108 ], [ -70.812502911118145, -34.125743900718319 ] ] ] } },
{ "type": "Feature", "properties": { "h3": "89b2c1c1d3bffff" }, "geometry": { "type": "Polygon", "coordinates": [ [ [ -70.744659686493137, -34.165264041418837 ], [ -70.745835777968708, -34.166691065903933 ], [ -70.74493136341934, -34.168079194773199 ], [ -70.742850865723696, -34.168040295336866 ], [ -70.741674810566678, -34.166613282001229 ], [ -70.742579216785415, -34.165225156952665 ], [ -70.744659686493137, -34.165264041418837 ] ] ] } },
{ "type": "Feature", "properties": { "h3": "89b2c1c55bbffff" }, "geometry": { "type": "Polygon", "coordinates": [ [ [ -70.634521778965777, -34.18562632293871 ], [ -70.635696385795569, -34.187053460721685 ], [ -70.63479199854531, -34.188439719474452 ], [ -70.632713012996049, -34.188398836610865 ], [ -70.631538442685098, -34.18697171005919 ], [ -70.632442821403231, -34.185585455140007 ], [ -70.634521778965777, -34.18562632293871 ] ] ] } },
{ "type": "Feature", "properties": { "h3": "89b2c1c19c3ffff" }, "geometry": { "type": "Polygon", "coordinates": [ [ [ -70.754973535993912, -34.175291348919266 ], [ -70.75614982328058, -34.17671814848849 ], [ -70.755245362551094, -34.178106155549195 ], [ -70.753164622846199, -34.178067359226333 ], [ -70.751988371862836, -34.176640570794611 ], [ -70.752892824279726, -34.175252567548441 ], [ -70.754973535993912, -34.175291348919266 ] ] ] } },
{ "type": "Feature", "properties": { "h3": "89b2c1c164bffff" }, "geometry": { "type": "Polygon", "coordinates": [ [ [ -70.843724217472783, -34.126301885226177 ], [ -70.844901539046475, -34.127729173160482 ], [ -70.843997181420946, -34.129119493126893 ], [ -70.841915510368125, -34.129082521342177 ], [ -70.840738224925929, -34.127655244491265 ], [ -70.841642574403693, -34.126264928341882 ], [ -70.843724217472783, -34.126301885226177 ] ] ] } },
{ "type": "Feature", "properties": { "h3": "89b2c1c7357ffff" }, "geometry": { "type": "Polygon", "coordinates": [ [ [ -70.645374018332802, -34.168987402354873 ], [ -70.646548701745743, -34.17041479129805 ], [ -70.645644365435942, -34.171801598408699 ], [ -70.643565354223142, -34.17176101273791 ], [ -70.642390707304997, -34.170333635023248 ], [ -70.64329503510352, -34.168946831751057 ], [ -70.645374018332802, -34.168987402354873 ] ] ] } },
{ "type": "Feature", "properties": { "h3": "89b2c1c0b43ffff" }, "geometry": { "type": "Polygon", "coordinates": [ [ [ -70.715083649467772, -34.18156494619717 ], [ -70.716259394874655, -34.182991807455174 ], [ -70.715354947113866, -34.184379165191871 ], [ -70.713274762330386, -34.184339657851027 ], [ -70.712099053299156, -34.182912807760538 ], [ -70.713003492674417, -34.18152545384357 ], [ -70.715083649467772, -34.18156494619717 ] ] ] } },
{ "type": "Feature", "properties": { "h3": "89b2c1c066fffff" }, "geometry": { "type": "Polygon", "coordinates": [ [ [ -70.768533176242713, -34.12213246886423 ], [ -70.769709403189324, -34.123560161678228 ], [ -70.7688051260739, -34.124949657228463 ], [ -70.766724630294902, -34.12491145613108 ], [ -70.765548439611891, -34.123483774462741 ], [ -70.766452708442955, -34.122094282746325 ], [ -70.768533176242713, -34.12213246886423 ] ] ] } },
{ "type": "Feature", "properties": { "h3": "89b2c1c12d3ffff" }, "geometry": { "type": "Polygon", "coordinates": [ [ [ -70.838298043991614, -34.134643245456061 ], [ -70.839475328072325, -34.136070407807196 ], [ -70.838570944361337, -34.137460453709608 ], [ -70.836489284726454, -34.137423333446399 ], [ -70.835312036789304, -34.135996182180044 ], [ -70.836216412342111, -34.134606140092323 ], [ -70.838298043991614, -34.134643245456061 ] ] ] } },
{ "type": "Feature", "properties": { "h3": "89b2c1c1847ffff" }, "geometry": { "type": "Polygon", "coordinates": [ [ [ -70.776686882219721, -34.17428894056588 ], [ -70.777863475616684, -34.175715662953486 ], [ -70.776958999298856, -34.177103963233783 ], [ -70.774877937855706, -34.177065537316032 ], [ -70.773701380723296, -34.175638826048718 ], [ -70.774605848768132, -34.174250529579091 ], [ -70.776686882219721, -34.17428894056588 ] ] ] } },
{ "type": "Feature", "properties": { "h3": "89b2c1c086bffff" }, "geometry": { "type": "Polygon", "coordinates": [ [ [ -70.710742859416044, -34.168840346834159 ], [ -70.71191848159151, -34.170267455103023 ], [ -70.711014084685843, -34.171655075540166 ], [ -70.708934073995934, -34.171615583882762 ], [ -70.707758488200042, -34.170188486789506 ], [ -70.70866287671312, -34.168800870178245 ], [ -70.710742859416044, -34.168840346834159 ] ] ] } },
{ "type": "Feature", "properties": { "h3": "89b2c1cac77ffff" }, "geometry": { "type": "Polygon", "coordinates": [ [ [ -70.835327489564961, -34.168329977752975 ], [ -70.836504892643518, -34.169756548865919 ], [ -70.835600387466769, -34.171145721059936 ], [ -70.83351848737594, -34.171108318339769 ], [ -70.832341120456149, -34.169681758301927 ], [ -70.833245617467057, -34.16829258990937 ], [ -70.835327489564961, -34.168329977752975 ] ] ] } },
{ "type": "Feature", "properties": { "h3": "89b2c1c50c7ffff" }, "geometry": { "type": "Polygon", "coordinates": [ [ [ -70.666521951135948, -34.194675714924458 ], [ -70.6676970617536, -34.196102552135478 ], [ -70.666792610751799, -34.197488982441556 ], [ -70.664713057605681, -34.197448571713089 ], [ -70.663537983453239, -34.196021745704122 ], [ -70.664442425980369, -34.19463531922176 ], [ -70.666521951135948, -34.194675714924458 ] ] ] } },
{ "type": "Feature", "properties": { "h3": "89b2c1c14cfffff" }, "geometry": { "type": "Polygon", "coordinates": [ [ [ -70.814125616789084, -34.110302199154383 ], [ -70.815302439146805, -34.1117299039907 ], [ -70.814398165659512, -34.113120256152229 ], [ -70.812317078013749, -34.113082899648028 ], [ -70.811140291835343, -34.111655205924734 ], [ -70.81204455712205, -34.110264857592803 ], [ -70.814125616789084, -34.110302199154383 ] ] ] } },
{ "type": "Feature", "properties": { "h3": "89b2c1c1157ffff" }, "geometry": { "type": "Polygon", "coordinates": [ [ [ -70.795407422211568, -34.142307100648438 ], [ -70.79658413023347, -34.143734314379522 ], [ -70.795679755243526, -34.145123640723121 ], [ -70.793598680467127, -34.145085749515694 ], [ -70.792422008667145, -34.143658546901278 ], [ -70.793326375420307, -34.142269224377834 ], [ -70.795407422211568, -34.142307100648438 ] ] ] } },
{ "type": "Feature", "properties": { "h3": "89b2c1c017bffff" }, "geometry": { "type": "Polygon", "coordinates": [ [ [ -70.729462630410154, -34.136873078077876 ], [ -70.730638368117994, -34.138300677448214 ], [ -70.729734071826911, -34.139689323934249 ], [ -70.727654046183048, -34.139650367214685 ], [ -70.726478344812264, -34.138222779016331 ], [ -70.727382632746966, -34.136834136365756 ], [ -70.729462630410154, -34.136873078077876 ] ] ] } },
{ "type": "Feature", "properties": { "h3": "89b2c1ca587ffff" }, "geometry": { "type": "Polygon", "coordinates": [ [ [ -70.846983243777245, -34.127766085604961 ], [ -70.848160618865336, -34.129193332912024 ], [ -70.84725625309791, -34.130583656694192 ], [ -70.84517452038294, -34.130546729353725 ], [ -70.843997181420946, -34.129119493126893 ], [ -70.844901539046475, -34.127729173160482 ], [ -70.846983243777245, -34.127766085604961 ] ] ] } },
{ "type": "Feature", "properties": { "h3": "89b2c1c0ebbffff" }, "geometry": { "type": "Polygon", "coordinates": [ [ [ -70.718068259937894, -34.147902824160354 ], [ -70.719243886999493, -34.14933027563589 ], [ -70.718339560487294, -34.150718507133298 ], [ -70.716259615289985, -34.150679283322219 ], [ -70.715084024588805, -34.149251843023926 ], [ -70.715988342723179, -34.147863615359633 ], [ -70.718068259937894, -34.147902824160354 ] ] ] } },
{ "type": "Feature", "properties": { "h3": "89b2c1c1dbbffff" }, "geometry": { "type": "Polygon", "coordinates": [ [ [ -70.740859936163872, -34.15816735708205 ], [ -70.742035939196796, -34.15959452536179 ], [ -70.741131554202681, -34.16098278365611 ], [ -70.739051174511403, -34.160943869846463 ], [ -70.73787520780165, -34.159516712721818 ], [ -70.738779584458669, -34.158128458251895 ], [ -70.740859936163872, -34.15816735708205 ] ] ] } },
{ "type": "Feature", "properties": { "h3": "89b2c1c563bffff" }, "geometry": { "type": "Polygon", "coordinates": [ [ [ -70.681983983741191, -34.193570848500755 ], [ -70.683159311335615, -34.194997638442267 ], [ -70.682254849917229, -34.196384287779949 ], [ -70.680175069349573, -34.196344143355127 ], [ -70.678999778192775, -34.194917364603562 ], [ -70.67990423116467, -34.193530719087065 ], [ -70.681983983741191, -34.193570848500755 ] ] ] } },
{ "type": "Feature", "properties": { "h3": "89b2c1c1e97ffff" }, "geometry": { "type": "Polygon", "coordinates": [ [ [ -70.784010321208598, -34.153344416593924 ], [ -70.785186919070057, -34.15477148249407 ], [ -70.784282513430213, -34.156160393861839 ], [ -70.782201518185872, -34.156122235511774 ], [ -70.781024956569809, -34.154695180733569 ], [ -70.781929353951369, -34.153306273183659 ], [ -70.784010321208598, -34.153344416593924 ] ] ] } },
{ "type": "Feature", "properties": { "h3": "89b2c1c0a67ffff" }, "geometry": { "type": "Polygon", "coordinates": [ [ [ -70.727293805121292, -34.178986747992816 ], [ -70.728469713348389, -34.180413602246546 ], [ -70.727565263951547, -34.181801175161134 ], [ -70.72548491468946, -34.18176189000377 ], [ -70.724309042815676, -34.180335046908617 ], [ -70.725213483849345, -34.17894747781245 ], [ -70.727293805121292, -34.178986747992816 ] ] ] } },
{ "type": "Feature", "properties": { "h3": "89b2c1c727bffff" }, "geometry": { "type": "Polygon", "coordinates": [ [ [ -70.666799339399347, -34.165189559744292 ], [ -70.667974312839661, -34.166616924097426 ], [ -70.667069970228127, -34.16800409117014 ], [ -70.664990662647071, -34.167963890054018 ], [ -70.663815725662744, -34.166536536913419 ], [ -70.664720059802136, -34.165149373676606 ], [ -70.666799339399347, -34.165189559744292 ] ] ] } },
{ "type": "Feature", "properties": { "h3": "89b2c1c52c3ffff" }, "geometry": { "type": "Polygon", "coordinates": [ [ [ -70.692291770360953, -34.203597760071197 ], [ -70.693467294086545, -34.20502432534839 ], [ -70.692562786119069, -34.206410852849174 ], [ -70.690482762853165, -34.206370811257898 ], [ -70.689307275550007, -34.204944257158658 ], [ -70.690211775088983, -34.203557733472955 ], [ -70.692291770360953, -34.203597760071197 ] ] ] } },
{ "type": "Feature", "properties": { "h3": "89b2c1c1353ffff" }, "geometry": { "type": "Polygon", "coordinates": [ [ [ -70.821200497178594, -34.151208721817923 ], [ -70.822377616473062, -34.152635662498845 ], [ -70.821473186399672, -34.154025085980734 ], [ -70.819391645220875, -34.153987564970585 ], [ -70.818214562105226, -34.152560635382322 ], [ -70.81911898398819, -34.151171215711742 ], [ -70.821200497178594, -34.151208721817923 ] ] ] } },
{ "type": "Feature", "properties": { "h3": "89b2c1c0257ffff" }, "geometry": { "type": "Polygon", "coordinates": [ [ [ -70.772605938770397, -34.132049403957964 ], [ -70.773782271475682, -34.13347690140133 ], [ -70.772877954265752, -34.134866200977619 ], [ -70.770797312626812, -34.134827999281832 ], [ -70.769621016180864, -34.133400512977254 ], [ -70.770525325113169, -34.132011217229895 ], [ -70.772605938770397, -34.132049403957964 ] ] ] } },
{ "type": "Feature", "properties": { "h3": "89b2c1c0377ffff" }, "geometry": { "type": "Polygon", "coordinates": [ [ [ -70.746014443054534, -34.147020777766237 ], [ -70.747190466594645, -34.148448123262376 ], [ -70.74628611799865, -34.149836722294282 ], [ -70.744205754188158, -34.149797972002261 ], [ -70.743029766958813, -34.148370637661053 ], [ -70.74393410722783, -34.14698204245714 ], [ -70.746014443054534, -34.147020777766237 ] ] ] } },
{ "type": "Feature", "properties": { "h3": "89b2c1c0c63ffff" }, "geometry": { "type": "Polygon", "coordinates": [ [ [ -70.705589237930951, -34.147667053793121 ], [ -70.706764684783764, -34.149094563733527 ], [ -70.705860370586535, -34.150482646672074 ], [ -70.703780617935635, -34.150443215834763 ], [ -70.702605207465183, -34.149015717081788 ], [ -70.703509513261935, -34.147627637978886 ], [ -70.705589237930951, -34.147667053793121 ] ] ] } },
{ "type": "Feature", "properties": { "h3": "89b2c1c1233ffff" }, "geometry": { "type": "Polygon", "coordinates": [ [ [ -70.826899701757782, -34.145687859834794 ], [ -70.828076876004744, -34.147114874412964 ], [ -70.827172461367695, -34.148504505376422 ], [ -70.825090880662032, -34.148467117949458 ], [ -70.823913742582135, -34.147040114461326 ], [ -70.824818149039501, -34.145650487310313 ], [ -70.826899701757782, -34.145687859834794 ] ] ] } },
{ "type": "Feature", "properties": { "h3": "89b2c1c18c7ffff" }, "geometry": { "type": "Polygon", "coordinates": [ [ [ -70.772885185925475, -34.167193292761773 ], [ -70.774061690912546, -34.168620159115576 ], [ -70.773157244085425, -34.170008588847494 ], [ -70.771076300549325, -34.169970148411473 ], [ -70.769899831831466, -34.168543293183625 ], [ -70.770804270379131, -34.167154867266035 ], [ -70.772885185925475, -34.167193292761773 ] ] ] } },
{ "type": "Feature", "properties": { "h3": "89b2c1c5147ffff" }, "geometry": { "type": "Polygon", "coordinates": [ [ [ -70.649429931914511, -34.211187931418728 ], [ -70.650604875748328, -34.21261454654649 ], [ -70.649700380032172, -34.214000354114255 ], [ -70.647620948987679, -34.213959542734322 ], [ -70.646446041654059, -34.21253293881643 ], [ -70.647350528863385, -34.211147135068806 ], [ -70.649429931914511, -34.211187931418728 ] ] ] } },
{ "type": "Feature", "properties": { "h3": "89b2c1c154fffff" }, "geometry": { "type": "Polygon", "coordinates": [ [ [ -70.797031110816263, -34.126870642346169 ], [ -70.798207768149965, -34.12829812552723 ], [ -70.797303448544483, -34.129687855343676 ], [ -70.795222479836752, -34.129650098153057 ], [ -70.794045858717567, -34.128222626092899 ], [ -70.794950170090246, -34.126832900102642 ], [ -70.797031110816263, -34.126870642346169 ] ] ] } },
{ "type": "Feature", "properties": { "h3": "89b2c1ce577ffff" }, "geometry": { "type": "Polygon", "coordinates": [ [ [ -70.708028371298127, -34.205303476314306 ], [ -70.709204129172917, -34.20672994244763 ], [ -70.708299600391712, -34.208116622310442 ], [ -70.706219322134359, -34.208076832228784 ], [ -70.705043600654719, -34.206650377260047 ], [ -70.705948121035917, -34.205263701208558 ], [ -70.708028371298127, -34.205303476314306 ] ] ] } },
{ "type": "Feature", "properties": { "h3": "89b2c1c0573ffff" }, "geometry": { "type": "Polygon", "coordinates": [ [ [ -70.72430736542357, -34.115689210399374 ], [ -70.725482927860043, -34.117117211232092 ], [ -70.724578714204668, -34.118506320065386 ], [ -70.722498946475753, -34.118467424220867 ], [ -70.721323420379122, -34.117039434571915 ], [ -70.722227625670214, -34.1156503295839 ], [ -70.72430736542357, -34.115689210399374 ] ] ] } },
{ "type": "Feature", "properties": { "h3": "89b2c1c11d7ffff" }, "geometry": { "type": "Polygon", "coordinates": [ [ [ -70.791605166000537, -34.135208461632608 ], [ -70.792781785658576, -34.136635819253968 ], [ -70.791877440112629, -34.138025274998384 ], [ -70.789796483150525, -34.137987369297797 ], [ -70.788619899719066, -34.136560022798747 ], [ -70.789524237021766, -34.135170570878181 ], [ -70.791605166000537, -34.135208461632608 ] ] ] } },
{ "type": "Feature", "properties": { "h3": "89b2c1c1e3bffff" }, "geometry": { "type": "Polygon", "coordinates": [ [ [ -70.788356939228393, -34.166072633716091 ], [ -70.789533660242697, -34.167499452271777 ], [ -70.788629203926106, -34.168888100953822 ], [ -70.786548034845083, -34.168849927268639 ], [ -70.785371350072225, -34.167423119826829 ], [ -70.786275798137581, -34.166034474956518 ], [ -70.788356939228393, -34.166072633716091 ] ] ] } },
{ "type": "Feature", "properties": { "h3": "89b2c1c56bbffff" }, "geometry": { "type": "Polygon", "coordinates": [ [ [ -70.67818733597332, -34.186476582143932 ], [ -70.679362575028406, -34.187903515761612 ], [ -70.678458143302493, -34.189290294553764 ], [ -70.676378480973014, -34.189250135903592 ], [ -70.675203278360129, -34.187823213481508 ], [ -70.676107701633143, -34.186436438514207 ], [ -70.67818733597332, -34.186476582143932 ] ] ] } },
{ "type": "Feature", "properties": { "h3": "89b2c1ce5d3ffff" }, "geometry": { "type": "Polygon", "coordinates": [ [ [ -70.712912850676716, -34.191354865015107 ], [ -70.714088611826767, -34.192781560145974 ], [ -70.7131841299786, -34.194168647511901 ], [ -70.71110389536922, -34.194129035931013 ], [ -70.709928170601557, -34.192702351965863 ], [ -70.71083264405955, -34.191315268416055 ], [ -70.712912850676716, -34.191354865015107 ] ] ] } },
{ "type": "Feature", "properties": { "h3": "89b2c1c1ac3ffff" }, "geometry": { "type": "Polygon", "coordinates": [ [ [ -70.798675866014733, -34.176097772769452 ], [ -70.799852782648813, -34.177524366062393 ], [ -70.798948280401987, -34.17891289290214 ], [ -70.796866869752847, -34.178874822643557 ], [ -70.795689989344893, -34.177448240452492 ], [ -70.796594483358589, -34.176059717418362 ], [ -70.798675866014733, -34.176097772769452 ] ] ] } },
{ "type": "Feature", "properties": { "h3": "89b2c1c15abffff" }, "geometry": { "type": "Polygon", "coordinates": [ [ [ -70.781016653873081, -34.122360860376361 ], [ -70.782193060568801, -34.123788494497909 ], [ -70.781288771582069, -34.125178138572835 ], [ -70.779208084159947, -34.125140144695159 ], [ -70.778031713705758, -34.123712521709081 ], [ -70.778935994430839, -34.122322881465401 ], [ -70.781016653873081, -34.122360860376361 ] ] ] } },
{ "type": "Feature", "properties": { "h3": "89b2c1c13d3ffff" }, "geometry": { "type": "Polygon", "coordinates": [ [ [ -70.817396650924422, -34.144111077483664 ], [ -70.818573681880451, -34.145538162200758 ], [ -70.817669281199343, -34.146927715107815 ], [ -70.815587857757734, -34.146890179482995 ], [ -70.814410862985198, -34.145463105864174 ], [ -70.815315255469415, -34.144073556772113 ], [ -70.817396650924422, -34.144111077483664 ] ] ] } },
{ "type": "Feature", "properties": { "h3": "89b2c1ca803ffff" }, "geometry": { "type": "Polygon", "coordinates": [ [ [ -70.836692046998721, -34.182407510278011 ], [ -70.837869537045506, -34.18383382254882 ], [ -70.836964978864103, -34.185222661548487 ], [ -70.834882938798842, -34.185185184482123 ], [ -70.833705484912528, -34.183758883280248 ], [ -70.834610034929668, -34.182370048075995 ], [ -70.836692046998721, -34.182407510278011 ] ] ] } },
{ "type": "Feature", "properties": { "h3": "89b2c1c105bffff" }, "geometry": { "type": "Polygon", "coordinates": [ [ [ -70.822550239273241, -34.132955519534107 ], [ -70.823727290421417, -34.13438278153864 ], [ -70.822822926361994, -34.135772675141062 ], [ -70.820741519339805, -34.135735302920629 ], [ -70.819564504362688, -34.134308052014234 ], [ -70.820468860235337, -34.132918162230332 ], [ -70.822550239273241, -34.132955519534107 ] ] ] } },
{ "type": "Feature", "properties": { "h3": "89b2c1ce083ffff" }, "geometry": { "type": "Polygon", "coordinates": [ [ [ -70.726480593847157, -34.202846498781192 ], [ -70.727656604728367, -34.204272928488379 ], [ -70.726752068142446, -34.205659897809689 ], [ -70.724671529040265, -34.205620433615238 ], [ -70.723495554520881, -34.204194015058619 ], [ -70.72440008274053, -34.20280704954606 ], [ -70.726480593847157, -34.202846498781192 ] ] ] } },
{ "type": "Feature", "properties": { "h3": "89b2c1c1947ffff" }, "geometry": { "type": "Polygon", "coordinates": [ [ [ -70.755789035967936, -34.183735413848083 ], [ -70.756965375393634, -34.185162058353065 ], [ -70.756060882828081, -34.186549865504446 ], [ -70.753980059147182, -34.186511024340135 ], [ -70.752803756025827, -34.185084390968953 ], [ -70.753708240279678, -34.183696587628482 ], [ -70.755789035967936, -34.183735413848083 ] ] ] } },
{ "type": "Feature", "properties": { "h3": "89b2c1c096bffff" }, "geometry": { "type": "Polygon", "coordinates": [ [ [ -70.689852932216013, -34.178274602290415 ], [ -70.69102829961561, -34.179701632289429 ], [ -70.690123887241398, -34.18108875954858 ], [ -70.688044115897412, -34.181048852982904 ], [ -70.686868784917024, -34.179621834173005 ], [ -70.687773188860092, -34.178234710739879 ], [ -70.689852932216013, -34.178274602290415 ] ] ] } },
{ "type": "Feature", "properties": { "h3": "89b2c1cad77ffff" }, "geometry": { "type": "Polygon", "coordinates": [ [ [ -70.814423563653961, -34.177789715945281 ], [ -70.815600713501453, -34.179216209492076 ], [ -70.814696191385067, -34.18060488862313 ], [ -70.812614527624362, -34.180567070405829 ], [ -70.811437413975526, -34.179140587947593 ], [ -70.812341927887374, -34.177751912618298 ], [ -70.814423563653961, -34.177789715945281 ] ] ] } },
{ "type": "Feature", "properties": { "h3": "89b2c1cad53ffff" }, "geometry": { "type": "Polygon", "coordinates": [ [ [ -70.823109464258508, -34.170920785553612 ], [ -70.824286705276904, -34.172347364104922 ], [ -70.82338220099264, -34.17373632118931 ], [ -70.821300463876923, -34.173698695919725 ], [ -70.820123259039761, -34.172272128452455 ], [ -70.821027755135745, -34.170883175170893 ], [ -70.823109464258508, -34.170920785553612 ] ] ] } },
{ "type": "Feature", "properties": { "h3": "89b2c1c0947ffff" }, "geometry": { "type": "Polygon", "coordinates": [ [ [ -70.689311042405734, -34.172645933048251 ], [ -70.690486375071131, -34.174073066270566 ], [ -70.689581983937543, -34.175460326788198 ], [ -70.687502268569006, -34.175420450255253 ], [ -70.686326972322092, -34.17399332822454 ], [ -70.687231355023911, -34.172606071535363 ], [ -70.689311042405734, -34.172645933048251 ] ] ] } },
{ "type": "Feature", "properties": { "h3": "89b2c1c15cfffff" }, "geometry": { "type": "Polygon", "coordinates": [ [ [ -70.793229001945136, -34.119770522242881 ], [ -70.794405570928078, -34.121198149247626 ], [ -70.793501280759514, -34.122588008437752 ], [ -70.7914204298459, -34.122550236793465 ], [ -70.790243897082121, -34.121122620915244 ], [ -70.791148179011429, -34.119732765555 ], [ -70.793229001945136, -34.119770522242881 ] ] ] } },
{ "type": "Feature", "properties": { "h3": "89b2c1c1923ffff" }, "geometry": { "type": "Polygon", "coordinates": [ [ [ -70.743576420872856, -34.186316300113575 ], [ -70.744752597668366, -34.187742951759333 ], [ -70.743848106542927, -34.189130543747517 ], [ -70.741767446954725, -34.189091480277888 ], [ -70.740591306485925, -34.187664839774854 ], [ -70.74149578927728, -34.186277251598909 ], [ -70.743576420872856, -34.186316300113575 ] ] ] } },
{ "type": "Feature", "properties": { "h3": "89b2c1c551bffff" }, "geometry": { "type": "Polygon", "coordinates": [ [ [ -70.644012659248318, -34.187216548400947 ], [ -70.645187410320545, -34.188643616715218 ], [ -70.644283008136156, -34.190029953596373 ], [ -70.642203863393192, -34.189989218332322 ], [ -70.641029148823563, -34.18856216124108 ], [ -70.64193354249295, -34.187175828191045 ], [ -70.644012659248318, -34.187216548400947 ] ] ] } },
{ "type": "Feature", "properties": { "h3": "89b2c1c320fffff" }, "geometry": { "type": "Polygon", "coordinates": [ [ [ -70.806520310366636, -34.096098236625991 ], [ -70.807696956089174, -34.09752622904108 ], [ -70.806792741402688, -34.098916839887629 ], [ -70.804711889205777, -34.098879454482251 ], [ -70.803535279671848, -34.097451473191335 ], [ -70.804439486144872, -34.096060866181823 ], [ -70.806520310366636, -34.096098236625991 ] ] ] } },
{ "type": "Feature", "properties": { "h3": "89b2c1c1257ffff" }, "geometry": { "type": "Polygon", "coordinates": [ [ [ -70.839116765474913, -34.143094515232683 ], [ -70.840294101722492, -34.144521522429173 ], [ -70.839389686219235, -34.145911368489486 ], [ -70.837307942624292, -34.145874203542469 ], [ -70.836130642521297, -34.144447207427099 ], [ -70.837035049867296, -34.143057365177832 ], [ -70.839116765474913, -34.143094515232683 ] ] ] } },
{ "type": "Feature", "properties": { "h3": "89b2c1c027bffff" }, "geometry": { "type": "Polygon", "coordinates": [ [ [ -70.773149976531684, -34.137682879751601 ], [ -70.774326343990026, -34.139110273911371 ], [ -70.773422005568406, -34.140499440273537 ], [ -70.771341307964079, -34.140461208649633 ], [ -70.770164976765741, -34.139033825626207 ], [ -70.771069306910377, -34.137644663090533 ], [ -70.773149976531684, -34.137682879751601 ] ] ] } },
{ "type": "Feature", "properties": { "h3": "89b2c1c1ebbffff" }, "geometry": { "type": "Polygon", "coordinates": [ [ [ -70.784554712427138, -34.158976252825411 ], [ -70.785731345051815, -34.160403215355416 ], [ -70.784826918199627, -34.161791993478339 ], [ -70.782745866979084, -34.161753805256033 ], [ -70.781569270600514, -34.160326853845518 ], [ -70.782473689195044, -34.158938079538011 ], [ -70.784554712427138, -34.158976252825411 ] ] ] } },
{ "type": "Feature", "properties": { "h3": "89b2c1c0b67ffff" }, "geometry": { "type": "Polygon", "coordinates": [ [ [ -70.706401138564004, -34.188422115788541 ], [ -70.70757679219868, -34.189848891891906 ], [ -70.706672327136658, -34.19123597162433 ], [ -70.704592216840439, -34.19119627143499 ], [ -70.70341659959881, -34.189769506503666 ], [ -70.704321056258991, -34.188382430589847 ], [ -70.706401138564004, -34.188422115788541 ] ] ] } },
{ "type": "Feature", "properties": { "h3": "89b2c1c737bffff" }, "geometry": { "type": "Polygon", "coordinates": [ [ [ -70.64591471927173, -34.174615676282784 ], [ -70.647089437401604, -34.176042962107594 ], [ -70.64618507984035, -34.177429635970839 ], [ -70.644106012658511, -34.17738902017345 ], [ -70.64293133102413, -34.17596174557471 ], [ -70.643835680074716, -34.174575075547473 ], [ -70.64591471927173, -34.174615676282784 ] ] ] } },
{ "type": "Feature", "properties": { "h3": "89b2c1c53c3ffff" }, "geometry": { "type": "Polygon", "coordinates": [ [ [ -70.671400980176855, -34.213020515020759 ], [ -70.67257624882653, -34.214447002011866 ], [ -70.6716717256039, -34.215833036254786 ], [ -70.669591942197329, -34.215792579691644 ], [ -70.668416710009723, -34.214366103891976 ], [ -70.66932122476527, -34.212980073464202 ], [ -70.671400980176855, -34.213020515020759 ] ] ] } },
{ "type": "Feature", "properties": { "h3": "89b2c1c504bffff" }, "geometry": { "type": "Polygon", "coordinates": [ [ [ -70.67655718937651, -34.201890184647183 ], [ -70.677732478825988, -34.203316848943402 ], [ -70.676827991810825, -34.204703224067956 ], [ -70.674748223801799, -34.204662931077692 ], [ -70.673572970801956, -34.203236277972792 ], [ -70.674477449360182, -34.201849906667022 ], [ -70.67655718937651, -34.201890184647183 ] ] ] } },
{ "type": "Feature", "properties": { "h3": "89b2c1c1453ffff" }, "geometry": { "type": "Polygon", "coordinates": [ [ [ -70.817383560568658, -34.111767201184591 ], [ -70.818560436481064, -34.113194865478405 ], [ -70.817656154799025, -34.114585221468268 ], [ -70.81557500539796, -34.114547909336174 ], [ -70.814398165659512, -34.113120256152229 ], [ -70.815302439146805, -34.1117299039907 ], [ -70.817383560568658, -34.111767201184591 ] ] ] } },
{ "type": "Feature", "properties": { "h3": "89b2c1c1c9bffff" }, "geometry": { "type": "Polygon", "coordinates": [ [ [ -70.767451960469174, -34.143201039144529 ], [ -70.768628272778329, -34.144628359383745 ], [ -70.767723919095587, -34.146017318263127 ], [ -70.765643261390068, -34.145978953078192 ], [ -70.764466985352655, -34.144551643977969 ], [ -70.765371330747669, -34.143162688923894 ], [ -70.767451960469174, -34.143201039144529 ] ] ] } },
{ "type": "Feature", "properties": { "h3": "89b2c1ca883ffff" }, "geometry": { "type": "Polygon", "coordinates": [ [ [ -70.832886845863641, -34.175312963501028 ], [ -70.834064247568691, -34.176739420017604 ], [ -70.833159718754672, -34.178128388502998 ], [ -70.831077796404998, -34.178090896672906 ], [ -70.829900430865081, -34.176664451230884 ], [ -70.830804951508341, -34.175275486544578 ], [ -70.832886845863641, -34.175312963501028 ] ] ] } },
{ "type": "Feature", "properties": { "h3": "89b2c1ce47bffff" }, "geometry": { "type": "Polygon", "coordinates": [ [ [ -70.735164319513189, -34.195989409173031 ], [ -70.736340422067286, -34.197415924012894 ], [ -70.735435902883552, -34.198803171353418 ], [ -70.733355289494412, -34.198763900044412 ], [ -70.73217922328476, -34.197337396350591 ], [ -70.733083734118466, -34.19595015281994 ], [ -70.735164319513189, -34.195989409173031 ] ] ] } },
{ "type": "Feature", "properties": { "h3": "89b2c1c0477ffff" }, "geometry": { "type": "Polygon", "coordinates": [ [ [ -70.742211703822406, -34.10758514193963 ], [ -70.743387484179067, -34.109013209834188 ], [ -70.742483284109056, -34.110402741265787 ], [ -70.740403312012262, -34.110364200957896 ], [ -70.739227567961436, -34.108936144235493 ], [ -70.740131759700233, -34.10754661664901 ], [ -70.742211703822406, -34.10758514193963 ] ] ] } },
{ "type": "Feature", "properties": { "h3": "89b2c1c10dbffff" }, "geometry": { "type": "Polygon", "coordinates": [ [ [ -70.81874659955777, -34.125856120009644 ], [ -70.819923562382286, -34.127283525969382 ], [ -70.819019227707969, -34.128673548964791 ], [ -70.816937938400997, -34.12863616217841 ], [ -70.815761011752201, -34.127208767322394 ], [ -70.816665338233307, -34.125818748149236 ], [ -70.81874659955777, -34.125856120009644 ] ] ] } },
{ "type": "Feature", "properties": { "h3": "89b2c1c005bffff" }, "geometry": { "type": "Polygon", "coordinates": [ [ [ -70.756050848894787, -34.121902834259856 ], [ -70.757226896008731, -34.123330585698106 ], [ -70.756322630852111, -34.124719932715294 ], [ -70.754242326887251, -34.124681524457998 ], [ -70.75306631605892, -34.12325378417556 ], [ -70.7539705729085, -34.121864440994798 ], [ -70.756050848894787, -34.121902834259856 ] ] ] } },
{ "type": "Feature", "properties": { "h3": "89b2c1c0d63ffff" }, "geometry": { "type": "Polygon", "coordinates": [ [ [ -70.68470169642265, -34.157104973040326 ], [ -70.685876888479882, -34.158532404628154 ], [ -70.684972558877547, -34.159919994423589 ], [ -70.682893045655703, -34.159880148795601 ], [ -70.681717890020451, -34.158452728408733 ], [ -70.682622211183727, -34.157065142449099 ], [ -70.68470169642265, -34.157104973040326 ] ] ] } },
{ "type": "Feature", "properties": { "h3": "89b2c1ca193ffff" }, "geometry": { "type": "Polygon", "coordinates": [ [ [ -70.851607726669428, -34.143316688906047 ], [ -70.852785242221273, -34.144743636939481 ], [ -70.851880815339982, -34.146133631471102 ], [ -70.849798881040016, -34.146096674161058 ], [ -70.848621401610643, -34.144669737198583 ], [ -70.849525820357414, -34.1432797464754 ], [ -70.851607726669428, -34.143316688906047 ] ] ] } },
{ "type": "Feature", "properties": { "h3": "89b2c1c1037ffff" }, "geometry": { "type": "Polygon", "coordinates": [ [ [ -70.801105940306087, -34.136786997440431 ], [ -70.802282703372654, -34.138214285076202 ], [ -70.801378343734356, -34.139603818895729 ], [ -70.799297229254151, -34.139566061258428 ], [ -70.798120502397765, -34.138138784736718 ], [ -70.799024853810039, -34.136749254738454 ], [ -70.801105940306087, -34.136786997440431 ] ] ] } },
{ "type": "Feature", "properties": { "h3": "89b2c1c19c7ffff" }, "geometry": { "type": "Polygon", "coordinates": [ [ [ -70.751988371862836, -34.176640570794611 ], [ -70.753164622846199, -34.178067359226333 ], [ -70.752260159817197, -34.17945529583919 ], [ -70.750179454121607, -34.179416440205948 ], [ -70.749003239447205, -34.17798966291366 ], [ -70.749907694158082, -34.176601730115379 ], [ -70.751988371862836, -34.176640570794611 ] ] ] } },
{ "type": "Feature", "properties": { "h3": "89b2c1c164fffff" }, "geometry": { "type": "Polygon", "coordinates": [ [ [ -70.840738224925929, -34.127655244491265 ], [ -70.841915510368125, -34.129082521342177 ], [ -70.841011150294278, -34.130472770886115 ], [ -70.838929512930122, -34.130435739762277 ], [ -70.837752263625077, -34.129008473996713 ], [ -70.838656615545673, -34.127618228269824 ], [ -70.840738224925929, -34.127655244491265 ] ] ] } },
{ "type": "Feature", "properties": { "h3": "89b2c1c0673ffff" }, "geometry": { "type": "Polygon", "coordinates": [ [ [ -70.767989296885631, -34.116497737502002 ], [ -70.769165489085225, -34.117925533544252 ], [ -70.768261233180041, -34.119315162286618 ], [ -70.766180793358899, -34.119276991150649 ], [ -70.765004637422209, -34.117849206256508 ], [ -70.765908885042421, -34.116459581350426 ], [ -70.767989296885631, -34.116497737502002 ] ] ] } },
{ "type": "Feature", "properties": { "h3": "89b2c1c12d7ffff" }, "geometry": { "type": "Polygon", "coordinates": [ [ [ -70.835312036789304, -34.135996182180044 ], [ -70.836489284726454, -34.137423333446399 ], [ -70.83558489857613, -34.138813308923261 ], [ -70.833503272651001, -34.138776129319247 ], [ -70.832326060863124, -34.137348989139632 ], [ -70.833230438849753, -34.135959017477497 ], [ -70.835312036789304, -34.135996182180044 ] ] ] } },
{ "type": "Feature", "properties": { "h3": "89b2c1c1bc3ffff" }, "geometry": { "type": "Polygon", "coordinates": [ [ [ -70.777775391182232, -34.18554832116758 ], [ -70.778952054114001, -34.186974836706852 ], [ -70.778047535359519, -34.188362870434496 ], [ -70.775966361943716, -34.18832438481725 ], [ -70.774789735277892, -34.186897880393353 ], [ -70.77569424576059, -34.185509850471526 ], [ -70.777775391182232, -34.18554832116758 ] ] ] } },
{ "type": "Feature", "properties": { "h3": "89b2c1c5443ffff" }, "geometry": { "type": "Polygon", "coordinates": [ [ [ -70.671407102999751, -34.180728358353015 ], [ -70.672582217069262, -34.182155424396782 ], [ -70.671677812878244, -34.183542262170484 ], [ -70.669598303081202, -34.183502030072063 ], [ -70.668423225464139, -34.18207497523148 ], [ -70.669327621190334, -34.180688141286325 ], [ -70.671407102999751, -34.180728358353015 ] ] ] } },
{ "type": "Feature", "properties": { "h3": "89b2c1c184bffff" }, "geometry": { "type": "Polygon", "coordinates": [ [ [ -70.782930174238686, -34.174403966086736 ], [ -70.784106857531384, -34.175830659001214 ], [ -70.783202375293044, -34.177219033534875 ], [ -70.781121218022264, -34.177180711344874 ], [ -70.779944570983062, -34.175754029545629 ], [ -70.780849044959766, -34.174365658821365 ], [ -70.782930174238686, -34.174403966086736 ] ] ] } },
{ "type": "Feature", "properties": { "h3": "89b2c1c03d3ffff" }, "geometry": { "type": "Polygon", "coordinates": [ [ [ -70.750896949562986, -34.133055055587931 ], [ -70.752072976214876, -34.134482629885703 ], [ -70.751168674637725, -34.135871636231293 ], [ -70.749088354724478, -34.135833064446508 ], [ -70.747912364370606, -34.134405501304705 ], [ -70.748816657630599, -34.133016498791953 ], [ -70.750896949562986, -34.133055055587931 ] ] ] } },
{ "type": "Feature", "properties": { "h3": "89b2c1c086fffff" }, "geometry": { "type": "Polygon", "coordinates": [ [ [ -70.707758488200042, -34.170188486789506 ], [ -70.708934073995934, -34.171615583882762 ], [ -70.708029674865472, -34.173003133868107 ], [ -70.705949698335814, -34.172963582934514 ], [ -70.704774148925154, -34.171536497018799 ], [ -70.705678539657526, -34.170148950859364 ], [ -70.707758488200042, -34.170188486789506 ] ] ] } },
{ "type": "Feature", "properties": { "h3": "89b2c1c50cbffff" }, "geometry": { "type": "Polygon", "coordinates": [ [ [ -70.67276071980919, -34.194796695031989 ], [ -70.673935920706782, -34.19622350302182 ], [ -70.673031463397365, -34.197610007613747 ], [ -70.670951813652394, -34.197569700393551 ], [ -70.669776649209041, -34.196142903600702 ], [ -70.670681098055098, -34.194756402831253 ], [ -70.67276071980919, -34.194796695031989 ] ] ] } },
{ "type": "Feature", "properties": { "h3": "89b2c1c13afffff" }, "geometry": { "type": "Polygon", "coordinates": [ [ [ -70.802740462576907, -34.153686151721217 ], [ -70.80391732994299, -34.155113129228546 ], [ -70.803012906687357, -34.156502263351662 ], [ -70.800931624288495, -34.156464416153653 ], [ -70.799754793134696, -34.15503744975301 ], [ -70.800659208166124, -34.153648319443874 ], [ -70.802740462576907, -34.153686151721217 ] ] ] } },
{ "type": "Feature", "properties": { "h3": "89b2c1c14d3ffff" }, "geometry": { "type": "Polygon", "coordinates": [ [ [ -70.813580539394422, -34.104665730445952 ], [ -70.814757326992023, -34.106093538573731 ], [ -70.813853074700816, -34.107484023916832 ], [ -70.811772043011857, -34.107446697300304 ], [ -70.810595291592875, -34.106018900287957 ], [ -70.811499535682898, -34.104628418776905 ], [ -70.813580539394422, -34.104665730445952 ] ] ] } },
{ "type": "Feature", "properties": { "h3": "89b2c1c115bffff" }, "geometry": { "type": "Polygon", "coordinates": [ [ [ -70.801650753942354, -34.142420522062771 ], [ -70.802827551773646, -34.14384770633999 ], [ -70.80192317093038, -34.145237106935191 ], [ -70.799842000479913, -34.145199319434539 ], [ -70.798665238859527, -34.143772146268915 ], [ -70.799569611477352, -34.142382749492562 ], [ -70.801650753942354, -34.142420522062771 ] ] ] } },
{ "type": "Feature", "properties": { "h3": "89b2c1c0a6bffff" }, "geometry": { "type": "Polygon", "coordinates": [ [ [ -70.733534961286622, -34.179104351308709 ], [ -70.734710959578763, -34.180531176211865 ], [ -70.733806504087994, -34.181918823395286 ], [ -70.731726058655568, -34.181879641858565 ], [ -70.730550096705741, -34.180452828108855 ], [ -70.731454543844677, -34.179065184742626 ], [ -70.733534961286622, -34.179104351308709 ] ] ] } },
{ "type": "Feature", "properties": { "h3": "89b2c1c52c7ffff" }, "geometry": { "type": "Polygon", "coordinates": [ [ [ -70.689307275550007, -34.204944257158658 ], [ -70.690482762853165, -34.206370811257898 ], [ -70.689578252691391, -34.207757268295424 ], [ -70.687498263659094, -34.207717167418821 ], [ -70.686322812784027, -34.206290624499474 ], [ -70.687227314511816, -34.204904171277029 ], [ -70.689307275550007, -34.204944257158658 ] ] ] } },
{ "type": "Feature", "properties": { "h3": "89b2c1c16cfffff" }, "geometry": { "type": "Polygon", "coordinates": [ [ [ -70.836933644004006, -34.120555429522575 ], [ -70.838110841148875, -34.121982850376781 ], [ -70.83720651042087, -34.123373229310147 ], [ -70.835124990706376, -34.123336183568767 ], [ -70.833947829703348, -34.121908773805494 ], [ -70.834852152271637, -34.12051839869288 ], [ -70.836933644004006, -34.120555429522575 ] ] ] } },
{ "type": "Feature", "properties": { "h3": "89b2c1c3367ffff" }, "geometry": { "type": "Polygon", "coordinates": [ [ [ -70.786170084867493, -34.11120411523499 ], [ -70.787346511900466, -34.112631926505969 ], [ -70.786442259420738, -34.114021911222231 ], [ -70.784361588158191, -34.11398408083285 ], [ -70.783185197354371, -34.112556280697142 ], [ -70.78408944158258, -34.111166299815736 ], [ -70.786170084867493, -34.11120411523499 ] ] ] } },
{ "type": "Feature", "properties": { "h3": "89b2c1c1357ffff" }, "geometry": { "type": "Polygon", "coordinates": [ [ [ -70.818214562105226, -34.152560635382322 ], [ -70.819391645220875, -34.153987564970585 ], [ -70.81848721273667, -34.155376918020011 ], [ -70.816405705331405, -34.15533933767 ], [ -70.815228658400244, -34.153912419176351 ], [ -70.816133082688509, -34.15252306993829 ], [ -70.818214562105226, -34.152560635382322 ] ] ] } },
{ "type": "Feature", "properties": { "h3": "89b2c1c037bffff" }, "geometry": { "type": "Polygon", "coordinates": [ [ [ -70.752255642577254, -34.147136776509754 ], [ -70.753431756096205, -34.14856409267459 ], [ -70.752527401473486, -34.149952765973829 ], [ -70.750446941646075, -34.149914119281732 ], [ -70.749270864426876, -34.148486814266747 ], [ -70.750175210733985, -34.147098144794207 ], [ -70.752255642577254, -34.147136776509754 ] ] ] } },
{ "type": "Feature", "properties": { "h3": "89b2c1c0003ffff" }, "geometry": { "type": "Polygon", "coordinates": [ [ [ -70.743569672854989, -34.121671956922057 ], [ -70.744745540052818, -34.123099766916404 ], [ -70.743841286942484, -34.12448896539216 ], [ -70.741761174962662, -34.12445035003477 ], [ -70.740585344072443, -34.123022551206425 ], [ -70.741489588853085, -34.12163335656966 ], [ -70.743569672854989, -34.121671956922057 ] ] ] } },
{ "type": "Feature", "properties": { "h3": "89b2c1c1c43ffff" }, "geometry": { "type": "Polygon", "coordinates": [ [ [ -70.777767515230835, -34.15322988267873 ], [ -70.778944023215558, -34.154656978009086 ], [ -70.778039623491438, -34.156045815120869 ], [ -70.775958724050881, -34.156007553083342 ], [ -70.774782252322581, -34.154580468879999 ], [ -70.77568664377705, -34.153191635587362 ], [ -70.777767515230835, -34.15322988267873 ] ] ] } },
{ "type": "Feature", "properties": { "h3": "89b2c1c0c67ffff" }, "geometry": { "type": "Polygon", "coordinates": [ [ [ -70.702605207465183, -34.149015717081788 ], [ -70.703780617935635, -34.150443215834763 ], [ -70.702876301522664, -34.151831228326515 ], [ -70.70079658304391, -34.151791738229825 ], [ -70.699621208961489, -34.150364250666229 ], [ -70.700525516968469, -34.148976242010143 ], [ -70.702605207465183, -34.149015717081788 ] ] ] } },
{ "type": "Feature", "properties": { "h3": "89b2c1c54c3ffff" }, "geometry": { "type": "Polygon", "coordinates": [ [ [ -70.667611252103384, -34.173632799427239 ], [ -70.668786277630034, -34.175060009043854 ], [ -70.667881903150345, -34.176446976245792 ], [ -70.665802511613876, -34.176406729999108 ], [ -70.664627522544222, -34.174979531591319 ], [ -70.665531888552707, -34.173592568221594 ], [ -70.667611252103384, -34.173632799427239 ] ] ] } },
{ "type": "Feature", "properties": { "h3": "89b2c1c18cbffff" }, "geometry": { "type": "Polygon", "coordinates": [ [ [ -70.779128124269803, -34.167308361856279 ], [ -70.780304719160227, -34.16873519876259 ], [ -70.779400266399591, -34.170123702750139 ], [ -70.777319227015298, -34.17008536601849 ], [ -70.776142668383045, -34.168658540233025 ], [ -70.777047112875579, -34.167270040058547 ], [ -70.779128124269803, -34.167308361856279 ] ] ] } },
{ "type": "Feature", "properties": { "h3": "89b2c1c514bffff" }, "geometry": { "type": "Polygon", "coordinates": [ [ [ -70.655668334534184, -34.211310113482362 ], [ -70.656843368717162, -34.212736699398931 ], [ -70.65593886663271, -34.214122581255317 ], [ -70.653859338859419, -34.214081873376443 ], [ -70.652684341165696, -34.212655298664671 ], [ -70.653588834754643, -34.211269420627161 ], [ -70.655668334534184, -34.211310113482362 ] ] ] } },
{ "type": "Feature", "properties": { "h3": "89b2c1c1553ffff" }, "geometry": { "type": "Polygon", "coordinates": [ [ [ -70.796486455692673, -34.121235861589604 ], [ -70.797663078267746, -34.122663448073929 ], [ -70.796758779865755, -34.12405331109268 ], [ -70.794677867120754, -34.124015583798716 ], [ -70.793501280759514, -34.122588008437752 ], [ -70.794405570928078, -34.121198149247626 ], [ -70.796486455692673, -34.121235861589604 ] ] ] } },
{ "type": "Feature", "properties": { "h3": "89b2c1ce57bffff" }, "geometry": { "type": "Polygon", "coordinates": [ [ [ -70.714269314739568, -34.205422594390747 ], [ -70.715445162763288, -34.206849031168012 ], [ -70.714540627819318, -34.208235785301902 ], [ -70.712460253238945, -34.208196098848667 ], [ -70.711284441599375, -34.206769673230902 ], [ -70.712188968154678, -34.20538292290707 ], [ -70.714269314739568, -34.205422594390747 ] ] ] } },
{ "type": "Feature", "properties": { "h3": "89b2c1c0577ffff" }, "geometry": { "type": "Polygon", "coordinates": [ [ [ -70.721323420379122, -34.117039434571915 ], [ -70.722498946475753, -34.118467424220867 ], [ -70.721594730573656, -34.119856462618465 ], [ -70.719514996943417, -34.119817507521951 ], [ -70.718339507192326, -34.118389529058653 ], [ -70.719243714724598, -34.117000494506399 ], [ -70.721323420379122, -34.117039434571915 ] ] ] } },
{ "type": "Feature", "properties": { "h3": "89b2c1c11dbffff" }, "geometry": { "type": "Polygon", "coordinates": [ [ [ -70.797848144334992, -34.135321926545316 ], [ -70.799024853810039, -34.136749254738454 ], [ -70.798120502397765, -34.138138784736718 ], [ -70.796039449741002, -34.1381009827195 ], [ -70.794862776481509, -34.136673665643571 ], [ -70.795767119661903, -34.135284139467835 ], [ -70.797848144334992, -34.135321926545316 ] ] ] } },
{ "type": "Feature", "properties": { "h3": "89b2c1c0ac3ffff" }, "geometry": { "type": "Polygon", "coordinates": [ [ [ -70.732177348684743, -34.165030216567843 ], [ -70.733353260104266, -34.166457299736557 ], [ -70.732448857685242, -34.167845280069329 ], [ -70.730368552198726, -34.167806173410305 ], [ -70.729192677119769, -34.16637910140124 ], [ -70.73009707118544, -34.164991124891728 ], [ -70.732177348684743, -34.165030216567843 ] ] ] } },
{ "type": "Feature", "properties": { "h3": "89b2c1c0e63ffff" }, "geometry": { "type": "Polygon", "coordinates": [ [ [ -70.728378306473232, -34.157933446164201 ], [ -70.729554129435016, -34.159360673076215 ], [ -70.728649756597221, -34.160748782829494 ], [ -70.726569569156041, -34.160709661844002 ], [ -70.725393782539427, -34.159282446097258 ], [ -70.726298147017445, -34.15789434017092 ], [ -70.728378306473232, -34.157933446164201 ] ] ] } },
{ "type": "Feature", "properties": { "h3": "89b2c1c1ac7ffff" }, "geometry": { "type": "Polygon", "coordinates": [ [ [ -70.795689989344893, -34.177448240452492 ], [ -70.796866869752847, -34.178874822643557 ], [ -70.795962365132752, -34.180263279040993 ], [ -70.793880988341982, -34.180225149441966 ], [ -70.792704144165825, -34.178798578354723 ], [ -70.793608640547276, -34.177410125762925 ], [ -70.795689989344893, -34.177448240452492 ] ] ] } },
{ "type": "Feature", "properties": { "h3": "89b2c1c13d7ffff" }, "geometry": { "type": "Polygon", "coordinates": [ [ [ -70.814410862985198, -34.145463105864174 ], [ -70.815587857757734, -34.146890179482995 ], [ -70.814683454672391, -34.148279661959009 ], [ -70.81260206501554, -34.148242067001377 ], [ -70.811425106432168, -34.146815004482789 ], [ -70.812329501315105, -34.145425525821807 ], [ -70.814410862985198, -34.145463105864174 ] ] ] } },
{ "type": "Feature", "properties": { "h3": "89b2c1c5697ffff" }, "geometry": { "type": "Polygon", "coordinates": [ [ [ -70.677645741545732, -34.180848802585885 ], [ -70.678820945868623, -34.182275839425728 ], [ -70.677916535387808, -34.183662751485862 ], [ -70.675836929036279, -34.183622622879064 ], [ -70.674661761154908, -34.182195597237303 ], [ -70.675566163182197, -34.180808689004472 ], [ -70.677645741545732, -34.180848802585885 ] ] ] } },
{ "type": "Feature", "properties": { "h3": "89b2c1ca807ffff" }, "geometry": { "type": "Polygon", "coordinates": [ [ [ -70.833705484912528, -34.183758883280248 ], [ -70.834882938798842, -34.185185184482123 ], [ -70.83397837817985, -34.186573953042874 ], [ -70.83189637184303, -34.186536416606501 ], [ -70.830718954122915, -34.185110126475486 ], [ -70.831623506572086, -34.183721361710198 ], [ -70.833705484912528, -34.183758883280248 ] ] ] } },
{ "type": "Feature", "properties": { "h3": "89b2c1c2a7bffff" }, "geometry": { "type": "Polygon", "coordinates": [ [ [ -70.706675290586617, -34.126605230064953 ], [ -70.707850652261953, -34.128033112209707 ], [ -70.706946414587634, -34.129421731821267 ], [ -70.704866823633665, -34.12938246544406 ], [ -70.703691498332532, -34.127954594493424 ], [ -70.704595727609799, -34.126565978726063 ], [ -70.706675290586617, -34.126605230064953 ] ] ] } },
{ "type": "Feature", "properties": { "h3": "89b2c1ce087ffff" }, "geometry": { "type": "Polygon", "coordinates": [ [ [ -70.723495554520881, -34.204194015058619 ], [ -70.724671529040265, -34.205620433615238 ], [ -70.723766990202364, -34.207007332477758 ], [ -70.721686485215557, -34.206967808975058 ], [ -70.720510547063682, -34.205541401570919 ], [ -70.72141507752977, -34.204154506517163 ], [ -70.723495554520881, -34.204194015058619 ] ] ] } },
{ "type": "Feature", "properties": { "h3": "89b2c1c0083ffff" }, "geometry": { "type": "Polygon", "coordinates": [ [ [ -70.739770658128421, -34.114571061523272 ], [ -70.740946436913632, -34.115999015101316 ], [ -70.740042213350378, -34.117388342923832 ], [ -70.737962219336637, -34.117349713325851 ], [ -70.736786476863614, -34.115921770919442 ], [ -70.73769069209078, -34.114532446939592 ], [ -70.739770658128421, -34.114571061523272 ] ] ] } },
{ "type": "Feature", "properties": { "h3": "89b2c1c1cc3ffff" }, "geometry": { "type": "Polygon", "coordinates": [ [ [ -70.773966083955258, -34.146132206535803 ], [ -70.775142503546562, -34.147559445737151 ], [ -70.774238133305843, -34.148948412263444 ], [ -70.772157351748533, -34.14891013576576 ], [ -70.770980968418272, -34.147482907697061 ], [ -70.771885330382929, -34.146093944993595 ], [ -70.773966083955258, -34.146132206535803 ] ] ] } },
{ "type": "Feature", "properties": { "h3": "89b2c1c5543ffff" }, "geometry": { "type": "Polygon", "coordinates": [ [ [ -70.650520635868332, -34.190151952512686 ], [ -70.651695494651875, -34.191578940093706 ], [ -70.650791075454904, -34.192965284633388 ], [ -70.64871180597639, -34.19292463776361 ], [ -70.647536983684844, -34.191497661399268 ], [ -70.648441394378438, -34.190111320688224 ], [ -70.650520635868332, -34.190151952512686 ] ] ] } },
{ "type": "Feature", "properties": { "h3": "89b2c1c0e3bffff" }, "geometry": { "type": "Polygon", "coordinates": [ [ [ -70.721866564872954, -34.155000614702594 ], [ -70.723042280397593, -34.156427922523839 ], [ -70.722137924285178, -34.157816024622001 ], [ -70.720057861018134, -34.157776815069674 ], [ -70.718882181849295, -34.156349518420036 ], [ -70.719786529590323, -34.154961420151309 ], [ -70.721866564872954, -34.155000614702594 ] ] ] } },
{ "type": "Feature", "properties": { "h3": "89b2c1c194bffff" }, "geometry": { "type": "Polygon", "coordinates": [ [ [ -70.762031614998591, -34.183851685127635 ], [ -70.763208044397189, -34.185278300195094 ], [ -70.762303545837383, -34.186666181605339 ], [ -70.760222626177935, -34.186627444138708 ], [ -70.759046233072638, -34.185200840199954 ], [ -70.759950723332139, -34.183812962599333 ], [ -70.762031614998591, -34.183851685127635 ] ] ] } },
{ "type": "Feature", "properties": { "h3": "89b2c1c096fffff" }, "geometry": { "type": "Polygon", "coordinates": [ [ [ -70.686868784917024, -34.179621834173005 ], [ -70.688044115897412, -34.181048852982904 ], [ -70.687139701333408, -34.182435909785134 ], [ -70.685059964224365, -34.182395943951647 ], [ -70.683884669668856, -34.180968936332803 ], [ -70.684789075796189, -34.179581883356597 ], [ -70.686868784917024, -34.179621834173005 ] ] ] } },
{ "type": "Feature", "properties": { "h3": "89b2c1c1e17ffff" }, "geometry": { "type": "Polygon", "coordinates": [ [ [ -70.787812430164124, -34.160441344256455 ], [ -70.788989116411841, -34.161868266211094 ], [ -70.788084681307822, -34.163257048148196 ], [ -70.786003568206567, -34.163218904316665 ], [ -70.784826918199627, -34.161791993478339 ], [ -70.785731345051815, -34.160403215355416 ], [ -70.787812430164124, -34.160441344256455 ] ] ] } },
{ "type": "Feature", "properties": { "h3": "89b2c1cad7bffff" }, "geometry": { "type": "Polygon", "coordinates": [ [ [ -70.82066866210441, -34.177902918294741 ], [ -70.821845901723179, -34.179329382259418 ], [ -70.820941373818513, -34.180718135630819 ], [ -70.818859614486897, -34.180680421237277 ], [ -70.817682411055756, -34.179253968356086 ], [ -70.818586930767239, -34.177865218785151 ], [ -70.82066866210441, -34.177902918294741 ] ] ] } },
{ "type": "Feature", "properties": { "h3": "89b2c1c51cbffff" }, "geometry": { "type": "Polygon", "coordinates": [ [ [ -70.651872901157645, -34.2042174307457 ], [ -70.653047846756706, -34.205644160316268 ], [ -70.652143374423645, -34.207030171649677 ], [ -70.6500639649921, -34.206989449590154 ], [ -70.648889055886897, -34.205562731230046 ], [ -70.649793519718017, -34.204176723719193 ], [ -70.651872901157645, -34.2042174307457 ] ] ] } },
{ "type": "Feature", "properties": { "h3": "89b2c1c15d3ffff" }, "geometry": { "type": "Polygon", "coordinates": [ [ [ -70.792684464644495, -34.114135195150389 ], [ -70.793860998872177, -34.115562925429479 ], [ -70.792956729906891, -34.116952917811638 ], [ -70.790875934952425, -34.116915176082607 ], [ -70.789699436943224, -34.115487456932506 ], [ -70.790603697668644, -34.114097468382667 ], [ -70.792684464644495, -34.114135195150389 ] ] ] } },
{ "type": "Feature", "properties": { "h3": "89b2c1c3213ffff" }, "geometry": { "type": "Polygon", "coordinates": [ [ [ -70.805975468631232, -34.090460675507835 ], [ -70.807152079600399, -34.091888771156498 ], [ -70.80624788610956, -34.093279515163914 ], [ -70.80416708986229, -34.09324215968342 ], [ -70.802990515081035, -34.091814075161409 ], [ -70.803894700357787, -34.09042333499346 ], [ -70.805975468631232, -34.090460675507835 ] ] ] } },
{ "type": "Feature", "properties": { "h3": "89b2c1c01d7ffff" }, "geometry": { "type": "Polygon", "coordinates": [ [ [ -70.72512143203069, -34.124140184924492 ], [ -70.726297046564198, -34.12556803105241 ], [ -70.725392801076055, -34.126956940104854 ], [ -70.723312949416481, -34.126917999187967 ], [ -70.722137371223909, -34.125490164240119 ], [ -70.723041608348652, -34.124101259029281 ], [ -70.72512143203069, -34.124140184924492 ] ] ] } },
{ "type": "Feature", "properties": { "h3": "89b2c1c125bffff" }, "geometry": { "type": "Polygon", "coordinates": [ [ [ -70.845362103054597, -34.143205757791229 ], [ -70.846539528964797, -34.14463273541471 ], [ -70.845635107761566, -34.146022655711747 ], [ -70.843553268792647, -34.145985594575784 ], [ -70.842375879015961, -34.144558628028349 ], [ -70.843280292073302, -34.143168711541051 ], [ -70.845362103054597, -34.143205757791229 ] ] ] } },
{ "type": "Feature", "properties": { "h3": "89b2c1c0b6bffff" }, "geometry": { "type": "Polygon", "coordinates": [ [ [ -70.712641578129663, -34.188540964220074 ], [ -70.713817321906319, -34.189967711008528 ], [ -70.712912850676716, -34.191354865015107 ], [ -70.71083264405955, -34.191315268416055 ], [ -70.709656936664928, -34.189888532794548 ], [ -70.710561399504058, -34.188501382605331 ], [ -70.712641578129663, -34.188540964220074 ] ] ] } },
{ "type": "Feature", "properties": { "h3": "89b2c1c11b3ffff" }, "geometry": { "type": "Polygon", "coordinates": [ [ [ -70.779392177051193, -34.137797322461019 ], [ -70.780568634390406, -34.139224687236833 ], [ -70.77966429003763, -34.140613927858674 ], [ -70.777583496609935, -34.140575799879699 ], [ -70.7764070755197, -34.139148446235154 ], [ -70.777311411606846, -34.137759209438514 ], [ -70.779392177051193, -34.137797322461019 ] ] ] } },
{ "type": "Feature", "properties": { "h3": "89b2c1c53c7ffff" }, "geometry": { "type": "Polygon", "coordinates": [ [ [ -70.668416710009723, -34.214366103891976 ], [ -70.669591942197329, -34.215792579691644 ], [ -70.66868741681543, -34.217178543466318 ], [ -70.666607667717145, -34.217138027626319 ], [ -70.665432471997264, -34.215711563019987 ], [ -70.666336988906579, -34.214325603060523 ], [ -70.668416710009723, -34.214366103891976 ] ] ] } },
{ "type": "Feature", "properties": { "h3": "89b2c1c504fffff" }, "geometry": { "type": "Polygon", "coordinates": [ [ [ -70.673572970801956, -34.203236277972792 ], [ -70.674748223801799, -34.204662931077692 ], [ -70.673843734618842, -34.20604923573751 ], [ -70.671764000897213, -34.206008883473807 ], [ -70.670588784352731, -34.204582241562129 ], [ -70.671493265073209, -34.203195940721123 ], [ -70.673572970801956, -34.203236277972792 ] ] ] } },
{ "type": "Feature", "properties": { "h3": "89b2c1c1457ffff" }, "geometry": { "type": "Polygon", "coordinates": [ [ [ -70.814398165659512, -34.113120256152229 ], [ -70.81557500539796, -34.114547909336174 ], [ -70.814670721312325, -34.115938194903975 ], [ -70.812589605687165, -34.115900823459626 ], [ -70.811412802128373, -34.114473181387439 ], [ -70.812317078013749, -34.113082899648028 ], [ -70.814398165659512, -34.113120256152229 ] ] ] } },
{ "type": "Feature", "properties": { "h3": "89b2c1ca887ffff" }, "geometry": { "type": "Polygon", "coordinates": [ [ [ -70.829900430865081, -34.176664451230884 ], [ -70.831077796404998, -34.178090896672906 ], [ -70.830173265159956, -34.179479794720812 ], [ -70.828091376549949, -34.17944224352776 ], [ -70.826914047180892, -34.178015809162225 ], [ -70.827818570249647, -34.176626914913442 ], [ -70.829900430865081, -34.176664451230884 ] ] ] } },
{ "type": "Feature", "properties": { "h3": "89b2c1c047bffff" }, "geometry": { "type": "Polygon", "coordinates": [ [ [ -70.748451728222108, -34.107700510806254 ], [ -70.749627598541508, -34.10912854946563 ], [ -70.748723392433362, -34.11051815517142 ], [ -70.746643324324367, -34.110479718374201 ], [ -70.745467490299831, -34.109051690881877 ], [ -70.74637168808809, -34.107662089019925 ], [ -70.748451728222108, -34.107700510806254 ] ] ] } },
{ "type": "Feature", "properties": { "h3": "89b2c1c0103ffff" }, "geometry": { "type": "Polygon", "coordinates": [ [ [ -70.722680038890687, -34.131123393190741 ], [ -70.723855651816123, -34.132551124982434 ], [ -70.722951382855854, -34.133939830398482 ], [ -70.72087150933713, -34.133900800183831 ], [ -70.719695932759024, -34.132473079571653 ], [ -70.720600193350961, -34.13108437799481 ], [ -70.722680038890687, -34.131123393190741 ] ] ] } },
{ "type": "Feature", "properties": { "h3": "89b2c1c1d43ffff" }, "geometry": { "type": "Polygon", "coordinates": [ [ [ -70.756871338865466, -34.162681261376029 ], [ -70.758047592935867, -34.164108278776709 ], [ -70.757143176954074, -34.165496622800305 ], [ -70.755062515208778, -34.165457945604032 ], [ -70.753886297434576, -34.164030939343867 ], [ -70.754790705108093, -34.162642599139637 ], [ -70.756871338865466, -34.162681261376029 ] ] ] } },
{ "type": "Feature", "properties": { "h3": "89b2c1c054fffff" }, "geometry": { "type": "Polygon", "coordinates": [ [ [ -70.730546776974904, -34.115805645892124 ], [ -70.731722429440055, -34.117233617520213 ], [ -70.730818209683434, -34.118622800632494 ], [ -70.728738345813269, -34.118584008272862 ], [ -70.72756272967699, -34.117156047823407 ], [ -70.72846694108064, -34.115766868555149 ], [ -70.730546776974904, -34.115805645892124 ] ] ] } },
{ "type": "Feature", "properties": { "h3": "89b2c1ce553ffff" }, "geometry": { "type": "Polygon", "coordinates": [ [ [ -70.716711536677664, -34.198448485747022 ], [ -70.717887386328385, -34.1998750370389 ], [ -70.716982874858786, -34.201261994930235 ], [ -70.714902522120852, -34.201222397717423 ], [ -70.713726708847929, -34.199795857585585 ], [ -70.714631211933792, -34.19840890350671 ], [ -70.716711536677664, -34.198448485747022 ] ] ] } },
{ "type": "Feature", "properties": { "h3": "89b2c1c0d67ffff" }, "geometry": { "type": "Polygon", "coordinates": [ [ [ -70.681717890020451, -34.158452728408733 ], [ -70.682893045655703, -34.159880148795601 ], [ -70.681988713872656, -34.161267668139075 ], [ -70.679909234897622, -34.161227763260065 ], [ -70.678734115690062, -34.15980035407609 ], [ -70.679638439028508, -34.158412838568424 ], [ -70.681717890020451, -34.158452728408733 ] ] ] } },
{ "type": "Feature", "properties": { "h3": "89b2c1c152bffff" }, "geometry": { "type": "Polygon", "coordinates": [ [ [ -70.784818114790369, -34.129460793887191 ], [ -70.785994609853745, -34.130888284221967 ], [ -70.785090291404003, -34.132277798922559 ], [ -70.783009486144763, -34.132239819461027 ], [ -70.781833027318314, -34.130812340256114 ], [ -70.782737337512827, -34.129422829383074 ], [ -70.784818114790369, -34.129460793887191 ] ] ] } },
{ "type": "Feature", "properties": { "h3": "89b2c1ca197ffff" }, "geometry": { "type": "Polygon", "coordinates": [ [ [ -70.848621401610643, -34.144669737198583 ], [ -70.849798881040016, -34.146096674161058 ], [ -70.848894451696736, -34.147486598266596 ], [ -70.846812551062769, -34.147449581601343 ], [ -70.845635107761566, -34.146022655711747 ], [ -70.846539528964797, -34.14463273541471 ], [ -70.848621401610643, -34.144669737198583 ] ] ] } },
{ "type": "Feature", "properties": { "h3": "89b2c1c55c3ffff" }, "geometry": { "type": "Polygon", "coordinates": [ [ [ -70.646725821177156, -34.1830572007635 ], [ -70.647900591385849, -34.184484331877805 ], [ -70.646996201945811, -34.185870805855487 ], [ -70.644917050805532, -34.185830144886729 ], [ -70.643742317093441, -34.184403024994765 ], [ -70.644646698023678, -34.183016554849402 ], [ -70.646725821177156, -34.1830572007635 ] ] ] } },
{ "type": "Feature", "properties": { "h3": "89b2c1c19cbffff" }, "geometry": { "type": "Polygon", "coordinates": [ [ [ -70.758230596984063, -34.17675688549982 ], [ -70.759406937947915, -34.178183644519684 ], [ -70.758502468911644, -34.17957165539368 ], [ -70.756421667216955, -34.179532903434712 ], [ -70.755245362551094, -34.178106155549195 ], [ -70.75614982328058, -34.17671814848849 ], [ -70.758230596984063, -34.17675688549982 ] ] ] } },
{ "type": "Feature", "properties": { "h3": "89b2c1c7203ffff" }, "geometry": { "type": "Polygon", "coordinates": [ [ [ -70.660020523669502, -34.159439571020997 ], [ -70.661195372112076, -34.16086706763668 ], [ -70.660291057073508, -34.162254293653611 ], [ -70.658211902075053, -34.162214019215476 ], [ -70.657037090098683, -34.160786533819902 ], [ -70.657941396653214, -34.159399311642566 ], [ -70.660020523669502, -34.159439571020997 ] ] ] } },
{ "type": "Feature", "properties": { "h3": "89b2c1c1653ffff" }, "geometry": { "type": "Polygon", "coordinates": [ [ [ -70.840192394563289, -34.122019836786095 ], [ -70.841369645230913, -34.123447217036272 ], [ -70.840465306348989, -34.124837599789146 ], [ -70.83838372495201, -34.124800598472547 ], [ -70.83720651042087, -34.123373229310147 ], [ -70.838110841148875, -34.121982850376781 ], [ -70.840192394563289, -34.122019836786095 ] ] ] } },
{ "type": "Feature", "properties": { "h3": "89b2c1c0677ffff" }, "geometry": { "type": "Polygon", "coordinates": [ [ [ -70.765004637422209, -34.117849206256508 ], [ -70.766180793358899, -34.119276991150649 ], [ -70.765276535133353, -34.120666549462875 ], [ -70.763196129260223, -34.12062831904484 ], [ -70.762020009592106, -34.119200545300721 ], [ -70.762924259527196, -34.1178109908248 ], [ -70.765004637422209, -34.117849206256508 ] ] ] } },
{ "type": "Feature", "properties": { "h3": "89b2c1c12dbffff" }, "geometry": { "type": "Polygon", "coordinates": [ [ [ -70.841557021406231, -34.13610746872849 ], [ -70.842734359013662, -34.137534590447459 ], [ -70.841829967150346, -34.138924640163296 ], [ -70.839748245830549, -34.138887564346938 ], [ -70.838570944361337, -34.137460453709608 ], [ -70.839475328072325, -34.136070407807196 ], [ -70.841557021406231, -34.13610746872849 ] ] ] } },
{ "type": "Feature", "properties": { "h3": "89b2c1cacd3ffff" }, "geometry": { "type": "Polygon", "coordinates": [ [ [ -70.840208489205324, -34.154361218164794 ], [ -70.841385895015023, -34.155788018426868 ], [ -70.840481437119195, -34.157177598003699 ], [ -70.838399581568325, -34.157140373512476 ], [ -70.837222211904603, -34.155713584326591 ], [ -70.838126661644424, -34.154324008555939 ], [ -70.840208489205324, -34.154361218164794 ] ] ] } },
{ "type": "Feature", "properties": { "h3": "89b2c1c08c7ffff" }, "geometry": { "type": "Polygon", "coordinates": [ [ [ -70.706402656149137, -34.15611347781504 ], [ -70.707578155102254, -34.157540832970724 ], [ -70.70667380905661, -34.158928716066377 ], [ -70.704593972456095, -34.158889240174531 ], [ -70.703418509886433, -34.15746189620257 ], [ -70.704322847532467, -34.156074016938938 ], [ -70.706402656149137, -34.15611347781504 ] ] ] } },
{ "type": "Feature", "properties": { "h3": "89b2c1c5447ffff" }, "geometry": { "type": "Polygon", "coordinates": [ [ [ -70.668423225464139, -34.18207497523148 ], [ -70.669598303081202, -34.183502030072063 ], [ -70.66869389673144, -34.184888797385938 ], [ -70.666614421233646, -34.184848506030832 ], [ -70.665439380074687, -34.183421462395323 ], [ -70.666343777954097, -34.182034698910044 ], [ -70.668423225464139, -34.18207497523148 ] ] ] } },
{ "type": "Feature", "properties": { "h3": "89b2c1c18a3ffff" }, "geometry": { "type": "Polygon", "coordinates": [ [ [ -70.760672062347723, -34.169777427792567 ], [ -70.761848404844429, -34.171204301312805 ], [ -70.760943959339599, -34.172592515898046 ], [ -70.758863179638595, -34.172553853147591 ], [ -70.757686873433457, -34.171126990762225 ], [ -70.758591310636433, -34.169738779992656 ], [ -70.760672062347723, -34.169777427792567 ] ] ] } },
{ "type": "Feature", "properties": { "h3": "89b2c1c549bffff" }, "geometry": { "type": "Polygon", "coordinates": [ [ [ -70.661102697706696, -34.170697752469778 ], [ -70.662277615590369, -34.172125042823943 ], [ -70.661373258058944, -34.173512002360191 ], [ -70.659293991125324, -34.173471667707787 ], [ -70.658119109709276, -34.172044388568779 ], [ -70.659023458757844, -34.170657432867237 ], [ -70.661102697706696, -34.170697752469778 ] ] ] } },
{ "type": "Feature", "properties": { "h3": "89b2c1c184fffff" }, "geometry": { "type": "Polygon", "coordinates": [ [ [ -70.779944570983062, -34.175754029545629 ], [ -70.781121218022264, -34.177180711344874 ], [ -70.780216733437243, -34.178569015434604 ], [ -70.778135610078834, -34.178530633915877 ], [ -70.776958999298856, -34.177103963233783 ], [ -70.777863475616684, -34.175715662953486 ], [ -70.779944570983062, -34.175754029545629 ] ] ] } },
{ "type": "Feature", "properties": { "h3": "89b2c1c0873ffff" }, "geometry": { "type": "Polygon", "coordinates": [ [ [ -70.707216135125137, -34.16455883789704 ], [ -70.708391686182594, -34.165986038228439 ], [ -70.707487308286673, -34.167373721463726 ], [ -70.705407387730645, -34.16733420053945 ], [ -70.704231873057708, -34.165907011388079 ], [ -70.705136242554929, -34.164519331981133 ], [ -70.707216135125137, -34.16455883789704 ] ] ] } },
{ "type": "Feature", "properties": { "h3": "89b2c1c50cfffff" }, "geometry": { "type": "Polygon", "coordinates": [ [ [ -70.669776649209041, -34.196142903600702 ], [ -70.670951813652394, -34.197569700393551 ], [ -70.670047354181719, -34.198956134522128 ], [ -70.667967738735229, -34.198915768035519 ], [ -70.666792610751799, -34.197488982441556 ], [ -70.6676970617536, -34.196102552135478 ], [ -70.669776649209041, -34.196142903600702 ] ] ] } },
{ "type": "Feature", "properties": { "h3": "89b2c1c14d7ffff" }, "geometry": { "type": "Polygon", "coordinates": [ [ [ -70.810595291592875, -34.106018900287957 ], [ -70.811772043011857, -34.107446697300304 ], [ -70.810867788323591, -34.108837112222773 ], [ -70.808786790421735, -34.108799726301029 ], [ -70.8076100751871, -34.107371940406075 ], [ -70.808514321668625, -34.105981529315684 ], [ -70.810595291592875, -34.106018900287957 ] ] ] } },
{ "type": "Feature", "properties": { "h3": "89b2c1c0183ffff" }, "geometry": { "type": "Polygon", "coordinates": [ [ [ -70.718882057159689, -34.124023303752914 ], [ -70.720057581640248, -34.125451179088984 ], [ -70.71915334227279, -34.126840013861873 ], [ -70.717073586798151, -34.126800969456006 ], [ -70.715898098669513, -34.125373105305066 ], [ -70.716802329662244, -34.123984274375069 ], [ -70.718882057159689, -34.124023303752914 ] ] ] } },
{ "type": "Feature", "properties": { "h3": "89b2c1c1dc3ffff" }, "geometry": { "type": "Polygon", "coordinates": [ [ [ -70.753070939561198, -34.155584390130969 ], [ -70.754247105205764, -34.15701155136324 ], [ -70.753342718753174, -34.158400024811293 ], [ -70.751262174969384, -34.158361333204219 ], [ -70.750086045625665, -34.156934183118103 ], [ -70.750990423763525, -34.155545713493083 ], [ -70.753070939561198, -34.155584390130969 ] ] ] } },
{ "type": "Feature", "properties": { "h3": "89b2c1c5643ffff" }, "geometry": { "type": "Polygon", "coordinates": [ [ [ -70.694192147200908, -34.190997252620306 ], [ -70.695367637859135, -34.192424035665297 ], [ -70.694463174576953, -34.193810900204298 ], [ -70.692383229059359, -34.193770977878579 ], [ -70.69120777481649, -34.19234420601456 ], [ -70.692112229674507, -34.19095734529548 ], [ -70.694192147200908, -34.190997252620306 ] ] ] } },
{ "type": "Feature", "properties": { "h3": "89b2c1c0a6fffff" }, "geometry": { "type": "Polygon", "coordinates": [ [ [ -70.730550096705741, -34.180452828108855 ], [ -70.731726058655568, -34.181879641858565 ], [ -70.730821600901365, -34.183267218590359 ], [ -70.728741189553361, -34.18322797775545 ], [ -70.727565263951547, -34.181801175161134 ], [ -70.728469713348389, -34.180413602246546 ], [ -70.730550096705741, -34.180452828108855 ] ] ] } },
{ "type": "Feature", "properties": { "h3": "89b2c1c52cbffff" }, "geometry": { "type": "Polygon", "coordinates": [ [ [ -70.695547351575371, -34.205064307653124 ], [ -70.696722929089873, -34.206490832447436 ], [ -70.695818412699765, -34.207877363762051 ], [ -70.693738327216465, -34.207837366468702 ], [ -70.692562786119069, -34.206410852849174 ], [ -70.693467294086545, -34.20502432534839 ], [ -70.695547351575371, -34.205064307653124 ] ] ] } },
{ "type": "Feature", "properties": { "h3": "89b2c1c1c1bffff" }, "geometry": { "type": "Polygon", "coordinates": [ [ [ -70.771252979176808, -34.150299031854594 ], [ -70.772429379885253, -34.151726208262914 ], [ -70.771524996706248, -34.153115037735169 ], [ -70.769444221098723, -34.15307668697767 ], [ -70.76826785665736, -34.151649521702687 ], [ -70.769172231555075, -34.150260696052079 ], [ -70.771252979176808, -34.150299031854594 ] ] ] } },
{ "type": "Feature", "properties": { "h3": "89b2c1c135bffff" }, "geometry": { "type": "Polygon", "coordinates": [ [ [ -70.824459191414675, -34.15267312416799 ], [ -70.82563636427038, -34.154100024218785 ], [ -70.824731926012376, -34.155489451510725 ], [ -70.822650323081916, -34.155451974942018 ], [ -70.821473186399672, -34.154025085980734 ], [ -70.822377616473062, -34.152635662498845 ], [ -70.824459191414675, -34.15267312416799 ] ] ] } },
{ "type": "Feature", "properties": { "h3": "89b2c1c0007ffff" }, "geometry": { "type": "Polygon", "coordinates": [ [ [ -70.740585344072443, -34.123022551206425 ], [ -70.741761174962662, -34.12445035003477 ], [ -70.740856919573034, -34.125839478075697 ], [ -70.738776841627057, -34.125800803449479 ], [ -70.73760104705012, -34.124373015789061 ], [ -70.738505294104527, -34.122983891587154 ], [ -70.740585344072443, -34.123022551206425 ] ] ] } },
{ "type": "Feature", "properties": { "h3": "89b2c1c1c47ffff" }, "geometry": { "type": "Polygon", "coordinates": [ [ [ -70.774782252322581, -34.154580468879999 ], [ -70.775958724050881, -34.156007553083342 ], [ -70.775054321989217, -34.157396319756245 ], [ -70.772973456473025, -34.15735799840683 ], [ -70.771797021006833, -34.155930925332434 ], [ -70.772701414793374, -34.154542162478712 ], [ -70.774782252322581, -34.154580468879999 ] ] ] } },
{ "type": "Feature", "properties": { "h3": "89b2c1c0c6bffff" }, "geometry": { "type": "Polygon", "coordinates": [ [ [ -70.708844471596151, -34.14913393531026 ], [ -70.710019972192342, -34.150561404844424 ], [ -70.709115649600449, -34.15194949161738 ], [ -70.70703583480568, -34.151910105021976 ], [ -70.705860370586535, -34.150482646672074 ], [ -70.706764684783764, -34.149094563733527 ], [ -70.708844471596151, -34.14913393531026 ] ] ] } },
{ "type": "Feature", "properties": { "h3": "89b2c1c54c7ffff" }, "geometry": { "type": "Polygon", "coordinates": [ [ [ -70.664627522544222, -34.174979531591319 ], [ -70.665802511613876, -34.176406729999108 ], [ -70.664898134981968, -34.17779362674262 ], [ -70.662818777755831, -34.177753321246286 ], [ -70.661643825148872, -34.176326134049241 ], [ -70.662548193304048, -34.174939241137984 ], [ -70.664627522544222, -34.174979531591319 ] ] ] } },
{ "type": "Feature", "properties": { "h3": "89b2c1c18cfffff" }, "geometry": { "type": "Polygon", "coordinates": [ [ [ -70.776142668383045, -34.168658540233025 ], [ -70.777319227015298, -34.17008536601849 ], [ -70.776414771914531, -34.171473799563522 ], [ -70.774333766453807, -34.171435403510188 ], [ -70.773157244085425, -34.170008588847494 ], [ -70.774061690912546, -34.168620159115576 ], [ -70.776142668383045, -34.168658540233025 ] ] ] } },
{ "type": "Feature", "properties": { "h3": "89b2c1c514fffff" }, "geometry": { "type": "Polygon", "coordinates": [ [ [ -70.652684341165696, -34.212655298664671 ], [ -70.653859338859419, -34.214081873376443 ], [ -70.65295483464223, -34.215467684763112 ], [ -70.650875341230986, -34.215426917619304 ], [ -70.649700380032172, -34.214000354114255 ], [ -70.650604875748328, -34.21261454654649 ], [ -70.652684341165696, -34.212655298664671 ] ] ] } },
{ "type": "Feature", "properties": { "h3": "89b2c1c1557ffff" }, "geometry": { "type": "Polygon", "coordinates": [ [ [ -70.793501280759514, -34.122588008437752 ], [ -70.794677867120754, -34.124015583798716 ], [ -70.793773566350239, -34.125405376389885 ], [ -70.791692687456049, -34.125367589791644 ], [ -70.790516137314313, -34.123940025555989 ], [ -70.7914204298459, -34.122550236793465 ], [ -70.793501280759514, -34.122588008437752 ] ] ] } },
{ "type": "Feature", "properties": { "h3": "89b2c1c057bffff" }, "geometry": { "type": "Polygon", "coordinates": [ [ [ -70.72756272967699, -34.117156047823407 ], [ -70.728738345813269, -34.118584008272862 ], [ -70.727834123799397, -34.119973120950185 ], [ -70.725754294006379, -34.119934269334244 ], [ -70.724578714204668, -34.118506320065386 ], [ -70.725482927860043, -34.117117211232092 ], [ -70.72756272967699, -34.117156047823407 ] ] ] } },
{ "type": "Feature", "properties": { "h3": "89b2c1c0203ffff" }, "geometry": { "type": "Polygon", "coordinates": [ [ [ -70.766364193654354, -34.131934740159551 ], [ -70.767540436460152, -34.133362266956127 ], [ -70.766636125204911, -34.134751492269665 ], [ -70.764555579431459, -34.134713186956638 ], [ -70.763379372895969, -34.133285671303959 ], [ -70.764283675862288, -34.131896449820623 ], [ -70.766364193654354, -34.131934740159551 ] ] ] } },
{ "type": "Feature", "properties": { "h3": "89b2c1c1e43ffff" }, "geometry": { "type": "Polygon", "coordinates": [ [ [ -70.800572030031361, -34.163485185033416 ], [ -70.801748913339921, -34.164911996314224 ], [ -70.800844455891607, -34.166300860124963 ], [ -70.798763123362178, -34.166262908844708 ], [ -70.797586276272668, -34.164836108668801 ], [ -70.798490725492158, -34.163447248668461 ], [ -70.800572030031361, -34.163485185033416 ] ] ] } },
{ "type": "Feature", "properties": { "h3": "89b2c1c0e67ffff" }, "geometry": { "type": "Polygon", "coordinates": [ [ [ -70.725393782539427, -34.159282446097258 ], [ -70.726569569156041, -34.160709661844002 ], [ -70.725665194063879, -34.162097701150657 ], [ -70.723585040719058, -34.162058520883789 ], [ -70.722409290453271, -34.160631316304261 ], [ -70.723313657180157, -34.159243280824576 ], [ -70.725393782539427, -34.159282446097258 ] ] ] } },
{ "type": "Feature", "properties": { "h3": "89b2c1c56c3ffff" }, "geometry": { "type": "Polygon", "coordinates": [ [ [ -70.69039484901387, -34.183902798556389 ], [ -70.691570251149429, -34.185329725314553 ], [ -70.690665817533727, -34.186716719307512 ], [ -70.688585990211678, -34.186676782718955 ], [ -70.687410624496053, -34.185249867147434 ], [ -70.688315049681194, -34.183862876978033 ], [ -70.69039484901387, -34.183902798556389 ] ] ] } },
{ "type": "Feature", "properties": { "h3": "89b2c1c1acbffff" }, "geometry": { "type": "Polygon", "coordinates": [ [ [ -70.801934227145608, -34.177562376979388 ], [ -70.803111197387707, -34.178988929639374 ], [ -70.802206686913593, -34.180377460283438 ], [ -70.800125214423318, -34.180339434463392 ], [ -70.798948280401987, -34.17891289290214 ], [ -70.799852782648813, -34.177524366062393 ], [ -70.801934227145608, -34.177562376979388 ] ] ] } },
{ "type": "Feature", "properties": { "h3": "89b2c1c7303ffff" }, "geometry": { "type": "Polygon", "coordinates": [ [ [ -70.639137165400882, -34.168865587155636 ], [ -70.640311758461507, -34.170293005189954 ], [ -70.639407428553838, -34.171679738002169 ], [ -70.637328514106784, -34.171639048940584 ], [ -70.636153957551898, -34.170211642139918 ], [ -70.637058278937005, -34.168824913167398 ], [ -70.639137165400882, -34.168865587155636 ] ] ] } },
{ "type": "Feature", "properties": { "h3": "89b2c1c0353ffff" }, "geometry": { "type": "Polygon", "coordinates": [ [ [ -70.754696877751314, -34.14015411217833 ], [ -70.755872992815469, -34.14158154275993 ], [ -70.754968661709995, -34.142970419721962 ], [ -70.752888223849695, -34.142931862273464 ], [ -70.751712145078898, -34.141504442842248 ], [ -70.752616467873679, -34.140115569709344 ], [ -70.754696877751314, -34.14015411217833 ] ] ] } },
{ "type": "Feature", "properties": { "h3": "89b2c1c13dbffff" }, "geometry": { "type": "Polygon", "coordinates": [ [ [ -70.820655139096061, -34.145575638491643 ], [ -70.821832223616283, -34.147002682598632 ], [ -70.820927814744138, -34.148392239319442 ], [ -70.818846329541444, -34.148354748119701 ], [ -70.817669281199343, -34.146927715107815 ], [ -70.818573681880451, -34.145538162200758 ], [ -70.820655139096061, -34.145575638491643 ] ] ] } },
{ "type": "Feature", "properties": { "h3": "89b2c1ce403ffff" }, "geometry": { "type": "Polygon", "coordinates": [ [ [ -70.728379680996866, -34.190243746873428 ], [ -70.729555658725488, -34.191670394463223 ], [ -70.728651166864282, -34.193057700825598 ], [ -70.726570705635027, -34.193018355784794 ], [ -70.725394764261111, -34.191591719348601 ], [ -70.72629924776038, -34.190204416799808 ], [ -70.728379680996866, -34.190243746873428 ] ] ] } },
{ "type": "Feature", "properties": { "h3": "89b2c1c132fffff" }, "geometry": { "type": "Polygon", "coordinates": [ [ [ -70.80654363191924, -34.160782948449722 ], [ -70.80772058764876, -34.162209781934571 ], [ -70.806816134967931, -34.163598786620248 ], [ -70.804734734774016, -34.16356095401099 ], [ -70.803557815252134, -34.162134131627177 ], [ -70.80446225971518, -34.160745130751792 ], [ -70.80654363191924, -34.160782948449722 ] ] ] } },
{ "type": "Feature", "properties": { "h3": "89b2c1ca80bffff" }, "geometry": { "type": "Polygon", "coordinates": [ [ [ -70.839951610828464, -34.183871240244031 ], [ -70.841129154425346, -34.185297511799035 ], [ -70.840224588085491, -34.186686354592872 ], [ -70.838142486305856, -34.186648922037726 ], [ -70.836964978864103, -34.185222661548487 ], [ -70.837869537045506, -34.18383382254882 ], [ -70.839951610828464, -34.183871240244031 ] ] ] } },
{ "type": "Feature", "properties": { "h3": "89b2c1c1063ffff" }, "geometry": { "type": "Polygon", "coordinates": [ [ [ -70.813865699963074, -34.139829638733971 ], [ -70.815042659965457, -34.141256815747546 ], [ -70.814138278082183, -34.14264643145372 ], [ -70.812056944398179, -34.142608866329027 ], [ -70.810880020584278, -34.141181700418109 ], [ -70.811784394264535, -34.139792088529397 ], [ -70.813865699963074, -34.139829638733971 ] ] ] } },
{ "type": "Feature", "properties": { "h3": "89b2c1c0087ffff" }, "geometry": { "type": "Polygon", "coordinates": [ [ [ -70.736786476863614, -34.115921770919442 ], [ -70.737962219336637, -34.117349713325851 ], [ -70.737057993500585, -34.118738970715007 ], [ -70.734978033531846, -34.118700281855233 ], [ -70.733802327376736, -34.117272350622379 ], [ -70.734706544871131, -34.115883097075944 ], [ -70.736786476863614, -34.115921770919442 ] ] ] } },
{ "type": "Feature", "properties": { "h3": "89b2c1c1cc7ffff" }, "geometry": { "type": "Polygon", "coordinates": [ [ [ -70.770980968418272, -34.147482907697061 ], [ -70.772157351748533, -34.14891013576576 ], [ -70.771252979176808, -34.150299031854594 ], [ -70.769172231555075, -34.150260696052079 ], [ -70.767995884491569, -34.148833479117975 ], [ -70.768900248781691, -34.147444586851989 ], [ -70.770980968418272, -34.147482907697061 ] ] ] } },
{ "type": "Feature", "properties": { "h3": "89b2c1c5547ffff" }, "geometry": { "type": "Polygon", "coordinates": [ [ [ -70.647536983684844, -34.191497661399268 ], [ -70.64871180597639, -34.19292463776361 ], [ -70.647807384655692, -34.194310911838429 ], [ -70.645728149551033, -34.194270205720464 ], [ -70.644553363757183, -34.192843240574739 ], [ -70.645457776568975, -34.191456970328574 ], [ -70.647536983684844, -34.191497661399268 ] ] ] } },
{ "type": "Feature", "properties": { "h3": "89b2c1c194fffff" }, "geometry": { "type": "Polygon", "coordinates": [ [ [ -70.759046233072638, -34.185200840199954 ], [ -70.760222626177935, -34.186627444138708 ], [ -70.759318125306535, -34.188015255099742 ], [ -70.75723723963435, -34.187976458312562 ], [ -70.756060882828081, -34.186549865504446 ], [ -70.756965375393634, -34.185162058353065 ], [ -70.759046233072638, -34.185200840199954 ] ] ] } },
{ "type": "Feature", "properties": { "h3": "89b2c1c0973ffff" }, "geometry": { "type": "Polygon", "coordinates": [ [ [ -70.686326972322092, -34.17399332822454 ], [ -70.687502268569006, -34.175420450255253 ], [ -70.686597875246676, -34.176807640317371 ], [ -70.68451819411338, -34.176767704520508 ], [ -70.683342934290621, -34.175340593683323 ], [ -70.684247319175682, -34.173953407449666 ], [ -70.686326972322092, -34.17399332822454 ] ] ] } },
{ "type": "Feature", "properties": { "h3": "89b2c1c06cbffff" }, "geometry": { "type": "Polygon", "coordinates": [ [ [ -70.773414704040974, -34.108158880396346 ], [ -70.774590934002688, -34.109586801944488 ], [ -70.773686703960635, -34.110976704726092 ], [ -70.771606252230029, -34.110938682121095 ], [ -70.770430058519153, -34.109510771719634 ], [ -70.77133428028668, -34.108120872776681 ], [ -70.773414704040974, -34.108158880396346 ] ] ] } },
{ "type": "Feature", "properties": { "h3": "89b2c1c42c3ffff" }, "geometry": { "type": "Polygon", "coordinates": [ [ [ -70.625841970880515, -34.192475246643788 ], [ -70.62701648549438, -34.193902299161209 ], [ -70.626112081339173, -34.195288279879712 ], [ -70.624033171117077, -34.195247204248616 ], [ -70.622858693039362, -34.193820162967022 ], [ -70.623763088646228, -34.192434186080924 ], [ -70.625841970880515, -34.192475246643788 ] ] ] } },
{ "type": "Feature", "properties": { "h3": "89b2c1c51cfffff" }, "geometry": { "type": "Polygon", "coordinates": [ [ [ -70.648889055886897, -34.205562731230046 ], [ -70.6500639649921, -34.206989449590154 ], [ -70.649159490532824, -34.20837539045521 ], [ -70.647080115474409, -34.2083346091378 ], [ -70.645905242868693, -34.2069079019901 ], [ -70.646809708820541, -34.2055219649476 ], [ -70.648889055886897, -34.205562731230046 ] ] ] } },
{ "type": "Feature", "properties": { "h3": "89b2c1c16a7ffff" }, "geometry": { "type": "Polygon", "coordinates": [ [ [ -70.818473978192017, -34.123038572776046 ], [ -70.819650923633205, -34.124466030411426 ], [ -70.81874659955777, -34.125856120009644 ], [ -70.816665338233307, -34.125818748149236 ], [ -70.815488428967456, -34.124391301618836 ], [ -70.816392744849367, -34.123001215844056 ], [ -70.818473978192017, -34.123038572776046 ] ] ] } },
{ "type": "Feature", "properties": { "h3": "89b2c1c15d7ffff" }, "geometry": { "type": "Polygon", "coordinates": [ [ [ -70.789699436943224, -34.115487456932506 ], [ -70.790875934952425, -34.116915176082607 ], [ -70.789971663625153, -34.118305098038633 ], [ -70.787890902532723, -34.118267297012395 ], [ -70.786714440747659, -34.116839588993194 ], [ -70.787618703829537, -34.115449670869531 ], [ -70.789699436943224, -34.115487456932506 ] ] ] } },
{ "type": "Feature", "properties": { "h3": "89b2c1c3217ffff" }, "geometry": { "type": "Polygon", "coordinates": [ [ [ -70.802990515081035, -34.091814075161409 ], [ -70.80416708986229, -34.09324215968342 ], [ -70.803262893987508, -34.094632833273138 ], [ -70.801182131549766, -34.094595418501555 ], [ -70.800005592962151, -34.093167345108114 ], [ -70.800909780617289, -34.091776675357892 ], [ -70.802990515081035, -34.091814075161409 ] ] ] } },
{ "type": "Feature", "properties": { "h3": "89b2c1c0283ffff" }, "geometry": { "type": "Polygon", "coordinates": [ [ [ -70.762563734613082, -34.124834950345573 ], [ -70.763739889026795, -34.126262620866328 ], [ -70.762835607273615, -34.127651975552581 ], [ -70.760755179400746, -34.127613655884332 ], [ -70.75957906126196, -34.12618599651308 ], [ -70.760483334719765, -34.124796645660744 ], [ -70.762563734613082, -34.124834950345573 ] ] ] } },
{ "type": "Feature", "properties": { "h3": "89b2c1c1ec3ffff" }, "geometry": { "type": "Polygon", "coordinates": [ [ [ -70.796769155156611, -34.156388618022042 ], [ -70.797945950092426, -34.15781557331406 ], [ -70.797041522082395, -34.15920456656508 ], [ -70.794960307370474, -34.159166600710186 ], [ -70.793783548658354, -34.157739656528697 ], [ -70.794687968433109, -34.156350667091743 ], [ -70.796769155156611, -34.156388618022042 ] ] ] } },
{ "type": "Feature", "properties": { "h3": "89b2c1c0b6fffff" }, "geometry": { "type": "Polygon", "coordinates": [ [ [ -70.709656936664928, -34.189888532794548 ], [ -70.71083264405955, -34.191315268416055 ], [ -70.709928170601557, -34.192702351965863 ], [ -70.707847998143578, -34.192662696076972 ], [ -70.706672327136658, -34.19123597162433 ], [ -70.70757679219868, -34.189848891891906 ], [ -70.709656936664928, -34.189888532794548 ] ] ] } },
{ "type": "Feature", "properties": { "h3": "89b2c1c53cbffff" }, "geometry": { "type": "Polygon", "coordinates": [ [ [ -70.674656066530716, -34.214487399296964 ], [ -70.675831389006433, -34.215913845827401 ], [ -70.674926857322561, -34.217299883884273 ], [ -70.672847011622864, -34.217259471596975 ], [ -70.6716717256039, -34.215833036254786 ], [ -70.67257624882653, -34.214447002011866 ], [ -70.674656066530716, -34.214487399296964 ] ] ] } },
{ "type": "Feature", "properties": { "h3": "89b2c1c7257ffff" }, "geometry": { "type": "Polygon", "coordinates": [ [ [ -70.666258097958334, -34.15956014232961 ], [ -70.667433036676627, -34.160987609818449 ], [ -70.666528715309497, -34.162374910128662 ], [ -70.664449463695448, -34.162334739111891 ], [ -70.663274561432388, -34.160907282838053 ], [ -70.664178874326794, -34.159519986366185 ], [ -70.666258097958334, -34.15956014232961 ] ] ] } },
{ "type": "Feature", "properties": { "h3": "89b2c1c0a43ffff" }, "geometry": { "type": "Polygon", "coordinates": [ [ [ -70.735976715149789, -34.172126282500109 ], [ -70.737152715027491, -34.173553221876659 ], [ -70.736248283033476, -34.174941072775077 ], [ -70.734167859507323, -34.174901980477536 ], [ -70.732991895965569, -34.173475052254986 ], [ -70.733896319612683, -34.172087205176155 ], [ -70.735976715149789, -34.172126282500109 ] ] ] } },
{ "type": "Feature", "properties": { "h3": "89b2c1cac03ffff" }, "geometry": { "type": "Polygon", "coordinates": [ [ [ -70.834781714137051, -34.162698135980328 ], [ -70.835959082431444, -34.164124810599475 ], [ -70.83505459845513, -34.165514116057658 ], [ -70.832972754349498, -34.165476743093045 ], [ -70.831795422213176, -34.164050079551487 ], [ -70.832699898023037, -34.162660777897166 ], [ -70.834781714137051, -34.162698135980328 ] ] ] } },
{ "type": "Feature", "properties": { "h3": "89b2c1c5053ffff" }, "geometry": { "type": "Polygon", "coordinates": [ [ [ -70.673031463397365, -34.197610007613747 ], [ -70.674206681661929, -34.199036763979628 ], [ -70.673302213728221, -34.200423201929439 ], [ -70.671222535991674, -34.200382879692292 ], [ -70.670047354181719, -34.198956134522128 ], [ -70.670951813652394, -34.197569700393551 ], [ -70.673031463397365, -34.197610007613747 ] ] ] } },
{ "type": "Feature", "properties": { "h3": "89b2c1c145bffff" }, "geometry": { "type": "Polygon", "coordinates": [ [ [ -70.820641619647347, -34.113232118297084 ], [ -70.821818549109892, -34.114659742039599 ], [ -70.820914259238933, -34.11605010185653 ], [ -70.818833048092969, -34.116012834104083 ], [ -70.817656154799025, -34.114585221468268 ], [ -70.818560436481064, -34.113194865478405 ], [ -70.820641619647347, -34.113232118297084 ] ] ] } },
{ "type": "Feature", "properties": { "h3": "89b2c1c5617ffff" }, "geometry": { "type": "Polygon", "coordinates": [ [ [ -70.68144227162469, -34.187943615145649 ], [ -70.682617564483465, -34.189370508338101 ], [ -70.681713124310434, -34.190757290953883 ], [ -70.679633399724352, -34.19071717655379 ], [ -70.678458143302493, -34.189290294553764 ], [ -70.679362575028406, -34.187903515761612 ], [ -70.68144227162469, -34.187943615145649 ] ] ] } },
{ "type": "Feature", "properties": { "h3": "89b2c1ce483ffff" }, "geometry": { "type": "Polygon", "coordinates": [ [ [ -70.724580463039715, -34.183149392465985 ], [ -70.725756352287831, -34.184576183902983 ], [ -70.724851890021796, -34.185963619729307 ], [ -70.722771546874682, -34.185924260301611 ], [ -70.721595693985918, -34.184497480023857 ], [ -70.722500147883551, -34.183110048014768 ], [ -70.724580463039715, -34.183149392465985 ] ] ] } },
{ "type": "Feature", "properties": { "h3": "89b2c1ca88bffff" }, "geometry": { "type": "Polygon", "coordinates": [ [ [ -70.836146203647331, -34.176776852483606 ], [ -70.837323658905461, -34.178203268304394 ], [ -70.836419121926554, -34.179592240587624 ], [ -70.834337137853041, -34.179554793252393 ], [ -70.833159718754672, -34.178128388502998 ], [ -70.834064247568691, -34.176739420017604 ], [ -70.836146203647331, -34.176776852483606 ] ] ] } },
{ "type": "Feature", "properties": { "h3": "89b2c1c0107ffff" }, "geometry": { "type": "Polygon", "coordinates": [ [ [ -70.719695932759024, -34.132473079571653 ], [ -70.72087150933713, -34.133900800183831 ], [ -70.719967238132639, -34.135289435159734 ], [ -70.717887398722468, -34.135250345684476 ], [ -70.716711858497348, -34.133822636253754 ], [ -70.717616121328021, -34.132434005117048 ], [ -70.719695932759024, -34.132473079571653 ] ] ] } },
{ "type": "Feature", "properties": { "h3": "89b2c1c1d47ffff" }, "geometry": { "type": "Polygon", "coordinates": [ [ [ -70.753886297434576, -34.164030939343867 ], [ -70.755062515208778, -34.165457945604032 ], [ -70.754158096924485, -34.166846219183427 ], [ -70.752077469178445, -34.166807482683453 ], [ -70.750901287706114, -34.165380487565741 ], [ -70.751805697676616, -34.163992217805749 ], [ -70.753886297434576, -34.164030939343867 ] ] ] } },
{ "type": "Feature", "properties": { "h3": "89b2c1c0d6bffff" }, "geometry": { "type": "Polygon", "coordinates": [ [ [ -70.687956435937878, -34.158572191003906 ], [ -70.689131681775663, -34.159999582207639 ], [ -70.688227343740081, -34.161387175837639 ], [ -70.686147768298625, -34.161347374429532 ], [ -70.684972558877547, -34.159919994423589 ], [ -70.685876888479882, -34.158532404628154 ], [ -70.687956435937878, -34.158572191003906 ] ] ] } },
{ "type": "Feature", "properties": { "h3": "89b2c1c55c7ffff" }, "geometry": { "type": "Polygon", "coordinates": [ [ [ -70.643742317093441, -34.184403024994765 ], [ -70.644917050805532, -34.185830144886729 ], [ -70.644012659248318, -34.187216548400947 ], [ -70.64193354249295, -34.187175828191045 ], [ -70.640758845283102, -34.185748719523332 ], [ -70.641663228325029, -34.184362319841462 ], [ -70.643742317093441, -34.184403024994765 ] ] ] } },
{ "type": "Feature", "properties": { "h3": "89b2c1c19cfffff" }, "geometry": { "type": "Polygon", "coordinates": [ [ [ -70.755245362551094, -34.178106155549195 ], [ -70.756421667216955, -34.179532903434712 ], [ -70.755517195875683, -34.180920843860903 ], [ -70.753436428179441, -34.180882032588443 ], [ -70.752260159817197, -34.17945529583919 ], [ -70.753164622846199, -34.178067359226333 ], [ -70.755245362551094, -34.178106155549195 ] ] ] } },
{ "type": "Feature", "properties": { "h3": "89b2c1c7207ffff" }, "geometry": { "type": "Polygon", "coordinates": [ [ [ -70.657037090098683, -34.160786533819902 ], [ -70.658211902075053, -34.162214019215476 ], [ -70.657307584897325, -34.163601174776744 ], [ -70.655228464231413, -34.163560841103049 ], [ -70.654053688726862, -34.162133366929524 ], [ -70.654957997415067, -34.160746215207872 ], [ -70.657037090098683, -34.160786533819902 ] ] ] } },
{ "type": "Feature", "properties": { "h3": "89b2c1c1657ffff" }, "geometry": { "type": "Polygon", "coordinates": [ [ [ -70.83720651042087, -34.123373229310147 ], [ -70.83838372495201, -34.124800598472547 ], [ -70.837479383627823, -34.126190910803643 ], [ -70.83539783593055, -34.12615385015301 ], [ -70.834220657541607, -34.12472649208032 ], [ -70.835124990706376, -34.123336183568767 ], [ -70.83720651042087, -34.123373229310147 ] ] ] } },
{ "type": "Feature", "properties": { "h3": "89b2c1c1d97ffff" }, "geometry": { "type": "Polygon", "coordinates": [ [ [ -70.74031672037141, -34.152536149162614 ], [ -70.741492688657203, -34.153963420716487 ], [ -70.740588324886872, -34.155351812248774 ], [ -70.738508001167105, -34.155312928400562 ], [ -70.737332069203802, -34.153885668004271 ], [ -70.738236424636426, -34.152497280298817 ], [ -70.74031672037141, -34.152536149162614 ] ] ] } },
{ "type": "Feature", "properties": { "h3": "89b2c1c067bffff" }, "geometry": { "type": "Polygon", "coordinates": [ [ [ -70.771245962843736, -34.117963645396983 ], [ -70.772422208674172, -34.119391400972241 ], [ -70.771517944489858, -34.12078103354964 ], [ -70.769437442752903, -34.120742906716934 ], [ -70.768261233180041, -34.119315162286618 ], [ -70.769165489085225, -34.117925533544252 ], [ -70.771245962843736, -34.117963645396983 ] ] ] } },
{ "type": "Feature", "properties": { "h3": "89b2c1c0303ffff" }, "geometry": { "type": "Polygon", "coordinates": [ [ [ -70.745471113454457, -34.141388533992895 ], [ -70.74664710224873, -34.142815982741674 ], [ -70.745742774873207, -34.144204714996981 ], [ -70.743662467029679, -34.144165994673273 ], [ -70.74248651454549, -34.142738557081891 ], [ -70.743390833593423, -34.141349828656999 ], [ -70.745471113454457, -34.141388533992895 ] ] ] } },
{ "type": "Feature", "properties": { "h3": "89b2c1c544bffff" }, "geometry": { "type": "Polygon", "coordinates": [ [ [ -70.674661761154908, -34.182195597237303 ], [ -70.675836929036279, -34.183622622879064 ], [ -70.674932516386235, -34.185009464480089 ], [ -70.672852944312467, -34.18496927661225 ], [ -70.671677812878244, -34.183542262170484 ], [ -70.672582217069262, -34.182155424396782 ], [ -70.674661761154908, -34.182195597237303 ] ] ] } },
{ "type": "Feature", "properties": { "h3": "89b2c1c1853ffff" }, "geometry": { "type": "Polygon", "coordinates": [ [ [ -70.779400266399591, -34.170123702750139 ], [ -70.780576878672491, -34.171550487958491 ], [ -70.779672415303935, -34.172938925315385 ], [ -70.777591347928919, -34.17290057365225 ], [ -70.776414771914531, -34.171473799563522 ], [ -70.777319227015298, -34.17008536601849 ], [ -70.779400266399591, -34.170123702750139 ] ] ] } },
{ "type": "Feature", "properties": { "h3": "89b2c1c0157ffff" }, "geometry": { "type": "Polygon", "coordinates": [ [ [ -70.728919767847586, -34.131240231769752 ], [ -70.730095470818441, -34.1326679343276 ], [ -70.729191195750474, -34.134056714020907 ], [ -70.727111226067265, -34.13401778731869 ], [ -70.725935559432742, -34.132590095935299 ], [ -70.726839826143731, -34.131201320079875 ], [ -70.728919767847586, -34.131240231769752 ] ] ] } },
{ "type": "Feature", "properties": { "h3": "89b2c1c0877ffff" }, "geometry": { "type": "Polygon", "coordinates": [ [ [ -70.704231873057708, -34.165907011388079 ], [ -70.705407387730645, -34.16733420053945 ], [ -70.704503007615941, -34.168721813323621 ], [ -70.702423121231149, -34.168682233128251 ], [ -70.701247642948388, -34.167255055158833 ], [ -70.702152014658893, -34.165867446203002 ], [ -70.704231873057708, -34.165907011388079 ] ] ] } },
{ "type": "Feature", "properties": { "h3": "89b2c1cac83ffff" }, "geometry": { "type": "Polygon", "coordinates": [ [ [ -70.830976925777918, -34.155601673627821 ], [ -70.832154205742413, -34.157028492392051 ], [ -70.831249751132759, -34.158417927300349 ], [ -70.829168024730166, -34.158380539637065 ], [ -70.827990780928403, -34.156953731956037 ], [ -70.828895227365138, -34.155564300855282 ], [ -70.830976925777918, -34.155601673627821 ] ] ] } },
{ "type": "Feature", "properties": { "h3": "89b2c1c1133ffff" }, "geometry": { "type": "Polygon", "coordinates": [ [ [ -70.783193785193276, -34.144895775027607 ], [ -70.784370330913248, -34.146322995950051 ], [ -70.783465957090385, -34.147712107170463 ], [ -70.781385045805393, -34.147673993647139 ], [ -70.780208536329781, -34.14624678385033 ], [ -70.781112901893451, -34.144857676451416 ], [ -70.783193785193276, -34.144895775027607 ] ] ] } },
{ "type": "Feature", "properties": { "h3": "89b2c1c50d3ffff" }, "geometry": { "type": "Polygon", "coordinates": [ [ [ -70.66923525948809, -34.190516086986541 ], [ -70.67041038919956, -34.191942987011643 ], [ -70.669505950977907, -34.193329554420067 ], [ -70.667426391512862, -34.193289217978695 ], [ -70.666251298260562, -34.191862329154972 ], [ -70.667155728012773, -34.190475765571463 ], [ -70.66923525948809, -34.190516086986541 ] ] ] } },
{ "type": "Feature", "properties": { "h3": "89b2c1c14dbffff" }, "geometry": { "type": "Polygon", "coordinates": [ [ [ -70.816838392457413, -34.106130805883922 ], [ -70.818015233608108, -34.107558573480468 ], [ -70.817110973121544, -34.108949062654339 ], [ -70.815029879678249, -34.108911780401087 ], [ -70.813853074700816, -34.107484023916832 ], [ -70.814757326992023, -34.106093538573731 ], [ -70.816838392457413, -34.106130805883922 ] ] ] } },
{ "type": "Feature", "properties": { "h3": "89b2c1ce503ffff" }, "geometry": { "type": "Polygon", "coordinates": [ [ [ -70.707485933372965, -34.199676829361316 ], [ -70.70866165649926, -34.201103398835485 ], [ -70.707757148958606, -34.202490211995844 ], [ -70.705676926690927, -34.202450451868458 ], [ -70.704501239959072, -34.201023893561349 ], [ -70.70540573909912, -34.19963708421475 ], [ -70.707485933372965, -34.199676829361316 ] ] ] } },
{ "type": "Feature", "properties": { "h3": "89b2c1c1163ffff" }, "geometry": { "type": "Polygon", "coordinates": [ [ [ -70.792966604330402, -34.149291345657069 ], [ -70.794143310893901, -34.150718444911469 ], [ -70.793238912328405, -34.152107567588871 ], [ -70.79115781543976, -34.152069587194319 ], [ -70.789981145104605, -34.150642499056062 ], [ -70.790885535428401, -34.149253380196392 ], [ -70.792966604330402, -34.149291345657069 ] ] ] } },
{ "type": "Feature", "properties": { "h3": "89b2c1c0187ffff" }, "geometry": { "type": "Polygon", "coordinates": [ [ [ -70.715898098669513, -34.125373105305066 ], [ -70.717073586798151, -34.126800969456006 ], [ -70.716169345192966, -34.128189733790201 ], [ -70.714089623838049, -34.12815063013074 ], [ -70.712914172066974, -34.126722777166904 ], [ -70.713818405291931, -34.12533401667563 ], [ -70.715898098669513, -34.125373105305066 ] ] ] } },
{ "type": "Feature", "properties": { "h3": "89b2c1c1dc7ffff" }, "geometry": { "type": "Polygon", "coordinates": [ [ [ -70.750086045625665, -34.156934183118103 ], [ -70.751262174969384, -34.158361333204219 ], [ -70.75035778622086, -34.159749736209505 ], [ -70.748277276447482, -34.159710985305772 ], [ -70.74710118341028, -34.158283846367731 ], [ -70.748005563838561, -34.156895447185533 ], [ -70.750086045625665, -34.156934183118103 ] ] ] } },
{ "type": "Feature", "properties": { "h3": "89b2c1c5647ffff" }, "geometry": { "type": "Polygon", "coordinates": [ [ [ -70.69120777481649, -34.19234420601456 ], [ -70.692383229059359, -34.193770977878579 ], [ -70.691478763579866, -34.195157771957852 ], [ -70.689398852285819, -34.195117790353365 ], [ -70.688223434463936, -34.193691029672273 ], [ -70.689127891513749, -34.19230423941292 ], [ -70.69120777481649, -34.19234420601456 ] ] ] } },
{ "type": "Feature", "properties": { "h3": "89b2c1c466bffff" }, "geometry": { "type": "Polygon", "coordinates": [ [ [ -70.625301770145541, -34.186848825574678 ], [ -70.626476250044831, -34.188275981219441 ], [ -70.625571867149375, -34.189662095206693 ], [ -70.623493012902244, -34.189621049714518 ], [ -70.622318569538379, -34.18819390530809 ], [ -70.623222943884898, -34.186807795155701 ], [ -70.625301770145541, -34.186848825574678 ] ] ] } },
{ "type": "Feature", "properties": { "h3": "89b2c1ce4d3ffff" }, "geometry": { "type": "Polygon", "coordinates": [ [ [ -70.733806504087994, -34.181918823395286 ], [ -70.734982519756031, -34.183345596632194 ], [ -70.734078053650279, -34.18473317717995 ], [ -70.731997580226704, -34.184693980675029 ], [ -70.730821600901365, -34.183267218590359 ], [ -70.731726058655568, -34.181879641858565 ], [ -70.733806504087994, -34.181918823395286 ] ] ] } },
{ "type": "Feature", "properties": { "h3": "89b2c1c0a73ffff" }, "geometry": { "type": "Polygon", "coordinates": [ [ [ -70.730007108593654, -34.17482369226687 ], [ -70.731183035793777, -34.176250609333501 ], [ -70.730278599269937, -34.177638319332267 ], [ -70.728198243902568, -34.17759910844498 ], [ -70.727022353049733, -34.17617220253625 ], [ -70.727926781215629, -34.174784496357098 ], [ -70.730007108593654, -34.17482369226687 ] ] ] } },
{ "type": "Feature", "properties": { "h3": "89b2c1c14abffff" }, "geometry": { "type": "Polygon", "coordinates": [ [ [ -70.801912117625278, -34.112895598782245 ], [ -70.803088777852651, -34.114323310798028 ], [ -70.802184505403332, -34.115713447861097 ], [ -70.800103580948289, -34.11567586907762 ], [ -70.798926956922642, -34.114248168183821 ], [ -70.799831221148978, -34.112858034951735 ], [ -70.801912117625278, -34.112895598782245 ] ] ] } },
{ "type": "Feature", "properties": { "h3": "89b2c1c50a3ffff" }, "geometry": { "type": "Polygon", "coordinates": [ [ [ -70.654315775105943, -34.197246000613106 ], [ -70.655490722464947, -34.198672844612013 ], [ -70.65458627351714, -34.200059059699932 ], [ -70.652506885706018, -34.200018426964128 ], [ -70.651331974834491, -34.19859159417625 ], [ -70.652236415285302, -34.197205382913324 ], [ -70.654315775105943, -34.197246000613106 ] ] ] } },
{ "type": "Feature", "properties": { "h3": "89b2c1c52cfffff" }, "geometry": { "type": "Polygon", "coordinates": [ [ [ -70.692562786119069, -34.206410852849174 ], [ -70.693738327216465, -34.207837366468702 ], [ -70.692833808626503, -34.209223827320081 ], [ -70.690753757365982, -34.209183770738264 ], [ -70.689578252691391, -34.207757268295424 ], [ -70.690482762853165, -34.206370811257898 ], [ -70.692562786119069, -34.206410852849174 ] ] ] } },
{ "type": "Feature", "properties": { "h3": "89b2c1c16d7ffff" }, "geometry": { "type": "Polygon", "coordinates": [ [ [ -70.833402194393614, -34.116272982400559 ], [ -70.834579320626105, -34.11770049553175 ], [ -70.833675008654112, -34.119090937243449 ], [ -70.831593578614147, -34.119053862000897 ], [ -70.830416488528513, -34.117626359965023 ], [ -70.831320792334623, -34.116235922076562 ], [ -70.833402194393614, -34.116272982400559 ] ] ] } },
{ "type": "Feature", "properties": { "h3": "89b2c1c0383ffff" }, "geometry": { "type": "Polygon", "coordinates": [ [ [ -70.741671686635897, -34.134289549519004 ], [ -70.742847587005713, -34.135717141952654 ], [ -70.741943289178039, -34.137106003590709 ], [ -70.73986309931324, -34.137067268961161 ], [ -70.738687235258126, -34.135639687690521 ], [ -70.739591524751788, -34.134250829886604 ], [ -70.741671686635897, -34.134289549519004 ] ] ] } },
{ "type": "Feature", "properties": { "h3": "89b2c1c000bffff" }, "geometry": { "type": "Polygon", "coordinates": [ [ [ -70.746825686055786, -34.123138323003801 ], [ -70.748001606925484, -34.124566092567704 ], [ -70.747097345491269, -34.125955294881187 ], [ -70.745017171509886, -34.125916723793217 ], [ -70.743841286942484, -34.12448896539216 ], [ -70.744745540052818, -34.123099766916404 ], [ -70.746825686055786, -34.123138323003801 ] ] ] } },
{ "type": "Feature", "properties": { "h3": "89b2c1c1c4bffff" }, "geometry": { "type": "Polygon", "coordinates": [ [ [ -70.781024956569809, -34.154695180733569 ], [ -70.782201518185872, -34.156122235511774 ], [ -70.78129711019794, -34.157511076441459 ], [ -70.779216148856406, -34.157472858775222 ], [ -70.778039623491438, -34.156045815120869 ], [ -70.778944023215558, -34.154656978009086 ], [ -70.781024956569809, -34.154695180733569 ] ] ] } },
{ "type": "Feature", "properties": { "h3": "89b2c1c0c6fffff" }, "geometry": { "type": "Polygon", "coordinates": [ [ [ -70.705860370586535, -34.150482646672074 ], [ -70.70703583480568, -34.151910105021976 ], [ -70.706131509992517, -34.153298121348165 ], [ -70.704051729359065, -34.153258675490228 ], [ -70.702876301522664, -34.151831228326515 ], [ -70.703780617935635, -34.150443215834763 ], [ -70.705860370586535, -34.150482646672074 ] ] ] } },
{ "type": "Feature", "properties": { "h3": "89b2c1c0847ffff" }, "geometry": { "type": "Polygon", "coordinates": [ [ [ -70.710200429135014, -34.163210534685291 ], [ -70.711376016571293, -34.164637746194785 ], [ -70.710471640899186, -34.166025499880426 ], [ -70.708391686182594, -34.165986038228439 ], [ -70.707216135125137, -34.16455883789704 ], [ -70.7081205024041, -34.163171088039704 ], [ -70.710200429135014, -34.163210534685291 ] ] ] } },
{ "type": "Feature", "properties": { "h3": "89b2c1c54cbffff" }, "geometry": { "type": "Polygon", "coordinates": [ [ [ -70.670865703466191, -34.175100196039686 ], [ -70.672040782807613, -34.176527365274339 ], [ -70.67113639986249, -34.177914336307303 ], [ -70.66905694604003, -34.177874134274809 ], [ -70.667881903150345, -34.176446976245792 ], [ -70.668786277630034, -34.175060009043854 ], [ -70.670865703466191, -34.175100196039686 ] ] ] } },
{ "type": "Feature", "properties": { "h3": "89b2c1c18d3ffff" }, "geometry": { "type": "Polygon", "coordinates": [ [ [ -70.775598481640188, -34.16302766661294 ], [ -70.776775005509506, -34.164454595778729 ], [ -70.775870571625006, -34.165843162580728 ], [ -70.773789622144079, -34.165804796401609 ], [ -70.772613134537877, -34.164377878361066 ], [ -70.77351756014815, -34.162989315374602 ], [ -70.775598481640188, -34.16302766661294 ] ] ] } },
{ "type": "Feature", "properties": { "h3": "89b2c1c1823ffff" }, "geometry": { "type": "Polygon", "coordinates": [ [ [ -70.764473110015999, -34.176872889171364 ], [ -70.765649540939449, -34.178299618762338 ], [ -70.76474506591785, -34.179687703895418 ], [ -70.762664168266838, -34.179649055625688 ], [ -70.761487773630307, -34.17822233716398 ], [ -70.762392240356533, -34.17683425584292 ], [ -70.764473110015999, -34.176872889171364 ] ] ] } },
{ "type": "Feature", "properties": { "h3": "89b2c1c541bffff" }, "geometry": { "type": "Polygon", "coordinates": [ [ [ -70.664898134981968, -34.17779362674262 ], [ -70.666073141414245, -34.17922077356404 ], [ -70.665168754158699, -34.180607603679391 ], [ -70.663089368945947, -34.180567283142508 ], [ -70.661914398976705, -34.17914014753061 ], [ -70.662818777755831, -34.177753321246286 ], [ -70.664898134981968, -34.17779362674262 ] ] ] } },
{ "type": "Feature", "properties": { "h3": "89b2c1cad03ffff" }, "geometry": { "type": "Polygon", "coordinates": [ [ [ -70.813878328549379, -34.172159015441437 ], [ -70.815055443617553, -34.173585612477126 ], [ -70.814150942708807, -34.174974424882606 ], [ -70.812069334935671, -34.174936636448408 ], [ -70.810892256065486, -34.173510050503751 ], [ -70.811796748769069, -34.172121241902452 ], [ -70.813878328549379, -34.172159015441437 ] ] ] } },
{ "type": "Feature", "properties": { "h3": "89b2c1c5153ffff" }, "geometry": { "type": "Polygon", "coordinates": [ [ [ -70.652143374423645, -34.207030171649677 ], [ -70.653318337387148, -34.208456849605014 ], [ -70.652413854426257, -34.209842794291426 ], [ -70.650334417002128, -34.209802057201344 ], [ -70.649159490532824, -34.20837539045521 ], [ -70.6500639649921, -34.206989449590154 ], [ -70.652143374423645, -34.207030171649677 ] ] ] } },
{ "type": "Feature", "properties": { "h3": "89b2c1c155bffff" }, "geometry": { "type": "Polygon", "coordinates": [ [ [ -70.799744024852842, -34.122701116062501 ], [ -70.800920701015471, -34.124128662017597 ], [ -70.800016394385878, -34.125518528863722 ], [ -70.797935419819908, -34.125480845927569 ], [ -70.796758779865755, -34.12405331109268 ], [ -70.797663078267746, -34.122663448073929 ], [ -70.799744024852842, -34.122701116062501 ] ] ] } },
{ "type": "Feature", "properties": { "h3": "89b2c1ce583ffff" }, "geometry": { "type": "Polygon", "coordinates": [ [ [ -70.703687749560586, -34.19258328070989 ], [ -70.704863384174104, -34.194009993991713 ], [ -70.703958906274408, -34.19539693662577 ], [ -70.701878802166831, -34.195357162160789 ], [ -70.700703203952358, -34.193930460051682 ], [ -70.701607673445054, -34.192543521235038 ], [ -70.703687749560586, -34.19258328070989 ] ] ] } },
{ "type": "Feature", "properties": { "h3": "89b2c1c0207ffff" }, "geometry": { "type": "Polygon", "coordinates": [ [ [ -70.763379372895969, -34.133285671303959 ], [ -70.764555579431459, -34.134713186956638 ], [ -70.763651265858286, -34.136102341835588 ], [ -70.761570754042779, -34.136063977231821 ], [ -70.760394583783281, -34.134636472724964 ], [ -70.761298889061976, -34.133247321676244 ], [ -70.763379372895969, -34.133285671303959 ] ] ] } },
{ "type": "Feature", "properties": { "h3": "89b2c1c73d3ffff" }, "geometry": { "type": "Polygon", "coordinates": [ [ [ -70.644563017416729, -34.160544105178232 ], [ -70.645737648757589, -34.161971648766034 ], [ -70.64483334432343, -34.163358655733319 ], [ -70.642754417059237, -34.163318115270854 ], [ -70.64157982221208, -34.161890582915312 ], [ -70.642484118134092, -34.160503579790166 ], [ -70.644563017416729, -34.160544105178232 ] ] ] } },
{ "type": "Feature", "properties": { "h3": "89b2c1c1e47ffff" }, "geometry": { "type": "Polygon", "coordinates": [ [ [ -70.797586276272668, -34.164836108668801 ], [ -70.798763123362178, -34.166262908844708 ], [ -70.797858663537625, -34.167651702216801 ], [ -70.795777364856548, -34.16761369160281 ], [ -70.794600553991742, -34.166186902533752 ], [ -70.795505005581944, -34.164798112972058 ], [ -70.797586276272668, -34.164836108668801 ] ] ] } },
{ "type": "Feature", "properties": { "h3": "89b2c1c0e6bffff" }, "geometry": { "type": "Polygon", "coordinates": [ [ [ -70.731634350961869, -34.159399734779164 ], [ -70.732810227635454, -34.160826921223375 ], [ -70.731905846443709, -34.162215034802337 ], [ -70.729825596930951, -34.16217595811159 ], [ -70.728649756597221, -34.160748782829494 ], [ -70.729554129435016, -34.159360673076215 ], [ -70.731634350961869, -34.159399734779164 ] ] ] } },
{ "type": "Feature", "properties": { "h3": "89b2c1c56c7ffff" }, "geometry": { "type": "Polygon", "coordinates": [ [ [ -70.687410624496053, -34.185249867147434 ], [ -70.688585990211678, -34.186676782718955 ], [ -70.687681554405188, -34.188063706253587 ], [ -70.685601761317798, -34.188023710393317 ], [ -70.684426432027763, -34.18659680601035 ], [ -70.685330859398178, -34.185209886299305 ], [ -70.687410624496053, -34.185249867147434 ] ] ] } },
{ "type": "Feature", "properties": { "h3": "89b2c1c1b9bffff" }, "geometry": { "type": "Polygon", "coordinates": [ [ [ -70.771259997356978, -34.182618182494849 ], [ -70.772436552984246, -34.184044779229431 ], [ -70.7715320507792, -34.185432805344185 ], [ -70.769451001228973, -34.185394230916209 ], [ -70.768274481878322, -34.183967645303319 ], [ -70.769178975799917, -34.18257962299689 ], [ -70.771259997356978, -34.182618182494849 ] ] ] } },
{ "type": "Feature", "properties": { "h3": "89b2c1c1acfffff" }, "geometry": { "type": "Polygon", "coordinates": [ [ [ -70.798948280401987, -34.17891289290214 ], [ -70.800125214423318, -34.180339434463392 ], [ -70.799220701570405, -34.181727894665201 ], [ -70.797139262927615, -34.181689809501584 ], [ -70.795962365132752, -34.180263279040993 ], [ -70.796866869752847, -34.178874822643557 ], [ -70.798948280401987, -34.17891289290214 ] ] ] } },
{ "type": "Feature", "properties": { "h3": "89b2c1c7307ffff" }, "geometry": { "type": "Polygon", "coordinates": [ [ [ -70.636153957551898, -34.170211642139918 ], [ -70.637328514106784, -34.171639048940584 ], [ -70.63642418209497, -34.173025711292119 ], [ -70.634345302054996, -34.172984963003486 ], [ -70.63317078201149, -34.171557567438384 ], [ -70.634075105495228, -34.170170908926558 ], [ -70.636153957551898, -34.170211642139918 ] ] ] } },
{ "type": "Feature", "properties": { "h3": "89b2c1ce407ffff" }, "geometry": { "type": "Polygon", "coordinates": [ [ [ -70.725394764261111, -34.191591719348601 ], [ -70.726570705635027, -34.193018355784794 ], [ -70.725666211518842, -34.194405591691954 ], [ -70.723585784394913, -34.194366187349488 ], [ -70.722409879381431, -34.192939562068801 ], [ -70.723314365130108, -34.191552329975266 ], [ -70.725394764261111, -34.191591719348601 ] ] ] } },
{ "type": "Feature", "properties": { "h3": "89b2c1ca80fffff" }, "geometry": { "type": "Polygon", "coordinates": [ [ [ -70.836964978864103, -34.185222661548487 ], [ -70.838142486305856, -34.186648922037726 ], [ -70.837237917522899, -34.188037694392705 ], [ -70.83515584946079, -34.188000202464416 ], [ -70.83397837817985, -34.186573953042874 ], [ -70.834882938798842, -34.185185184482123 ], [ -70.836964978864103, -34.185222661548487 ] ] ] } },
{ "type": "Feature", "properties": { "h3": "89b2c1c1067ffff" }, "geometry": { "type": "Polygon", "coordinates": [ [ [ -70.810880020584278, -34.141181700418109 ], [ -70.812056944398179, -34.142608866329027 ], [ -70.811152560116682, -34.143998411604848 ], [ -70.809071260228464, -34.143960787152437 ], [ -70.807894372608743, -34.142533632346115 ], [ -70.808798748681681, -34.141144090887792 ], [ -70.810880020584278, -34.141181700418109 ] ] ] } },
{ "type": "Feature", "properties": { "h3": "89b2c1c008bffff" }, "geometry": { "type": "Polygon", "coordinates": [ [ [ -70.743026464961702, -34.116037585436345 ], [ -70.744202297421722, -34.117465498604027 ], [ -70.743298065528137, -34.118854830267992 ], [ -70.741218009503498, -34.118816244923046 ], [ -70.740042213350378, -34.117388342923832 ], [ -70.740946436913632, -34.115999015101316 ], [ -70.743026464961702, -34.116037585436345 ] ] ] } },
{ "type": "Feature", "properties": { "h3": "89b2c1c1ccbffff" }, "geometry": { "type": "Polygon", "coordinates": [ [ [ -70.777223319028735, -34.147597662928817 ], [ -70.778399792254305, -34.149024861598058 ], [ -70.777495413743353, -34.150413831945926 ], [ -70.7754145702757, -34.150375599803176 ], [ -70.774238133305843, -34.148948412263444 ], [ -70.775142503546562, -34.147559445737151 ], [ -70.777223319028735, -34.147597662928817 ] ] ] } },
{ "type": "Feature", "properties": { "h3": "89b2c1c554bffff" }, "geometry": { "type": "Polygon", "coordinates": [ [ [ -70.653774798493586, -34.191619527714089 ], [ -70.654949711126093, -34.193046474915292 ], [ -70.654045283431529, -34.194432823282398 ], [ -70.651965951600658, -34.19439222062109 ], [ -70.650791075454904, -34.192965284633388 ], [ -70.651695494651875, -34.191578940093706 ], [ -70.653774798493586, -34.191619527714089 ] ] ] } },
{ "type": "Feature", "properties": { "h3": "89b2c1c1953ffff" }, "geometry": { "type": "Polygon", "coordinates": [ [ [ -70.758502468911644, -34.17957165539368 ], [ -70.759678827255527, -34.180998362724225 ], [ -70.758774347607769, -34.182386306962492 ], [ -70.756693517921235, -34.182347540058345 ], [ -70.755517195875683, -34.180920843860903 ], [ -70.756421667216955, -34.179532903434712 ], [ -70.758502468911644, -34.17957165539368 ] ] ] } },
{ "type": "Feature", "properties": { "h3": "89b2c1c0977ffff" }, "geometry": { "type": "Polygon", "coordinates": [ [ [ -70.683342934290621, -34.175340593683323 ], [ -70.68451819411338, -34.176767704520508 ], [ -70.683613798607297, -34.178154824126402 ], [ -70.681534151719902, -34.178114829066814 ], [ -70.680358928326996, -34.176687729425076 ], [ -70.681263315390282, -34.175300613647678 ], [ -70.683342934290621, -34.175340593683323 ] ] ] } },
{ "type": "Feature", "properties": { "h3": "89b2c1cad83ffff" }, "geometry": { "type": "Polygon", "coordinates": [ [ [ -70.810074570084439, -34.165063356566279 ], [ -70.811251596790058, -34.166490097707694 ], [ -70.810347125293916, -34.167879039573215 ], [ -70.808265635302419, -34.167841236489686 ], [ -70.807088644799435, -34.166414506444937 ], [ -70.807993108083963, -34.165025568387257 ], [ -70.810074570084439, -34.165063356566279 ] ] ] } },
{ "type": "Feature", "properties": { "h3": "89b2c1c51d3ffff" }, "geometry": { "type": "Polygon", "coordinates": [ [ [ -70.648348206801245, -34.199937058019856 ], [ -70.649523081179652, -34.201363879594787 ], [ -70.648618627976433, -34.202749953749503 ], [ -70.646539308901495, -34.202709202504465 ], [ -70.645364471021864, -34.201282392144414 ], [ -70.646268915717059, -34.19989632181472 ], [ -70.648348206801245, -34.199937058019856 ] ] ] } },
{ "type": "Feature", "properties": { "h3": "89b2c1c15dbffff" }, "geometry": { "type": "Polygon", "coordinates": [ [ [ -70.79594182767795, -34.115600607860159 ], [ -70.797118415496158, -34.117028297630078 ], [ -70.796214138296833, -34.118418293843305 ], [ -70.794133281511975, -34.118380596455751 ], [ -70.792956729906891, -34.116952917811638 ], [ -70.793860998872177, -34.115562925429479 ], [ -70.79594182767795, -34.115600607860159 ] ] ] } },
{ "type": "Feature", "properties": { "h3": "89b2c1c1263ffff" }, "geometry": { "type": "Polygon", "coordinates": [ [ [ -70.836676413630144, -34.150080632578486 ], [ -70.837853748512615, -34.151507525237889 ], [ -70.836949309371548, -34.152897167631096 ], [ -70.834867543508835, -34.152859913556455 ], [ -70.833690244777358, -34.151433031977618 ], [ -70.834594675756264, -34.150043393393062 ], [ -70.836676413630144, -34.150080632578486 ] ] ] } },
{ "type": "Feature", "properties": { "h3": "89b2c1c0287ffff" }, "geometry": { "type": "Polygon", "coordinates": [ [ [ -70.75957906126196, -34.12618599651308 ], [ -70.760755179400746, -34.127613655884332 ], [ -70.759850895336157, -34.12900294013744 ], [ -70.75777050143239, -34.128964561185526 ], [ -70.75659441957427, -34.127536912965674 ], [ -70.757498695337915, -34.126147632546548 ], [ -70.75957906126196, -34.12618599651308 ] ] ] } },
{ "type": "Feature", "properties": { "h3": "89b2c1c02d3ffff" }, "geometry": { "type": "Polygon", "coordinates": [ [ [ -70.771789932905335, -34.123598303488436 ], [ -70.772966213484366, -34.125025955824171 ], [ -70.772061928090437, -34.126415455207002 ], [ -70.769981370394646, -34.126377298421716 ], [ -70.7688051260739, -34.124949657228463 ], [ -70.769709403189324, -34.123560161678228 ], [ -70.771789932905335, -34.123598303488436 ] ] ] } },
{ "type": "Feature", "properties": { "h3": "89b2c1c1ec7ffff" }, "geometry": { "type": "Polygon", "coordinates": [ [ [ -70.793783548658354, -34.157739656528697 ], [ -70.794960307370474, -34.159166600710186 ], [ -70.794055876990768, -34.16055552352401 ], [ -70.791974696138382, -34.160517498342408 ], [ -70.7907979736556, -34.159090565273367 ], [ -70.791702395794516, -34.157701646273651 ], [ -70.793783548658354, -34.157739656528697 ] ] ] } },
{ "type": "Feature", "properties": { "h3": "89b2c1c0b73ffff" }, "geometry": { "type": "Polygon", "coordinates": [ [ [ -70.709114489052652, -34.184260539584045 ], [ -70.710290161702545, -34.185687378505129 ], [ -70.709385709482049, -34.187074595331843 ], [ -70.707305593006879, -34.187034969417894 ], [ -70.706129956743965, -34.18560814166819 ], [ -70.707034400567906, -34.184220928661261 ], [ -70.709114489052652, -34.184260539584045 ] ] ] } },
{ "type": "Feature", "properties": { "h3": "89b2c1c12afffff" }, "geometry": { "type": "Polygon", "coordinates": [ [ [ -70.82364102834687, -34.144223432110095 ], [ -70.824818149039501, -34.145650487310313 ], [ -70.823913742582135, -34.147040114461326 ], [ -70.821832223616283, -34.147002682598632 ], [ -70.820655139096061, -34.145575638491643 ], [ -70.821559537367904, -34.144186015154311 ], [ -70.82364102834687, -34.144223432110095 ] ] ] } },
{ "type": "Feature", "properties": { "h3": "89b2c1c53cfffff" }, "geometry": { "type": "Polygon", "coordinates": [ [ [ -70.6716717256039, -34.215833036254786 ], [ -70.672847011622864, -34.217259471596975 ], [ -70.671942477774166, -34.218645439185615 ], [ -70.669862666371969, -34.218604967618312 ], [ -70.66868741681543, -34.217178543466318 ], [ -70.669591942197329, -34.215792579691644 ], [ -70.6716717256039, -34.215833036254786 ] ] ] } },
{ "type": "Feature", "properties": { "h3": "89b2c1cac07ffff" }, "geometry": { "type": "Polygon", "coordinates": [ [ [ -70.831795422213176, -34.164050079551487 ], [ -70.832972754349498, -34.165476743093045 ], [ -70.832068267939206, -34.166865978117457 ], [ -70.829986457563209, -34.166828545796612 ], [ -70.828809161590641, -34.165401893334561 ], [ -70.829713639828952, -34.164012662114054 ], [ -70.831795422213176, -34.164050079551487 ] ] ] } },
{ "type": "Feature", "properties": { "h3": "89b2c1c5057ffff" }, "geometry": { "type": "Polygon", "coordinates": [ [ [ -70.670047354181719, -34.198956134522128 ], [ -70.671222535991674, -34.200382879692292 ], [ -70.670318065896211, -34.201769247178028 ], [ -70.668238422458003, -34.201728865672528 ], [ -70.667063277108326, -34.200302131699992 ], [ -70.667967738735229, -34.198915768035519 ], [ -70.670047354181719, -34.198956134522128 ] ] ] } },
{ "type": "Feature", "properties": { "h3": "89b2c1ce487ffff" }, "geometry": { "type": "Polygon", "coordinates": [ [ [ -70.721595693985918, -34.184497480023857 ], [ -70.722771546874682, -34.185924260301611 ], [ -70.721867082360234, -34.187311625674091 ], [ -70.719786773329574, -34.187272206951768 ], [ -70.718610956805833, -34.185845437835184 ], [ -70.719515412946365, -34.184458076279959 ], [ -70.721595693985918, -34.184497480023857 ] ] ] } },
{ "type": "Feature", "properties": { "h3": "89b2c1ca88fffff" }, "geometry": { "type": "Polygon", "coordinates": [ [ [ -70.833159718754672, -34.178128388502998 ], [ -70.834337137853041, -34.179554793252393 ], [ -70.833432598437568, -34.180943695098186 ], [ -70.831350648092808, -34.180906188396889 ], [ -70.830173265159956, -34.179479794720812 ], [ -70.831077796404998, -34.178090896672906 ], [ -70.833159718754672, -34.178128388502998 ] ] ] } },
{ "type": "Feature", "properties": { "h3": "89b2c1c3267ffff" }, "geometry": { "type": "Polygon", "coordinates": [ [ [ -70.807065179217943, -34.10173532494246 ], [ -70.808241859695656, -34.103163214106324 ], [ -70.807337623812671, -34.104553691784062 ], [ -70.805256715663504, -34.104516276463578 ], [ -70.804080071375125, -34.10308839842147 ], [ -70.804984299045245, -34.101697924578282 ], [ -70.807065179217943, -34.10173532494246 ] ] ] } },
{ "type": "Feature", "properties": { "h3": "89b2c1c010bffff" }, "geometry": { "type": "Polygon", "coordinates": [ [ [ -70.725935559432742, -34.132590095935299 ], [ -70.727111226067265, -34.13401778731869 ], [ -70.726206948744519, -34.135406496572678 ], [ -70.724127013148404, -34.135367510605526 ], [ -70.722951382855854, -34.133939830398482 ], [ -70.723855651816123, -34.132551124982434 ], [ -70.725935559432742, -34.132590095935299 ] ] ] } },
{ "type": "Feature", "properties": { "h3": "89b2c1c064bffff" }, "geometry": { "type": "Polygon", "coordinates": [ [ [ -70.777215516959288, -34.115260222476074 ], [ -70.778391835287763, -34.116688000335422 ], [ -70.77748757577028, -34.118077773770686 ], [ -70.775407006191003, -34.118039765511867 ], [ -70.774230724108719, -34.116611998793587 ], [ -70.775134975358114, -34.115222229193265 ], [ -70.777215516959288, -34.115260222476074 ] ] ] } },
{ "type": "Feature", "properties": { "h3": "89b2c1c1d4bffff" }, "geometry": { "type": "Polygon", "coordinates": [ [ [ -70.760128288669691, -34.164146896668086 ], [ -70.761304596408777, -34.165573873538733 ], [ -70.760400172124506, -34.166962221380459 ], [ -70.758319448402247, -34.166923588533592 ], [ -70.757143176954074, -34.165496622800305 ], [ -70.758047592935867, -34.164108278776709 ], [ -70.760128288669691, -34.164146896668086 ] ] ] } },
{ "type": "Feature", "properties": { "h3": "89b2c1c0d6fffff" }, "geometry": { "type": "Polygon", "coordinates": [ [ [ -70.684972558877547, -34.159919994423589 ], [ -70.686147768298625, -34.161347374429532 ], [ -70.685243428076816, -34.162734897607592 ], [ -70.683163886871355, -34.162695036945308 ], [ -70.681988713872656, -34.161267668139075 ], [ -70.682893045655703, -34.159880148795601 ], [ -70.684972558877547, -34.159919994423589 ] ] ] } },
{ "type": "Feature", "properties": { "h3": "89b2c1c1627ffff" }, "geometry": { "type": "Polygon", "coordinates": [ [ [ -70.822277558970512, -34.130138245629141 ], [ -70.823454592733682, -34.131565559323718 ], [ -70.822550239273241, -34.132955519534107 ], [ -70.820468860235337, -34.132918162230332 ], [ -70.819291862642856, -34.131490859635093 ], [ -70.82019620791624, -34.130100903244475 ], [ -70.822277558970512, -34.130138245629141 ] ] ] } },
{ "type": "Feature", "properties": { "h3": "89b2c1c55cbffff" }, "geometry": { "type": "Polygon", "coordinates": [ [ [ -70.649979776900423, -34.184524933604209 ], [ -70.651154600960922, -34.185952024358741 ], [ -70.65025020301691, -34.187338502167528 ], [ -70.648170989515009, -34.187297885390862 ], [ -70.646996201945811, -34.185870805855487 ], [ -70.647900591385849, -34.184484331877805 ], [ -70.649979776900423, -34.184524933604209 ] ] ] } },
{ "type": "Feature", "properties": { "h3": "89b2c1c19d3ffff" }, "geometry": { "type": "Polygon", "coordinates": [ [ [ -70.754701716203925, -34.172476423977457 ], [ -70.75587798611177, -34.173903275225996 ], [ -70.754973535993912, -34.175291348919266 ], [ -70.752892824279726, -34.175252567548441 ], [ -70.751716590674789, -34.173825727438647 ], [ -70.752621032479752, -34.172437657561126 ], [ -70.754701716203925, -34.172476423977457 ] ] ] } },
{ "type": "Feature", "properties": { "h3": "89b2c1c720bffff" }, "geometry": { "type": "Polygon", "coordinates": [ [ [ -70.663274561432388, -34.160907282838053 ], [ -70.664449463695448, -34.162334739111891 ], [ -70.663545140178655, -34.163721968967195 ], [ -70.661465922875678, -34.163681738710494 ], [ -70.660291057073508, -34.162254293653611 ], [ -70.661195372112076, -34.16086706763668 ], [ -70.663274561432388, -34.160907282838053 ] ] ] } },
{ "type": "Feature", "properties": { "h3": "89b2c1c5253ffff" }, "geometry": { "type": "Polygon", "coordinates": [ [ [ -70.695818412699765, -34.207877363762051 ], [ -70.696994007586852, -34.209303836893099 ], [ -70.696089480574528, -34.210690301557094 ], [ -70.694009367096115, -34.210650289277602 ], [ -70.692833808626503, -34.209223827320081 ], [ -70.693738327216465, -34.207837366468702 ], [ -70.695818412699765, -34.207877363762051 ] ] ] } },
{ "type": "Feature", "properties": { "h3": "89b2c1c165bffff" }, "geometry": { "type": "Polygon", "coordinates": [ [ [ -70.843451260316911, -34.123484159017707 ], [ -70.844628564502742, -34.124911498655074 ], [ -70.843724217472783, -34.126301885226177 ], [ -70.841642574403693, -34.126264928341882 ], [ -70.840465306348989, -34.124837599789146 ], [ -70.841369645230913, -34.123447217036272 ], [ -70.843451260316911, -34.123484159017707 ] ] ] } },
{ "type": "Feature", "properties": { "h3": "89b2c1c0307ffff" }, "geometry": { "type": "Polygon", "coordinates": [ [ [ -70.74248651454549, -34.142738557081891 ], [ -70.743662467029679, -34.144165994673273 ], [ -70.742758137371297, -34.145554656488649 ], [ -70.740677863560492, -34.145515876882371 ], [ -70.739501947392071, -34.144088450450312 ], [ -70.740406268717337, -34.1426997924654 ], [ -70.74248651454549, -34.142738557081891 ] ] ] } },
{ "type": "Feature", "properties": { "h3": "89b2c1c544fffff" }, "geometry": { "type": "Polygon", "coordinates": [ [ [ -70.671677812878244, -34.183542262170484 ], [ -70.672852944312467, -34.18496927661225 ], [ -70.671948529498195, -34.186356047753435 ], [ -70.66986899171286, -34.186315800625749 ], [ -70.66869389673144, -34.184888797385938 ], [ -70.669598303081202, -34.183502030072063 ], [ -70.671677812878244, -34.183542262170484 ] ] ] } },
{ "type": "Feature", "properties": { "h3": "89b2c1cadcfffff" }, "geometry": { "type": "Polygon", "coordinates": [ [ [ -70.819850567688704, -34.169456555958888 ], [ -70.821027755135745, -34.170883175170893 ], [ -70.820123259039761, -34.172272128452455 ], [ -70.818041583689478, -34.172234458718108 ], [ -70.816864432429028, -34.170807850593278 ], [ -70.81776892033092, -34.169418901115819 ], [ -70.819850567688704, -34.169456555958888 ] ] ] } },
{ "type": "Feature", "properties": { "h3": "89b2c1c09c3ffff" }, "geometry": { "type": "Polygon", "coordinates": [ [ [ -70.688498258287723, -34.164202042465277 ], [ -70.689673538855203, -34.165629330489615 ], [ -70.688769179581058, -34.16701679088046 ], [ -70.686689548170733, -34.166976959415052 ], [ -70.685514304020657, -34.165549682586011 ], [ -70.686418654862166, -34.164162226027287 ], [ -70.688498258287723, -34.164202042465277 ] ] ] } },
{ "type": "Feature", "properties": { "h3": "89b2c1c1857ffff" }, "geometry": { "type": "Polygon", "coordinates": [ [ [ -70.776414771914531, -34.171473799563522 ], [ -70.777591347928919, -34.17290057365225 ], [ -70.776686882219721, -34.17428894056588 ], [ -70.774605848768132, -34.174250529579091 ], [ -70.773429309017942, -34.172823766611927 ], [ -70.774333766453807, -34.171435403510188 ], [ -70.776414771914531, -34.171473799563522 ] ] ] } },
{ "type": "Feature", "properties": { "h3": "89b2c1c087bffff" }, "geometry": { "type": "Polygon", "coordinates": [ [ [ -70.710471640899186, -34.166025499880426 ], [ -70.711647245704839, -34.167452659771797 ], [ -70.710742859416044, -34.168840346834159 ], [ -70.70866287671312, -34.168800870178245 ], [ -70.707487308286673, -34.167373721463726 ], [ -70.708391686182594, -34.165986038228439 ], [ -70.710471640899186, -34.166025499880426 ] ] ] } },
{ "type": "Feature", "properties": { "h3": "89b2c1c5597ffff" }, "geometry": { "type": "Polygon", "coordinates": [ [ [ -70.633981359996085, -34.17999917528396 ], [ -70.635155932110038, -34.181426416192942 ], [ -70.634251566116106, -34.182812808206435 ], [ -70.632172636539622, -34.182771955475104 ], [ -70.630998100943813, -34.181344725799889 ], [ -70.631902458405008, -34.179958337622452 ], [ -70.633981359996085, -34.17999917528396 ] ] ] } },
{ "type": "Feature", "properties": { "h3": "89b2c1cac87ffff" }, "geometry": { "type": "Polygon", "coordinates": [ [ [ -70.827990780928403, -34.156953731956037 ], [ -70.829168024730166, -34.158380539637065 ], [ -70.828263567693114, -34.15976990411302 ], [ -70.826181875031381, -34.159732457100532 ], [ -70.825004667398048, -34.158305660504638 ], [ -70.825909116256668, -34.156916299836269 ], [ -70.827990780928403, -34.156953731956037 ] ] ] } },
{ "type": "Feature", "properties": { "h3": "89b2c1c50d7ffff" }, "geometry": { "type": "Polygon", "coordinates": [ [ [ -70.666251298260562, -34.191862329154972 ], [ -70.667426391512862, -34.193289217978695 ], [ -70.666521951135948, -34.194675714924458 ], [ -70.664442425980369, -34.19463531922176 ], [ -70.663267369192923, -34.193208441601357 ], [ -70.664171801094852, -34.191821948480523 ], [ -70.666251298260562, -34.191862329154972 ] ] ] } },
{ "type": "Feature", "properties": { "h3": "89b2c1ce507ffff" }, "geometry": { "type": "Polygon", "coordinates": [ [ [ -70.704501239959072, -34.201023893561349 ], [ -70.705676926690927, -34.202450451868458 ], [ -70.704772416930396, -34.203837194568464 ], [ -70.702692228842793, -34.203797375147786 ], [ -70.701516578511061, -34.202370828009698 ], [ -70.702421079865474, -34.200984089123459 ], [ -70.704501239959072, -34.201023893561349 ] ] ] } },
{ "type": "Feature", "properties": { "h3": "89b2c1c1167ffff" }, "geometry": { "type": "Polygon", "coordinates": [ [ [ -70.789981145104605, -34.150642499056062 ], [ -70.79115781543976, -34.152069587194319 ], [ -70.79025341451117, -34.153458639435939 ], [ -70.788172351493259, -34.153420599721713 ], [ -70.786995717392102, -34.151993522701545 ], [ -70.787900110073494, -34.150604474277699 ], [ -70.789981145104605, -34.150642499056062 ] ] ] } },
{ "type": "Feature", "properties": { "h3": "89b2c1c018bffff" }, "geometry": { "type": "Polygon", "coordinates": [ [ [ -70.722137371223909, -34.125490164240119 ], [ -70.723312949416481, -34.126917999187967 ], [ -70.722408701680109, -34.128306837802491 ], [ -70.720328884118729, -34.128267837627732 ], [ -70.71915334227279, -34.126840013861873 ], [ -70.720057581640248, -34.125451179088984 ], [ -70.722137371223909, -34.125490164240119 ] ] ] } },
{ "type": "Feature", "properties": { "h3": "89b2c1c1dcbffff" }, "geometry": { "type": "Polygon", "coordinates": [ [ [ -70.756327682989266, -34.157050183672467 ], [ -70.75750390230543, -34.158477304394751 ], [ -70.756599507543953, -34.159865781664628 ], [ -70.754518901773849, -34.159827134390603 ], [ -70.753342718753174, -34.158400024811293 ], [ -70.754247105205764, -34.15701155136324 ], [ -70.756327682989266, -34.157050183672467 ] ] ] } },
{ "type": "Feature", "properties": { "h3": "89b2c1c0d3bffff" }, "geometry": { "type": "Polygon", "coordinates": [ [ [ -70.678192565419295, -34.154170283357281 ], [ -70.679367649901977, -34.155597795686866 ], [ -70.678463337183615, -34.156985377809448 ], [ -70.676383948431862, -34.156945443764386 ], [ -70.675208900381804, -34.155517942642085 ], [ -70.676113204649496, -34.154130364357783 ], [ -70.678192565419295, -34.154170283357281 ] ] ] } },
{ "type": "Feature", "properties": { "h3": "89b2c1c564bffff" }, "geometry": { "type": "Polygon", "coordinates": [ [ [ -70.697447617589575, -34.192463898711068 ], [ -70.698623162028184, -34.193890641292519 ], [ -70.697718690327648, -34.195277509650182 ], [ -70.695638682605519, -34.195237631607938 ], [ -70.694463174576953, -34.193810900204298 ], [ -70.695367637859135, -34.192424035665297 ], [ -70.697447617589575, -34.192463898711068 ] ] ] } },
{ "type": "Feature", "properties": { "h3": "89b2c1c1a53ffff" }, "geometry": { "type": "Polygon", "coordinates": [ [ [ -70.802206686913593, -34.180377460283438 ], [ -70.803383674543738, -34.181803961206114 ], [ -70.802479153463835, -34.183192425211047 ], [ -70.800397652979441, -34.183154384490372 ], [ -70.799220701570405, -34.181727894665201 ], [ -70.800125214423318, -34.180339434463392 ], [ -70.802206686913593, -34.180377460283438 ] ] ] } },
{ "type": "Feature", "properties": { "h3": "89b2c1c1d17ffff" }, "geometry": { "type": "Polygon", "coordinates": [ [ [ -70.744116352930718, -34.159633379880262 ], [ -70.745292409655747, -34.161060507668289 ], [ -70.744388016330348, -34.16244876978574 ], [ -70.742307574609853, -34.162409900292204 ], [ -70.741131554202681, -34.16098278365611 ], [ -70.742035939196796, -34.15959452536179 ], [ -70.744116352930718, -34.159633379880262 ] ] ] } },
{ "type": "Feature", "properties": { "h3": "89b2c1c0a77ffff" }, "geometry": { "type": "Polygon", "coordinates": [ [ [ -70.727022353049733, -34.17617220253625 ], [ -70.728198243902568, -34.17759910844498 ], [ -70.727293805121292, -34.178986747992816 ], [ -70.725213483849345, -34.17894747781245 ], [ -70.72403762934951, -34.177520583063497 ], [ -70.724942059767287, -34.176132947335319 ], [ -70.727022353049733, -34.17617220253625 ] ] ] } },
{ "type": "Feature", "properties": { "h3": "89b2c1c52d3ffff" }, "geometry": { "type": "Polygon", "coordinates": [ [ [ -70.69202076135187, -34.200784548992459 ], [ -70.693196267706099, -34.202211165922911 ], [ -70.692291770360953, -34.203597760071197 ], [ -70.690211775088983, -34.203557733472955 ], [ -70.689036305156819, -34.202131127721678 ], [ -70.689940794073195, -34.200744537389674 ], [ -70.69202076135187, -34.200784548992459 ] ] ] } },
{ "type": "Feature", "properties": { "h3": "89b2c1c1363ffff" }, "geometry": { "type": "Polygon", "coordinates": [ [ [ -70.815773889267689, -34.159544703054962 ], [ -70.816950970973494, -34.160971518109896 ], [ -70.816046514879361, -34.162360667476406 ], [ -70.813964985278943, -34.162322997979217 ], [ -70.812787939764036, -34.160896194018335 ], [ -70.813692387657312, -34.159507048460789 ], [ -70.815773889267689, -34.159544703054962 ] ] ] } },
{ "type": "Feature", "properties": { "h3": "89b2c1c0387ffff" }, "geometry": { "type": "Polygon", "coordinates": [ [ [ -70.738687235258126, -34.135639687690521 ], [ -70.73986309931324, -34.137067268961161 ], [ -70.738958799209243, -34.138456060160706 ], [ -70.736878643388309, -34.138417266255651 ], [ -70.735702815653582, -34.136989696149975 ], [ -70.736607107418052, -34.135600908784575 ], [ -70.738687235258126, -34.135639687690521 ] ] ] } },
{ "type": "Feature", "properties": { "h3": "89b2c1c00d7ffff" }, "geometry": { "type": "Polygon", "coordinates": [ [ [ -70.746010748318895, -34.114686698252129 ], [ -70.747186617080146, -34.116114622586323 ], [ -70.746282387469833, -34.117504024682887 ], [ -70.744202297421722, -34.117465498604027 ], [ -70.743026464961702, -34.116037585436345 ], [ -70.743930686247211, -34.114648187181203 ], [ -70.746010748318895, -34.114686698252129 ] ] ] } },
{ "type": "Feature", "properties": { "h3": "89b2c1c000fffff" }, "geometry": { "type": "Polygon", "coordinates": [ [ [ -70.743841286942484, -34.12448896539216 ], [ -70.745017171509886, -34.125916723793217 ], [ -70.744112907790864, -34.127305855671914 ], [ -70.742032767832484, -34.127267225311982 ], [ -70.740856919573034, -34.125839478075697 ], [ -70.741761174962662, -34.12445035003477 ], [ -70.743841286942484, -34.12448896539216 ] ] ] } },
{ "type": "Feature", "properties": { "h3": "89b2c1c1c4fffff" }, "geometry": { "type": "Polygon", "coordinates": [ [ [ -70.778039623491438, -34.156045815120869 ], [ -70.779216148856406, -34.157472858775222 ], [ -70.778311738525403, -34.158861629266042 ], [ -70.776230811097406, -34.158823352284791 ], [ -70.775054321989217, -34.157396319756245 ], [ -70.775958724050881, -34.156007553083342 ], [ -70.778039623491438, -34.156045815120869 ] ] ] } },
{ "type": "Feature", "properties": { "h3": "89b2c1c10b3ffff" }, "geometry": { "type": "Polygon", "coordinates": [ [ [ -70.800288770697506, -34.128335823408499 ], [ -70.801465481620369, -34.129763266049082 ], [ -70.80056115378791, -34.131152999690435 ], [ -70.798480123258187, -34.131115286866496 ], [ -70.797303448544483, -34.129687855343676 ], [ -70.798207768149965, -34.12829812552723 ], [ -70.800288770697506, -34.128335823408499 ] ] ] } },
{ "type": "Feature", "properties": { "h3": "89b2c1c0c73ffff" }, "geometry": { "type": "Polygon", "coordinates": [ [ [ -70.705318112025495, -34.144851342717637 ], [ -70.706493541512458, -34.146278904244149 ], [ -70.705589237930951, -34.147667053793121 ], [ -70.703509513261935, -34.147627637978886 ], [ -70.702334120157005, -34.146200087641056 ], [ -70.703238415337722, -34.144811941928971 ], [ -70.705318112025495, -34.144851342717637 ] ] ] } },
{ "type": "Feature", "properties": { "h3": "89b2c1c54cfffff" }, "geometry": { "type": "Polygon", "coordinates": [ [ [ -70.667881903150345, -34.176446976245792 ], [ -70.66905694604003, -34.177874134274809 ], [ -70.668152560937173, -34.179261034849326 ], [ -70.666073141414245, -34.17922077356404 ], [ -70.664898134981968, -34.17779362674262 ], [ -70.665802511613876, -34.176406729999108 ], [ -70.667881903150345, -34.176446976245792 ] ] ] } },
{ "type": "Feature", "properties": { "h3": "89b2c1c18d7ffff" }, "geometry": { "type": "Polygon", "coordinates": [ [ [ -70.772613134537877, -34.164377878361066 ], [ -70.773789622144079, -34.165804796401609 ], [ -70.772885185925475, -34.167193292761773 ], [ -70.770804270379131, -34.167154867266035 ], [ -70.769627819041787, -34.16572796035269 ], [ -70.770532246980608, -34.164339467808091 ], [ -70.772613134537877, -34.164377878361066 ] ] ] } },
{ "type": "Feature", "properties": { "h3": "89b2c1cad07ffff" }, "geometry": { "type": "Polygon", "coordinates": [ [ [ -70.810892256065486, -34.173510050503751 ], [ -70.812069334935671, -34.174936636448408 ], [ -70.811164831628076, -34.176325378414667 ], [ -70.809083257659609, -34.176287530632266 ], [ -70.807906214993082, -34.174860955780574 ], [ -70.80881071009, -34.173472217618517 ], [ -70.810892256065486, -34.173510050503751 ] ] ] } },
{ "type": "Feature", "properties": { "h3": "89b2c1c5157ffff" }, "geometry": { "type": "Polygon", "coordinates": [ [ [ -70.649159490532824, -34.20837539045521 ], [ -70.650334417002128, -34.209802057201344 ], [ -70.649429931914511, -34.211187931418728 ], [ -70.647350528863385, -34.211147135068806 ], [ -70.646175638893951, -34.209720479533829 ], [ -70.647080115474409, -34.2083346091378 ], [ -70.649159490532824, -34.20837539045521 ] ] ] } },
{ "type": "Feature", "properties": { "h3": "89b2c1ce587ffff" }, "geometry": { "type": "Polygon", "coordinates": [ [ [ -70.700703203952358, -34.193930460051682 ], [ -70.701878802166831, -34.195357162160789 ], [ -70.700974322053767, -34.196744034335872 ], [ -70.698894252137421, -34.196704200584641 ], [ -70.697718690327648, -34.195277509650182 ], [ -70.698623162028184, -34.193890641292519 ], [ -70.700703203952358, -34.193930460051682 ] ] ] } },
{ "type": "Feature", "properties": { "h3": "89b2c1c020bffff" }, "geometry": { "type": "Polygon", "coordinates": [ [ [ -70.769621016180864, -34.133400512977254 ], [ -70.770797312626812, -34.134827999281832 ], [ -70.769892993088447, -34.136217228424329 ], [ -70.767812385385895, -34.136178967433509 ], [ -70.766636125204911, -34.134751492269665 ], [ -70.767540436460152, -34.133362266956127 ], [ -70.769621016180864, -34.133400512977254 ] ] ] } },
{ "type": "Feature", "properties": { "h3": "89b2c1c044fffff" }, "geometry": { "type": "Polygon", "coordinates": [ [ [ -70.751435997860227, -34.106349201038519 ], [ -70.752611904468779, -34.107777250863023 ], [ -70.751707700652929, -34.109166926998363 ], [ -70.749627598541508, -34.10912854946563 ], [ -70.748451728222108, -34.107700510806254 ], [ -70.749355923723613, -34.106310838514702 ], [ -70.751435997860227, -34.106349201038519 ] ] ] } },
{ "type": "Feature", "properties": { "h3": "89b2c1ce453ffff" }, "geometry": { "type": "Polygon", "coordinates": [ [ [ -70.737606223875915, -34.189013249676243 ], [ -70.738782328012306, -34.190439879034635 ], [ -70.737877832330881, -34.191827330117562 ], [ -70.735797240856812, -34.19178814803 ], [ -70.734621173058486, -34.190361529818198 ], [ -70.735525660394799, -34.188974082547567 ], [ -70.737606223875915, -34.189013249676243 ] ] ] } },
{ "type": "Feature", "properties": { "h3": "89b2c1c1e4bffff" }, "geometry": { "type": "Polygon", "coordinates": [ [ [ -70.803830279706943, -34.164949888259564 ], [ -70.805007216614968, -34.166376658926737 ], [ -70.80410275094367, -34.167765526546603 ], [ -70.802021356585939, -34.167727619690375 ], [ -70.800844455891607, -34.166300860124963 ], [ -70.801748913339921, -34.164911996314224 ], [ -70.803830279706943, -34.164949888259564 ] ] ] } },
{ "type": "Feature", "properties": { "h3": "89b2c1c142bffff" }, "geometry": { "type": "Polygon", "coordinates": [ [ [ -70.805714609178963, -34.119996336801684 ], [ -70.806891357741478, -34.121423904991396 ], [ -70.805987055875008, -34.122813912690262 ], [ -70.803906013661233, -34.122776348372334 ], [ -70.802729301295827, -34.121348791298942 ], [ -70.803633594945737, -34.119958787427358 ], [ -70.805714609178963, -34.119996336801684 ] ] ] } },
{ "type": "Feature", "properties": { "h3": "89b2c1c5023ffff" }, "geometry": { "type": "Polygon", "coordinates": [ [ [ -70.658111238898385, -34.204339344855725 ], [ -70.659286274833335, -34.205766045223719 ], [ -70.658381796140887, -34.207152130846069 ], [ -70.65630229000277, -34.207111512279305 ], [ -70.655127290550737, -34.205684823116677 ], [ -70.656031760752555, -34.204298741315654 ], [ -70.658111238898385, -34.204339344855725 ] ] ] } },
{ "type": "Feature", "properties": { "h3": "89b2c1c0e6fffff" }, "geometry": { "type": "Polygon", "coordinates": [ [ [ -70.728649756597221, -34.160748782829494 ], [ -70.729825596930951, -34.16217595811159 ], [ -70.72892121347931, -34.163564001243948 ], [ -70.726840998052083, -34.163524865268698 ], [ -70.725665194063879, -34.162097701150657 ], [ -70.726569569156041, -34.160709661844002 ], [ -70.728649756597221, -34.160748782829494 ] ] ] } },
{ "type": "Feature", "properties": { "h3": "89b2c1c56cbffff" }, "geometry": { "type": "Polygon", "coordinates": [ [ [ -70.693650112695465, -34.185369602630217 ], [ -70.694825568614291, -34.186796488944857 ], [ -70.693921126573841, -34.18818348676016 ], [ -70.691841237037949, -34.188143594438692 ], [ -70.690665817533727, -34.186716719307512 ], [ -70.691570251149429, -34.185329725314553 ], [ -70.693650112695465, -34.185369602630217 ] ] ] } },
{ "type": "Feature", "properties": { "h3": "89b2c1c1ad3ffff" }, "geometry": { "type": "Polygon", "coordinates": [ [ [ -70.79840345840843, -34.173282534273476 ], [ -70.799580357655699, -34.174709179293721 ], [ -70.798675866014733, -34.176097772769452 ], [ -70.796594483358589, -34.176059717418362 ], [ -70.795417620337091, -34.174633083501213 ], [ -70.796322103744615, -34.173244493832279 ], [ -70.79840345840843, -34.173282534273476 ] ] ] } },
{ "type": "Feature", "properties": { "h3": "89b2c1c730bffff" }, "geometry": { "type": "Polygon", "coordinates": [ [ [ -70.642390707304997, -34.170333635023248 ], [ -70.643565354223142, -34.17176101273791 ], [ -70.642661015798694, -34.173147749388583 ], [ -70.640582038971516, -34.173107104486341 ], [ -70.639407428553838, -34.171679738002169 ], [ -70.640311758461507, -34.170293005189954 ], [ -70.642390707304997, -34.170333635023248 ] ] ] } },
{ "type": "Feature", "properties": { "h3": "89b2c1ce40bffff" }, "geometry": { "type": "Polygon", "coordinates": [ [ [ -70.731636154049383, -34.191709680201171 ], [ -70.73281218550396, -34.193136287264473 ], [ -70.731907685286572, -34.194523597439193 ], [ -70.729827161969425, -34.19448429673848 ], [ -70.728651166864282, -34.193057700825598 ], [ -70.729555658725488, -34.191670394463223 ], [ -70.731636154049383, -34.191709680201171 ] ] ] } },
{ "type": "Feature", "properties": { "h3": "89b2c1ca813ffff" }, "geometry": { "type": "Polygon", "coordinates": [ [ [ -70.836419121926554, -34.179592240587624 ], [ -70.837596594578784, -34.181018604635618 ], [ -70.836692046998721, -34.182407510278011 ], [ -70.834610034929668, -34.182370048075995 ], [ -70.833432598437568, -34.180943695098186 ], [ -70.834337137853041, -34.179554793252393 ], [ -70.836419121926554, -34.179592240587624 ] ] ] } },
{ "type": "Feature", "properties": { "h3": "89b2c1c106bffff" }, "geometry": { "type": "Polygon", "coordinates": [ [ [ -70.817124027434545, -34.141294321543384 ], [ -70.818301041004901, -34.142721457961294 ], [ -70.817396650924422, -34.144111077483664 ], [ -70.815315255469415, -34.144073556772113 ], [ -70.814138278082183, -34.14264643145372 ], [ -70.815042659965457, -34.141256815747546 ], [ -70.817124027434545, -34.141294321543384 ] ] ] } },
{ "type": "Feature", "properties": { "h3": "89b2c1ce093ffff" }, "geometry": { "type": "Polygon", "coordinates": [ [ [ -70.72620912631163, -34.200032981414545 ], [ -70.727385119815338, -34.20145946281054 ], [ -70.726480593847157, -34.202846498781192 ], [ -70.72440008274053, -34.20280704954606 ], [ -70.723224125598293, -34.201380579301862 ], [ -70.724128643199876, -34.199993547141183 ], [ -70.72620912631163, -34.200032981414545 ] ] ] } },
{ "type": "Feature", "properties": { "h3": "89b2c1c008fffff" }, "geometry": { "type": "Polygon", "coordinates": [ [ [ -70.740042213350378, -34.117388342923832 ], [ -70.741218009503498, -34.118816244923046 ], [ -70.740313775331629, -34.120205506153688 ], [ -70.738233753341135, -34.120166861543829 ], [ -70.737057993500585, -34.118738970715007 ], [ -70.737962219336637, -34.117349713325851 ], [ -70.740042213350378, -34.117388342923832 ] ] ] } },
{ "type": "Feature", "properties": { "h3": "89b2c1c1ccfffff" }, "geometry": { "type": "Polygon", "coordinates": [ [ [ -70.774238133305843, -34.148948412263444 ], [ -70.7754145702757, -34.150375599803176 ], [ -70.774510189428199, -34.151764499713629 ], [ -70.772429379885253, -34.151726208262914 ], [ -70.771252979176808, -34.150299031854594 ], [ -70.772157351748533, -34.14891013576576 ], [ -70.774238133305843, -34.148948412263444 ] ] ] } },
{ "type": "Feature", "properties": { "h3": "89b2c1c539bffff" }, "geometry": { "type": "Polygon", "coordinates": [ [ [ -70.664891155853383, -34.210086492314694 ], [ -70.666066316837473, -34.21151306020078 ], [ -70.665161810554807, -34.212899086812129 ], [ -70.663082151765394, -34.212858541719939 ], [ -70.66190702725396, -34.211431985031624 ], [ -70.662811525057947, -34.210045962237928 ], [ -70.664891155853383, -34.210086492314694 ] ] ] } },
{ "type": "Feature", "properties": { "h3": "89b2c1c554fffff" }, "geometry": { "type": "Polygon", "coordinates": [ [ [ -70.650791075454904, -34.192965284633388 ], [ -70.651965951600658, -34.19439222062109 ], [ -70.651061521776867, -34.195778498523339 ], [ -70.648982224309066, -34.195737836610682 ], [ -70.647807384655692, -34.194310911838429 ], [ -70.64871180597639, -34.19292463776361 ], [ -70.650791075454904, -34.192965284633388 ] ] ] } },
{ "type": "Feature", "properties": { "h3": "89b2c1c1957ffff" }, "geometry": { "type": "Polygon", "coordinates": [ [ [ -70.755517195875683, -34.180920843860903 ], [ -70.756693517921235, -34.182347540058345 ], [ -70.755789035967936, -34.183735413848083 ], [ -70.753708240279678, -34.183696587628482 ], [ -70.7525319545381, -34.18226990256607 ], [ -70.753436428179441, -34.180882032588443 ], [ -70.755517195875683, -34.180920843860903 ] ] ] } },
{ "type": "Feature", "properties": { "h3": "89b2c1c097bffff" }, "geometry": { "type": "Polygon", "coordinates": [ [ [ -70.689581983937543, -34.175460326788198 ], [ -70.690757333969827, -34.176887408401065 ], [ -70.689852932216013, -34.178274602290415 ], [ -70.687773188860092, -34.178234710739879 ], [ -70.686597875246676, -34.176807640317371 ], [ -70.687502268569006, -34.175420450255253 ], [ -70.689581983937543, -34.175460326788198 ] ] ] } },
{ "type": "Feature", "properties": { "h3": "89b2c1cad87ffff" }, "geometry": { "type": "Polygon", "coordinates": [ [ [ -70.807088644799435, -34.166414506444937 ], [ -70.808265635302419, -34.167841236489686 ], [ -70.807361161413965, -34.169230107917436 ], [ -70.80527970523832, -34.169192245492766 ], [ -70.80410275094367, -34.167765526546603 ], [ -70.805007216614968, -34.166376658926737 ], [ -70.807088644799435, -34.166414506444937 ] ] ] } },
{ "type": "Feature", "properties": { "h3": "89b2c1c51d7ffff" }, "geometry": { "type": "Polygon", "coordinates": [ [ [ -70.645364471021864, -34.201282392144414 ], [ -70.646539308901495, -34.202709202504465 ], [ -70.645634853578073, -34.204095206191525 ], [ -70.643555568887223, -34.204054395693717 ], [ -70.642380767512023, -34.202627596550464 ], [ -70.643285214321907, -34.201241596688426 ], [ -70.645364471021864, -34.201282392144414 ] ] ] } },
{ "type": "Feature", "properties": { "h3": "89b2c1c7353ffff" }, "geometry": { "type": "Polygon", "coordinates": [ [ [ -70.648357361621592, -34.167641039996532 ], [ -70.649532081523674, -34.169068440166313 ], [ -70.648627747333549, -34.170455317736199 ], [ -70.646548701745743, -34.17041479129805 ], [ -70.645374018332802, -34.168987402354873 ], [ -70.646278344017176, -34.167600528623424 ], [ -70.648357361621592, -34.167641039996532 ] ] ] } },
{ "type": "Feature", "properties": { "h3": "89b2c1c0603ffff" }, "geometry": { "type": "Polygon", "coordinates": [ [ [ -70.764460862301149, -34.112214165249732 ], [ -70.765636983493309, -34.113642053352017 ], [ -70.764732746478202, -34.115031744849993 ], [ -70.76265239656064, -34.114993544407113 ], [ -70.761476311636343, -34.113565667457287 ], [ -70.762380540360368, -34.112175979798081 ], [ -70.764460862301149, -34.112214165249732 ] ] ] } },
{ "type": "Feature", "properties": { "h3": "89b2c1c1267ffff" }, "geometry": { "type": "Polygon", "coordinates": [ [ [ -70.833690244777358, -34.151433031977618 ], [ -70.834867543508835, -34.152859913556455 ], [ -70.833963101930877, -34.154249485519628 ], [ -70.83188136978778, -34.15421217209547 ], [ -70.830704107212995, -34.152785301599138 ], [ -70.831608540623265, -34.151395733444673 ], [ -70.833690244777358, -34.151433031977618 ] ] ] } },
{ "type": "Feature", "properties": { "h3": "89b2c1c028bffff" }, "geometry": { "type": "Polygon", "coordinates": [ [ [ -70.765820350858078, -34.126300881249726 ], [ -70.766996558914911, -34.12772851129855 ], [ -70.766092268872157, -34.129117869817449 ], [ -70.764011779060809, -34.129079594455057 ], [ -70.762835607273615, -34.127651975552581 ], [ -70.763739889026795, -34.126262620866328 ], [ -70.765820350858078, -34.126300881249726 ] ] ] } },
{ "type": "Feature", "properties": { "h3": "89b2c1c1ecbffff" }, "geometry": { "type": "Polygon", "coordinates": [ [ [ -70.800027198653154, -34.157853479841094 ], [ -70.801204047191433, -34.159280394539529 ], [ -70.800299610951967, -34.160669391603342 ], [ -70.798218334402335, -34.160631470156133 ], [ -70.797041522082395, -34.15920456656508 ], [ -70.797945950092426, -34.15781557331406 ], [ -70.800027198653154, -34.157853479841094 ] ] ] } },
{ "type": "Feature", "properties": { "h3": "89b2c1c0b77ffff" }, "geometry": { "type": "Polygon", "coordinates": [ [ [ -70.706129956743965, -34.18560814166819 ], [ -70.707305593006879, -34.187034969417894 ], [ -70.706401138564004, -34.188422115788541 ], [ -70.704321056258991, -34.188382430589847 ], [ -70.703145456388782, -34.186955614013414 ], [ -70.704049902429546, -34.185568471462595 ], [ -70.706129956743965, -34.18560814166819 ] ] ] } },
{ "type": "Feature", "properties": { "h3": "89b2c1c738bffff" }, "geometry": { "type": "Polygon", "coordinates": [ [ [ -70.638596659286037, -34.163236930970861 ], [ -70.639771217633822, -34.164664452092232 ], [ -70.638866908978372, -34.166051318143097 ], [ -70.636788050496975, -34.166010659230643 ], [ -70.635613528654204, -34.164583149345383 ], [ -70.636517828786481, -34.163196287136657 ], [ -70.638596659286037, -34.163236930970861 ] ] ] } },
{ "type": "Feature", "properties": { "h3": "89b2c1c53d3ffff" }, "geometry": { "type": "Polygon", "coordinates": [ [ [ -70.67113024149279, -34.210207875489772 ], [ -70.672305492773646, -34.211634414125449 ], [ -70.671400980176855, -34.213020515020759 ], [ -70.66932122476527, -34.212980073464202 ], [ -70.668146009946142, -34.211553546021221 ], [ -70.66905051407555, -34.210167448942308 ], [ -70.67113024149279, -34.210207875489772 ] ] ] } },
{ "type": "Feature", "properties": { "h3": "89b2c1cac0bffff" }, "geometry": { "type": "Polygon", "coordinates": [ [ [ -70.838040960256009, -34.164162124206676 ], [ -70.839218382094984, -34.16558875814934 ], [ -70.838313889958044, -34.166978067410149 ], [ -70.836231984141392, -34.166940738925888 ], [ -70.83505459845513, -34.165514116057658 ], [ -70.835959082431444, -34.164124810599475 ], [ -70.838040960256009, -34.164162124206676 ] ] ] } },
{ "type": "Feature", "properties": { "h3": "89b2c1c505bffff" }, "geometry": { "type": "Polygon", "coordinates": [ [ [ -70.676286393686169, -34.199077026947222 ], [ -70.677461665767453, -34.20050374287738 ], [ -70.67655718937651, -34.201890184647183 ], [ -70.674477449360182, -34.201849906667022 ], [ -70.673302213728221, -34.200423201929439 ], [ -70.674206681661929, -34.199036763979628 ], [ -70.676286393686169, -34.199077026947222 ] ] ] } },
{ "type": "Feature", "properties": { "h3": "89b2c1c1463ffff" }, "geometry": { "type": "Polygon", "coordinates": [ [ [ -70.811957843059247, -34.120108777569634 ], [ -70.813134681380149, -34.121536316326306 ], [ -70.812230373697574, -34.122926398276356 ], [ -70.810149235897953, -34.122888937643935 ], [ -70.808972433763103, -34.121461409998531 ], [ -70.809876733240486, -34.12007133187447 ], [ -70.811957843059247, -34.120108777569634 ] ] ] } },
{ "type": "Feature", "properties": { "h3": "89b2c1ce48bffff" }, "geometry": { "type": "Polygon", "coordinates": [ [ [ -70.727836729540726, -34.184615484034879 ], [ -70.729012672517698, -34.186042234965406 ], [ -70.728108201889086, -34.187429674607749 ], [ -70.726027796644715, -34.187390359503759 ], [ -70.724851890021796, -34.185963619729307 ], [ -70.725756352287831, -34.184576183902983 ], [ -70.727836729540726, -34.184615484034879 ] ] ] } },
{ "type": "Feature", "properties": { "h3": "89b2c1c0eb7ffff" }, "geometry": { "type": "Polygon", "coordinates": [ [ [ -70.71182860453581, -34.147785094240618 ], [ -70.713004141503404, -34.149212574957119 ], [ -70.71209982113777, -34.150600732176123 ], [ -70.710019972192342, -34.150561404844424 ], [ -70.708844471596151, -34.14913393531026 ], [ -70.709748783572621, -34.14774578192565 ], [ -70.71182860453581, -34.147785094240618 ] ] ] } },
{ "type": "Feature", "properties": { "h3": "89b2c1ca893ffff" }, "geometry": { "type": "Polygon", "coordinates": [ [ [ -70.832613979764204, -34.172497420098559 ], [ -70.833791364076419, -34.173923928377974 ], [ -70.832886845863641, -34.175312963501028 ], [ -70.830804951508341, -34.175275486544578 ], [ -70.829627603360947, -34.173848989340968 ], [ -70.830532113402683, -34.172459958018202 ], [ -70.832613979764204, -34.172497420098559 ] ] ] } },
{ "type": "Feature", "properties": { "h3": "89b2c1c010fffff" }, "geometry": { "type": "Polygon", "coordinates": [ [ [ -70.722951382855854, -34.133939830398482 ], [ -70.724127013148404, -34.135367510605526 ], [ -70.723222733575881, -34.136756149419384 ], [ -70.72114283207749, -34.136717104188463 ], [ -70.719967238132639, -34.135289435159734 ], [ -70.72087150933713, -34.133900800183831 ], [ -70.722951382855854, -34.133939830398482 ] ] ] } },
{ "type": "Feature", "properties": { "h3": "89b2c1c1e93ffff" }, "geometry": { "type": "Polygon", "coordinates": [ [ [ -70.786995717392102, -34.151993522701545 ], [ -70.788172351493259, -34.153420599721713 ], [ -70.787267948206534, -34.154809581526806 ], [ -70.785186919070057, -34.15477148249407 ], [ -70.784010321208598, -34.153344416593924 ], [ -70.784914716242568, -34.151955438606663 ], [ -70.786995717392102, -34.151993522701545 ] ] ] } },
{ "type": "Feature", "properties": { "h3": "89b2c1c1d4fffff" }, "geometry": { "type": "Polygon", "coordinates": [ [ [ -70.757143176954074, -34.165496622800305 ], [ -70.758319448402247, -34.166923588533592 ], [ -70.75741502180999, -34.168311865931152 ], [ -70.755334332076146, -34.168273173777436 ], [ -70.754158096924485, -34.166846219183427 ], [ -70.755062515208778, -34.165457945604032 ], [ -70.757143176954074, -34.165496622800305 ] ] ] } },
{ "type": "Feature", "properties": { "h3": "89b2c1c0d73ffff" }, "geometry": { "type": "Polygon", "coordinates": [ [ [ -70.684430840711812, -34.154289833464155 ], [ -70.685606015405682, -34.155717316629449 ], [ -70.68470169642265, -34.157104973040326 ], [ -70.682622211183727, -34.157065142449099 ], [ -70.68144707291151, -34.155637670486001 ], [ -70.682351383455199, -34.15425001791214 ], [ -70.684430840711812, -34.154289833464155 ] ] ] } },
{ "type": "Feature", "properties": { "h3": "89b2c1c55cfffff" }, "geometry": { "type": "Polygon", "coordinates": [ [ [ -70.646996201945811, -34.185870805855487 ], [ -70.648170989515009, -34.187297885390862 ], [ -70.647266589448293, -34.188684292736184 ], [ -70.645187410320545, -34.188643616715218 ], [ -70.644012659248318, -34.187216548400947 ], [ -70.644917050805532, -34.185830144886729 ], [ -70.646996201945811, -34.185870805855487 ] ] ] } },
{ "type": "Feature", "properties": { "h3": "89b2c1c19d7ffff" }, "geometry": { "type": "Polygon", "coordinates": [ [ [ -70.751716590674789, -34.173825727438647 ], [ -70.752892824279726, -34.175252567548441 ], [ -70.751988371862836, -34.176640570794611 ], [ -70.749907694158082, -34.176601730115379 ], [ -70.74873149686178, -34.175174901146242 ], [ -70.74963594096026, -34.173786901715872 ], [ -70.751716590674789, -34.173825727438647 ] ] ] } },
{ "type": "Feature", "properties": { "h3": "89b2c1c0253ffff" }, "geometry": { "type": "Polygon", "coordinates": [ [ [ -70.775590892957865, -34.130698165211399 ], [ -70.77676726191676, -34.132125673791634 ], [ -70.775862947040309, -34.133515043800955 ], [ -70.773782271475682, -34.13347690140133 ], [ -70.772605938770397, -34.132049403957964 ], [ -70.773510245374794, -34.130660037777531 ], [ -70.775590892957865, -34.130698165211399 ] ] ] } },
{ "type": "Feature", "properties": { "h3": "89b2c1c720fffff" }, "geometry": { "type": "Polygon", "coordinates": [ [ [ -70.660291057073508, -34.162254293653611 ], [ -70.661465922875678, -34.163681738710494 ], [ -70.660561597214212, -34.165068898110164 ], [ -70.658482414232964, -34.165028608614762 ], [ -70.657307584897325, -34.163601174776744 ], [ -70.658211902075053, -34.162214019215476 ], [ -70.660291057073508, -34.162254293653611 ] ] ] } },
{ "type": "Feature", "properties": { "h3": "89b2c1c5257ffff" }, "geometry": { "type": "Polygon", "coordinates": [ [ [ -70.692833808626503, -34.209223827320081 ], [ -70.694009367096115, -34.210650289277602 ], [ -70.693104837883425, -34.212036683477649 ], [ -70.691024758627648, -34.211996611907722 ], [ -70.689849236581182, -34.210570161125673 ], [ -70.690753757365982, -34.209183770738264 ], [ -70.692833808626503, -34.209223827320081 ] ] ] } },
{ "type": "Feature", "properties": { "h3": "89b2c1c122fffff" }, "geometry": { "type": "Polygon", "coordinates": [ [ [ -70.827445227765935, -34.151321032581407 ], [ -70.828622436789402, -34.152747943719788 ], [ -70.827718000952771, -34.154137441443389 ], [ -70.82563636427038, -34.154100024218785 ], [ -70.824459191414675, -34.15267312416799 ], [ -70.825363619072235, -34.151283630254404 ], [ -70.827445227765935, -34.151321032581407 ] ] ] } },
{ "type": "Feature", "properties": { "h3": "89b2c1c030bffff" }, "geometry": { "type": "Polygon", "coordinates": [ [ [ -70.748727444114323, -34.142854643781668 ], [ -70.749903486586035, -34.144282052060568 ], [ -70.748999150888764, -34.145670788145061 ], [ -70.746918781040179, -34.14563211212166 ], [ -70.745742774873207, -34.144204714996981 ], [ -70.74664710224873, -34.142815982741674 ], [ -70.748727444114323, -34.142854643781668 ] ] ] } },
{ "type": "Feature", "properties": { "h3": "89b2c1c1bd3ffff" }, "geometry": { "type": "Polygon", "coordinates": [ [ [ -70.777503253779855, -34.182733653540943 ], [ -70.778679899327258, -34.184160220798873 ], [ -70.777775391182232, -34.18554832116758 ], [ -70.77569424576059, -34.185509850471526 ], [ -70.774517636478791, -34.184083294330208 ], [ -70.775422136351708, -34.182695197768538 ], [ -70.777503253779855, -34.182733653540943 ] ] ] } },
{ "type": "Feature", "properties": { "h3": "89b2c1c5453ffff" }, "geometry": { "type": "Polygon", "coordinates": [ [ [ -70.67113639986249, -34.177914336307303 ], [ -70.67231149656773, -34.179341453948723 ], [ -70.671407102999751, -34.180728358353015 ], [ -70.669327621190334, -34.180688141286325 ], [ -70.668152560937173, -34.179261034849326 ], [ -70.66905694604003, -34.177874134274809 ], [ -70.67113639986249, -34.177914336307303 ] ] ] } },
{ "type": "Feature", "properties": { "h3": "89b2c1c185bffff" }, "geometry": { "type": "Polygon", "coordinates": [ [ [ -70.782657979960192, -34.171588780296801 ], [ -70.783834645869206, -34.173015524919251 ], [ -70.782930174238686, -34.174403966086736 ], [ -70.780849044959766, -34.174365658821365 ], [ -70.779672415303935, -34.172938925315385 ], [ -70.780576878672491, -34.171550487958491 ], [ -70.782657979960192, -34.171588780296801 ] ] ] } },
{ "type": "Feature", "properties": { "h3": "89b2c1cac8bffff" }, "geometry": { "type": "Polygon", "coordinates": [ [ [ -70.834235965875152, -34.157065820704986 ], [ -70.835413299387213, -34.158492598812757 ], [ -70.834508836610468, -34.159882037527339 ], [ -70.832427048487432, -34.159844694328058 ], [ -70.831249751132759, -34.158417927300349 ], [ -70.832154205742413, -34.157028492392051 ], [ -70.834235965875152, -34.157065820704986 ] ] ] } },
{ "type": "Feature", "properties": { "h3": "89b2c1c50dbffff" }, "geometry": { "type": "Polygon", "coordinates": [ [ [ -70.672489982963427, -34.191983264190497 ], [ -70.673665166494516, -34.193410123799886 ], [ -70.67276071980919, -34.194796695031989 ], [ -70.670681098055098, -34.194756402831253 ], [ -70.669505950977907, -34.193329554420067 ], [ -70.67041038919956, -34.191942987011643 ], [ -70.672489982963427, -34.191983264190497 ] ] ] } },
{ "type": "Feature", "properties": { "h3": "89b2c1ce50bffff" }, "geometry": { "type": "Polygon", "coordinates": [ [ [ -70.710741912936356, -34.201143099668371 ], [ -70.711917689825825, -34.202569628638216 ], [ -70.711013173890393, -34.20395644561107 ], [ -70.708932889458936, -34.203916729801783 ], [ -70.707757148958606, -34.202490211995844 ], [ -70.70866165649926, -34.201103398835485 ], [ -70.710741912936356, -34.201143099668371 ] ] ] } },
{ "type": "Feature", "properties": { "h3": "89b2c1c116bffff" }, "geometry": { "type": "Polygon", "coordinates": [ [ [ -70.796224441642536, -34.150756365985224 ], [ -70.797401201811454, -34.152183424666077 ], [ -70.796496795010086, -34.153572551159968 ], [ -70.794415636274323, -34.153534615156723 ], [ -70.793238912328405, -34.152107567588871 ], [ -70.794143310893901, -34.150718444911469 ], [ -70.796224441642536, -34.150756365985224 ] ] ] } },
{ "type": "Feature", "properties": { "h3": "89b2c1ce5cfffff" }, "geometry": { "type": "Polygon", "coordinates": [ [ [ -70.7134554160356, -34.196982311704154 ], [ -70.714631211933792, -34.19840890350671 ], [ -70.713726708847929, -34.199795857585585 ], [ -70.711646418252116, -34.199756216048399 ], [ -70.710470658737023, -34.19832963540906 ], [ -70.711375153433323, -34.196942685143895 ], [ -70.7134554160356, -34.196982311704154 ] ] ] } },
{ "type": "Feature", "properties": { "h3": "89b2c1c018fffff" }, "geometry": { "type": "Polygon", "coordinates": [ [ [ -70.71915334227279, -34.126840013861873 ], [ -70.720328884118729, -34.128267837627732 ], [ -70.719424634139145, -34.129656605803582 ], [ -70.717344850686658, -34.129617546372131 ], [ -70.716169345192966, -34.128189733790201 ], [ -70.717073586798151, -34.126800969456006 ], [ -70.71915334227279, -34.126840013861873 ] ] ] } },
{ "type": "Feature", "properties": { "h3": "89b2c1c15a7ffff" }, "geometry": { "type": "Polygon", "coordinates": [ [ [ -70.774774771336737, -34.122246820029233 ], [ -70.775951088168327, -34.123674483505525 ], [ -70.775046805106328, -34.125064053319157 ], [ -70.772966213484366, -34.125025955824171 ], [ -70.771789932905335, -34.123598303488436 ], [ -70.772694207694357, -34.122208737507336 ], [ -70.774774771336737, -34.122246820029233 ] ] ] } },
{ "type": "Feature", "properties": { "h3": "89b2c1c1dcfffff" }, "geometry": { "type": "Polygon", "coordinates": [ [ [ -70.753342718753174, -34.158400024811293 ], [ -70.754518901773849, -34.159827134390603 ], [ -70.753614504710896, -34.161215541217715 ], [ -70.751533932940347, -34.161176834643896 ], [ -70.75035778622086, -34.159749736209505 ], [ -70.751262174969384, -34.158361333204219 ], [ -70.753342718753174, -34.158400024811293 ] ] ] } },
{ "type": "Feature", "properties": { "h3": "89b2c1c564fffff" }, "geometry": { "type": "Polygon", "coordinates": [ [ [ -70.694463174576953, -34.193810900204298 ], [ -70.695638682605519, -34.195237631607938 ], [ -70.694734208702187, -34.196624429505881 ], [ -70.692654235192762, -34.196584492181714 ], [ -70.691478763579866, -34.195157771957852 ], [ -70.692383229059359, -34.193770977878579 ], [ -70.694463174576953, -34.193810900204298 ] ] ] } },
{ "type": "Feature", "properties": { "h3": "89b2c1c1a57ffff" }, "geometry": { "type": "Polygon", "coordinates": [ [ [ -70.799220701570405, -34.181727894665201 ], [ -70.800397652979441, -34.183154384490372 ], [ -70.799493129520229, -34.184542778052311 ], [ -70.79741166288315, -34.184504677986112 ], [ -70.796234747700922, -34.183078199260351 ], [ -70.797139262927615, -34.181689809501584 ], [ -70.799220701570405, -34.181727894665201 ] ] ] } },
{ "type": "Feature", "properties": { "h3": "89b2c1c0a7bffff" }, "geometry": { "type": "Polygon", "coordinates": [ [ [ -70.733263425245894, -34.176289760926487 ], [ -70.734439406162608, -34.177716637491542 ], [ -70.733534961286622, -34.179104351308709 ], [ -70.731454543844677, -34.179065184742626 ], [ -70.730278599269937, -34.177638319332267 ], [ -70.731183035793777, -34.176250609333501 ], [ -70.733263425245894, -34.176289760926487 ] ] ] } },
{ "type": "Feature", "properties": { "h3": "89b2c1c52d7ffff" }, "geometry": { "type": "Polygon", "coordinates": [ [ [ -70.689036305156819, -34.202131127721678 ], [ -70.690211775088983, -34.203557733472955 ], [ -70.689307275550007, -34.204944257158658 ], [ -70.687227314511816, -34.204904171277029 ], [ -70.686051881007373, -34.203477576706867 ], [ -70.68695637211205, -34.202091056837446 ], [ -70.689036305156819, -34.202131127721678 ] ] ] } },
{ "type": "Feature", "properties": { "h3": "89b2c1c1367ffff" }, "geometry": { "type": "Polygon", "coordinates": [ [ [ -70.812787939764036, -34.160896194018335 ], [ -70.813964985278943, -34.162322997979217 ], [ -70.813060526783005, -34.163712076910222 ], [ -70.810979030977194, -34.163674348071531 ], [ -70.809802021658896, -34.162247555206633 ], [ -70.810706471948421, -34.160858480084634 ], [ -70.812787939764036, -34.160896194018335 ] ] ] } },
{ "type": "Feature", "properties": { "h3": "89b2c1c038bffff" }, "geometry": { "type": "Polygon", "coordinates": [ [ [ -70.744927810903732, -34.135755817305515 ], [ -70.746103764953915, -34.137183369289353 ], [ -70.745199458798055, -34.138572234760282 ], [ -70.743119206918848, -34.138533544414678 ], [ -70.741943289178039, -34.137106003590709 ], [ -70.742847587005713, -34.135717141952654 ], [ -70.744927810903732, -34.135755817305515 ] ] ] } },
{ "type": "Feature", "properties": { "h3": "89b2c1cad4fffff" }, "geometry": { "type": "Polygon", "coordinates": [ [ [ -70.823654944515326, -34.176551738438683 ], [ -70.824832220315997, -34.177978213484927 ], [ -70.823927694826793, -34.179367037295407 ], [ -70.821845901723179, -34.179329382259418 ], [ -70.82066866210441, -34.177902918294741 ], [ -70.821573179405988, -34.176514098284684 ], [ -70.823654944515326, -34.176551738438683 ] ] ] } },
{ "type": "Feature", "properties": { "h3": "89b2c1c0943ffff" }, "geometry": { "type": "Polygon", "coordinates": [ [ [ -70.692295144525858, -34.171298408154023 ], [ -70.693470513604083, -34.172725552566007 ], [ -70.692566124664268, -34.174112883538399 ], [ -70.690486375071131, -34.174073066270566 ], [ -70.689311042405734, -34.172645933048251 ], [ -70.69021542291928, -34.171258605904299 ], [ -70.692295144525858, -34.171298408154023 ] ] ] } },
{ "type": "Feature", "properties": { "h3": "89b2c1c0013ffff" }, "geometry": { "type": "Polygon", "coordinates": [ [ [ -70.743298065528137, -34.118854830267992 ], [ -70.744473915356835, -34.120282691851216 ], [ -70.743569672854989, -34.121671956922057 ], [ -70.741489588853085, -34.12163335656966 ], [ -70.740313775331629, -34.120205506153688 ], [ -70.741218009503498, -34.118816244923046 ], [ -70.743298065528137, -34.118854830267992 ] ] ] } },
{ "type": "Feature", "properties": { "h3": "89b2c1c1c53ffff" }, "geometry": { "type": "Polygon", "coordinates": [ [ [ -70.777495413743353, -34.150413831945926 ], [ -70.778671904348286, -34.151840978947909 ], [ -70.777767515230835, -34.15322988267873 ], [ -70.77568664377705, -34.153191635587362 ], [ -70.774510189428199, -34.151764499713629 ], [ -70.7754145702757, -34.150375599803176 ], [ -70.777495413743353, -34.150413831945926 ] ] ] } },
{ "type": "Feature", "properties": { "h3": "89b2c1c5517ffff" }, "geometry": { "type": "Polygon", "coordinates": [ [ [ -70.637775405761857, -34.187094284349726 ], [ -70.638950066463806, -34.188521381791226 ], [ -70.638045670687248, -34.189907644376362 ], [ -70.635966622733719, -34.189866805687828 ], [ -70.63479199854531, -34.188439719474452 ], [ -70.635696385795569, -34.187053460721685 ], [ -70.637775405761857, -34.187094284349726 ] ] ] } },
{ "type": "Feature", "properties": { "h3": "89b2c1c0c77ffff" }, "geometry": { "type": "Polygon", "coordinates": [ [ [ -70.702334120157005, -34.146200087641056 ], [ -70.703509513261935, -34.147627637978886 ], [ -70.702605207465183, -34.149015717081788 ], [ -70.700525516968469, -34.148976242010143 ], [ -70.699350160251228, -34.147548702862899 ], [ -70.700254457641677, -34.146160627596899 ], [ -70.702334120157005, -34.146200087641056 ] ] ] } },
{ "type": "Feature", "properties": { "h3": "89b2c1c54d3ffff" }, "geometry": { "type": "Polygon", "coordinates": [ [ [ -70.667340607796049, -34.170818504399904 ], [ -70.668515615960146, -34.172245765599733 ], [ -70.667611252103384, -34.173632799427239 ], [ -70.665531888552707, -34.173592568221594 ], [ -70.664356916845279, -34.172165318231805 ], [ -70.665261272230509, -34.170778288237784 ], [ -70.667340607796049, -34.170818504399904 ] ] ] } },
{ "type": "Feature", "properties": { "h3": "89b2c1c18dbffff" }, "geometry": { "type": "Polygon", "coordinates": [ [ [ -70.77885598891433, -34.164492902640077 ], [ -70.780032566422733, -34.165919791239993 ], [ -70.779128124269803, -34.167308361856279 ], [ -70.777047112875579, -34.167270040058547 ], [ -70.775870571625006, -34.165843162580728 ], [ -70.776775005509506, -34.164454595778729 ], [ -70.77885598891433, -34.164492902640077 ] ] ] } },
{ "type": "Feature", "properties": { "h3": "89b2c1cad0bffff" }, "geometry": { "type": "Polygon", "coordinates": [ [ [ -70.817137085184612, -34.173623341561999 ], [ -70.818314253834856, -34.175049897943317 ], [ -70.817409744726774, -34.176438714151701 ], [ -70.81532807516642, -34.176400970176047 ], [ -70.814150942708807, -34.174974424882606 ], [ -70.815055443617553, -34.173585612477126 ], [ -70.817137085184612, -34.173623341561999 ] ] ] } },
{ "type": "Feature", "properties": { "h3": "89b2c1c515bffff" }, "geometry": { "type": "Polygon", "coordinates": [ [ [ -70.655397809173593, -34.208497527434048 ], [ -70.656572825990906, -34.209924164975838 ], [ -70.655668334534184, -34.211310113482362 ], [ -70.653588834754643, -34.211269420627161 ], [ -70.652413854426257, -34.209842794291426 ], [ -70.653318337387148, -34.208456849605014 ], [ -70.655397809173593, -34.208497527434048 ] ] ] } },
{ "type": "Feature", "properties": { "h3": "89b2c1c1563ffff" }, "geometry": { "type": "Polygon", "coordinates": [ [ [ -70.791060638105478, -34.129574480104289 ], [ -70.792237223004477, -34.13100194104161 ], [ -70.791332898664891, -34.13239152999914 ], [ -70.789251997668828, -34.132353654193274 ], [ -70.788075448995713, -34.130926204380735 ], [ -70.78897976509144, -34.129536619249464 ], [ -70.791060638105478, -34.129574480104289 ] ] ] } },
{ "type": "Feature", "properties": { "h3": "89b2c1c0cbbffff" }, "geometry": { "type": "Polygon", "coordinates": [ [ [ -70.695282259347891, -34.137634141907746 ], [ -70.696457510217058, -34.139061876148062 ], [ -70.695553242471746, -34.140450080787453 ], [ -70.693473732274455, -34.140410547344878 ], [ -70.692298517802897, -34.138982824303952 ], [ -70.69320277712967, -34.137594623506416 ], [ -70.695282259347891, -34.137634141907746 ] ] ] } },
{ "type": "Feature", "properties": { "h3": "89b2c1ce58bffff" }, "geometry": { "type": "Polygon", "coordinates": [ [ [ -70.70694352246224, -34.194049709169263 ], [ -70.708119210841815, -34.195476381966792 ], [ -70.707214724540904, -34.196863328417017 ], [ -70.705134558260269, -34.196823598253737 ], [ -70.703958906274408, -34.19539693662577 ], [ -70.704863384174104, -34.194009993991713 ], [ -70.70694352246224, -34.194049709169263 ] ] ] } },
{ "type": "Feature", "properties": { "h3": "89b2c1c020fffff" }, "geometry": { "type": "Polygon", "coordinates": [ [ [ -70.766636125204911, -34.134751492269665 ], [ -70.767812385385895, -34.136178967433509 ], [ -70.76690806352407, -34.137568126141453 ], [ -70.764827489768592, -34.137529805856772 ], [ -70.763651265858286, -34.136102341835588 ], [ -70.764555579431459, -34.134713186956638 ], [ -70.766636125204911, -34.134751492269665 ] ] ] } },
{ "type": "Feature", "properties": { "h3": "89b2c1c1c97ffff" }, "geometry": { "type": "Polygon", "coordinates": [ [ [ -70.761210167204354, -34.143085884857889 ], [ -70.762386389588571, -34.144513234460696 ], [ -70.76148204187912, -34.145902119077206 ], [ -70.75940148008317, -34.145863650264481 ], [ -70.758225293981695, -34.144436311805727 ], [ -70.759129633392092, -34.14304743101583 ], [ -70.761210167204354, -34.143085884857889 ] ] ] } },
{ "type": "Feature", "properties": { "h3": "89b2c1c1e4fffff" }, "geometry": { "type": "Polygon", "coordinates": [ [ [ -70.800844455891607, -34.166300860124963 ], [ -70.802021356585939, -34.167727619690375 ], [ -70.801116888532874, -34.169116416871653 ], [ -70.79903552801261, -34.169078450678555 ], [ -70.797858663537625, -34.167651702216801 ], [ -70.798763123362178, -34.166262908844708 ], [ -70.800844455891607, -34.166300860124963 ] ] ] } },
{ "type": "Feature", "properties": { "h3": "89b2c1c0e73ffff" }, "geometry": { "type": "Polygon", "coordinates": [ [ [ -70.728106863107087, -34.1551179912544 ], [ -70.729282668697422, -34.156545269791955 ], [ -70.728378306473232, -34.157933446164201 ], [ -70.726298147017445, -34.15789434017092 ], [ -70.725122377771967, -34.156467072799899 ], [ -70.726026731636082, -34.155078900255809 ], [ -70.728106863107087, -34.1551179912544 ] ] ] } },
{ "type": "Feature", "properties": { "h3": "89b2c1c56cfffff" }, "geometry": { "type": "Polygon", "coordinates": [ [ [ -70.690665817533727, -34.186716719307512 ], [ -70.691841237037949, -34.188143594438692 ], [ -70.690936792801182, -34.189530521795689 ], [ -70.688856937489135, -34.189490570199354 ], [ -70.687681554405188, -34.188063706253587 ], [ -70.688585990211678, -34.186676782718955 ], [ -70.690665817533727, -34.186716719307512 ] ] ] } },
{ "type": "Feature", "properties": { "h3": "89b2c1c1ad7ffff" }, "geometry": { "type": "Polygon", "coordinates": [ [ [ -70.795417620337091, -34.174633083501213 ], [ -70.796594483358589, -34.176059717418362 ], [ -70.795689989344893, -34.177448240452492 ], [ -70.793608640547276, -34.177410125762925 ], [ -70.792431813757233, -34.175983502950835 ], [ -70.793336299531987, -34.174594983723509 ], [ -70.795417620337091, -34.174633083501213 ] ] ] } },
{ "type": "Feature", "properties": { "h3": "89b2c1c0057ffff" }, "geometry": { "type": "Polygon", "coordinates": [ [ [ -70.749810116897294, -34.121787550910192 ], [ -70.75098607406359, -34.123215331635024 ], [ -70.750081814919199, -34.12460460438254 ], [ -70.748001606925484, -34.124566092567704 ], [ -70.746825686055786, -34.123138323003801 ], [ -70.747729936881839, -34.121749054093989 ], [ -70.749810116897294, -34.121787550910192 ] ] ] } },
{ "type": "Feature", "properties": { "h3": "89b2c1c730fffff" }, "geometry": { "type": "Polygon", "coordinates": [ [ [ -70.639407428553838, -34.171679738002169 ], [ -70.640582038971516, -34.173107104486341 ], [ -70.639677698437424, -34.174493770676349 ], [ -70.637598756006568, -34.174453066543904 ], [ -70.63642418209497, -34.173025711292119 ], [ -70.637328514106784, -34.171639048940584 ], [ -70.639407428553838, -34.171679738002169 ] ] ] } },
{ "type": "Feature", "properties": { "h3": "89b2c1c5357ffff" }, "geometry": { "type": "Polygon", "coordinates": [ [ [ -70.671942477774166, -34.218645439185615 ], [ -70.673117781162901, -34.220071822874488 ], [ -70.672213236687938, -34.221457723806921 ], [ -70.670133397289419, -34.221417237237937 ], [ -70.668958130363492, -34.219990864737994 ], [ -70.669862666371969, -34.218604967618312 ], [ -70.671942477774166, -34.218645439185615 ] ] ] } },
{ "type": "Feature", "properties": { "h3": "89b2c1c1033ffff" }, "geometry": { "type": "Polygon", "coordinates": [ [ [ -70.804091409666881, -34.135435080397237 ], [ -70.80526820893796, -34.136862379145143 ], [ -70.804363851681288, -34.138251983395143 ], [ -70.802282703372654, -34.138214285076202 ], [ -70.801105940306087, -34.136786997440431 ], [ -70.802010289342235, -34.135397397011658 ], [ -70.804091409666881, -34.135435080397237 ] ] ] } },
{ "type": "Feature", "properties": { "h3": "89b2c1ce40fffff" }, "geometry": { "type": "Polygon", "coordinates": [ [ [ -70.728651166864282, -34.193057700825598 ], [ -70.729827161969425, -34.19448429673848 ], [ -70.728922659491573, -34.195871536457986 ], [ -70.726842170268895, -34.195832176452456 ], [ -70.725666211518842, -34.194405591691954 ], [ -70.726570705635027, -34.193018355784794 ], [ -70.728651166864282, -34.193057700825598 ] ] ] } },
{ "type": "Feature", "properties": { "h3": "89b2c1ca817ffff" }, "geometry": { "type": "Polygon", "coordinates": [ [ [ -70.833432598437568, -34.180943695098186 ], [ -70.834610034929668, -34.182370048075995 ], [ -70.833705484912528, -34.183758883280248 ], [ -70.831623506572086, -34.183721361710198 ], [ -70.830446106245816, -34.182295019804464 ], [ -70.831350648092808, -34.180906188396889 ], [ -70.833432598437568, -34.180943695098186 ] ] ] } },
{ "type": "Feature", "properties": { "h3": "89b2c1c106fffff" }, "geometry": { "type": "Polygon", "coordinates": [ [ [ -70.814138278082183, -34.14264643145372 ], [ -70.815315255469415, -34.144073556772113 ], [ -70.814410862985198, -34.145463105864174 ], [ -70.812329501315105, -34.145425525821807 ], [ -70.811152560116682, -34.143998411604848 ], [ -70.812056944398179, -34.142608866329027 ], [ -70.814138278082183, -34.14264643145372 ] ] ] } },
{ "type": "Feature", "properties": { "h3": "89b2c1ce097ffff" }, "geometry": { "type": "Polygon", "coordinates": [ [ [ -70.723224125598293, -34.201380579301862 ], [ -70.72440008274053, -34.20280704954606 ], [ -70.723495554520881, -34.204194015058619 ], [ -70.72141507752977, -34.204154506517163 ], [ -70.720239156754715, -34.202728047426682 ], [ -70.721143676602239, -34.201341085724131 ], [ -70.723224125598293, -34.201380579301862 ] ] ] } },
{ "type": "Feature", "properties": { "h3": "89b2c1c0093ffff" }, "geometry": { "type": "Polygon", "coordinates": [ [ [ -70.739499109665516, -34.11175366195836 ], [ -70.740674871083314, -34.113181667110794 ], [ -70.739770658128421, -34.114571061523272 ], [ -70.73769069209078, -34.114532446939592 ], [ -70.736514966984842, -34.113104452960016 ], [ -70.737419171603321, -34.111715062391454 ], [ -70.739499109665516, -34.11175366195836 ] ] ] } },
{ "type": "Feature", "properties": { "h3": "89b2c1c1cd3ffff" }, "geometry": { "type": "Polygon", "coordinates": [ [ [ -70.773694041376174, -34.143315882537038 ], [ -70.774870443589393, -34.144743173395597 ], [ -70.773966083955258, -34.146132206535803 ], [ -70.771885330382929, -34.146093944993595 ], [ -70.770708964430426, -34.144666665268929 ], [ -70.771613315788201, -34.143277635952764 ], [ -70.773694041376174, -34.143315882537038 ] ] ] } },
{ "type": "Feature", "properties": { "h3": "89b2c1c5553ffff" }, "geometry": { "type": "Polygon", "coordinates": [ [ [ -70.65025020301691, -34.187338502167528 ], [ -70.651425044438724, -34.188765541337482 ], [ -70.650520635868332, -34.190151952512686 ], [ -70.648441394378438, -34.190111320688224 ], [ -70.647266589448293, -34.188684292736184 ], [ -70.648170989515009, -34.187297885390862 ], [ -70.65025020301691, -34.187338502167528 ] ] ] } },
{ "type": "Feature", "properties": { "h3": "89b2c1c03cfffff" }, "geometry": { "type": "Polygon", "coordinates": [ [ [ -70.751440406476291, -34.138688098651514 ], [ -70.752616467873679, -34.140115569709344 ], [ -70.751712145078898, -34.141504442842248 ], [ -70.749631769201955, -34.141465841087175 ], [ -70.74845574410331, -34.140038381182897 ], [ -70.749360058581516, -34.138649511880352 ], [ -70.751440406476291, -34.138688098651514 ] ] ] } },
{ "type": "Feature", "properties": { "h3": "89b2c1c195bffff" }, "geometry": { "type": "Polygon", "coordinates": [ [ [ -70.761759690929651, -34.181037070311739 ], [ -70.762936102946981, -34.182463737078521 ], [ -70.762031614998591, -34.183851685127635 ], [ -70.759950723332139, -34.183812962599333 ], [ -70.758774347607769, -34.182386306962492 ], [ -70.759678827255527, -34.180998362724225 ], [ -70.761759690929651, -34.181037070311739 ] ] ] } },
{ "type": "Feature", "properties": { "h3": "89b2c1cad8bffff" }, "geometry": { "type": "Polygon", "coordinates": [ [ [ -70.813333120586734, -34.166527841448925 ], [ -70.814510200877365, -34.167954541955979 ], [ -70.813605721175421, -34.169343487628097 ], [ -70.811524169387283, -34.169305728986764 ], [ -70.810347125293916, -34.167879039573215 ], [ -70.811251596790058, -34.166490097707694 ], [ -70.813333120586734, -34.166527841448925 ] ] ] } },
{ "type": "Feature", "properties": { "h3": "89b2c1c13abffff" }, "geometry": { "type": "Polygon", "coordinates": [ [ [ -70.805726163467483, -34.152334723926309 ], [ -70.806903067040167, -34.15376171253839 ], [ -70.805998646169243, -34.155150917096407 ], [ -70.80391732994299, -34.155113129228546 ], [ -70.802740462576907, -34.153686151721217 ], [ -70.803644875229139, -34.152296950977167 ], [ -70.805726163467483, -34.152334723926309 ] ] ] } },
{ "type": "Feature", "properties": { "h3": "89b2c1c51dbffff" }, "geometry": { "type": "Polygon", "coordinates": [ [ [ -70.651602434628003, -34.201404571585805 ], [ -70.652777362863077, -34.20283135276722 ], [ -70.651872901157645, -34.2042174307457 ], [ -70.649793519718017, -34.204176723719193 ], [ -70.648618627976433, -34.202749953749503 ], [ -70.649523081179652, -34.201363879594787 ], [ -70.651602434628003, -34.201404571585805 ] ] ] } },
{ "type": "Feature", "properties": { "h3": "89b2c1c0607ffff" }, "geometry": { "type": "Polygon", "coordinates": [ [ [ -70.761476311636343, -34.113565667457287 ], [ -70.76265239656064, -34.114993544407113 ], [ -70.761748157231196, -34.116383165475632 ], [ -70.759667841272687, -34.116344905755774 ], [ -70.758491792621939, -34.114917039960361 ], [ -70.759396023654787, -34.11352742273062 ], [ -70.761476311636343, -34.113565667457287 ] ] ] } },
{ "type": "Feature", "properties": { "h3": "89b2c1c3223ffff" }, "geometry": { "type": "Polygon", "coordinates": [ [ [ -70.800550280406995, -34.098804580044394 ], [ -70.801726853746587, -34.100232550209164 ], [ -70.800822634295173, -34.101623020216493 ], [ -70.798741849727321, -34.101585516222173 ], [ -70.797565312587736, -34.100157557185462 ], [ -70.798469523814632, -34.098767091015219 ], [ -70.800550280406995, -34.098804580044394 ] ] ] } },
{ "type": "Feature", "properties": { "h3": "89b2c1c126bffff" }, "geometry": { "type": "Polygon", "coordinates": [ [ [ -70.839935548084213, -34.15154471996189 ], [ -70.841112936502711, -34.152971571964173 ], [ -70.840208489205324, -34.154361218164794 ], [ -70.838126661644424, -34.154324008555939 ], [ -70.836949309371548, -34.152897167631096 ], [ -70.837853748512615, -34.151507525237889 ], [ -70.839935548084213, -34.15154471996189 ] ] ] } },
{ "type": "Feature", "properties": { "h3": "89b2c1c028fffff" }, "geometry": { "type": "Polygon", "coordinates": [ [ [ -70.762835607273615, -34.127651975552581 ], [ -70.764011779060809, -34.129079594455057 ], [ -70.763107486701173, -34.130468882540832 ], [ -70.761027030848069, -34.130430547891635 ], [ -70.759850895336157, -34.12900294013744 ], [ -70.760755179400746, -34.127613655884332 ], [ -70.762835607273615, -34.127651975552581 ] ] ] } },
{ "type": "Feature", "properties": { "h3": "89b2c1c3363ffff" }, "geometry": { "type": "Polygon", "coordinates": [ [ [ -70.789155003903403, -34.109851820057223 ], [ -70.790331467159831, -34.111279642461561 ], [ -70.789427217036049, -34.112669697603231 ], [ -70.787346511900466, -34.112631926505969 ], [ -70.786170084867493, -34.11120411523499 ], [ -70.787074326745284, -34.109814063928127 ], [ -70.789155003903403, -34.109851820057223 ] ] ] } },
{ "type": "Feature", "properties": { "h3": "89b2c1c1ecfffff" }, "geometry": { "type": "Polygon", "coordinates": [ [ [ -70.797041522082395, -34.15920456656508 ], [ -70.798218334402335, -34.160631470156133 ], [ -70.797313895787667, -34.162020396782779 ], [ -70.795232653086671, -34.161982416005735 ], [ -70.794055876990768, -34.16055552352401 ], [ -70.794960307370474, -34.159166600710186 ], [ -70.797041522082395, -34.15920456656508 ] ] ] } },
{ "type": "Feature", "properties": { "h3": "89b2c1c0b7bffff" }, "geometry": { "type": "Polygon", "coordinates": [ [ [ -70.712370312337228, -34.185726945133112 ], [ -70.713546038740958, -34.187153743574783 ], [ -70.712641578129663, -34.188540964220074 ], [ -70.710561399504058, -34.188501382605331 ], [ -70.709385709482049, -34.187074595331843 ], [ -70.710290161702545, -34.185687378505129 ], [ -70.712370312337228, -34.185726945133112 ] ] ] } },
{ "type": "Feature", "properties": { "h3": "89b2c1c738fffff" }, "geometry": { "type": "Polygon", "coordinates": [ [ [ -70.635613528654204, -34.164583149345383 ], [ -70.636788050496975, -34.166010659230643 ], [ -70.635883739738389, -34.167397454822229 ], [ -70.633804915664371, -34.167356736686614 ], [ -70.632630430332227, -34.165929238039411 ], [ -70.633534732562154, -34.164542446289978 ], [ -70.635613528654204, -34.164583149345383 ] ] ] } },
{ "type": "Feature", "properties": { "h3": "89b2c1c53d7ffff" }, "geometry": { "type": "Polygon", "coordinates": [ [ [ -70.668146009946142, -34.211553546021221 ], [ -70.66932122476527, -34.212980073464202 ], [ -70.668416710009723, -34.214366103891976 ], [ -70.666336988906579, -34.214325603060523 ], [ -70.665161810554807, -34.212899086812129 ], [ -70.666066316837473, -34.21151306020078 ], [ -70.668146009946142, -34.211553546021221 ] ] ] } },
{ "type": "Feature", "properties": { "h3": "89b2c1c0803ffff" }, "geometry": { "type": "Polygon", "coordinates": [ [ [ -70.703689624193188, -34.160277052821229 ], [ -70.704865104130178, -34.161704345190714 ], [ -70.703960745250214, -34.163092091218502 ], [ -70.701880914836721, -34.163052541046198 ], [ -70.700705471289197, -34.161625259861125 ], [ -70.701609821764364, -34.160237517664136 ], [ -70.703689624193188, -34.160277052821229 ] ] ] } },
{ "type": "Feature", "properties": { "h3": "89b2c1c531bffff" }, "geometry": { "type": "Polygon", "coordinates": [ [ [ -70.66868741681543, -34.217178543466318 ], [ -70.669862666371969, -34.218604967618312 ], [ -70.668958130363492, -34.219990864737994 ], [ -70.666878353269425, -34.219950333891902 ], [ -70.665703140180952, -34.218523920932014 ], [ -70.666607667717145, -34.217138027626319 ], [ -70.66868741681543, -34.217178543466318 ] ] ] } },
{ "type": "Feature", "properties": { "h3": "89b2c1cac0fffff" }, "geometry": { "type": "Polygon", "coordinates": [ [ [ -70.83505459845513, -34.165514116057658 ], [ -70.836231984141392, -34.166940738925888 ], [ -70.835327489564961, -34.168329977752975 ], [ -70.833245617467057, -34.16829258990937 ], [ -70.832068267939206, -34.166865978117457 ], [ -70.832972754349498, -34.165476743093045 ], [ -70.83505459845513, -34.165514116057658 ] ] ] } },
{ "type": "Feature", "properties": { "h3": "89b2c1c1467ffff" }, "geometry": { "type": "Polygon", "coordinates": [ [ [ -70.808972433763103, -34.121461409998531 ], [ -70.810149235897953, -34.122888937643935 ], [ -70.809244925820778, -34.124278949168833 ], [ -70.807163821818122, -34.124241429222494 ], [ -70.805987055875008, -34.122813912690262 ], [ -70.806891357741478, -34.121423904991396 ], [ -70.808972433763103, -34.121461409998531 ] ] ] } },
{ "type": "Feature", "properties": { "h3": "89b2c1ce48fffff" }, "geometry": { "type": "Polygon", "coordinates": [ [ [ -70.724851890021796, -34.185963619729307 ], [ -70.726027796644715, -34.187390359503759 ], [ -70.725123323762176, -34.18877772869228 ], [ -70.723042952623445, -34.18873835429055 ], [ -70.721867082360234, -34.187311625674091 ], [ -70.722771546874682, -34.185924260301611 ], [ -70.724851890021796, -34.185963619729307 ] ] ] } },
{ "type": "Feature", "properties": { "h3": "89b2c1ca897ffff" }, "geometry": { "type": "Polygon", "coordinates": [ [ [ -70.829627603360947, -34.173848989340968 ], [ -70.830804951508341, -34.175275486544578 ], [ -70.829900430865081, -34.176664451230884 ], [ -70.827818570249647, -34.176626914913442 ], [ -70.826641258272758, -34.175200428787548 ], [ -70.82754577073942, -34.173811467901579 ], [ -70.829627603360947, -34.173848989340968 ] ] ] } },
{ "type": "Feature", "properties": { "h3": "89b2c1c0113ffff" }, "geometry": { "type": "Polygon", "coordinates": [ [ [ -70.722408701680109, -34.128306837802491 ], [ -70.723584297238887, -34.129734621174478 ], [ -70.722680038890687, -34.131123393190741 ], [ -70.720600193350961, -34.13108437799481 ], [ -70.719424634139145, -34.129656605803582 ], [ -70.720328884118729, -34.128267837627732 ], [ -70.722408701680109, -34.128306837802491 ] ] ] } },
{ "type": "Feature", "properties": { "h3": "89b2c1c1d53ffff" }, "geometry": { "type": "Polygon", "coordinates": [ [ [ -70.756599507543953, -34.159865781664628 ], [ -70.757775744237009, -34.161292850728294 ], [ -70.756871338865466, -34.162681261376029 ], [ -70.754790705108093, -34.162642599139637 ], [ -70.753614504710896, -34.161215541217715 ], [ -70.754518901773849, -34.159827134390603 ], [ -70.756599507543953, -34.159865781664628 ] ] ] } },
{ "type": "Feature", "properties": { "h3": "89b2c1c0d77ffff" }, "geometry": { "type": "Polygon", "coordinates": [ [ [ -70.68144707291151, -34.155637670486001 ], [ -70.682622211183727, -34.157065142449099 ], [ -70.681717890020451, -34.158452728408733 ], [ -70.679638439028508, -34.158412838568424 ], [ -70.678463337183615, -34.156985377809448 ], [ -70.679367649901977, -34.155597795686866 ], [ -70.68144707291151, -34.155637670486001 ] ] ] } },
{ "type": "Feature", "properties": { "h3": "89b2c1ca1a7ffff" }, "geometry": { "type": "Polygon", "coordinates": [ [ [ -70.843194797761612, -34.153008722219241 ], [ -70.844372239711575, -34.154435533555592 ], [ -70.843467784263723, -34.155825183562378 ], [ -70.841385895015023, -34.155788018426868 ], [ -70.840208489205324, -34.154361218164794 ], [ -70.841112936502711, -34.152971571964173 ], [ -70.843194797761612, -34.153008722219241 ] ] ] } },
{ "type": "Feature", "properties": { "h3": "89b2c1c55d3ffff" }, "geometry": { "type": "Polygon", "coordinates": [ [ [ -70.646455447142088, -34.180243477466512 ], [ -70.647630199990729, -34.181670660155362 ], [ -70.646725821177156, -34.1830572007635 ], [ -70.644646698023678, -34.183016554849402 ], [ -70.643471981671269, -34.181589383384114 ], [ -70.644376351974756, -34.180202846609546 ], [ -70.646455447142088, -34.180243477466512 ] ] ] } },
{ "type": "Feature", "properties": { "h3": "89b2c1c1a9bffff" }, "geometry": { "type": "Polygon", "coordinates": [ [ [ -70.792159490127617, -34.173168309190984 ], [ -70.793336299531987, -34.174594983723509 ], [ -70.792431813757233, -34.175983502950835 ], [ -70.790350526821527, -34.175945343837775 ], [ -70.789173753653941, -34.174518680413456 ], [ -70.790078231183927, -34.173130164994213 ], [ -70.792159490127617, -34.173168309190984 ] ] ] } },
{ "type": "Feature", "properties": { "h3": "89b2c1c5693ffff" }, "geometry": { "type": "Polygon", "coordinates": [ [ [ -70.680629754035095, -34.179501878215746 ], [ -70.681804994793808, -34.180928926251731 ], [ -70.680900586487255, -34.182315908770263 ], [ -70.678820945868623, -34.182275839425728 ], [ -70.677645741545732, -34.180848802585885 ], [ -70.678550141404287, -34.179461823894634 ], [ -70.680629754035095, -34.179501878215746 ] ] ] } },
{ "type": "Feature", "properties": { "h3": "89b2c1c19dbffff" }, "geometry": { "type": "Polygon", "coordinates": [ [ [ -70.757958731824729, -34.173941997287223 ], [ -70.759135055409004, -34.175368807992044 ], [ -70.758230596984063, -34.17675688549982 ], [ -70.75614982328058, -34.17671814848849 ], [ -70.754973535993912, -34.175291348919266 ], [ -70.75587798611177, -34.173903275225996 ], [ -70.757958731824729, -34.173941997287223 ] ] ] } },
{ "type": "Feature", "properties": { "h3": "89b2c1c1663ffff" }, "geometry": { "type": "Polygon", "coordinates": [ [ [ -70.834766333586046, -34.130361573742832 ], [ -70.835943546748197, -34.131788828421158 ], [ -70.835039181792695, -34.133178937117783 ], [ -70.83295761183804, -34.133141787319126 ], [ -70.831780434824452, -34.131714543729991 ], [ -70.832684791615634, -34.130324438850522 ], [ -70.834766333586046, -34.130361573742832 ] ] ] } },
{ "type": "Feature", "properties": { "h3": "89b2c1c0687ffff" }, "geometry": { "type": "Polygon", "coordinates": [ [ [ -70.757676412174789, -34.106464081566244 ], [ -70.758852408714233, -34.107892102133391 ], [ -70.75794819889262, -34.10928185254005 ], [ -70.755868000833246, -34.109243578537225 ], [ -70.754692040571967, -34.107815569130096 ], [ -70.755596242090562, -34.106425822565953 ], [ -70.757676412174789, -34.106464081566244 ] ] ] } },
{ "type": "Feature", "properties": { "h3": "89b2c1c030fffff" }, "geometry": { "type": "Polygon", "coordinates": [ [ [ -70.745742774873207, -34.144204714996981 ], [ -70.746918781040179, -34.14563211212166 ], [ -70.746014443054534, -34.147020777766237 ], [ -70.74393410722783, -34.14698204245714 ], [ -70.742758137371297, -34.145554656488649 ], [ -70.743662467029679, -34.144165994673273 ], [ -70.745742774873207, -34.144204714996981 ] ] ] } },
{ "type": "Feature", "properties": { "h3": "89b2c1c1bd7ffff" }, "geometry": { "type": "Polygon", "coordinates": [ [ [ -70.774517636478791, -34.184083294330208 ], [ -70.77569424576059, -34.185509850471526 ], [ -70.774789735277892, -34.186897880393353 ], [ -70.772708623789697, -34.186859350366973 ], [ -70.7715320507792, -34.185432805344185 ], [ -70.772436552984246, -34.184044779229431 ], [ -70.774517636478791, -34.184083294330208 ] ] ] } },
{ "type": "Feature", "properties": { "h3": "89b2c1c5457ffff" }, "geometry": { "type": "Polygon", "coordinates": [ [ [ -70.668152560937173, -34.179261034849326 ], [ -70.669327621190334, -34.180688141286325 ], [ -70.668423225464139, -34.18207497523148 ], [ -70.666343777954097, -34.182034698910044 ], [ -70.665168754158699, -34.180607603679391 ], [ -70.666073141414245, -34.17922077356404 ], [ -70.668152560937173, -34.179261034849326 ] ] ] } },
{ "type": "Feature", "properties": { "h3": "89b2c1c0e37ffff" }, "geometry": { "type": "Polygon", "coordinates": [ [ [ -70.715626555246672, -34.154882927507714 ], [ -70.716802180684851, -34.156310264595604 ], [ -70.715897830706012, -34.157698292417635 ], [ -70.713817863670414, -34.157658979321262 ], [ -70.712642274599034, -34.15623165341006 ], [ -70.713546616195103, -34.15484362941875 ], [ -70.715626555246672, -34.154882927507714 ] ] ] } },
{ "type": "Feature", "properties": { "h3": "89b2c1c0883ffff" }, "geometry": { "type": "Polygon", "coordinates": [ [ [ -70.6998922644202, -34.153179680274036 ], [ -70.701067655868201, -34.154607116249601 ], [ -70.70016332662756, -34.155994991680032 ], [ -70.698083614348761, -34.155955427300604 ], [ -70.696908259294815, -34.154528002515093 ], [ -70.697812580124264, -34.153140130919148 ], [ -70.6998922644202, -34.153179680274036 ] ] ] } },
{ "type": "Feature", "properties": { "h3": "89b2c1cac8fffff" }, "geometry": { "type": "Polygon", "coordinates": [ [ [ -70.831249751132759, -34.158417927300349 ], [ -70.832427048487432, -34.159844694328058 ], [ -70.83152258327776, -34.16123406261034 ], [ -70.829440828884685, -34.161196660058756 ], [ -70.828263567693114, -34.15976990411302 ], [ -70.829168024730166, -34.158380539637065 ], [ -70.831249751132759, -34.158417927300349 ] ] ] } },
{ "type": "Feature", "properties": { "h3": "89b2c1c1e13ffff" }, "geometry": { "type": "Polygon", "coordinates": [ [ [ -70.7907979736556, -34.159090565273367 ], [ -70.791974696138382, -34.160517498342408 ], [ -70.791070263394019, -34.161906350718233 ], [ -70.788989116411841, -34.161868266211094 ], [ -70.787812430164124, -34.160441344256455 ], [ -70.788716854662184, -34.159052495694766 ], [ -70.7907979736556, -34.159090565273367 ] ] ] } },
{ "type": "Feature", "properties": { "h3": "89b2c1ce50fffff" }, "geometry": { "type": "Polygon", "coordinates": [ [ [ -70.707757148958606, -34.202490211995844 ], [ -70.708932889458936, -34.203916729801783 ], [ -70.708028371298127, -34.205303476314306 ], [ -70.705948121035917, -34.205263701208558 ], [ -70.704772416930396, -34.203837194568464 ], [ -70.705676926690927, -34.202450451868458 ], [ -70.707757148958606, -34.202490211995844 ] ] ] } },
{ "type": "Feature", "properties": { "h3": "89b2c1c050bffff" }, "geometry": { "type": "Polygon", "coordinates": [ [ [ -70.724036023396721, -34.112871982584231 ], [ -70.725211568468438, -34.114300034976381 ], [ -70.72430736542357, -34.115689210399374 ], [ -70.722227625670214, -34.1156503295839 ], [ -70.721052116938012, -34.114222288376716 ], [ -70.721956311618285, -34.112833116800239 ], [ -70.724036023396721, -34.112871982584231 ] ] ] } },
{ "type": "Feature", "properties": { "h3": "89b2c1c116fffff" }, "geometry": { "type": "Polygon", "coordinates": [ [ [ -70.793238912328405, -34.152107567588871 ], [ -70.794415636274323, -34.153534615156723 ], [ -70.793511227104304, -34.154923671214874 ], [ -70.791430102228404, -34.154885675888849 ], [ -70.79025341451117, -34.153458639435939 ], [ -70.79115781543976, -34.152069587194319 ], [ -70.793238912328405, -34.152107567588871 ] ] ] } },
{ "type": "Feature", "properties": { "h3": "89b2c1c0193ffff" }, "geometry": { "type": "Polygon", "coordinates": [ [ [ -70.718610778799615, -34.121206475483049 ], [ -70.719786285915205, -34.122634402384932 ], [ -70.718882057159689, -34.124023303752914 ], [ -70.716802329662244, -34.123984274375069 ], [ -70.715626858898204, -34.122556358659565 ], [ -70.716531079278724, -34.121167461135705 ], [ -70.718610778799615, -34.121206475483049 ] ] ] } },
{ "type": "Feature", "properties": { "h3": "89b2c1c01d3ffff" }, "geometry": { "type": "Polygon", "coordinates": [ [ [ -70.728105524677417, -34.122790075914587 ], [ -70.729281175546177, -34.124217933220613 ], [ -70.728376932311306, -34.125606912710218 ], [ -70.726297046564198, -34.12556803105241 ], [ -70.72512143203069, -34.124140184924492 ], [ -70.726025666907702, -34.122751209276473 ], [ -70.728105524677417, -34.122790075914587 ] ] ] } },
{ "type": "Feature", "properties": { "h3": "89b2c1c1dd3ffff" }, "geometry": { "type": "Polygon", "coordinates": [ [ [ -70.752799167134711, -34.15276863718303 ], [ -70.753975315403622, -34.154195850063886 ], [ -70.753070939561198, -34.155584390130969 ], [ -70.750990423763525, -34.155545713493083 ], [ -70.749814311795078, -34.154118511759613 ], [ -70.750718679322489, -34.152729975516806 ], [ -70.752799167134711, -34.15276863718303 ] ] ] } },
{ "type": "Feature", "properties": { "h3": "89b2c1c5653ffff" }, "geometry": { "type": "Polygon", "coordinates": [ [ [ -70.693921126573841, -34.18818348676016 ], [ -70.69509659986214, -34.189610321442181 ], [ -70.694192147200908, -34.190997252620306 ], [ -70.692112229674507, -34.19095734529548 ], [ -70.690936792801182, -34.189530521795689 ], [ -70.691841237037949, -34.188143594438692 ], [ -70.693921126573841, -34.18818348676016 ] ] ] } },
{ "type": "Feature", "properties": { "h3": "89b2c1c11afffff" }, "geometry": { "type": "Polygon", "coordinates": [ [ [ -70.779936409797074, -34.143430414990554 ], [ -70.781112901893451, -34.144857676451416 ], [ -70.780208536329781, -34.14624678385033 ], [ -70.778127686933431, -34.146208625965819 ], [ -70.776951231086741, -34.144781375633755 ], [ -70.777855588385378, -34.143392272057589 ], [ -70.779936409797074, -34.143430414990554 ] ] ] } },
{ "type": "Feature", "properties": { "h3": "89b2c1c1a5bffff" }, "geometry": { "type": "Polygon", "coordinates": [ [ [ -70.80546520886476, -34.1818419425801 ], [ -70.806642250099159, -34.183268402855418 ], [ -70.80573772079812, -34.184656870662209 ], [ -70.803656158482482, -34.184618874392015 ], [ -70.802479153463835, -34.183192425211047 ], [ -70.803383674543738, -34.181803961206114 ], [ -70.80546520886476, -34.1818419425801 ] ] ] } },
{ "type": "Feature", "properties": { "h3": "89b2c1c52dbffff" }, "geometry": { "type": "Polygon", "coordinates": [ [ [ -70.695276297201147, -34.202251133236587 ], [ -70.69645185734349, -34.203677709689785 ], [ -70.695547351575371, -34.205064307653124 ], [ -70.693467294086545, -34.20502432534839 ], [ -70.692291770360953, -34.203597760071197 ], [ -70.693196267706099, -34.202211165922911 ], [ -70.695276297201147, -34.202251133236587 ] ] ] } },
{ "type": "Feature", "properties": { "h3": "89b2c1c3323ffff" }, "geometry": { "type": "Polygon", "coordinates": [ [ [ -70.779656166909774, -34.108272696100556 ], [ -70.780832486729878, -34.109700588328273 ], [ -70.779928250759014, -34.111090565373594 ], [ -70.777847703229867, -34.11105264635399 ], [ -70.776671419649574, -34.109624765267867 ], [ -70.777575647357267, -34.108234792059946 ], [ -70.779656166909774, -34.108272696100556 ] ] ] } },
{ "type": "Feature", "properties": { "h3": "89b2c1c136bffff" }, "geometry": { "type": "Polygon", "coordinates": [ [ [ -70.819032534357817, -34.161009128264475 ], [ -70.820209669637165, -34.162435902684329 ], [ -70.819305205347987, -34.163825055858574 ], [ -70.817223613973155, -34.163787430805392 ], [ -70.816046514879361, -34.162360667476406 ], [ -70.816950970973494, -34.160971518109896 ], [ -70.819032534357817, -34.161009128264475 ] ] ] } },
{ "type": "Feature", "properties": { "h3": "89b2c1c038fffff" }, "geometry": { "type": "Polygon", "coordinates": [ [ [ -70.741943289178039, -34.137106003590709 ], [ -70.743119206918848, -34.138533544414678 ], [ -70.742214898481151, -34.139922339447118 ], [ -70.740134680634995, -34.139883589822887 ], [ -70.738958799209243, -34.138456060160706 ], [ -70.73986309931324, -34.137067268961161 ], [ -70.741943289178039, -34.137106003590709 ] ] ] } },
{ "type": "Feature", "properties": { "h3": "89b2c1c0017ffff" }, "geometry": { "type": "Polygon", "coordinates": [ [ [ -70.740313775331629, -34.120205506153688 ], [ -70.741489588853085, -34.12163335656966 ], [ -70.740585344072443, -34.123022551206425 ], [ -70.738505294104527, -34.122983891587154 ], [ -70.737329516896011, -34.121556052340345 ], [ -70.738233753341135, -34.120166861543829 ], [ -70.740313775331629, -34.120205506153688 ] ] ] } },
{ "type": "Feature", "properties": { "h3": "89b2c1c1c57ffff" }, "geometry": { "type": "Polygon", "coordinates": [ [ [ -70.774510189428199, -34.151764499713629 ], [ -70.77568664377705, -34.153191635587362 ], [ -70.774782252322581, -34.154580468879999 ], [ -70.772701414793374, -34.154542162478712 ], [ -70.771524996706248, -34.153115037735169 ], [ -70.772429379885253, -34.151726208262914 ], [ -70.774510189428199, -34.151764499713629 ] ] ] } },
{ "type": "Feature", "properties": { "h3": "89b2c1c054bffff" }, "geometry": { "type": "Polygon", "coordinates": [ [ [ -70.733530856082751, -34.114455114271131 ], [ -70.734706544871131, -34.115883097075944 ], [ -70.733802327376736, -34.117272350622379 ], [ -70.731722429440055, -34.117233617520213 ], [ -70.730546776974904, -34.115805645892124 ], [ -70.731450986121828, -34.114416396189689 ], [ -70.733530856082751, -34.114455114271131 ] ] ] } },
{ "type": "Feature", "properties": { "h3": "89b2c1ce54fffff" }, "geometry": { "type": "Polygon", "coordinates": [ [ [ -70.717254219796573, -34.204075385789487 ], [ -70.718430104198802, -34.205501833724327 ], [ -70.717525571491279, -34.206888658318505 ], [ -70.715445162763288, -34.206849031168012 ], [ -70.714269314739568, -34.205422594390747 ], [ -70.715173839063951, -34.20403577360662 ], [ -70.717254219796573, -34.204075385789487 ] ] ] } },
{ "type": "Feature", "properties": { "h3": "89b2c1c0c7bffff" }, "geometry": { "type": "Polygon", "coordinates": [ [ [ -70.70857330034309, -34.146318260799745 ], [ -70.709748783572621, -34.14774578192565 ], [ -70.708844471596151, -34.14913393531026 ], [ -70.706764684783764, -34.149094563733527 ], [ -70.705589237930951, -34.147667053793121 ], [ -70.706493541512458, -34.146278904244149 ], [ -70.70857330034309, -34.146318260799745 ] ] ] } },
{ "type": "Feature", "properties": { "h3": "89b2c1c1527ffff" }, "geometry": { "type": "Polygon", "coordinates": [ [ [ -70.778575878727551, -34.12934679673716 ], [ -70.779752283934386, -34.130774316452339 ], [ -70.778847971396374, -34.132163756893902 ], [ -70.77676726191676, -34.132125673791634 ], [ -70.775590892957865, -34.130698165211399 ], [ -70.776495197229309, -34.129308728598666 ], [ -70.778575878727551, -34.12934679673716 ] ] ] } },
{ "type": "Feature", "properties": { "h3": "89b2c1c54d7ffff" }, "geometry": { "type": "Polygon", "coordinates": [ [ [ -70.664356916845279, -34.172165318231805 ], [ -70.665531888552707, -34.173592568221594 ], [ -70.664627522544222, -34.174979531591319 ], [ -70.662548193304048, -34.174939241137984 ], [ -70.661373258058944, -34.173512002360191 ], [ -70.662277615590369, -34.172125042823943 ], [ -70.664356916845279, -34.172165318231805 ] ] ] } },
{ "type": "Feature", "properties": { "h3": "89b2c1c0903ffff" }, "geometry": { "type": "Polygon", "coordinates": [ [ [ -70.682801225891083, -34.169711778112422 ], [ -70.683976450982868, -34.171138992150418 ], [ -70.683072076718631, -34.172526245009884 ], [ -70.680992485804666, -34.172486280000662 ], [ -70.67981729714198, -34.171059077160614 ], [ -70.68072166296281, -34.169671828132067 ], [ -70.682801225891083, -34.169711778112422 ] ] ] } },
{ "type": "Feature", "properties": { "h3": "89b2c1cad0fffff" }, "geometry": { "type": "Polygon", "coordinates": [ [ [ -70.814150942708807, -34.174974424882606 ], [ -70.81532807516642, -34.176400970176047 ], [ -70.814423563653961, -34.177789715945281 ], [ -70.812341927887374, -34.177751912618298 ], [ -70.811164831628076, -34.176325378414667 ], [ -70.812069334935671, -34.174936636448408 ], [ -70.814150942708807, -34.174974424882606 ] ] ] } },
{ "type": "Feature", "properties": { "h3": "89b2c1c1567ffff" }, "geometry": { "type": "Polygon", "coordinates": [ [ [ -70.788075448995713, -34.130926204380735 ], [ -70.789251997668828, -34.132353654193274 ], [ -70.788347670969713, -34.133743172720173 ], [ -70.786266803845535, -34.133705237608424 ], [ -70.785090291404003, -34.132277798922559 ], [ -70.785994609853745, -34.130888284221967 ], [ -70.788075448995713, -34.130926204380735 ] ] ] } },
{ "type": "Feature", "properties": { "h3": "89b2c1ce58fffff" }, "geometry": { "type": "Polygon", "coordinates": [ [ [ -70.703958906274408, -34.19539693662577 ], [ -70.705134558260269, -34.196823598253737 ], [ -70.70423006974049, -34.19821047424503 ], [ -70.702149937640243, -34.198170684792352 ], [ -70.700974322053767, -34.196744034335872 ], [ -70.701878802166831, -34.195357162160789 ], [ -70.703958906274408, -34.19539693662577 ] ] ] } },
{ "type": "Feature", "properties": { "h3": "89b2c1c0213ffff" }, "geometry": { "type": "Polygon", "coordinates": [ [ [ -70.766092268872157, -34.129117869817449 ], [ -70.767268494303252, -34.130545448242351 ], [ -70.766364193654354, -34.131934740159551 ], [ -70.764283675862288, -34.131896449820623 ], [ -70.763107486701173, -34.130468882540832 ], [ -70.764011779060809, -34.129079594455057 ], [ -70.766092268872157, -34.129117869817449 ] ] ] } },
{ "type": "Feature", "properties": { "h3": "89b2c1c1e53ffff" }, "geometry": { "type": "Polygon", "coordinates": [ [ [ -70.800299610951967, -34.160669391603342 ], [ -70.801476476875152, -34.162096254595156 ], [ -70.800572030031361, -34.163485185033416 ], [ -70.798490725492158, -34.163447248668461 ], [ -70.797313895787667, -34.162020396782779 ], [ -70.798218334402335, -34.160631470156133 ], [ -70.800299610951967, -34.160669391603342 ] ] ] } },
{ "type": "Feature", "properties": { "h3": "89b2c1c08c3ffff" }, "geometry": { "type": "Polygon", "coordinates": [ [ [ -70.709386834356252, -34.154764929714794 ], [ -70.710562369687139, -34.156192296052282 ], [ -70.709658025863774, -34.157580249596144 ], [ -70.707578155102254, -34.157540832970724 ], [ -70.706402656149137, -34.15611347781504 ], [ -70.707306991578434, -34.154725528103164 ], [ -70.709386834356252, -34.154764929714794 ] ] ] } },
{ "type": "Feature", "properties": { "h3": "89b2c1c0e77ffff" }, "geometry": { "type": "Polygon", "coordinates": [ [ [ -70.725122377771967, -34.156467072799899 ], [ -70.726298147017445, -34.15789434017092 ], [ -70.725393782539427, -34.159282446097258 ], [ -70.723313657180157, -34.159243280824576 ], [ -70.722137924285178, -34.157816024622001 ], [ -70.723042280397593, -34.156427922523839 ], [ -70.725122377771967, -34.156467072799899 ] ] ] } },
{ "type": "Feature", "properties": { "h3": "89b2c1c56d3ffff" }, "geometry": { "type": "Polygon", "coordinates": [ [ [ -70.690123887241398, -34.18108875954858 ], [ -70.691299272008749, -34.182515737929371 ], [ -70.69039484901387, -34.183902798556389 ], [ -70.688315049681194, -34.183862876978033 ], [ -70.687139701333408, -34.182435909785134 ], [ -70.688044115897412, -34.181048852982904 ], [ -70.690123887241398, -34.18108875954858 ] ] ] } },
{ "type": "Feature", "properties": { "h3": "89b2c1c1adbffff" }, "geometry": { "type": "Polygon", "coordinates": [ [ [ -70.801661774159655, -34.174747175305193 ], [ -70.802838727014134, -34.176173779698111 ], [ -70.801934227145608, -34.177562376979388 ], [ -70.799852782648813, -34.177524366062393 ], [ -70.798675866014733, -34.176097772769452 ], [ -70.799580357655699, -34.174709179293721 ], [ -70.801661774159655, -34.174747175305193 ] ] ] } },
{ "type": "Feature", "properties": { "h3": "89b2c1c5497ffff" }, "geometry": { "type": "Polygon", "coordinates": [ [ [ -70.654865077509953, -34.17057669023346 ], [ -70.656039905092527, -34.172004009724851 ], [ -70.655135553908266, -34.173390894967895 ], [ -70.653056383634279, -34.173350456883782 ], [ -70.651881592530287, -34.171923148612656 ], [ -70.652785935220379, -34.170536267205584 ], [ -70.654865077509953, -34.17057669023346 ] ] ] } },
{ "type": "Feature", "properties": { "h3": "89b2c1c7313ffff" }, "geometry": { "type": "Polygon", "coordinates": [ [ [ -70.638866908978372, -34.166051318143097 ], [ -70.640041484682357, -34.167478787723141 ], [ -70.639137165400882, -34.168865587155636 ], [ -70.637058278937005, -34.168824913167398 ], [ -70.635883739738389, -34.167397454822229 ], [ -70.636788050496975, -34.166010659230643 ], [ -70.638866908978372, -34.166051318143097 ] ] ] } },
{ "type": "Feature", "properties": { "h3": "89b2c1ce413ffff" }, "geometry": { "type": "Polygon", "coordinates": [ [ [ -70.728108201889086, -34.187429674607749 ], [ -70.729284162241683, -34.188856373870102 ], [ -70.728379680996866, -34.190243746873428 ], [ -70.72629924776038, -34.190204416799808 ], [ -70.725123323762176, -34.18877772869228 ], [ -70.726027796644715, -34.187390359503759 ], [ -70.728108201889086, -34.187429674607749 ] ] ] } },
{ "type": "Feature", "properties": { "h3": "89b2c1ca81bffff" }, "geometry": { "type": "Polygon", "coordinates": [ [ [ -70.839678640365719, -34.181056007468435 ], [ -70.840856166567278, -34.182482330806238 ], [ -70.839951610828464, -34.183871240244031 ], [ -70.837869537045506, -34.18383382254882 ], [ -70.836692046998721, -34.182407510278011 ], [ -70.837596594578784, -34.181018604635618 ], [ -70.839678640365719, -34.181056007468435 ] ] ] } },
{ "type": "Feature", "properties": { "h3": "89b2c1c1073ffff" }, "geometry": { "type": "Polygon", "coordinates": [ [ [ -70.813593128627687, -34.137012727711273 ], [ -70.814770071245647, -34.138439956415645 ], [ -70.813865699963074, -34.139829638733971 ], [ -70.811784394264535, -34.139792088529397 ], [ -70.810607487834687, -34.138364870928918 ], [ -70.811511850913931, -34.13697519242929 ], [ -70.813593128627687, -34.137012727711273 ] ] ] } },
{ "type": "Feature", "properties": { "h3": "89b2c1ce09bffff" }, "geometry": { "type": "Polygon", "coordinates": [ [ [ -70.729465665026837, -34.201498852738155 ], [ -70.730641712264202, -34.202925293593978 ], [ -70.729737177935263, -34.204312333373352 ], [ -70.727656604728367, -34.204272928488379 ], [ -70.726480593847157, -34.202846498781192 ], [ -70.727385119815338, -34.20145946281054 ], [ -70.729465665026837, -34.201498852738155 ] ] ] } },
{ "type": "Feature", "properties": { "h3": "89b2c1c0097ffff" }, "geometry": { "type": "Polygon", "coordinates": [ [ [ -70.736514966984842, -34.113104452960016 ], [ -70.73769069209078, -34.114532446939592 ], [ -70.736786476863614, -34.115921770919442 ], [ -70.734706544871131, -34.115883097075944 ], [ -70.733530856082751, -34.114455114271131 ], [ -70.734435062967961, -34.113065794135245 ], [ -70.736514966984842, -34.113104452960016 ] ] ] } },
{ "type": "Feature", "properties": { "h3": "89b2c1c0c3bffff" }, "geometry": { "type": "Polygon", "coordinates": [ [ [ -70.699079118289148, -34.144733036870413 ], [ -70.700254457641677, -34.146160627596899 ], [ -70.699350160251228, -34.147548702862899 ], [ -70.697270531919031, -34.147509183564445 ], [ -70.696095228959507, -34.146081604031735 ], [ -70.696999517937826, -34.144693532603881 ], [ -70.699079118289148, -34.144733036870413 ] ] ] } },
{ "type": "Feature", "properties": { "h3": "89b2c1c1cd7ffff" }, "geometry": { "type": "Polygon", "coordinates": [ [ [ -70.770708964430426, -34.144666665268929 ], [ -70.771885330382929, -34.146093944993595 ], [ -70.770980968418272, -34.147482907697061 ], [ -70.768900248781691, -34.147444586851989 ], [ -70.767723919095587, -34.146017318263127 ], [ -70.768628272778329, -34.144628359383745 ], [ -70.770708964430426, -34.144666665268929 ] ] ] } },
{ "type": "Feature", "properties": { "h3": "89b2c1c5557ffff" }, "geometry": { "type": "Polygon", "coordinates": [ [ [ -70.647266589448293, -34.188684292736184 ], [ -70.648441394378438, -34.190111320688224 ], [ -70.647536983684844, -34.191497661399268 ], [ -70.645457776568975, -34.191456970328574 ], [ -70.644283008136156, -34.190029953596373 ], [ -70.645187410320545, -34.188643616715218 ], [ -70.647266589448293, -34.188684292736184 ] ] ] } },
{ "type": "Feature", "properties": { "h3": "89b2c1c1c17ffff" }, "geometry": { "type": "Polygon", "coordinates": [ [ [ -70.765010832190796, -34.150183920798902 ], [ -70.766187142981892, -34.151611126596485 ], [ -70.76528276576316, -34.152999881808121 ], [ -70.763202086044657, -34.152961427399418 ], [ -70.762025811531672, -34.151534232740261 ], [ -70.762930180457758, -34.150145481351544 ], [ -70.765010832190796, -34.150183920798902 ] ] ] } },
{ "type": "Feature", "properties": { "h3": "89b2c1cad8fffff" }, "geometry": { "type": "Polygon", "coordinates": [ [ [ -70.810347125293916, -34.167879039573215 ], [ -70.811524169387283, -34.169305728986764 ], [ -70.810619687287513, -34.17069460422114 ], [ -70.808538169304342, -34.170656786235554 ], [ -70.807361161413965, -34.169230107917436 ], [ -70.808265635302419, -34.167841236489686 ], [ -70.810347125293916, -34.167879039573215 ] ] ] } },
{ "type": "Feature", "properties": { "h3": "89b2c1c0983ffff" }, "geometry": { "type": "Polygon", "coordinates": [ [ [ -70.679004900938878, -34.162615212150854 ], [ -70.680180037509544, -34.164042569755431 ], [ -70.679275692930304, -34.165429952027424 ], [ -70.677196220228851, -34.165389972860375 ], [ -70.67602112009186, -34.163962626459373 ], [ -70.676925456221298, -34.162575248022016 ], [ -70.679004900938878, -34.162615212150854 ] ] ] } },
{ "type": "Feature", "properties": { "h3": "89b2c1c060bffff" }, "geometry": { "type": "Polygon", "coordinates": [ [ [ -70.767717367359253, -34.11368019451676 ], [ -70.768893542186007, -34.115108042166518 ], [ -70.767989296885631, -34.116497737502002 ], [ -70.765908885042421, -34.116459581350426 ], [ -70.764732746478202, -34.115031744849993 ], [ -70.765636983493309, -34.113642053352017 ], [ -70.767717367359253, -34.11368019451676 ] ] ] } },
{ "type": "Feature", "properties": { "h3": "89b2c1c3227ffff" }, "geometry": { "type": "Polygon", "coordinates": [ [ [ -70.797565312587736, -34.100157557185462 ], [ -70.798741849727321, -34.101585516222173 ], [ -70.797837627900975, -34.10297591580872 ], [ -70.795756877163726, -34.102938352521633 ], [ -70.794580376229817, -34.101510404614949 ], [ -70.795484589826131, -34.100120008865517 ], [ -70.797565312587736, -34.100157557185462 ] ] ] } },
{ "type": "Feature", "properties": { "h3": "89b2c1c126fffff" }, "geometry": { "type": "Polygon", "coordinates": [ [ [ -70.836949309371548, -34.152897167631096 ], [ -70.838126661644424, -34.154324008555939 ], [ -70.837222211904603, -34.155713584326591 ], [ -70.835140418052418, -34.155676315365127 ], [ -70.833963101930877, -34.154249485519628 ], [ -70.834867543508835, -34.152859913556455 ], [ -70.836949309371548, -34.152897167631096 ] ] ] } },
{ "type": "Feature", "properties": { "h3": "89b2c1c0293ffff" }, "geometry": { "type": "Polygon", "coordinates": [ [ [ -70.762291868719331, -34.122017806926152 ], [ -70.763468005760004, -34.123445529060803 ], [ -70.762563734613082, -34.124834950345573 ], [ -70.760483334719765, -34.124796645660744 ], [ -70.759307233953692, -34.123368934676833 ], [ -70.760211496804942, -34.121979517227196 ], [ -70.762291868719331, -34.122017806926152 ] ] ] } },
{ "type": "Feature", "properties": { "h3": "89b2c1c1ed3ffff" }, "geometry": { "type": "Polygon", "coordinates": [ [ [ -70.796496795010086, -34.153572551159968 ], [ -70.797673572562204, -34.154999558148617 ], [ -70.796769155156611, -34.156388618022042 ], [ -70.794687968433109, -34.156350667091743 ], [ -70.793511227104304, -34.154923671214874 ], [ -70.794415636274323, -34.153534615156723 ], [ -70.796496795010086, -34.153572551159968 ] ] ] } },
{ "type": "Feature", "properties": { "h3": "89b2c1c53dbffff" }, "geometry": { "type": "Polygon", "coordinates": [ [ [ -70.674385282482987, -34.21167479640588 ], [ -70.675560587589061, -34.21310129458648 ], [ -70.674656066530716, -34.214487399296964 ], [ -70.67257624882653, -34.214447002011866 ], [ -70.671400980176855, -34.213020515020759 ], [ -70.672305492773646, -34.211634414125449 ], [ -70.674385282482987, -34.21167479640588 ] ] ] } },
{ "type": "Feature", "properties": { "h3": "89b2c1c0807ffff" }, "geometry": { "type": "Polygon", "coordinates": [ [ [ -70.700705471289197, -34.161625259861125 ], [ -70.701880914836721, -34.163052541046198 ], [ -70.700976553743999, -34.164440216623568 ], [ -70.698896757512713, -34.164400607185257 ], [ -70.697721350360325, -34.16297333718655 ], [ -70.698625703042751, -34.161585665439993 ], [ -70.700705471289197, -34.161625259861125 ] ] ] } },
{ "type": "Feature", "properties": { "h3": "89b2c1cac13ffff" }, "geometry": { "type": "Polygon", "coordinates": [ [ [ -70.834508836610468, -34.159882037527339 ], [ -70.835686187513474, -34.161308763892976 ], [ -70.834781714137051, -34.162698135980328 ], [ -70.832699898023037, -34.162660777897166 ], [ -70.83152258327776, -34.16123406261034 ], [ -70.832427048487432, -34.159844694328058 ], [ -70.834508836610468, -34.159882037527339 ] ] ] } },
{ "type": "Feature", "properties": { "h3": "89b2c1c5063ffff" }, "geometry": { "type": "Polygon", "coordinates": [ [ [ -70.667604630044423, -34.205928075415699 ], [ -70.66877981012793, -34.207354706132186 ], [ -70.667875316624446, -34.208740869860378 ], [ -70.665795651509612, -34.208700399053413 ], [ -70.664620507892749, -34.207273779533999 ], [ -70.665524992922741, -34.205887619624654 ], [ -70.667604630044423, -34.205928075415699 ] ] ] } },
{ "type": "Feature", "properties": { "h3": "89b2c1c146bffff" }, "geometry": { "type": "Polygon", "coordinates": [ [ [ -70.815215852966048, -34.121573717643656 ], [ -70.816392744849367, -34.123001215844056 ], [ -70.815488428967456, -34.124391301618836 ], [ -70.813407229400198, -34.124353885368663 ], [ -70.812230373697574, -34.122926398276356 ], [ -70.813134681380149, -34.121536316326306 ], [ -70.815215852966048, -34.121573717643656 ] ] ] } },
{ "type": "Feature", "properties": { "h3": "89b2c1ce493ffff" }, "geometry": { "type": "Polygon", "coordinates": [ [ [ -70.724309042815676, -34.180335046908617 ], [ -70.72548491468946, -34.18176189000377 ], [ -70.724580463039715, -34.183149392465985 ], [ -70.722500147883551, -34.183110048014768 ], [ -70.721324312368779, -34.181683216080081 ], [ -70.722228755649837, -34.180295717436337 ], [ -70.724309042815676, -34.180335046908617 ] ] ] } },
{ "type": "Feature", "properties": { "h3": "89b2c1ca89bffff" }, "geometry": { "type": "Polygon", "coordinates": [ [ [ -70.835873292160812, -34.173961345972266 ], [ -70.837050730025311, -34.1753878135615 ], [ -70.836146203647331, -34.176776852483606 ], [ -70.834064247568691, -34.176739420017604 ], [ -70.832886845863641, -34.175312963501028 ], [ -70.833791364076419, -34.173923928377974 ], [ -70.835873292160812, -34.173961345972266 ] ] ] } },
{ "type": "Feature", "properties": { "h3": "89b2c1c0117ffff" }, "geometry": { "type": "Polygon", "coordinates": [ [ [ -70.719424634139145, -34.129656605803582 ], [ -70.720600193350961, -34.13108437799481 ], [ -70.719695932759024, -34.132473079571653 ], [ -70.717616121328021, -34.132434005117048 ], [ -70.716440598468836, -34.131006244108541 ], [ -70.717344850686658, -34.129617546372131 ], [ -70.719424634139145, -34.129656605803582 ] ] ] } },
{ "type": "Feature", "properties": { "h3": "89b2c1c034fffff" }, "geometry": { "type": "Polygon", "coordinates": [ [ [ -70.755240452434109, -34.145786609022878 ], [ -70.756416602247157, -34.147213936335646 ], [ -70.755512249923825, -34.148602680074731 ], [ -70.753431756096205, -34.14856409267459 ], [ -70.752255642577254, -34.147136776509754 ], [ -70.753159986590475, -34.14574803659734 ], [ -70.755240452434109, -34.145786609022878 ] ] ] } },
{ "type": "Feature", "properties": { "h3": "89b2c1ca523ffff" }, "geometry": { "type": "Polygon", "coordinates": [ [ [ -70.848075321822705, -34.139035660010634 ], [ -70.84925276646986, -34.140462700438917 ], [ -70.84834835831937, -34.141852757777812 ], [ -70.846266513661021, -34.141815770877734 ], [ -70.845089105141341, -34.140388741524802 ], [ -70.845993505151185, -34.138998687996803 ], [ -70.848075321822705, -34.139035660010634 ] ] ] } },
{ "type": "Feature", "properties": { "h3": "89b2c1c1d57ffff" }, "geometry": { "type": "Polygon", "coordinates": [ [ [ -70.753614504710896, -34.161215541217715 ], [ -70.754790705108093, -34.162642599139637 ], [ -70.753886297434576, -34.164030939343867 ], [ -70.751805697676616, -34.163992217805749 ], [ -70.750629533580948, -34.162565171027495 ], [ -70.751533932940347, -34.161176834643896 ], [ -70.753614504710896, -34.161215541217715 ] ] ] } },
{ "type": "Feature", "properties": { "h3": "89b2c1c132bffff" }, "geometry": { "type": "Polygon", "coordinates": [ [ [ -70.809529480016963, -34.159431635500638 ], [ -70.810706471948421, -34.160858480084634 ], [ -70.809802021658896, -34.162247555206633 ], [ -70.80772058764876, -34.162209781934571 ], [ -70.80654363191924, -34.160782948449722 ], [ -70.80744807399654, -34.159393877137994 ], [ -70.809529480016963, -34.159431635500638 ] ] ] } },
{ "type": "Feature", "properties": { "h3": "89b2c1c0d7bffff" }, "geometry": { "type": "Polygon", "coordinates": [ [ [ -70.687685534880885, -34.155757087970386 ], [ -70.688860763354498, -34.157184530757227 ], [ -70.687956435937878, -34.158572191003906 ], [ -70.685876888479882, -34.158532404628154 ], [ -70.68470169642265, -34.157104973040326 ], [ -70.685606015405682, -34.155717316629449 ], [ -70.687685534880885, -34.155757087970386 ] ] ] } },
{ "type": "Feature", "properties": { "h3": "89b2c1c55d7ffff" }, "geometry": { "type": "Polygon", "coordinates": [ [ [ -70.643471981671269, -34.181589383384114 ], [ -70.644646698023678, -34.183016554849402 ], [ -70.643742317093441, -34.184403024994765 ], [ -70.641663228325029, -34.184362319841462 ], [ -70.640488548474494, -34.182935159601683 ], [ -70.64139292088916, -34.181548693289876 ], [ -70.643471981671269, -34.181589383384114 ] ] ] } },
{ "type": "Feature", "properties": { "h3": "89b2c1c0a03ffff" }, "geometry": { "type": "Polygon", "coordinates": [ [ [ -70.72647946918174, -34.170542756783568 ], [ -70.727655325287358, -34.171969765989203 ], [ -70.72675090773663, -34.173357538797717 ], [ -70.724670642443002, -34.1733182985787 ], [ -70.723494822689645, -34.171891300535343 ], [ -70.724399231876276, -34.17050353154891 ], [ -70.72647946918174, -34.170542756783568 ] ] ] } },
{ "type": "Feature", "properties": { "h3": "89b2c1c7217ffff" }, "geometry": { "type": "Polygon", "coordinates": [ [ [ -70.656766602035646, -34.15797177469387 ], [ -70.657941396653214, -34.159399311642566 ], [ -70.657037090098683, -34.160786533819902 ], [ -70.654957997415067, -34.160746215207872 ], [ -70.653783239268961, -34.159318689482447 ], [ -70.654687537333672, -34.15793147114595 ], [ -70.656766602035646, -34.15797177469387 ] ] ] } },
{ "type": "Feature", "properties": { "h3": "89b2c1c1667ffff" }, "geometry": { "type": "Polygon", "coordinates": [ [ [ -70.831780434824452, -34.131714543729991 ], [ -70.83295761183804, -34.133141787319126 ], [ -70.832053244449256, -34.134531825590912 ], [ -70.82997170821541, -34.134494616456543 ], [ -70.828794567356127, -34.133067383958512 ], [ -70.829698926575048, -34.131677349503931 ], [ -70.831780434824452, -34.131714543729991 ] ] ] } },
{ "type": "Feature", "properties": { "h3": "89b2c1c0313ffff" }, "geometry": { "type": "Polygon", "coordinates": [ [ [ -70.745199458798055, -34.138572234760282 ], [ -70.74637543022007, -34.139999735128796 ], [ -70.745471113454457, -34.141388533992895 ], [ -70.743390833593423, -34.141349828656999 ], [ -70.742214898481151, -34.139922339447118 ], [ -70.743119206918848, -34.138533544414678 ], [ -70.745199458798055, -34.138572234760282 ] ] ] } },
{ "type": "Feature", "properties": { "h3": "89b2c1c1bdbffff" }, "geometry": { "type": "Polygon", "coordinates": [ [ [ -70.780761078671659, -34.184198632163437 ], [ -70.781937777863661, -34.185625158816151 ], [ -70.781033261452393, -34.187013262990632 ], [ -70.778952054114001, -34.186974836706852 ], [ -70.777775391182232, -34.18554832116758 ], [ -70.778679899327258, -34.184160220798873 ], [ -70.780761078671659, -34.184198632163437 ] ] ] } },
{ "type": "Feature", "properties": { "h3": "89b2c1c06c7ffff" }, "geometry": { "type": "Polygon", "coordinates": [ [ [ -70.767173528609575, -34.108044753969985 ], [ -70.768349668692011, -34.109472704821506 ], [ -70.767445444600639, -34.110862533337297 ], [ -70.765365088711334, -34.110824407161836 ], [ -70.764188984890751, -34.109396467462091 ], [ -70.765093200696271, -34.108006642786236 ], [ -70.767173528609575, -34.108044753969985 ] ] ] } },
{ "type": "Feature", "properties": { "h3": "89b2c1c545bffff" }, "geometry": { "type": "Polygon", "coordinates": [ [ [ -70.674391012665879, -34.179381611759446 ], [ -70.675566163182197, -34.180808689004472 ], [ -70.674661761154908, -34.182195597237303 ], [ -70.672582217069262, -34.182155424396782 ], [ -70.671407102999751, -34.180728358353015 ], [ -70.67231149656773, -34.179341453948723 ], [ -70.674391012665879, -34.179381611759446 ] ] ] } },
{ "type": "Feature", "properties": { "h3": "89b2c1c1863ffff" }, "geometry": { "type": "Polygon", "coordinates": [ [ [ -70.773973459201741, -34.178453767151588 ], [ -70.775150033716827, -34.17988042671459 ], [ -70.774245544453493, -34.181268589914197 ], [ -70.772164488951958, -34.181230089741462 ], [ -70.77098795070745, -34.179803441299448 ], [ -70.77189243169255, -34.178415281909366 ], [ -70.773973459201741, -34.178453767151588 ] ] ] } },
{ "type": "Feature", "properties": { "h3": "89b2c1c16a3ffff" }, "geometry": { "type": "Polygon", "coordinates": [ [ [ -70.821459558776127, -34.121685714189624 ], [ -70.822636540386981, -34.123113182928016 ], [ -70.821732218722204, -34.124503342950511 ], [ -70.819650923633205, -34.124466030411426 ], [ -70.818473978192017, -34.123038572776046 ], [ -70.819378291668798, -34.121648416576967 ], [ -70.821459558776127, -34.121685714189624 ] ] ] } },
{ "type": "Feature", "properties": { "h3": "89b2c1c529bffff" }, "geometry": { "type": "Polygon", "coordinates": [ [ [ -70.685780955977819, -34.200664410620881 ], [ -70.68695637211205, -34.202091056837446 ], [ -70.686051881007373, -34.203477576706867 ], [ -70.683971982207183, -34.203437446542416 ], [ -70.682796602506002, -34.202010811510135 ], [ -70.683701085170568, -34.200624295458255 ], [ -70.685780955977819, -34.200664410620881 ] ] ] } },
{ "type": "Feature", "properties": { "h3": "89b2c1c0887ffff" }, "geometry": { "type": "Polygon", "coordinates": [ [ [ -70.696908259294815, -34.154528002515093 ], [ -70.698083614348761, -34.155955427300604 ], [ -70.697179282901857, -34.157343232282024 ], [ -70.695099604816406, -34.157303608643637 ], [ -70.693924286162186, -34.155876195050105 ], [ -70.694828609192342, -34.154488393903193 ], [ -70.696908259294815, -34.154528002515093 ] ] ] } },
{ "type": "Feature", "properties": { "h3": "89b2c1cac93ffff" }, "geometry": { "type": "Polygon", "coordinates": [ [ [ -70.830704107212995, -34.152785301599138 ], [ -70.83188136978778, -34.15421217209547 ], [ -70.830976925777918, -34.155601673627821 ], [ -70.828895227365138, -34.155564300855282 ], [ -70.827718000952771, -34.154137441443389 ], [ -70.828622436789402, -34.152747943719788 ], [ -70.830704107212995, -34.152785301599138 ] ] ] } },
{ "type": "Feature", "properties": { "h3": "89b2c1ce513ffff" }, "geometry": { "type": "Polygon", "coordinates": [ [ [ -70.707214724540904, -34.196863328417017 ], [ -70.708390430293633, -34.198289949555054 ], [ -70.707485933372965, -34.199676829361316 ], [ -70.70540573909912, -34.19963708421475 ], [ -70.70423006974049, -34.19821047424503 ], [ -70.705134558260269, -34.196823598253737 ], [ -70.707214724540904, -34.196863328417017 ] ] ] } },
{ "type": "Feature", "properties": { "h3": "89b2c1c050fffff" }, "geometry": { "type": "Polygon", "coordinates": [ [ [ -70.721052116938012, -34.114222288376716 ], [ -70.722227625670214, -34.1156503295839 ], [ -70.721323420379122, -34.117039434571915 ], [ -70.719243714724598, -34.117000494506399 ], [ -70.718068242337594, -34.115572464486107 ], [ -70.71897243925855, -34.114183363344665 ], [ -70.721052116938012, -34.114222288376716 ] ] ] } },
{ "type": "Feature", "properties": { "h3": "89b2c1c1173ffff" }, "geometry": { "type": "Polygon", "coordinates": [ [ [ -70.792694303110068, -34.146475005425742 ], [ -70.793870992291588, -34.147902156362356 ], [ -70.792966604330402, -34.149291345657069 ], [ -70.790885535428401, -34.149253380196392 ], [ -70.789708882474855, -34.147826240377178 ], [ -70.790613262194, -34.146437054901433 ], [ -70.792694303110068, -34.146475005425742 ] ] ] } },
{ "type": "Feature", "properties": { "h3": "89b2c1c7253ffff" }, "geometry": { "type": "Polygon", "coordinates": [ [ [ -70.669241666635642, -34.158212872127777 ], [ -70.670416641803527, -34.159640350829704 ], [ -70.669512322591089, -34.161027721594103 ], [ -70.667433036676627, -34.160987609818449 ], [ -70.666258097958334, -34.15956014232961 ], [ -70.667162408703561, -34.158172775403528 ], [ -70.669241666635642, -34.158212872127777 ] ] ] } },
{ "type": "Feature", "properties": { "h3": "89b2c1c0197ffff" }, "geometry": { "type": "Polygon", "coordinates": [ [ [ -70.715626858898204, -34.122556358659565 ], [ -70.716802329662244, -34.123984274375069 ], [ -70.715898098669513, -34.125373105305066 ], [ -70.713818405291931, -34.12533401667563 ], [ -70.712642970885142, -34.123906112148433 ], [ -70.71354719349732, -34.122517285062571 ], [ -70.715626858898204, -34.122556358659565 ] ] ] } },
{ "type": "Feature", "properties": { "h3": "89b2c1ca5a3ffff" }, "geometry": { "type": "Polygon", "coordinates": [ [ [ -70.844270152161641, -34.131936982713462 ], [ -70.845447508512379, -34.133364167228429 ], [ -70.844543129695111, -34.134754353979552 ], [ -70.842461402672868, -34.13471735240131 ], [ -70.84128408245428, -34.133290178967314 ], [ -70.84218845312445, -34.131899996030768 ], [ -70.844270152161641, -34.131936982713462 ] ] ] } },
{ "type": "Feature", "properties": { "h3": "89b2c1c1dd7ffff" }, "geometry": { "type": "Polygon", "coordinates": [ [ [ -70.749814311795078, -34.154118511759613 ], [ -70.750990423763525, -34.155545713493083 ], [ -70.750086045625665, -34.156934183118103 ], [ -70.748005563838561, -34.156895447185533 ], [ -70.746829488176289, -34.155468256601367 ], [ -70.747733857993595, -34.154079790800658 ], [ -70.749814311795078, -34.154118511759613 ] ] ] } },
{ "type": "Feature", "properties": { "h3": "89b2c1c1a1bffff" }, "geometry": { "type": "Polygon", "coordinates": [ [ [ -70.795962365132752, -34.180263279040993 ], [ -70.797139262927615, -34.181689809501584 ], [ -70.796234747700922, -34.183078199260351 ], [ -70.794153342916331, -34.183040054754336 ], [ -70.792976481353591, -34.181613535396338 ], [ -70.793880988341982, -34.180225149441966 ], [ -70.795962365132752, -34.180263279040993 ] ] ] } },
{ "type": "Feature", "properties": { "h3": "89b2c1c5613ffff" }, "geometry": { "type": "Polygon", "coordinates": [ [ [ -70.684426432027763, -34.18659680601035 ], [ -70.685601761317798, -34.188023710393317 ], [ -70.684697323325523, -34.189410563468883 ], [ -70.682617564483465, -34.189370508338101 ], [ -70.68144227162469, -34.187943615145649 ], [ -70.682346701175362, -34.18655676589367 ], [ -70.684426432027763, -34.18659680601035 ] ] ] } },
{ "type": "Feature", "properties": { "h3": "89b2c1c5657ffff" }, "geometry": { "type": "Polygon", "coordinates": [ [ [ -70.690936792801182, -34.189530521795689 ], [ -70.692112229674507, -34.19095734529548 ], [ -70.69120777481649, -34.19234420601456 ], [ -70.689127891513749, -34.19230423941292 ], [ -70.687952491061068, -34.190877427097305 ], [ -70.688856937489135, -34.189490570199354 ], [ -70.690936792801182, -34.189530521795689 ] ] ] } },
{ "type": "Feature", "properties": { "h3": "89b2c1c0a83ffff" }, "geometry": { "type": "Polygon", "coordinates": [ [ [ -70.72268066337756, -34.163446489743066 ], [ -70.723856431014539, -34.164873642695142 ], [ -70.722952043058214, -34.16626154493207 ], [ -70.720871895834051, -34.166222290391339 ], [ -70.719696164553937, -34.164795148607176 ], [ -70.720600544139742, -34.16340725019603 ], [ -70.72268066337756, -34.163446489743066 ] ] ] } },
{ "type": "Feature", "properties": { "h3": "89b2c1c3327ffff" }, "geometry": { "type": "Polygon", "coordinates": [ [ [ -70.776671419649574, -34.109624765267867 ], [ -70.777847703229867, -34.11105264635399 ], [ -70.776943464919114, -34.112442552973008 ], [ -70.774862951295418, -34.11240457466868 ], [ -70.773686703960635, -34.110976704726092 ], [ -70.774590934002688, -34.109586801944488 ], [ -70.776671419649574, -34.109624765267867 ] ] ] } },
{ "type": "Feature", "properties": { "h3": "89b2c1c136fffff" }, "geometry": { "type": "Polygon", "coordinates": [ [ [ -70.816046514879361, -34.162360667476406 ], [ -70.817223613973155, -34.163787430805392 ], [ -70.816319147276644, -34.165176513544168 ], [ -70.814237589685561, -34.165138829146393 ], [ -70.813060526783005, -34.163712076910222 ], [ -70.813964985278943, -34.162322997979217 ], [ -70.816046514879361, -34.162360667476406 ] ] ] } },
{ "type": "Feature", "properties": { "h3": "89b2c1c0393ffff" }, "geometry": { "type": "Polygon", "coordinates": [ [ [ -70.741400090854526, -34.131472977238353 ], [ -70.742575973853761, -34.132900621277287 ], [ -70.741671686635897, -34.134289549519004 ], [ -70.739591524751788, -34.134250829886604 ], [ -70.738415678066886, -34.132823197011916 ], [ -70.739319956950439, -34.131434272605546 ], [ -70.741400090854526, -34.131472977238353 ] ] ] } },
{ "type": "Feature", "properties": { "h3": "89b2c1c001bffff" }, "geometry": { "type": "Polygon", "coordinates": [ [ [ -70.746554033382054, -34.120321232935552 ], [ -70.747729936881839, -34.121749054093989 ], [ -70.746825686055786, -34.123138323003801 ], [ -70.744745540052818, -34.123099766916404 ], [ -70.743569672854989, -34.121671956922057 ], [ -70.744473915356835, -34.120282691851216 ], [ -70.746554033382054, -34.120321232935552 ] ] ] } },
{ "type": "Feature", "properties": { "h3": "89b2c1c1c5bffff" }, "geometry": { "type": "Polygon", "coordinates": [ [ [ -70.780752809715906, -34.151879166728179 ], [ -70.781929353951369, -34.153306273183659 ], [ -70.781024956569809, -34.154695180733569 ], [ -70.778944023215558, -34.154656978009086 ], [ -70.777767515230835, -34.15322988267873 ], [ -70.778671904348286, -34.151840978947909 ], [ -70.780752809715906, -34.151879166728179 ] ] ] } },
{ "type": "Feature", "properties": { "h3": "89b2c1c54dbffff" }, "geometry": { "type": "Polygon", "coordinates": [ [ [ -70.670595013810654, -34.172285937556474 ], [ -70.671770075788686, -34.173713158379982 ], [ -70.670865703466191, -34.175100196039686 ], [ -70.668786277630034, -34.175060009043854 ], [ -70.667611252103384, -34.173632799427239 ], [ -70.668515615960146, -34.172245765599733 ], [ -70.670595013810654, -34.172285937556474 ] ] ] } },
{ "type": "Feature", "properties": { "h3": "89b2c1c0907ffff" }, "geometry": { "type": "Polygon", "coordinates": [ [ [ -70.67981729714198, -34.171059077160614 ], [ -70.680992485804666, -34.172486280000662 ], [ -70.680088109362686, -34.1738734624046 ], [ -70.678008552705592, -34.173833438137748 ], [ -70.676833400477676, -34.17240624649758 ], [ -70.677737768470735, -34.171019067924576 ], [ -70.67981729714198, -34.171059077160614 ] ] ] } },
{ "type": "Feature", "properties": { "h3": "89b2c1c1d93ffff" }, "geometry": { "type": "Polygon", "coordinates": [ [ [ -70.743301403308251, -34.151186500592772 ], [ -70.744477407910864, -34.152613783302264 ], [ -70.743573046419897, -34.154002245277432 ], [ -70.741492688657203, -34.153963420716487 ], [ -70.74031672037141, -34.152536149162614 ], [ -70.741221073530184, -34.151147691014259 ], [ -70.743301403308251, -34.151186500592772 ] ] ] } },
{ "type": "Feature", "properties": { "h3": "89b2c1cad13ffff" }, "geometry": { "type": "Polygon", "coordinates": [ [ [ -70.813605721175421, -34.169343487628097 ], [ -70.81478281885461, -34.170770136401671 ], [ -70.813878328549379, -34.172159015441437 ], [ -70.811796748769069, -34.172121241902452 ], [ -70.810619687287513, -34.17069460422114 ], [ -70.811524169387283, -34.169305728986764 ], [ -70.813605721175421, -34.169343487628097 ] ] ] } },
{ "type": "Feature", "properties": { "h3": "89b2c1c156bffff" }, "geometry": { "type": "Polygon", "coordinates": [ [ [ -70.794318157861724, -34.131039757540421 ], [ -70.795494796360572, -34.132467177943575 ], [ -70.794590463782967, -34.133856770726098 ], [ -70.792509500943197, -34.133818939280673 ], [ -70.791332898664891, -34.13239152999914 ], [ -70.792237223004477, -34.13100194104161 ], [ -70.794318157861724, -34.131039757540421 ] ] ] } },
{ "type": "Feature", "properties": { "h3": "89b2c1ce593ffff" }, "geometry": { "type": "Polygon", "coordinates": [ [ [ -70.70341659959881, -34.189769506503666 ], [ -70.704592216840439, -34.19119627143499 ], [ -70.703687749560586, -34.19258328070989 ], [ -70.701607673445054, -34.192543521235038 ], [ -70.700432092602085, -34.191116767477688 ], [ -70.701336551474625, -34.189729762021408 ], [ -70.70341659959881, -34.189769506503666 ] ] ] } },
{ "type": "Feature", "properties": { "h3": "89b2c1c0217ffff" }, "geometry": { "type": "Polygon", "coordinates": [ [ [ -70.763107486701173, -34.130468882540832 ], [ -70.764283675862288, -34.131896449820623 ], [ -70.763379372895969, -34.133285671303959 ], [ -70.761298889061976, -34.133247321676244 ], [ -70.760122736176527, -34.131819765543518 ], [ -70.761027030848069, -34.130430547891635 ], [ -70.763107486701173, -34.130468882540832 ] ] ] } },
{ "type": "Feature", "properties": { "h3": "89b2c1c0153ffff" }, "geometry": { "type": "Polygon", "coordinates": [ [ [ -70.731904008084726, -34.129890237901428 ], [ -70.733079747386242, -34.131317951631779 ], [ -70.732175474578028, -34.132706801763717 ], [ -70.730095470818441, -34.1326679343276 ], [ -70.728919767847586, -34.131240231769752 ], [ -70.729824032304322, -34.12985138547571 ], [ -70.731904008084726, -34.129890237901428 ] ] ] } },
{ "type": "Feature", "properties": { "h3": "89b2c1c1e57ffff" }, "geometry": { "type": "Polygon", "coordinates": [ [ [ -70.797313895787667, -34.162020396782779 ], [ -70.798490725492158, -34.163447248668461 ], [ -70.797586276272668, -34.164836108668801 ], [ -70.795505005581944, -34.164798112972058 ], [ -70.794328212101817, -34.163371272194468 ], [ -70.795232653086671, -34.161982416005735 ], [ -70.797313895787667, -34.162020396782779 ] ] ] } },
{ "type": "Feature", "properties": { "h3": "89b2c1c0e7bffff" }, "geometry": { "type": "Polygon", "coordinates": [ [ [ -70.73136286223901, -34.156584316504627 ], [ -70.732538721540323, -34.158011554580007 ], [ -70.731634350961869, -34.159399734779164 ], [ -70.729554129435016, -34.159360673076215 ], [ -70.728378306473232, -34.157933446164201 ], [ -70.729282668697422, -34.156545269791955 ], [ -70.73136286223901, -34.156584316504627 ] ] ] } },
{ "type": "Feature", "properties": { "h3": "89b2c1c112fffff" }, "geometry": { "type": "Polygon", "coordinates": [ [ [ -70.783738135762079, -34.150528321028006 ], [ -70.784914716242568, -34.151955438606663 ], [ -70.784010321208598, -34.153344416593924 ], [ -70.781929353951369, -34.153306273183659 ], [ -70.780752809715906, -34.151879166728179 ], [ -70.781657196491295, -34.15049019256 ], [ -70.783738135762079, -34.150528321028006 ] ] ] } },
{ "type": "Feature", "properties": { "h3": "89b2c1c56d7ffff" }, "geometry": { "type": "Polygon", "coordinates": [ [ [ -70.687139701333408, -34.182435909785134 ], [ -70.688315049681194, -34.183862876978033 ], [ -70.687410624496053, -34.185249867147434 ], [ -70.685330859398178, -34.185209886299305 ], [ -70.684155547475612, -34.183782930296225 ], [ -70.685059964224365, -34.182395943951647 ], [ -70.687139701333408, -34.182435909785134 ] ] ] } },
{ "type": "Feature", "properties": { "h3": "89b2c1c0b03ffff" }, "geometry": { "type": "Polygon", "coordinates": [ [ [ -70.705587613360905, -34.179979838599031 ], [ -70.706763214881548, -34.181406769628289 ], [ -70.705858781676355, -34.182794049269575 ], [ -70.703778755351834, -34.182754394059543 ], [ -70.70260319022313, -34.181327474206057 ], [ -70.703507615025643, -34.179940198387015 ], [ -70.705587613360905, -34.179979838599031 ] ] ] } },
{ "type": "Feature", "properties": { "h3": "89b2c1c7317ffff" }, "geometry": { "type": "Polygon", "coordinates": [ [ [ -70.635883739738389, -34.167397454822229 ], [ -70.637058278937005, -34.168824913167398 ], [ -70.636153957551898, -34.170211642139918 ], [ -70.634075105495228, -34.170170908926558 ], [ -70.632900602807652, -34.168743461818195 ], [ -70.633804915664371, -34.167356736686614 ], [ -70.635883739738389, -34.167397454822229 ] ] ] } },
{ "type": "Feature", "properties": { "h3": "89b2c1ce417ffff" }, "geometry": { "type": "Polygon", "coordinates": [ [ [ -70.725123323762176, -34.18877772869228 ], [ -70.72629924776038, -34.190204416799808 ], [ -70.725394764261111, -34.191591719348601 ], [ -70.723314365130108, -34.191552329975266 ], [ -70.722138477491995, -34.190125653024516 ], [ -70.723042952623445, -34.18873835429055 ], [ -70.725123323762176, -34.18877772869228 ] ] ] } },
{ "type": "Feature", "properties": { "h3": "89b2c1c1077ffff" }, "geometry": { "type": "Polygon", "coordinates": [ [ [ -70.810607487834687, -34.138364870928918 ], [ -70.811784394264535, -34.139792088529397 ], [ -70.810880020584278, -34.141181700418109 ], [ -70.808798748681681, -34.141144090887792 ], [ -70.807621878445673, -34.139716884393138 ], [ -70.808526243917058, -34.13832727632316 ], [ -70.810607487834687, -34.138364870928918 ] ] ] } },
{ "type": "Feature", "properties": { "h3": "89b2c1c009bffff" }, "geometry": { "type": "Polygon", "coordinates": [ [ [ -70.742754871155412, -34.113220222433483 ], [ -70.743930686247211, -34.114648187181203 ], [ -70.743026464961702, -34.116037585436345 ], [ -70.740946436913632, -34.115999015101316 ], [ -70.739770658128421, -34.114571061523272 ], [ -70.740674871083314, -34.113181667110794 ], [ -70.742754871155412, -34.113220222433483 ] ] ] } },
{ "type": "Feature", "properties": { "h3": "89b2c1c1cdbffff" }, "geometry": { "type": "Polygon", "coordinates": [ [ [ -70.776951231086741, -34.144781375633755 ], [ -70.778127686933431, -34.146208625965819 ], [ -70.777223319028735, -34.147597662928817 ], [ -70.775142503546562, -34.147559445737151 ], [ -70.773966083955258, -34.146132206535803 ], [ -70.774870443589393, -34.144743173395597 ], [ -70.776951231086741, -34.144781375633755 ] ] ] } },
{ "type": "Feature", "properties": { "h3": "89b2c1ca8d7ffff" }, "geometry": { "type": "Polygon", "coordinates": [ [ [ -70.839132719822175, -34.175425186662224 ], [ -70.84031021123441, -34.176851613552515 ], [ -70.839405676697055, -34.178240656272401 ], [ -70.837323658905461, -34.178203268304394 ], [ -70.836146203647331, -34.176776852483606 ], [ -70.837050730025311, -34.1753878135615 ], [ -70.839132719822175, -34.175425186662224 ] ] ] } },
{ "type": "Feature", "properties": { "h3": "89b2c1ce4cfffff" }, "geometry": { "type": "Polygon", "coordinates": [ [ [ -70.734349609973691, -34.187547412656343 ], [ -70.735525660394799, -34.188974082547567 ], [ -70.734621173058486, -34.190361529818198 ], [ -70.732540643650651, -34.190322303384285 ], [ -70.731364629572951, -34.18889564464282 ], [ -70.732269108558313, -34.187508201185715 ], [ -70.734349609973691, -34.187547412656343 ] ] ] } },
{ "type": "Feature", "properties": { "h3": "89b2c1c555bffff" }, "geometry": { "type": "Polygon", "coordinates": [ [ [ -70.65350432029193, -34.188806113914467 ], [ -70.65467921556187, -34.190233112710253 ], [ -70.653774798493586, -34.191619527714089 ], [ -70.651695494651875, -34.191578940093706 ], [ -70.650520635868332, -34.190151952512686 ], [ -70.651425044438724, -34.188765541337482 ], [ -70.65350432029193, -34.188806113914467 ] ] ] } },
{ "type": "Feature", "properties": { "h3": "89b2c1c14a7ffff" }, "geometry": { "type": "Polygon", "coordinates": [ [ [ -70.795669523835812, -34.112782803646532 ], [ -70.796846094276262, -34.114210545052622 ], [ -70.79594182767795, -34.115600607860159 ], [ -70.793860998872177, -34.115562925429479 ], [ -70.792684464644495, -34.114135195150389 ], [ -70.793588723008469, -34.112745136175164 ], [ -70.795669523835812, -34.112782803646532 ] ] ] } },
{ "type": "Feature", "properties": { "h3": "89b2c1c1963ffff" }, "geometry": { "type": "Polygon", "coordinates": [ [ [ -70.753075564280579, -34.187898761041524 ], [ -70.75425188478215, -34.189325342717105 ], [ -70.753347379302596, -34.190713012777479 ], [ -70.751266561637038, -34.190674097352741 ], [ -70.750090277445835, -34.189247526811648 ], [ -70.750994774608486, -34.187859860560991 ], [ -70.753075564280579, -34.187898761041524 ] ] ] } },
{ "type": "Feature", "properties": { "h3": "89b2c1cad93ffff" }, "geometry": { "type": "Polygon", "coordinates": [ [ [ -70.809802021658896, -34.162247555206633 ], [ -70.810979030977194, -34.163674348071531 ], [ -70.810074570084439, -34.165063356566279 ], [ -70.807993108083963, -34.165025568387257 ], [ -70.806816134967931, -34.163598786620248 ], [ -70.80772058764876, -34.162209781934571 ], [ -70.809802021658896, -34.162247555206633 ] ] ] } },
{ "type": "Feature", "properties": { "h3": "89b2c1c0987ffff" }, "geometry": { "type": "Polygon", "coordinates": [ [ [ -70.67602112009186, -34.163962626459373 ], [ -70.677196220228851, -34.165389972860375 ], [ -70.676291873478405, -34.166777284678226 ], [ -70.674212435044922, -34.166737246260617 ], [ -70.673037371347277, -34.165309911065108 ], [ -70.673941709642435, -34.163922603081907 ], [ -70.67602112009186, -34.163962626459373 ] ] ] } },
{ "type": "Feature", "properties": { "h3": "89b2c1c060fffff" }, "geometry": { "type": "Polygon", "coordinates": [ [ [ -70.764732746478202, -34.115031744849993 ], [ -70.765908885042421, -34.116459581350426 ], [ -70.765004637422209, -34.117849206256508 ], [ -70.762924259527196, -34.1178109908248 ], [ -70.761748157231196, -34.116383165475632 ], [ -70.76265239656064, -34.114993544407113 ], [ -70.764732746478202, -34.115031744849993 ] ] ] } },
{ "type": "Feature", "properties": { "h3": "89b2c1c322bffff" }, "geometry": { "type": "Polygon", "coordinates": [ [ [ -70.803807672134312, -34.100269994909581 ], [ -70.804984299045245, -34.101697924578282 ], [ -70.804080071375125, -34.10308839842147 ], [ -70.801999225011429, -34.10305093876029 ], [ -70.800822634295173, -34.101623020216493 ], [ -70.801726853746587, -34.100232550209164 ], [ -70.803807672134312, -34.100269994909581 ] ] ] } },
{ "type": "Feature", "properties": { "h3": "89b2c1c1273ffff" }, "geometry": { "type": "Polygon", "coordinates": [ [ [ -70.836403524680151, -34.147263979175023 ], [ -70.837580842172656, -34.148690923564608 ], [ -70.836676413630144, -34.150080632578486 ], [ -70.834594675756264, -34.150043393393062 ], [ -70.833417394414397, -34.148616460085286 ], [ -70.834321814794421, -34.147226754881302 ], [ -70.836403524680151, -34.147263979175023 ] ] ] } },
{ "type": "Feature", "properties": { "h3": "89b2c1c0297ffff" }, "geometry": { "type": "Polygon", "coordinates": [ [ [ -70.759307233953692, -34.123368934676833 ], [ -70.760483334719765, -34.124796645660744 ], [ -70.75957906126196, -34.12618599651308 ], [ -70.757498695337915, -34.126147632546548 ], [ -70.756322630852111, -34.124719932715294 ], [ -70.757226896008731, -34.123330585698106 ], [ -70.759307233953692, -34.123368934676833 ] ] ] } },
{ "type": "Feature", "properties": { "h3": "89b2c1c0843ffff" }, "geometry": { "type": "Polygon", "coordinates": [ [ [ -70.713184755071623, -34.161862101752348 ], [ -70.714360378881096, -34.163289324438018 ], [ -70.713456005437777, -34.164677148573276 ], [ -70.711376016571293, -34.164637746194785 ], [ -70.710200429135014, -34.163210534685291 ], [ -70.711104794190661, -34.161822714378296 ], [ -70.713184755071623, -34.161862101752348 ] ] ] } },
{ "type": "Feature", "properties": { "h3": "89b2c1c1ed7ffff" }, "geometry": { "type": "Polygon", "coordinates": [ [ [ -70.793511227104304, -34.154923671214874 ], [ -70.794687968433109, -34.156350667091743 ], [ -70.793783548658354, -34.157739656528697 ], [ -70.791702395794516, -34.157701646273651 ], [ -70.790525690694736, -34.156274661510487 ], [ -70.791430102228404, -34.154885675888849 ], [ -70.793511227104304, -34.154923671214874 ] ] ] } },
{ "type": "Feature", "properties": { "h3": "89b2c1c0b83ffff" }, "geometry": { "type": "Polygon", "coordinates": [ [ [ -70.70178984160701, -34.172884377522507 ], [ -70.702965354626812, -34.174311452258706 ], [ -70.702060951061725, -34.175698861338269 ], [ -70.699981042884602, -34.17565919185585 ], [ -70.69880556626137, -34.17423212830105 ], [ -70.699709961417341, -34.172844723047426 ], [ -70.70178984160701, -34.172884377522507 ] ] ] } },
{ "type": "Feature", "properties": { "h3": "89b2c1c080bffff" }, "geometry": { "type": "Polygon", "coordinates": [ [ [ -70.706944968715206, -34.161743836095823 ], [ -70.7081205024041, -34.163171088039704 ], [ -70.707216135125137, -34.16455883789704 ], [ -70.705136242554929, -34.164519331981133 ], [ -70.703960745250214, -34.163092091218502 ], [ -70.704865104130178, -34.161704345190714 ], [ -70.706944968715206, -34.161743836095823 ] ] ] } },
{ "type": "Feature", "properties": { "h3": "89b2c1c5417ffff" }, "geometry": { "type": "Polygon", "coordinates": [ [ [ -70.658660159932992, -34.17767260680148 ], [ -70.659835076071587, -34.17909978278584 ], [ -70.658930695150303, -34.180486538610261 ], [ -70.656851406576806, -34.18044611461827 ], [ -70.655676526912202, -34.179018949848526 ], [ -70.656580899345755, -34.177632197856376 ], [ -70.658660159932992, -34.17767260680148 ] ] ] } },
{ "type": "Feature", "properties": { "h3": "89b2c1cac17ffff" }, "geometry": { "type": "Polygon", "coordinates": [ [ [ -70.83152258327776, -34.16123406261034 ], [ -70.832699898023037, -34.162660777897166 ], [ -70.831795422213176, -34.164050079551487 ], [ -70.829713639828952, -34.164012662114054 ], [ -70.828536361247103, -34.162585957907957 ], [ -70.829440828884685, -34.161196660058756 ], [ -70.83152258327776, -34.16123406261034 ] ] ] } },
{ "type": "Feature", "properties": { "h3": "89b2c1c5067ffff" }, "geometry": { "type": "Polygon", "coordinates": [ [ [ -70.664620507892749, -34.207273779533999 ], [ -70.665795651509612, -34.208700399053413 ], [ -70.664891155853383, -34.210086492314694 ], [ -70.662811525057947, -34.210045962237928 ], [ -70.661636417913371, -34.208619353917534 ], [ -70.662540905090594, -34.207233264475093 ], [ -70.664620507892749, -34.207273779533999 ] ] ] } },
{ "type": "Feature", "properties": { "h3": "89b2c1c146fffff" }, "geometry": { "type": "Polygon", "coordinates": [ [ [ -70.812230373697574, -34.122926398276356 ], [ -70.813407229400198, -34.124353885368663 ], [ -70.812502911118145, -34.125743900718319 ], [ -70.810421745336996, -34.125706425151108 ], [ -70.809244925820778, -34.124278949168833 ], [ -70.810149235897953, -34.122888937643935 ], [ -70.812230373697574, -34.122926398276356 ] ] ] } },
{ "type": "Feature", "properties": { "h3": "89b2c1ce497ffff" }, "geometry": { "type": "Polygon", "coordinates": [ [ [ -70.721324312368779, -34.181683216080081 ], [ -70.722500147883551, -34.183110048014768 ], [ -70.721595693985918, -34.184497480023857 ], [ -70.719515412946365, -34.184458076279959 ], [ -70.718339613796289, -34.183031255507693 ], [ -70.71924405931972, -34.181643827317096 ], [ -70.721324312368779, -34.181683216080081 ] ] ] } },
{ "type": "Feature", "properties": { "h3": "89b2c1c011bffff" }, "geometry": { "type": "Polygon", "coordinates": [ [ [ -70.725664176876663, -34.129773577110576 ], [ -70.726839826143731, -34.131201320079875 ], [ -70.725935559432742, -34.132590095935299 ], [ -70.723855651816123, -34.132551124982434 ], [ -70.722680038890687, -34.131123393190741 ], [ -70.723584297238887, -34.129734621174478 ], [ -70.725664176876663, -34.129773577110576 ] ] ] } },
{ "type": "Feature", "properties": { "h3": "89b2c1c73cfffff" }, "geometry": { "type": "Polygon", "coordinates": [ [ [ -70.645103677962041, -34.166173088127628 ], [ -70.646278344017176, -34.167600528623424 ], [ -70.645374018332802, -34.168987402354873 ], [ -70.64329503510352, -34.168946831751057 ], [ -70.642120405542826, -34.167519402485041 ], [ -70.643024722715637, -34.166132532593274 ], [ -70.645103677962041, -34.166173088127628 ] ] ] } },
{ "type": "Feature", "properties": { "h3": "89b2c1c0bbbffff" }, "geometry": { "type": "Polygon", "coordinates": [ [ [ -70.699076637109727, -34.177046530481391 ], [ -70.700252131101806, -34.178473542414253 ], [ -70.699347714707798, -34.179860814409807 ], [ -70.697267812734722, -34.179821070647947 ], [ -70.69609235514524, -34.17839406989718 ], [ -70.696996763124886, -34.177006801726364 ], [ -70.699076637109727, -34.177046530481391 ] ] ] } },
{ "type": "Feature", "properties": { "h3": "89b2c1ca527ffff" }, "geometry": { "type": "Polygon", "coordinates": [ [ [ -70.845089105141341, -34.140388741524802 ], [ -70.846266513661021, -34.141815770877734 ], [ -70.845362103054597, -34.143205757791229 ], [ -70.843280292073302, -34.143168711541051 ], [ -70.842102919686837, -34.141741693265367 ], [ -70.843007322147059, -34.140351710162811 ], [ -70.845089105141341, -34.140388741524802 ] ] ] } },
{ "type": "Feature", "properties": { "h3": "89b2c1c1d5bffff" }, "geometry": { "type": "Polygon", "coordinates": [ [ [ -70.75985641198308, -34.161331453661752 ], [ -70.761032702344011, -34.162758482201042 ], [ -70.760128288669691, -34.164146896668086 ], [ -70.758047592935867, -34.164108278776709 ], [ -70.756871338865466, -34.162681261376029 ], [ -70.757775744237009, -34.161292850728294 ], [ -70.75985641198308, -34.161331453661752 ] ] ] } },
{ "type": "Feature", "properties": { "h3": "89b2c1c1b97ffff" }, "geometry": { "type": "Polygon", "coordinates": [ [ [ -70.765017028590179, -34.182502400287056 ], [ -70.766193494276422, -34.183929026481294 ], [ -70.765288998033213, -34.185316978340005 ], [ -70.763208044397189, -34.185278300195094 ], [ -70.762031614998591, -34.183851685127635 ], [ -70.762936102946981, -34.182463737078521 ], [ -70.765017028590179, -34.182502400287056 ] ] ] } },
{ "type": "Feature", "properties": { "h3": "89b2c1c55dbffff" }, "geometry": { "type": "Polygon", "coordinates": [ [ [ -70.649709357518617, -34.181711246829039 ], [ -70.650884164218283, -34.183138389163751 ], [ -70.649979776900423, -34.184524933604209 ], [ -70.647900591385849, -34.184484331877805 ], [ -70.646725821177156, -34.1830572007635 ], [ -70.647630199990729, -34.181670660155362 ], [ -70.649709357518617, -34.181711246829039 ] ] ] } },
{ "type": "Feature", "properties": { "h3": "89b2c1c0a07ffff" }, "geometry": { "type": "Polygon", "coordinates": [ [ [ -70.723494822689645, -34.171891300535343 ], [ -70.724670642443002, -34.1733182985787 ], [ -70.723766222640904, -34.174706000936972 ], [ -70.721685991453683, -34.174666701429956 ], [ -70.720510208058258, -34.173239714550796 ], [ -70.721414619490773, -34.17185201601464 ], [ -70.723494822689645, -34.171891300535343 ] ] ] } },
{ "type": "Feature", "properties": { "h3": "89b2c1c721bffff" }, "geometry": { "type": "Polygon", "coordinates": [ [ [ -70.6630039894237, -34.158092478532332 ], [ -70.664178874326794, -34.159519986366185 ], [ -70.663274561432388, -34.160907282838053 ], [ -70.661195372112076, -34.16086706763668 ], [ -70.660020523669502, -34.159439571020997 ], [ -70.660924828085399, -34.158052278388723 ], [ -70.6630039894237, -34.158092478532332 ] ] ] } },
{ "type": "Feature", "properties": { "h3": "89b2c1c166bffff" }, "geometry": { "type": "Polygon", "coordinates": [ [ [ -70.838025150412946, -34.131825918882967 ], [ -70.839202417105582, -34.133253132943537 ], [ -70.838298043991614, -34.134643245456061 ], [ -70.836216412342111, -34.134606140092323 ], [ -70.835039181792695, -34.133178937117783 ], [ -70.835943546748197, -34.131788828421158 ], [ -70.838025150412946, -34.131825918882967 ] ] ] } },
{ "type": "Feature", "properties": { "h3": "89b2c1ce693ffff" }, "geometry": { "type": "Polygon", "coordinates": [ [ [ -70.747105022339554, -34.190596162815233 ], [ -70.74828127021469, -34.192022722219932 ], [ -70.747376760147048, -34.193410251376633 ], [ -70.745296010530851, -34.193371217319097 ], [ -70.744119798977465, -34.191944669052731 ], [ -70.745024300717162, -34.190557143705782 ], [ -70.747105022339554, -34.190596162815233 ] ] ] } },
{ "type": "Feature", "properties": { "h3": "89b2c1c068fffff" }, "geometry": { "type": "Polygon", "coordinates": [ [ [ -70.760932640743846, -34.10793031686628 ], [ -70.762108690926127, -34.109358297004135 ], [ -70.761204472807307, -34.110748051252038 ], [ -70.75912421280205, -34.110709821521034 ], [ -70.75794819889262, -34.10928185254005 ], [ -70.758852408714233, -34.107892102133391 ], [ -70.760932640743846, -34.10793031686628 ] ] ] } },
{ "type": "Feature", "properties": { "h3": "89b2c1c0317ffff" }, "geometry": { "type": "Polygon", "coordinates": [ [ [ -70.742214898481151, -34.139922339447118 ], [ -70.743390833593423, -34.141349828656999 ], [ -70.74248651454549, -34.142738557081891 ], [ -70.740406268717337, -34.1426997924654 ], [ -70.739230369920463, -34.141272314416092 ], [ -70.740134680634995, -34.139883589822887 ], [ -70.742214898481151, -34.139922339447118 ] ] ] } },
{ "type": "Feature", "properties": { "h3": "89b2c1c0c03ffff" }, "geometry": { "type": "Polygon", "coordinates": [ [ [ -70.701791965787535, -34.140568474196932 ], [ -70.702967324162756, -34.141996127691321 ], [ -70.70206303959786, -34.143384340010634 ], [ -70.699983405063278, -34.14334489499646 ], [ -70.698808083075008, -34.141917252695144 ], [ -70.699712359233033, -34.140529044215157 ], [ -70.701791965787535, -34.140568474196932 ] ] ] } },
{ "type": "Feature", "properties": { "h3": "89b2c1c1867ffff" }, "geometry": { "type": "Polygon", "coordinates": [ [ [ -70.77098795070745, -34.179803441299448 ], [ -70.772164488951958, -34.181230089741462 ], [ -70.771259997356978, -34.182618182494849 ], [ -70.769178975799917, -34.18257962299689 ], [ -70.7680024738317, -34.181152985677805 ], [ -70.768906957142889, -34.179764896733964 ], [ -70.77098795070745, -34.179803441299448 ] ] ] } },
{ "type": "Feature", "properties": { "h3": "89b2c1c088bffff" }, "geometry": { "type": "Polygon", "coordinates": [ [ [ -70.703147402329662, -34.154646621368897 ], [ -70.704322847532467, -34.156074016938938 ], [ -70.703418509886433, -34.15746189620257 ], [ -70.70133873544161, -34.157422376063174 ], [ -70.70016332662756, -34.155994991680032 ], [ -70.701067655868201, -34.154607116249601 ], [ -70.703147402329662, -34.154646621368897 ] ] ] } },
{ "type": "Feature", "properties": { "h3": "89b2c1cac97ffff" }, "geometry": { "type": "Polygon", "coordinates": [ [ [ -70.827718000952771, -34.154137441443389 ], [ -70.828895227365138, -34.155564300855282 ], [ -70.827990780928403, -34.156953731956037 ], [ -70.825909116256668, -34.156916299836269 ], [ -70.824731926012376, -34.155489451510725 ], [ -70.82563636427038, -34.154100024218785 ], [ -70.827718000952771, -34.154137441443389 ] ] ] } },
{ "type": "Feature", "properties": { "h3": "89b2c1ce517ffff" }, "geometry": { "type": "Polygon", "coordinates": [ [ [ -70.70423006974049, -34.19821047424503 ], [ -70.70540573909912, -34.19963708421475 ], [ -70.704501239959072, -34.201023893561349 ], [ -70.702421079865474, -34.200984089123459 ], [ -70.701245446906597, -34.199557490323983 ], [ -70.702149937640243, -34.198170684792352 ], [ -70.70423006974049, -34.19821047424503 ] ] ] } },
{ "type": "Feature", "properties": { "h3": "89b2c1d8923ffff" }, "geometry": { "type": "Polygon", "coordinates": [ [ [ -70.823354444458062, -34.109060702050698 ], [ -70.824531392701331, -34.110488388558416 ], [ -70.823627115841518, -34.111878885390055 ], [ -70.82154589892076, -34.111841691885921 ], [ -70.820368986840066, -34.110414016484192 ], [ -70.821273255516203, -34.109023523480808 ], [ -70.823354444458062, -34.109060702050698 ] ] ] } },
{ "type": "Feature", "properties": { "h3": "89b2c1c1177ffff" }, "geometry": { "type": "Polygon", "coordinates": [ [ [ -70.789708882474855, -34.147826240377178 ], [ -70.790885535428401, -34.149253380196392 ], [ -70.789981145104605, -34.150642499056062 ], [ -70.787900110073494, -34.150604474277699 ], [ -70.786723493353634, -34.149177345577812 ], [ -70.787627875429877, -34.147788230537138 ], [ -70.789708882474855, -34.147826240377178 ] ] ] } },
{ "type": "Feature", "properties": { "h3": "89b2c1c019bffff" }, "geometry": { "type": "Polygon", "coordinates": [ [ [ -70.721866047521843, -34.122673372509993 ], [ -70.723041608348652, -34.124101259029281 ], [ -70.722137371223909, -34.125490164240119 ], [ -70.720057581640248, -34.125451179088984 ], [ -70.718882057159689, -34.124023303752914 ], [ -70.719786285915205, -34.122634402384932 ], [ -70.721866047521843, -34.122673372509993 ] ] ] } },
{ "type": "Feature", "properties": { "h3": "89b2c1c02cfffff" }, "geometry": { "type": "Polygon", "coordinates": [ [ [ -70.772333930045377, -34.129232488698968 ], [ -70.773510245374794, -34.130660037777531 ], [ -70.772605938770397, -34.132049403957964 ], [ -70.770525325113169, -34.132011217229895 ], [ -70.76934904604272, -34.130583679291355 ], [ -70.770253344369195, -34.129194316941053 ], [ -70.772333930045377, -34.129232488698968 ] ] ] } },
{ "type": "Feature", "properties": { "h3": "89b2c1ca5a7ffff" }, "geometry": { "type": "Polygon", "coordinates": [ [ [ -70.84128408245428, -34.133290178967314 ], [ -70.842461402672868, -34.13471735240131 ], [ -70.841557021406231, -34.13610746872849 ], [ -70.839475328072325, -34.136070407807196 ], [ -70.838298043991614, -34.134643245456061 ], [ -70.839202417105582, -34.133253132943537 ], [ -70.84128408245428, -34.133290178967314 ] ] ] } },
{ "type": "Feature", "properties": { "h3": "89b2c1c1ddbffff" }, "geometry": { "type": "Polygon", "coordinates": [ [ [ -70.756055865201176, -34.154234467405864 ], [ -70.75723206714089, -34.155661639782373 ], [ -70.756327682989266, -34.157050183672467 ], [ -70.754247105205764, -34.15701155136324 ], [ -70.753070939561198, -34.155584390130969 ], [ -70.753975315403622, -34.154195850063886 ], [ -70.756055865201176, -34.154234467405864 ] ] ] } },
{ "type": "Feature", "properties": { "h3": "89b2c1c12abffff" }, "geometry": { "type": "Polygon", "coordinates": [ [ [ -70.826626948935981, -34.142871095962846 ], [ -70.827804105795337, -34.14429816225433 ], [ -70.826899701757782, -34.145687859834794 ], [ -70.824818149039501, -34.145650487310313 ], [ -70.82364102834687, -34.144223432110095 ], [ -70.824545424204416, -34.142833738343299 ], [ -70.826626948935981, -34.142871095962846 ] ] ] } },
{ "type": "Feature", "properties": { "h3": "89b2c1c565bffff" }, "geometry": { "type": "Polygon", "coordinates": [ [ [ -70.697176551601572, -34.189650169488992 ], [ -70.698352078669444, -34.19107696371308 ], [ -70.697447617589575, -34.192463898711068 ], [ -70.695367637859135, -34.192424035665297 ], [ -70.694192147200908, -34.190997252620306 ], [ -70.69509659986214, -34.189610321442181 ], [ -70.697176551601572, -34.189650169488992 ] ] ] } },
{ "type": "Feature", "properties": { "h3": "89b2c1c0a87ffff" }, "geometry": { "type": "Polygon", "coordinates": [ [ [ -70.719696164553937, -34.164795148607176 ], [ -70.720871895834051, -34.166222290391339 ], [ -70.719967505632866, -34.167610122179433 ], [ -70.717887392526237, -34.167570808357766 ], [ -70.716711697608673, -34.166143677743449 ], [ -70.717616079433839, -34.164755849781145 ], [ -70.719696164553937, -34.164795148607176 ] ] ] } },
{ "type": "Feature", "properties": { "h3": "89b2c1c332bffff" }, "geometry": { "type": "Polygon", "coordinates": [ [ [ -70.782913068153761, -34.109738448061997 ], [ -70.78408944158258, -34.111166299815736 ], [ -70.783185197354371, -34.112556280697142 ], [ -70.781104587953337, -34.112518405988894 ], [ -70.779928250759014, -34.111090565373594 ], [ -70.780832486729878, -34.109700588328273 ], [ -70.782913068153761, -34.109738448061997 ] ] ] } },
{ "type": "Feature", "properties": { "h3": "89b2c1c1373ffff" }, "geometry": { "type": "Polygon", "coordinates": [ [ [ -70.815501270441402, -34.156728620286167 ], [ -70.816678334759658, -34.15815548706265 ], [ -70.815773889267689, -34.159544703054962 ], [ -70.813692387657312, -34.159507048460789 ], [ -70.812515359529598, -34.158080192779579 ], [ -70.813419796820384, -34.15669098059746 ], [ -70.815501270441402, -34.156728620286167 ] ] ] } },
{ "type": "Feature", "properties": { "h3": "89b2c1c0397ffff" }, "geometry": { "type": "Polygon", "coordinates": [ [ [ -70.738415678066886, -34.132823197011916 ], [ -70.739591524751788, -34.134250829886604 ], [ -70.738687235258126, -34.135639687690521 ], [ -70.736607107418052, -34.135600908784575 ], [ -70.735431297053182, -34.134173287076067 ], [ -70.736335578207019, -34.132784433107531 ], [ -70.738415678066886, -34.132823197011916 ] ] ] } },
{ "type": "Feature", "properties": { "h3": "89b2c1c3263ffff" }, "geometry": { "type": "Polygon", "coordinates": [ [ [ -70.8100503184736, -34.100382121745326 ], [ -70.811227035134934, -34.101810022029021 ], [ -70.810322801642968, -34.103200570126674 ], [ -70.808241859695656, -34.103163214106324 ], [ -70.807065179217943, -34.10173532494246 ], [ -70.807969404502586, -34.100344780679322 ], [ -70.8100503184736, -34.100382121745326 ] ] ] } },
{ "type": "Feature", "properties": { "h3": "89b2c1c0c83ffff" }, "geometry": { "type": "Polygon", "coordinates": [ [ [ -70.697995017917833, -34.13346919113598 ], [ -70.699170287816003, -34.134896988135367 ], [ -70.698266032889592, -34.136285329821561 ], [ -70.696186516476985, -34.136245870665519 ], [ -70.695011282970384, -34.134818084864804 ], [ -70.695915529483486, -34.133429747021673 ], [ -70.697995017917833, -34.13346919113598 ] ] ] } },
{ "type": "Feature", "properties": { "h3": "89b2c1c0647ffff" }, "geometry": { "type": "Polygon", "coordinates": [ [ [ -70.770973987966741, -34.115146139036845 ], [ -70.772150216423526, -34.116573946225245 ], [ -70.771245962843736, -34.117963645396983 ], [ -70.769165489085225, -34.117925533544252 ], [ -70.767989296885631, -34.116497737502002 ], [ -70.768893542186007, -34.115108042166518 ], [ -70.770973987966741, -34.115146139036845 ] ] ] } },
{ "type": "Feature", "properties": { "h3": "89b2c1c090bffff" }, "geometry": { "type": "Polygon", "coordinates": [ [ [ -70.686056076143061, -34.17117889790083 ], [ -70.687231355023911, -34.172606071535363 ], [ -70.686326972322092, -34.17399332822454 ], [ -70.684247319175682, -34.173953407449666 ], [ -70.683072076718631, -34.172526245009884 ], [ -70.683976450982868, -34.171138992150418 ], [ -70.686056076143061, -34.17117889790083 ] ] ] } },
{ "type": "Feature", "properties": { "h3": "89b2c1cad17ffff" }, "geometry": { "type": "Polygon", "coordinates": [ [ [ -70.810619687287513, -34.17069460422114 ], [ -70.811796748769069, -34.172121241902452 ], [ -70.810892256065486, -34.173510050503751 ], [ -70.80881071009, -34.173472217618517 ], [ -70.807633684811776, -34.17204559103142 ], [ -70.808538169304342, -34.170656786235554 ], [ -70.810619687287513, -34.17069460422114 ] ] ] } },
{ "type": "Feature", "properties": { "h3": "89b2c1c1623ffff" }, "geometry": { "type": "Polygon", "coordinates": [ [ [ -70.825263286639938, -34.128785501871022 ], [ -70.826440356568128, -34.130212826663033 ], [ -70.82553600552491, -34.131602857299143 ], [ -70.823454592733682, -34.131565559323718 ], [ -70.822277558970512, -34.130138245629141 ], [ -70.8231819018322, -34.128748218812746 ], [ -70.825263286639938, -34.128785501871022 ] ] ] } },
{ "type": "Feature", "properties": { "h3": "89b2c1c521bffff" }, "geometry": { "type": "Polygon", "coordinates": [ [ [ -70.689578252691391, -34.207757268295424 ], [ -70.690753757365982, -34.209183770738264 ], [ -70.689849236581182, -34.210570161125673 ], [ -70.687769219554113, -34.210530045256576 ], [ -70.686593751307967, -34.209103553992371 ], [ -70.687498263659094, -34.207717167418821 ], [ -70.689578252691391, -34.207757268295424 ] ] ] } },
{ "type": "Feature", "properties": { "h3": "89b2c1c156fffff" }, "geometry": { "type": "Polygon", "coordinates": [ [ [ -70.791332898664891, -34.13239152999914 ], [ -70.792509500943197, -34.133818939280673 ], [ -70.791605166000537, -34.135208461632608 ], [ -70.789524237021766, -34.135170570878181 ], [ -70.788347670969713, -34.133743172720173 ], [ -70.789251997668828, -34.132353654193274 ], [ -70.791332898664891, -34.13239152999914 ] ] ] } },
{ "type": "Feature", "properties": { "h3": "89b2c1ce597ffff" }, "geometry": { "type": "Polygon", "coordinates": [ [ [ -70.700432092602085, -34.191116767477688 ], [ -70.701607673445054, -34.192543521235038 ], [ -70.700703203952358, -34.193930460051682 ], [ -70.698623162028184, -34.193890641292519 ], [ -70.697447617589575, -34.192463898711068 ], [ -70.698352078669444, -34.19107696371308 ], [ -70.700432092602085, -34.191116767477688 ] ] ] } },
{ "type": "Feature", "properties": { "h3": "89b2c1d89a3ffff" }, "geometry": { "type": "Polygon", "coordinates": [ [ [ -70.819551129121976, -34.101959001588838 ], [ -70.820727989059733, -34.103386831941734 ], [ -70.819823741577636, -34.104777458123678 ], [ -70.817742642346559, -34.10474025012099 ], [ -70.816565818576024, -34.103312430879676 ], [ -70.817470057867979, -34.101921808529688 ], [ -70.819551129121976, -34.101959001588838 ] ] ] } },
{ "type": "Feature", "properties": { "h3": "89b2c1c021bffff" }, "geometry": { "type": "Polygon", "coordinates": [ [ [ -70.76934904604272, -34.130583679291355 ], [ -70.770525325113169, -34.132011217229895 ], [ -70.769621016180864, -34.133400512977254 ], [ -70.767540436460152, -34.133362266956127 ], [ -70.766364193654354, -34.131934740159551 ], [ -70.767268494303252, -34.130545448242351 ], [ -70.76934904604272, -34.130583679291355 ] ] ] } },
{ "type": "Feature", "properties": { "h3": "89b2c1c1e5bffff" }, "geometry": { "type": "Polygon", "coordinates": [ [ [ -70.803557815252134, -34.162134131627177 ], [ -70.804734734774016, -34.16356095401099 ], [ -70.803830279706943, -34.164949888259564 ], [ -70.801748913339921, -34.164911996314224 ], [ -70.800572030031361, -34.163485185033416 ], [ -70.801476476875152, -34.162096254595156 ], [ -70.803557815252134, -34.162134131627177 ] ] ] } },
{ "type": "Feature", "properties": { "h3": "89b2c1c56dbffff" }, "geometry": { "type": "Polygon", "coordinates": [ [ [ -70.693379105565555, -34.182555600236753 ], [ -70.694554544115391, -34.183982538179635 ], [ -70.693650112695465, -34.185369602630217 ], [ -70.691570251149429, -34.185329725314553 ], [ -70.69039484901387, -34.183902798556389 ], [ -70.691299272008749, -34.182515737929371 ], [ -70.693379105565555, -34.182555600236753 ] ] ] } },
{ "type": "Feature", "properties": { "h3": "89b2c1cadcbffff" }, "geometry": { "type": "Polygon", "coordinates": [ [ [ -70.822836734312688, -34.168105131537892 ], [ -70.824013957940608, -34.169531761835174 ], [ -70.823109464258508, -34.170920785553612 ], [ -70.821027755135745, -34.170883175170893 ], [ -70.819850567688704, -34.169456555958888 ], [ -70.820755053182211, -34.168067536044511 ], [ -70.822836734312688, -34.168105131537892 ] ] ] } },
{ "type": "Feature", "properties": { "h3": "89b2c1c0b07ffff" }, "geometry": { "type": "Polygon", "coordinates": [ [ [ -70.70260319022313, -34.181327474206057 ], [ -70.703778755351834, -34.182754394059543 ], [ -70.702874319930302, -34.184141603245443 ], [ -70.700794327786923, -34.184101888755755 ], [ -70.699618799055855, -34.182674980079945 ], [ -70.700523226069151, -34.181287774716331 ], [ -70.70260319022313, -34.181327474206057 ] ] ] } },
{ "type": "Feature", "properties": { "h3": "89b2c1c731bffff" }, "geometry": { "type": "Polygon", "coordinates": [ [ [ -70.642120405542826, -34.167519402485041 ], [ -70.64329503510352, -34.168946831751057 ], [ -70.642390707304997, -34.170333635023248 ], [ -70.640311758461507, -34.170293005189954 ], [ -70.639137165400882, -34.168865587155636 ], [ -70.640041484682357, -34.167478787723141 ], [ -70.642120405542826, -34.167519402485041 ] ] ] } },
{ "type": "Feature", "properties": { "h3": "89b2c1c199bffff" }, "geometry": { "type": "Polygon", "coordinates": [ [ [ -70.748459761041559, -34.172360021074283 ], [ -70.74963594096026, -34.173786901715872 ], [ -70.74873149686178, -34.175174901146242 ], [ -70.74665088116754, -34.175136016118195 ], [ -70.745474737562802, -34.173709146620439 ], [ -70.746379173337033, -34.172321151007083 ], [ -70.748459761041559, -34.172360021074283 ] ] ] } },
{ "type": "Feature", "properties": { "h3": "89b2c1c5593ffff" }, "geometry": { "type": "Polygon", "coordinates": [ [ [ -70.636964651370661, -34.178653495074791 ], [ -70.638139259997061, -34.180080747215634 ], [ -70.63723489610382, -34.181467209692627 ], [ -70.635155932110038, -34.181426416192942 ], [ -70.633981359996085, -34.17999917528396 ], [ -70.634885715362145, -34.178612716642981 ], [ -70.636964651370661, -34.178653495074791 ] ] ] } },
{ "type": "Feature", "properties": { "h3": "89b2c1ce41bffff" }, "geometry": { "type": "Polygon", "coordinates": [ [ [ -70.731364629572951, -34.18889564464282 ], [ -70.732540643650651, -34.190322303384285 ], [ -70.731636154049383, -34.191709680201171 ], [ -70.729555658725488, -34.191670394463223 ], [ -70.728379680996866, -34.190243746873428 ], [ -70.729284162241683, -34.188856373870102 ], [ -70.731364629572951, -34.18889564464282 ] ] ] } },
{ "type": "Feature", "properties": { "h3": "89b2c1c107bffff" }, "geometry": { "type": "Polygon", "coordinates": [ [ [ -70.816851410729456, -34.138477447293319 ], [ -70.818028406914621, -34.139904635407639 ], [ -70.817124027434545, -34.141294321543384 ], [ -70.815042659965457, -34.141256815747546 ], [ -70.813865699963074, -34.139829638733971 ], [ -70.814770071245647, -34.138439956415645 ], [ -70.816851410729456, -34.138477447293319 ] ] ] } },
{ "type": "Feature", "properties": { "h3": "89b2c1c0d03ffff" }, "geometry": { "type": "Polygon", "coordinates": [ [ [ -70.680905458922339, -34.150007200088695 ], [ -70.682080562469892, -34.151434775191071 ], [ -70.681176262545549, -34.152822494377219 ], [ -70.679096867517828, -34.152782634621694 ], [ -70.677921800396888, -34.151355070725906 ], [ -70.678826091875763, -34.14996735537926 ], [ -70.680905458922339, -34.150007200088695 ] ] ] } },
{ "type": "Feature", "properties": { "h3": "89b2c1c1967ffff" }, "geometry": { "type": "Polygon", "coordinates": [ [ [ -70.750090277445835, -34.189247526811648 ], [ -70.751266561637038, -34.190674097352741 ], [ -70.750362053860925, -34.192061696961673 ], [ -70.74828127021469, -34.192022722219932 ], [ -70.747105022339554, -34.190596162815233 ], [ -70.748009521793236, -34.189208567016067 ], [ -70.750090277445835, -34.189247526811648 ] ] ] } },
{ "type": "Feature", "properties": { "h3": "89b2c1cad97ffff" }, "geometry": { "type": "Polygon", "coordinates": [ [ [ -70.806816134967931, -34.163598786620248 ], [ -70.807993108083963, -34.165025568387257 ], [ -70.807088644799435, -34.166414506444937 ], [ -70.805007216614968, -34.166376658926737 ], [ -70.803830279706943, -34.164949888259564 ], [ -70.804734734774016, -34.16356095401099 ], [ -70.806816134967931, -34.163598786620248 ] ] ] } },
{ "type": "Feature", "properties": { "h3": "89b2c1c098bffff" }, "geometry": { "type": "Polygon", "coordinates": [ [ [ -70.682259544468337, -34.164082489670697 ], [ -70.683434734830954, -34.165509806891912 ], [ -70.682530381807737, -34.166897192997268 ], [ -70.680450846864531, -34.166857258048211 ], [ -70.679275692930304, -34.165429952027424 ], [ -70.680180037509544, -34.164042569755431 ], [ -70.682259544468337, -34.164082489670697 ] ] ] } },
{ "type": "Feature", "properties": { "h3": "89b2c1c0d37ffff" }, "geometry": { "type": "Polygon", "coordinates": [ [ [ -70.671954579629798, -34.154050422922985 ], [ -70.673129573880573, -34.1554779643998 ], [ -70.672225267448695, -34.156865472232091 ], [ -70.670145975226703, -34.156825434748228 ], [ -70.668971017419508, -34.15539790448382 ], [ -70.669875315389376, -34.154010400491067 ], [ -70.671954579629798, -34.154050422922985 ] ] ] } },
{ "type": "Feature", "properties": { "h3": "89b2c1c0613ffff" }, "geometry": { "type": "Polygon", "coordinates": [ [ [ -70.764188984890751, -34.109396467462091 ], [ -70.765365088711334, -34.110824407161836 ], [ -70.764460862301149, -34.112214165249732 ], [ -70.762380540360368, -34.112175979798081 ], [ -70.761204472807307, -34.110748051252038 ], [ -70.762108690926127, -34.109358297004135 ], [ -70.764188984890751, -34.109396467462091 ] ] ] } },
{ "type": "Feature", "properties": { "h3": "89b2c1c322fffff" }, "geometry": { "type": "Polygon", "coordinates": [ [ [ -70.800822634295173, -34.101623020216493 ], [ -70.801999225011429, -34.10305093876029 ], [ -70.801094994960849, -34.104441342182731 ], [ -70.799014182416883, -34.104403823225681 ], [ -70.797837627900975, -34.10297591580872 ], [ -70.798741849727321, -34.101585516222173 ], [ -70.800822634295173, -34.101623020216493 ] ] ] } },
{ "type": "Feature", "properties": { "h3": "89b2c1c1d13ffff" }, "geometry": { "type": "Polygon", "coordinates": [ [ [ -70.74710118341028, -34.158283846367731 ], [ -70.748277276447482, -34.159710985305772 ], [ -70.747372885408026, -34.161099317867517 ], [ -70.745292409655747, -34.161060507668289 ], [ -70.744116352930718, -34.159633379880262 ], [ -70.745020735644417, -34.158245051141634 ], [ -70.74710118341028, -34.158283846367731 ] ] ] } },
{ "type": "Feature", "properties": { "h3": "89b2c1c5e4bffff" }, "geometry": { "type": "Polygon", "coordinates": [ [ [ -70.657562200734262, -34.230994903759438 ], [ -70.658737356489695, -34.232421128177165 ], [ -70.657832780005123, -34.233806543429331 ], [ -70.655753056257225, -34.233765730453541 ], [ -70.654577936993576, -34.232339517231857 ], [ -70.65548250498469, -34.230954105790111 ], [ -70.657562200734262, -34.230994903759438 ] ] ] } },
{ "type": "Feature", "properties": { "h3": "89b2c1c1277ffff" }, "geometry": { "type": "Polygon", "coordinates": [ [ [ -70.833417394414397, -34.148616460085286 ], [ -70.834594675756264, -34.150043393393062 ], [ -70.833690244777358, -34.151433031977618 ], [ -70.831608540623265, -34.151395733444673 ], [ -70.830431295437748, -34.149968811220617 ], [ -70.831335718248653, -34.148579176445978 ], [ -70.833417394414397, -34.148616460085286 ] ] ] } },
{ "type": "Feature", "properties": { "h3": "89b2c1c029bffff" }, "geometry": { "type": "Polygon", "coordinates": [ [ [ -70.765548439611891, -34.123483774462741 ], [ -70.766724630294902, -34.12491145613108 ], [ -70.765820350858078, -34.126300881249726 ], [ -70.763739889026795, -34.126262620866328 ], [ -70.762563734613082, -34.124834950345573 ], [ -70.763468005760004, -34.123445529060803 ], [ -70.765548439611891, -34.123483774462741 ] ] ] } },
{ "type": "Feature", "properties": { "h3": "89b2c1c1edbffff" }, "geometry": { "type": "Polygon", "coordinates": [ [ [ -70.799754793134696, -34.15503744975301 ], [ -70.800931624288495, -34.156464416153653 ], [ -70.800027198653154, -34.157853479841094 ], [ -70.797945950092426, -34.15781557331406 ], [ -70.796769155156611, -34.156388618022042 ], [ -70.797673572562204, -34.154999558148617 ], [ -70.799754793134696, -34.15503744975301 ] ] ] } },
{ "type": "Feature", "properties": { "h3": "89b2c1c00d3ffff" }, "geometry": { "type": "Polygon", "coordinates": [ [ [ -70.748995063406269, -34.113335681370778 ], [ -70.750170968463081, -34.114763616869567 ], [ -70.749266741141071, -34.116153089397933 ], [ -70.747186617080146, -34.116114622586323 ], [ -70.746010748318895, -34.114686698252129 ], [ -70.746914967321644, -34.113297229565134 ], [ -70.748995063406269, -34.113335681370778 ] ] ] } },
{ "type": "Feature", "properties": { "h3": "89b2c1c0b87ffff" }, "geometry": { "type": "Polygon", "coordinates": [ [ [ -70.69880556626137, -34.17423212830105 ], [ -70.699981042884602, -34.17565919185585 ], [ -70.699076637109727, -34.177046530481391 ], [ -70.696996763124886, -34.177006801726364 ], [ -70.695821322903882, -34.175579749354895 ], [ -70.696725720264112, -34.174192414555307 ], [ -70.69880556626137, -34.17423212830105 ] ] ] } },
{ "type": "Feature", "properties": { "h3": "89b2c1c080fffff" }, "geometry": { "type": "Polygon", "coordinates": [ [ [ -70.703960745250214, -34.163092091218502 ], [ -70.705136242554929, -34.164519331981133 ], [ -70.704231873057708, -34.165907011388079 ], [ -70.702152014658893, -34.165867446203002 ], [ -70.700976553743999, -34.164440216623568 ], [ -70.701880914836721, -34.163052541046198 ], [ -70.703960745250214, -34.163092091218502 ] ] ] } },
{ "type": "Feature", "properties": { "h3": "89b2c1c10afffff" }, "geometry": { "type": "Polygon", "coordinates": [ [ [ -70.800833543657333, -34.133970057703216 ], [ -70.802010289342235, -34.135397397011658 ], [ -70.801105940306087, -34.136786997440431 ], [ -70.799024853810039, -34.136749254738454 ], [ -70.797848144334992, -34.135321926545316 ], [ -70.798752485144817, -34.133932329939029 ], [ -70.800833543657333, -34.133970057703216 ] ] ] } },
{ "type": "Feature", "properties": { "h3": "89b2c1cac1bffff" }, "geometry": { "type": "Polygon", "coordinates": [ [ [ -70.837768037346592, -34.161346062620709 ], [ -70.838945441793371, -34.162772748315504 ], [ -70.838040960256009, -34.164162124206676 ], [ -70.835959082431444, -34.164124810599475 ], [ -70.834781714137051, -34.162698135980328 ], [ -70.835686187513474, -34.161308763892976 ], [ -70.837768037346592, -34.161346062620709 ] ] ] } },
{ "type": "Feature", "properties": { "h3": "89b2c1c506bffff" }, "geometry": { "type": "Polygon", "coordinates": [ [ [ -70.670859509551505, -34.207395117668142 ], [ -70.672034743463939, -34.20882170794399 ], [ -70.67113024149279, -34.210207875489772 ], [ -70.66905051407555, -34.210167448942308 ], [ -70.667875316624446, -34.208740869860378 ], [ -70.66877981012793, -34.207354706132186 ], [ -70.670859509551505, -34.207395117668142 ] ] ] } },
{ "type": "Feature", "properties": { "h3": "89b2c1c1473ffff" }, "geometry": { "type": "Polygon", "coordinates": [ [ [ -70.811685319202937, -34.117291038604549 ], [ -70.812862140142542, -34.118718629021174 ], [ -70.811957843059247, -34.120108777569634 ], [ -70.809876733240486, -34.12007133187447 ], [ -70.808699948486577, -34.118643752570328 ], [ -70.809604237364397, -34.117253607849058 ], [ -70.811685319202937, -34.117291038604549 ] ] ] } },
{ "type": "Feature", "properties": { "h3": "89b2c1ce49bffff" }, "geometry": { "type": "Polygon", "coordinates": [ [ [ -70.727565263951547, -34.181801175161134 ], [ -70.728741189553361, -34.18322797775545 ], [ -70.727836729540726, -34.184615484034879 ], [ -70.725756352287831, -34.184576183902983 ], [ -70.724580463039715, -34.183149392465985 ], [ -70.72548491468946, -34.18176189000377 ], [ -70.727565263951547, -34.181801175161134 ] ] ] } },
{ "type": "Feature", "properties": { "h3": "89b2c1ca8a3ffff" }, "geometry": { "type": "Polygon", "coordinates": [ [ [ -70.827186842878916, -34.180831071137405 ], [ -70.828364189640567, -34.182257453738231 ], [ -70.827459645367057, -34.183646214706812 ], [ -70.825377762512048, -34.183608589276801 ], [ -70.824200451927283, -34.182182217753159 ], [ -70.825104988019291, -34.180793460582549 ], [ -70.827186842878916, -34.180831071137405 ] ] ] } },
{ "type": "Feature", "properties": { "h3": "89b2c1ca52bffff" }, "geometry": { "type": "Polygon", "coordinates": [ [ [ -70.851334644794591, -34.140499627987737 ], [ -70.852512142954737, -34.141926627757506 ], [ -70.851607726669428, -34.143316688906047 ], [ -70.849525820357414, -34.1432797464754 ], [ -70.84834835831937, -34.141852757777812 ], [ -70.84925276646986, -34.140462700438917 ], [ -70.851334644794591, -34.140499627987737 ] ] ] } },
{ "type": "Feature", "properties": { "h3": "89b2c1ca1b3ffff" }, "geometry": { "type": "Polygon", "coordinates": [ [ [ -70.845908119262546, -34.148839435279982 ], [ -70.847085579955191, -34.150266309431323 ], [ -70.846181137557735, -34.151656096489589 ], [ -70.844099242611549, -34.151619005589396 ], [ -70.842921818053128, -34.150192142511628 ], [ -70.843826252305306, -34.148802359260685 ], [ -70.845908119262546, -34.148839435279982 ] ] ] } },
{ "type": "Feature", "properties": { "h3": "89b2c1ca857ffff" }, "geometry": { "type": "Polygon", "coordinates": [ [ [ -70.842938274057232, -34.182519689129158 ], [ -70.844115853803515, -34.183945971748024 ], [ -70.843211289911807, -34.18533488497993 ], [ -70.841129154425346, -34.185297511799035 ], [ -70.839951610828464, -34.183871240244031 ], [ -70.840856166567278, -34.182482330806238 ], [ -70.842938274057232, -34.182519689129158 ] ] ] } },
{ "type": "Feature", "properties": { "h3": "89b2c1ce44fffff" }, "geometry": { "type": "Polygon", "coordinates": [ [ [ -70.738149447548579, -34.194641292231182 ], [ -70.739325586441453, -34.196067818215127 ], [ -70.738421069529238, -34.197455136010817 ], [ -70.736340422067286, -34.197415924012894 ], [ -70.735164319513189, -34.195989409173031 ], [ -70.736068828080903, -34.194602095187221 ], [ -70.738149447548579, -34.194641292231182 ] ] ] } },
{ "type": "Feature", "properties": { "h3": "89b2c1c0a0bffff" }, "geometry": { "type": "Polygon", "coordinates": [ [ [ -70.729735624676707, -34.17200894691905 ], [ -70.730911534502667, -34.173435915637519 ], [ -70.730007108593654, -34.17482369226687 ], [ -70.727926781215629, -34.174784496357098 ], [ -70.72675090773663, -34.173357538797717 ], [ -70.727655325287358, -34.171969765989203 ], [ -70.729735624676707, -34.17200894691905 ] ] ] } },
{ "type": "Feature", "properties": { "h3": "89b2c1c1427ffff" }, "geometry": { "type": "Polygon", "coordinates": [ [ [ -70.799471662098114, -34.119883585011181 ], [ -70.800648320881308, -34.121311182616914 ], [ -70.799744024852842, -34.122701116062501 ], [ -70.797663078267746, -34.122663448073929 ], [ -70.796486455692673, -34.121235861589604 ], [ -70.797390743493224, -34.119845931972627 ], [ -70.799471662098114, -34.119883585011181 ] ] ] } },
{ "type": "Feature", "properties": { "h3": "89b2c1c166fffff" }, "geometry": { "type": "Polygon", "coordinates": [ [ [ -70.835039181792695, -34.133178937117783 ], [ -70.836216412342111, -34.134606140092323 ], [ -70.835312036789304, -34.135996182180044 ], [ -70.833230438849753, -34.135959017477497 ], [ -70.832053244449256, -34.134531825590912 ], [ -70.83295761183804, -34.133141787319126 ], [ -70.835039181792695, -34.133178937117783 ] ] ] } },
{ "type": "Feature", "properties": { "h3": "89b2c1ce697ffff" }, "geometry": { "type": "Polygon", "coordinates": [ [ [ -70.744119798977465, -34.191944669052731 ], [ -70.745296010530851, -34.193371217319097 ], [ -70.744391498176668, -34.194758676022865 ], [ -70.742310782601209, -34.194719582650684 ], [ -70.74113460737523, -34.193293045524555 ], [ -70.742039111395954, -34.191905590630583 ], [ -70.744119798977465, -34.191944669052731 ] ] ] } },
{ "type": "Feature", "properties": { "h3": "89b2c1c031bffff" }, "geometry": { "type": "Polygon", "coordinates": [ [ [ -70.74845574410331, -34.140038381182897 ], [ -70.749631769201955, -34.141465841087175 ], [ -70.748727444114323, -34.142854643781668 ], [ -70.74664710224873, -34.142815982741674 ], [ -70.745471113454457, -34.141388533992895 ], [ -70.74637543022007, -34.139999735128796 ], [ -70.74845574410331, -34.140038381182897 ] ] ] } },
{ "type": "Feature", "properties": { "h3": "89b2c1c0c07ffff" }, "geometry": { "type": "Polygon", "coordinates": [ [ [ -70.698808083075008, -34.141917252695144 ], [ -70.699983405063278, -34.14334489499646 ], [ -70.699079118289148, -34.144733036870413 ], [ -70.696999517937826, -34.144693532603881 ], [ -70.695824232342204, -34.143265901497571 ], [ -70.696728510703906, -34.141877763462979 ], [ -70.698808083075008, -34.141917252695144 ] ] ] } },
{ "type": "Feature", "properties": { "h3": "89b2c1c5463ffff" }, "geometry": { "type": "Polygon", "coordinates": [ [ [ -70.665710012730173, -34.186235202884099 ], [ -70.66688507125312, -34.187662194920051 ], [ -70.665980652125384, -34.189048825139423 ], [ -70.663901182948905, -34.189008459495675 ], [ -70.662726160890088, -34.187581478665528 ], [ -70.663630571542257, -34.186194852273502 ], [ -70.665710012730173, -34.186235202884099 ] ] ] } },
{ "type": "Feature", "properties": { "h3": "89b2c1c186bffff" }, "geometry": { "type": "Polygon", "coordinates": [ [ [ -70.777231123152148, -34.179918867560914 ], [ -70.778407751315612, -34.181345486533111 ], [ -70.777503253779855, -34.182733653540943 ], [ -70.775422136351708, -34.182695197768538 ], [ -70.774245544453493, -34.181268589914197 ], [ -70.775150033716827, -34.17988042671459 ], [ -70.777231123152148, -34.179918867560914 ] ] ] } },
{ "type": "Feature", "properties": { "h3": "89b2c1c088fffff" }, "geometry": { "type": "Polygon", "coordinates": [ [ [ -70.70016332662756, -34.155994991680032 ], [ -70.70133873544161, -34.157422376063174 ], [ -70.700434395583812, -34.158810184877836 ], [ -70.698354655321495, -34.158770605476327 ], [ -70.697179282901857, -34.157343232282024 ], [ -70.698083614348761, -34.155955427300604 ], [ -70.70016332662756, -34.155994991680032 ] ] ] } },
{ "type": "Feature", "properties": { "h3": "89b2c1cac9bffff" }, "geometry": { "type": "Polygon", "coordinates": [ [ [ -70.833963101930877, -34.154249485519628 ], [ -70.835140418052418, -34.155676315365127 ], [ -70.834235965875152, -34.157065820704986 ], [ -70.832154205742413, -34.157028492392051 ], [ -70.830976925777918, -34.155601673627821 ], [ -70.83188136978778, -34.15421217209547 ], [ -70.833963101930877, -34.154249485519628 ] ] ] } },
{ "type": "Feature", "properties": { "h3": "89b2c1ce51bffff" }, "geometry": { "type": "Polygon", "coordinates": [ [ [ -70.710470658737023, -34.19832963540906 ], [ -70.711646418252116, -34.199756216048399 ], [ -70.710741912936356, -34.201143099668371 ], [ -70.70866165649926, -34.201103398835485 ], [ -70.707485933372965, -34.199676829361316 ], [ -70.708390430293633, -34.198289949555054 ], [ -70.710470658737023, -34.19832963540906 ] ] ] } },
{ "type": "Feature", "properties": { "h3": "89b2c1d8927ffff" }, "geometry": { "type": "Polygon", "coordinates": [ [ [ -70.820368986840066, -34.110414016484192 ], [ -70.82154589892076, -34.111841691885921 ], [ -70.820641619647347, -34.113232118297084 ], [ -70.818560436481064, -34.113194865478405 ], [ -70.817383560568658, -34.111767201184591 ], [ -70.818287831652867, -34.110376778601733 ], [ -70.820368986840066, -34.110414016484192 ] ] ] } },
{ "type": "Feature", "properties": { "h3": "89b2c1c117bffff" }, "geometry": { "type": "Polygon", "coordinates": [ [ [ -70.795952095053778, -34.147940062504162 ], [ -70.797128837839892, -34.149367172872836 ], [ -70.796224441642536, -34.150756365985224 ], [ -70.794143310893901, -34.150718444911469 ], [ -70.792966604330402, -34.149291345657069 ], [ -70.793870992291588, -34.147902156362356 ], [ -70.795952095053778, -34.147940062504162 ] ] ] } },
{ "type": "Feature", "properties": { "h3": "89b2c1c5397ffff" }, "geometry": { "type": "Polygon", "coordinates": [ [ [ -70.658652360121948, -34.209964798566823 ], [ -70.659827430788567, -34.211391395686263 ], [ -70.65892293084184, -34.212777348011663 ], [ -70.656843368717162, -34.212736699398931 ], [ -70.655668334534184, -34.211310113482362 ], [ -70.656572825990906, -34.209924164975838 ], [ -70.658652360121948, -34.209964798566823 ] ] ] } },
{ "type": "Feature", "properties": { "h3": "89b2c1ca5abffff" }, "geometry": { "type": "Polygon", "coordinates": [ [ [ -70.847529269212217, -34.133401109462461 ], [ -70.848706679078944, -34.134828253338938 ], [ -70.84780229212042, -34.136218443903381 ], [ -70.845720503435047, -34.136181486778241 ], [ -70.844543129695111, -34.134754353979552 ], [ -70.845447508512379, -34.133364167228429 ], [ -70.847529269212217, -34.133401109462461 ] ] ] } },
{ "type": "Feature", "properties": { "h3": "89b2c1c0e03ffff" }, "geometry": { "type": "Polygon", "coordinates": [ [ [ -70.72457958850714, -34.150835971498552 ], [ -70.725755323011683, -34.152263342104995 ], [ -70.724850979761271, -34.153651581264874 ], [ -70.722770910371167, -34.153612445987903 ], [ -70.7215952122164, -34.152185086552393 ], [ -70.722499547100611, -34.150796851223134 ], [ -70.72457958850714, -34.150835971498552 ] ] ] } },
{ "type": "Feature", "properties": { "h3": "89b2c1c2a43ffff" }, "geometry": { "type": "Polygon", "coordinates": [ [ [ -70.709387958934471, -34.122439034408309 ], [ -70.710563339614922, -34.123866979302974 ], [ -70.709659114776045, -34.125255735950084 ], [ -70.707579517647204, -34.125216543857327 ], [ -70.706404173334931, -34.123788610156076 ], [ -70.707308389781971, -34.122399857354381 ], [ -70.709387958934471, -34.122439034408309 ] ] ] } },
{ "type": "Feature", "properties": { "h3": "89b2c1c0a8bffff" }, "geometry": { "type": "Polygon", "coordinates": [ [ [ -70.725936612345592, -34.164912837953715 ], [ -70.727112433705813, -34.166339950438676 ], [ -70.726208037384794, -34.167727856500129 ], [ -70.724127828066884, -34.16768864625228 ], [ -70.722952043058214, -34.16626154493207 ], [ -70.723856431014539, -34.164873642695142 ], [ -70.725936612345592, -34.164912837953715 ] ] ] } },
{ "type": "Feature", "properties": { "h3": "89b2c1c332fffff" }, "geometry": { "type": "Polygon", "coordinates": [ [ [ -70.779928250759014, -34.111090565373594 ], [ -70.781104587953337, -34.112518405988894 ], [ -70.780200341379711, -34.113908316444054 ], [ -70.778119765873285, -34.113870382447956 ], [ -70.776943464919114, -34.112442552973008 ], [ -70.777847703229867, -34.11105264635399 ], [ -70.779928250759014, -34.111090565373594 ] ] ] } },
{ "type": "Feature", "properties": { "h3": "89b2c1c734fffff" }, "geometry": { "type": "Polygon", "coordinates": [ [ [ -70.648898139778979, -34.173269477295605 ], [ -70.650072894398761, -34.174696774344532 ], [ -70.649168538958151, -34.176083518668435 ], [ -70.647089437401604, -34.176042962107594 ], [ -70.64591471927173, -34.174615676282784 ], [ -70.646819066207144, -34.173228935794889 ], [ -70.648898139778979, -34.173269477295605 ] ] ] } },
{ "type": "Feature", "properties": { "h3": "89b2c1c0b3bffff" }, "geometry": { "type": "Polygon", "coordinates": [ [ [ -70.702874319930302, -34.184141603245443 ], [ -70.704049902429546, -34.185568471462595 ], [ -70.703145456388782, -34.186955614013414 ], [ -70.701065436255348, -34.186915884526222 ], [ -70.699889890154068, -34.185489027485509 ], [ -70.700794327786923, -34.184101888755755 ], [ -70.702874319930302, -34.184141603245443 ] ] ] } },
{ "type": "Feature", "properties": { "h3": "89b2c1c1377ffff" }, "geometry": { "type": "Polygon", "coordinates": [ [ [ -70.812515359529598, -34.158080192779579 ], [ -70.813692387657312, -34.159507048460789 ], [ -70.812787939764036, -34.160896194018335 ], [ -70.810706471948421, -34.160858480084634 ], [ -70.809529480016963, -34.159431635500638 ], [ -70.810433919703527, -34.158042493753328 ], [ -70.812515359529598, -34.158080192779579 ] ] ] } },
{ "type": "Feature", "properties": { "h3": "89b2c1c039bffff" }, "geometry": { "type": "Polygon", "coordinates": [ [ [ -70.744656169771233, -34.132939281634961 ], [ -70.745832106450052, -34.134366885229724 ], [ -70.744927810903732, -34.135755817305515 ], [ -70.742847587005713, -34.135717141952654 ], [ -70.741671686635897, -34.134289549519004 ], [ -70.742575973853761, -34.132900621277287 ], [ -70.744656169771233, -34.132939281634961 ] ] ] } },
{ "type": "Feature", "properties": { "h3": "89b2c1c0023ffff" }, "geometry": { "type": "Polygon", "coordinates": [ [ [ -70.737872583963124, -34.127189861054823 ], [ -70.739048395908938, -34.128617597124396 ], [ -70.738144127635323, -34.130006588131224 ], [ -70.736064055754966, -34.129967839230851 ], [ -70.734888280128459, -34.128540114329937 ], [ -70.735792540061667, -34.127151127160914 ], [ -70.737872583963124, -34.127189861054823 ] ] ] } },
{ "type": "Feature", "properties": { "h3": "89b2c1c1c63ffff" }, "geometry": { "type": "Polygon", "coordinates": [ [ [ -70.772069052078805, -34.158746694640072 ], [ -70.773245504924546, -34.160173716040909 ], [ -70.772341089922421, -34.161562345651731 ], [ -70.770260230353557, -34.16152395004395 ], [ -70.76908381377595, -34.160096939772778 ], [ -70.769988220497709, -34.158708313979929 ], [ -70.772069052078805, -34.158746694640072 ] ] ] } },
{ "type": "Feature", "properties": { "h3": "89b2c1c0c87ffff" }, "geometry": { "type": "Polygon", "coordinates": [ [ [ -70.695011282970384, -34.134818084864804 ], [ -70.696186516476985, -34.136245870665519 ], [ -70.695282259347891, -34.137634141907746 ], [ -70.69320277712967, -34.137594623506416 ], [ -70.692027580020309, -34.136166848906321 ], [ -70.692931828730593, -34.134778581507163 ], [ -70.695011282970384, -34.134818084864804 ] ] ] } },
{ "type": "Feature", "properties": { "h3": "89b2c1c090fffff" }, "geometry": { "type": "Polygon", "coordinates": [ [ [ -70.683072076718631, -34.172526245009884 ], [ -70.684247319175682, -34.173953407449666 ], [ -70.683342934290621, -34.175340593683323 ], [ -70.681263315390282, -34.175300613647678 ], [ -70.680088109362686, -34.1738734624046 ], [ -70.680992485804666, -34.172486280000662 ], [ -70.683072076718631, -34.172526245009884 ] ] ] } },
{ "type": "Feature", "properties": { "h3": "89b2c1cad1bffff" }, "geometry": { "type": "Polygon", "coordinates": [ [ [ -70.816864432429028, -34.170807850593278 ], [ -70.818041583689478, -34.172234458718108 ], [ -70.817137085184612, -34.173623341561999 ], [ -70.815055443617553, -34.173585612477126 ], [ -70.813878328549379, -34.172159015441437 ], [ -70.81478281885461, -34.170770136401671 ], [ -70.816864432429028, -34.170807850593278 ] ] ] } },
{ "type": "Feature", "properties": { "h3": "89b2c1c1573ffff" }, "geometry": { "type": "Polygon", "coordinates": [ [ [ -70.790788384322028, -34.126757311954456 ], [ -70.791964951842175, -34.128184824543133 ], [ -70.791060638105478, -34.129574480104289 ], [ -70.78897976509144, -34.129536619249464 ], [ -70.787803233796836, -34.128109117786771 ], [ -70.788707539289376, -34.126719466053103 ], [ -70.790788384322028, -34.126757311954456 ] ] ] } },
{ "type": "Feature", "properties": { "h3": "89b2c1ce59bffff" }, "geometry": { "type": "Polygon", "coordinates": [ [ [ -70.706672327136658, -34.19123597162433 ], [ -70.707847998143578, -34.192662696076972 ], [ -70.70694352246224, -34.194049709169263 ], [ -70.704863384174104, -34.194009993991713 ], [ -70.703687749560586, -34.19258328070989 ], [ -70.704592216840439, -34.19119627143499 ], [ -70.706672327136658, -34.19123597162433 ] ] ] } },
{ "type": "Feature", "properties": { "h3": "89b2c1d89a7ffff" }, "geometry": { "type": "Polygon", "coordinates": [ [ [ -70.816565818576024, -34.103312430879676 ], [ -70.817742642346559, -34.10474025012099 ], [ -70.816838392457413, -34.106130805883922 ], [ -70.814757326992023, -34.106093538573731 ], [ -70.813580539394422, -34.104665730445952 ], [ -70.814484781087913, -34.10327517851502 ], [ -70.816565818576024, -34.103312430879676 ] ] ] } },
{ "type": "Feature", "properties": { "h3": "89b2c1c0eb3ffff" }, "geometry": { "type": "Polygon", "coordinates": [ [ [ -70.714812769389837, -34.146436123462728 ], [ -70.715988342723179, -34.147863615359633 ], [ -70.715084024588805, -34.149251843023926 ], [ -70.713004141503404, -34.149212574957119 ], [ -70.71182860453581, -34.147785094240618 ], [ -70.712732914286519, -34.146396870410705 ], [ -70.714812769389837, -34.146436123462728 ] ] ] } },
{ "type": "Feature", "properties": { "h3": "89b2c1c0e83ffff" }, "geometry": { "type": "Polygon", "coordinates": [ [ [ -70.720781194778326, -34.143737792780442 ], [ -70.721956840826138, -34.145165307032372 ], [ -70.721052527169334, -34.146553675584968 ], [ -70.718972575835991, -34.14651452605154 ], [ -70.717796966142586, -34.145087022976142 ], [ -70.718701271426781, -34.143698658257847 ], [ -70.720781194778326, -34.143737792780442 ] ] ] } },
{ "type": "Feature", "properties": { "h3": "89b2c1c0b0bffff" }, "geometry": { "type": "Polygon", "coordinates": [ [ [ -70.70884327537658, -34.181446365557449 ], [ -70.710018930654769, -34.182873256121738 ], [ -70.709114489052652, -34.184260539584045 ], [ -70.707034400567906, -34.184220928661261 ], [ -70.705858781676355, -34.182794049269575 ], [ -70.706763214881548, -34.181406769628289 ], [ -70.70884327537658, -34.181446365557449 ] ] ] } },
{ "type": "Feature", "properties": { "h3": "89b2c1c1e8fffff" }, "geometry": { "type": "Polygon", "coordinates": [ [ [ -70.787540185797113, -34.157625522047226 ], [ -70.788716854662184, -34.159052495694766 ], [ -70.787812430164124, -34.160441344256455 ], [ -70.785731345051815, -34.160403215355416 ], [ -70.784554712427138, -34.158976252825411 ], [ -70.78545912867304, -34.157587408079102 ], [ -70.787540185797113, -34.157625522047226 ] ] ] } },
{ "type": "Feature", "properties": { "h3": "89b2c1c00a3ffff" }, "geometry": { "type": "Polygon", "coordinates": [ [ [ -70.734073805428054, -34.120089468810249 ], [ -70.735249528950348, -34.121517348466732 ], [ -70.734345290236973, -34.122906468828376 ], [ -70.732265336346799, -34.122867705692194 ], [ -70.731089649148444, -34.121439837209962 ], [ -70.731993879514974, -34.120050720689861 ], [ -70.734073805428054, -34.120089468810249 ] ] ] } },
{ "type": "Feature", "properties": { "h3": "89b2c1c0d07ffff" }, "geometry": { "type": "Polygon", "coordinates": [ [ [ -70.677921800396888, -34.151355070725906 ], [ -70.679096867517828, -34.152782634621694 ], [ -70.678192565419295, -34.154170283357281 ], [ -70.676113204649496, -34.154130364357783 ], [ -70.674938173960825, -34.152702811670515 ], [ -70.675842467608362, -34.151315166774445 ], [ -70.677921800396888, -34.151355070725906 ] ] ] } },
{ "type": "Feature", "properties": { "h3": "89b2c1c5563ffff" }, "geometry": { "type": "Polygon", "coordinates": [ [ [ -70.644823726111653, -34.195656409329736 ], [ -70.645998529266976, -34.197083322884602 ], [ -70.645094095199795, -34.198469459855055 ], [ -70.643014866490077, -34.19842867944336 ], [ -70.641840099838461, -34.197001777107765 ], [ -70.642744525391507, -34.195615643964771 ], [ -70.644823726111653, -34.195656409329736 ] ] ] } },
{ "type": "Feature", "properties": { "h3": "89b2c1cad9bffff" }, "geometry": { "type": "Polygon", "coordinates": [ [ [ -70.813060526783005, -34.163712076910222 ], [ -70.814237589685561, -34.165138829146393 ], [ -70.813333120586734, -34.166527841448925 ], [ -70.811251596790058, -34.166490097707694 ], [ -70.810074570084439, -34.165063356566279 ], [ -70.810979030977194, -34.163674348071531 ], [ -70.813060526783005, -34.163712076910222 ] ] ] } },
{ "type": "Feature", "properties": { "h3": "89b2c1c024fffff" }, "geometry": { "type": "Polygon", "coordinates": [ [ [ -70.776135007894169, -34.136331804144326 ], [ -70.777311411606846, -34.137759209438514 ], [ -70.7764070755197, -34.139148446235154 ], [ -70.774326343990026, -34.139110273911371 ], [ -70.773149976531684, -34.137682879751601 ], [ -70.774054304347359, -34.136293646781404 ], [ -70.776135007894169, -34.136331804144326 ] ] ] } },
{ "type": "Feature", "properties": { "h3": "89b2c1c098fffff" }, "geometry": { "type": "Polygon", "coordinates": [ [ [ -70.679275692930304, -34.165429952027424 ], [ -70.680450846864531, -34.166857258048211 ], [ -70.679546491664581, -34.168244573699447 ], [ -70.677466990978587, -34.168204579496681 ], [ -70.676291873478405, -34.166777284678226 ], [ -70.677196220228851, -34.165389972860375 ], [ -70.679275692930304, -34.165429952027424 ] ] ] } },
{ "type": "Feature", "properties": { "h3": "89b2c1c0617ffff" }, "geometry": { "type": "Polygon", "coordinates": [ [ [ -70.761204472807307, -34.110748051252038 ], [ -70.762380540360368, -34.112175979798081 ], [ -70.761476311636343, -34.113565667457287 ], [ -70.759396023654787, -34.11352742273062 ], [ -70.758219992374904, -34.112099505340218 ], [ -70.75912421280205, -34.110709821521034 ], [ -70.761204472807307, -34.110748051252038 ] ] ] } },
{ "type": "Feature", "properties": { "h3": "89b2c1c122bffff" }, "geometry": { "type": "Polygon", "coordinates": [ [ [ -70.830431295437748, -34.149968811220617 ], [ -70.831608540623265, -34.151395733444673 ], [ -70.830704107212995, -34.152785301599138 ], [ -70.828622436789402, -34.152747943719788 ], [ -70.827445227765935, -34.151321032581407 ], [ -70.828349653002675, -34.149931468236908 ], [ -70.830431295437748, -34.149968811220617 ] ] ] } },
{ "type": "Feature", "properties": { "h3": "89b2c1c3233ffff" }, "geometry": { "type": "Polygon", "coordinates": [ [ [ -70.800277933296044, -34.095986021672793 ], [ -70.801454489259442, -34.097414043454116 ], [ -70.800550280406995, -34.098804580044394 ], [ -70.798469523814632, -34.098767091015219 ], [ -70.7972930040509, -34.097339080363191 ], [ -70.79819720467853, -34.095948547611229 ], [ -70.800277933296044, -34.095986021672793 ] ] ] } },
{ "type": "Feature", "properties": { "h3": "89b2c1c127bffff" }, "geometry": { "type": "Polygon", "coordinates": [ [ [ -70.839662613755607, -34.148728103401346 ], [ -70.840839984783344, -34.150155007139411 ], [ -70.839935548084213, -34.15154471996189 ], [ -70.837853748512615, -34.151507525237889 ], [ -70.836676413630144, -34.150080632578486 ], [ -70.837580842172656, -34.148690923564608 ], [ -70.839662613755607, -34.148728103401346 ] ] ] } },
{ "type": "Feature", "properties": { "h3": "89b2c1c0b8bffff" }, "geometry": { "type": "Polygon", "coordinates": [ [ [ -70.705045296985546, -34.174351062467316 ], [ -70.706220863765779, -34.175778096758599 ], [ -70.705316451797373, -34.177165509662828 ], [ -70.703236481450716, -34.177125884451293 ], [ -70.702060951061725, -34.175698861338269 ], [ -70.702965354626812, -34.174311452258706 ], [ -70.705045296985546, -34.174351062467316 ] ] ] } },
{ "type": "Feature", "properties": { "h3": "89b2c1c0813ffff" }, "geometry": { "type": "Polygon", "coordinates": [ [ [ -70.703418509886433, -34.15746189620257 ], [ -70.704593972456095, -34.158889240174531 ], [ -70.703689624193188, -34.160277052821229 ], [ -70.701609821764364, -34.160237517664136 ], [ -70.700434395583812, -34.158810184877836 ], [ -70.70133873544161, -34.157422376063174 ], [ -70.703418509886433, -34.15746189620257 ] ] ] } },
{ "type": "Feature", "properties": { "h3": "89b2c1c506fffff" }, "geometry": { "type": "Polygon", "coordinates": [ [ [ -70.667875316624446, -34.208740869860378 ], [ -70.66905051407555, -34.210167448942308 ], [ -70.668146009946142, -34.211553546021221 ], [ -70.666066316837473, -34.21151306020078 ], [ -70.664891155853383, -34.210086492314694 ], [ -70.665795651509612, -34.208700399053413 ], [ -70.667875316624446, -34.208740869860378 ] ] ] } },
{ "type": "Feature", "properties": { "h3": "89b2c1c1477ffff" }, "geometry": { "type": "Polygon", "coordinates": [ [ [ -70.808699948486577, -34.118643752570328 ], [ -70.809876733240486, -34.12007133187447 ], [ -70.808972433763103, -34.121461409998531 ], [ -70.806891357741478, -34.121423904991396 ], [ -70.805714609178963, -34.119996336801684 ], [ -70.806618900445329, -34.118606262504855 ], [ -70.808699948486577, -34.118643752570328 ] ] ] } },
{ "type": "Feature", "properties": { "h3": "89b2c1ca8a7ffff" }, "geometry": { "type": "Polygon", "coordinates": [ [ [ -70.824200451927283, -34.182182217753159 ], [ -70.825377762512048, -34.183608589276801 ], [ -70.824473215817036, -34.184997279805643 ], [ -70.82239136672294, -34.184959595012998 ], [ -70.821214092320773, -34.183533234568444 ], [ -70.822118630828754, -34.182144547837623 ], [ -70.824200451927283, -34.182182217753159 ] ] ] } },
{ "type": "Feature", "properties": { "h3": "89b2c1ca9d3ffff" }, "geometry": { "type": "Polygon", "coordinates": [ [ [ -70.821214092320773, -34.183533234568444 ], [ -70.82239136672294, -34.184959595012998 ], [ -70.821486817611444, -34.186348215101297 ], [ -70.819405002289002, -34.186310470947184 ], [ -70.818227764075147, -34.18488412158365 ], [ -70.819132304994071, -34.183495505293401 ], [ -70.821214092320773, -34.183533234568444 ] ] ] } },
{ "type": "Feature", "properties": { "h3": "89b2c1ce5cbffff" }, "geometry": { "type": "Polygon", "coordinates": [ [ [ -70.716440205252979, -34.195634858246116 ], [ -70.717616037528614, -34.197061461209977 ], [ -70.716711536677664, -34.198448485747022 ], [ -70.714631211933792, -34.19840890350671 ], [ -70.7134554160356, -34.196982311704154 ], [ -70.714359908502502, -34.195595290980791 ], [ -70.716440205252979, -34.195634858246116 ] ] ] } },
{ "type": "Feature", "properties": { "h3": "89b2c1c0123ffff" }, "geometry": { "type": "Polygon", "coordinates": [ [ [ -70.71698312527873, -34.136638910219489 ], [ -70.718158682870268, -34.13806656806797 ], [ -70.717254398813239, -34.139455065999371 ], [ -70.715174565542355, -34.139415902244465 ], [ -70.71399904430983, -34.137988255578158 ], [ -70.714903319987812, -34.136599761484767 ], [ -70.71698312527873, -34.136638910219489 ] ] ] } },
{ "type": "Feature", "properties": { "h3": "89b2c1c15a3ffff" }, "geometry": { "type": "Polygon", "coordinates": [ [ [ -70.777759641352361, -34.120895206850491 ], [ -70.778935994430839, -34.122322881465401 ], [ -70.778031713705758, -34.123712521709081 ], [ -70.775951088168327, -34.123674483505525 ], [ -70.774774771336737, -34.122246820029233 ], [ -70.775679043794312, -34.120857183618085 ], [ -70.777759641352361, -34.120895206850491 ] ] ] } },
{ "type": "Feature", "properties": { "h3": "89b2c1ca52fffff" }, "geometry": { "type": "Polygon", "coordinates": [ [ [ -70.84834835831937, -34.141852757777812 ], [ -70.849525820357414, -34.1432797464754 ], [ -70.848621401610643, -34.144669737198583 ], [ -70.846539528964797, -34.14463273541471 ], [ -70.845362103054597, -34.143205757791229 ], [ -70.846266513661021, -34.141815770877734 ], [ -70.84834835831937, -34.141852757777812 ] ] ] } },
{ "type": "Feature", "properties": { "h3": "89b2c1c1d63ffff" }, "geometry": { "type": "Polygon", "coordinates": [ [ [ -70.751173048596669, -34.168195685817899 ], [ -70.752349247446091, -34.169622629270691 ], [ -70.7514448162528, -34.171010765777638 ], [ -70.7493641945278, -34.170971955013776 ], [ -70.748188031986317, -34.169545022704114 ], [ -70.749092454860559, -34.168156890015375 ], [ -70.751173048596669, -34.168195685817899 ] ] ] } },
{ "type": "Feature", "properties": { "h3": "89b2c1ca1b7ffff" }, "geometry": { "type": "Polygon", "coordinates": [ [ [ -70.842921818053128, -34.150192142511628 ], [ -70.844099242611549, -34.151619005589396 ], [ -70.843194797761612, -34.153008722219241 ], [ -70.841112936502711, -34.152971571964173 ], [ -70.839935548084213, -34.15154471996189 ], [ -70.840839984783344, -34.150155007139411 ], [ -70.842921818053128, -34.150192142511628 ] ] ] } },
{ "type": "Feature", "properties": { "h3": "89b2c1c0a0fffff" }, "geometry": { "type": "Polygon", "coordinates": [ [ [ -70.72675090773663, -34.173357538797717 ], [ -70.727926781215629, -34.174784496357098 ], [ -70.727022353049733, -34.17617220253625 ], [ -70.724942059767287, -34.176132947335319 ], [ -70.723766222640904, -34.174706000936972 ], [ -70.724670642443002, -34.1733182985787 ], [ -70.72675090773663, -34.173357538797717 ] ] ] } },
{ "type": "Feature", "properties": { "h3": "89b2c1c7223ffff" }, "geometry": { "type": "Polygon", "coordinates": [ [ [ -70.654324144919514, -34.164947926207958 ], [ -70.655498937782951, -34.166375348825156 ], [ -70.654594607847116, -34.167762367311376 ], [ -70.652515493541301, -34.167721959342174 ], [ -70.651340737155707, -34.166294547947714 ], [ -70.652245058596762, -34.16490753329991 ], [ -70.654324144919514, -34.164947926207958 ] ] ] } },
{ "type": "Feature", "properties": { "h3": "89b2c1c1673ffff" }, "geometry": { "type": "Polygon", "coordinates": [ [ [ -70.834493492169088, -34.127544092061555 ], [ -70.835670687944415, -34.128971398439262 ], [ -70.834766333586046, -34.130361573742832 ], [ -70.832684791615634, -34.130324438850522 ], [ -70.831507631988529, -34.128897143563222 ], [ -70.832411978182279, -34.127506972078017 ], [ -70.834493492169088, -34.127544092061555 ] ] ] } },
{ "type": "Feature", "properties": { "h3": "89b2c1c0c0bffff" }, "geometry": { "type": "Polygon", "coordinates": [ [ [ -70.705046992869953, -34.14203551345198 ], [ -70.706222404991479, -34.143463126560192 ], [ -70.705318112025495, -34.144851342717637 ], [ -70.703238415337722, -34.144811941928971 ], [ -70.70206303959786, -34.143384340010634 ], [ -70.702967324162756, -34.141996127691321 ], [ -70.705046992869953, -34.14203551345198 ] ] ] } },
{ "type": "Feature", "properties": { "h3": "89b2c1cad4bffff" }, "geometry": { "type": "Polygon", "coordinates": [ [ [ -70.826641258272758, -34.175200428787548 ], [ -70.827818570249647, -34.176626914913442 ], [ -70.826914047180892, -34.178015809162225 ], [ -70.824832220315997, -34.177978213484927 ], [ -70.823654944515326, -34.176551738438683 ], [ -70.824559459401954, -34.175162847990272 ], [ -70.826641258272758, -34.175200428787548 ] ] ] } },
{ "type": "Feature", "properties": { "h3": "89b2c1c5467ffff" }, "geometry": { "type": "Polygon", "coordinates": [ [ [ -70.662726160890088, -34.187581478665528 ], [ -70.663901182948905, -34.189008459495675 ], [ -70.662996761671934, -34.190395019253046 ], [ -70.660917326815877, -34.190354594353082 ], [ -70.659742341226845, -34.188927624730646 ], [ -70.660646754022736, -34.187541068800655 ], [ -70.662726160890088, -34.187581478665528 ] ] ] } },
{ "type": "Feature", "properties": { "h3": "89b2c1c186fffff" }, "geometry": { "type": "Polygon", "coordinates": [ [ [ -70.774245544453493, -34.181268589914197 ], [ -70.775422136351708, -34.182695197768538 ], [ -70.774517636478791, -34.184083294330208 ], [ -70.772436552984246, -34.184044779229431 ], [ -70.771259997356978, -34.182618182494849 ], [ -70.772164488951958, -34.181230089741462 ], [ -70.774245544453493, -34.181268589914197 ] ] ] } },
{ "type": "Feature", "properties": { "h3": "89b2c1c191bffff" }, "geometry": { "type": "Polygon", "coordinates": [ [ [ -70.752260159817197, -34.17945529583919 ], [ -70.753436428179441, -34.180882032588443 ], [ -70.7525319545381, -34.18226990256607 ], [ -70.750451220851005, -34.182231031981303 ], [ -70.749274988798064, -34.180804306370241 ], [ -70.750179454121607, -34.179416440205948 ], [ -70.752260159817197, -34.17945529583919 ] ] ] } },
{ "type": "Feature", "properties": { "h3": "89b2c1c5513ffff" }, "geometry": { "type": "Polygon", "coordinates": [ [ [ -70.640758845283102, -34.185748719523332 ], [ -70.64193354249295, -34.187175828191045 ], [ -70.641029148823563, -34.18856216124108 ], [ -70.638950066463806, -34.188521381791226 ], [ -70.637775405761857, -34.187094284349726 ], [ -70.638679790910444, -34.185707955132038 ], [ -70.640758845283102, -34.185748719523332 ] ] ] } },
{ "type": "Feature", "properties": { "h3": "89b2c1c0893ffff" }, "geometry": { "type": "Polygon", "coordinates": [ [ [ -70.699621208961489, -34.150364250666229 ], [ -70.70079658304391, -34.151791738229825 ], [ -70.6998922644202, -34.153179680274036 ], [ -70.697812580124264, -34.153140130919148 ], [ -70.696637242435557, -34.151712654546841 ], [ -70.697541552647763, -34.150324716338318 ], [ -70.699621208961489, -34.150364250666229 ] ] ] } },
{ "type": "Feature", "properties": { "h3": "89b2c1d892bffff" }, "geometry": { "type": "Polygon", "coordinates": [ [ [ -70.826612643365863, -34.110525522746862 ], [ -70.827789645148584, -34.111953168696978 ], [ -70.826885360110879, -34.113343669355608 ], [ -70.824804081467008, -34.11330652023733 ], [ -70.823627115841518, -34.111878885390055 ], [ -70.824531392701331, -34.110488388558416 ], [ -70.826612643365863, -34.110525522746862 ] ] ] } },
{ "type": "Feature", "properties": { "h3": "89b2c1c01a3ffff" }, "geometry": { "type": "Polygon", "coordinates": [ [ [ -70.713185380000141, -34.129539324025494 ], [ -70.7143608491359, -34.130967125421549 ], [ -70.713456594684857, -34.132355752717778 ], [ -70.711376879482145, -34.132316574776446 ], [ -70.710201446710002, -34.130888784568171 ], [ -70.711105692775604, -34.129500161113633 ], [ -70.713185380000141, -34.129539324025494 ] ] ] } },
{ "type": "Feature", "properties": { "h3": "89b2c1ca5afffff" }, "geometry": { "type": "Polygon", "coordinates": [ [ [ -70.844543129695111, -34.134754353979552 ], [ -70.845720503435047, -34.136181486778241 ], [ -70.844816114021597, -34.137571606918783 ], [ -70.842734359013662, -34.137534590447459 ], [ -70.841557021406231, -34.13610746872849 ], [ -70.842461402672868, -34.13471735240131 ], [ -70.844543129695111, -34.134754353979552 ] ] ] } },
{ "type": "Feature", "properties": { "h3": "89b2c1c0e07ffff" }, "geometry": { "type": "Polygon", "coordinates": [ [ [ -70.7215952122164, -34.152185086552393 ], [ -70.722770910371167, -34.153612445987903 ], [ -70.721866564872954, -34.155000614702594 ], [ -70.719786529590323, -34.154961420151309 ], [ -70.718610867791, -34.153534071888636 ], [ -70.719515204917528, -34.152145907004609 ], [ -70.7215952122164, -34.152185086552393 ] ] ] } },
{ "type": "Feature", "properties": { "h3": "89b2c1c2a47ffff" }, "geometry": { "type": "Polygon", "coordinates": [ [ [ -70.706404173334931, -34.123788610156076 ], [ -70.707579517647204, -34.125216543857327 ], [ -70.706675290586617, -34.126605230064953 ], [ -70.704595727609799, -34.126565978726063 ], [ -70.703420419671417, -34.125138056220159 ], [ -70.704324638334626, -34.12374937385799 ], [ -70.706404173334931, -34.123788610156076 ] ] ] } },
{ "type": "Feature", "properties": { "h3": "89b2c1c0cb7ffff" }, "geometry": { "type": "Polygon", "coordinates": [ [ [ -70.689043909083253, -34.137515483260991 ], [ -70.690219069789734, -34.138943246658521 ], [ -70.689314808270254, -34.140331377010632 ], [ -70.687235394472808, -34.140291740122272 ], [ -70.686060270174892, -34.138863987929241 ], [ -70.686964523264521, -34.137475861420263 ], [ -70.689043909083253, -34.137515483260991 ] ] ] } },
{ "type": "Feature", "properties": { "h3": "89b2c1c5663ffff" }, "geometry": { "type": "Polygon", "coordinates": [ [ [ -70.688494384614017, -34.196504513972187 ], [ -70.689669819805545, -34.197931223014386 ], [ -70.688765341511584, -34.199317879990751 ], [ -70.686685436459598, -34.199277824106389 ], [ -70.685510037695082, -34.197851126247805 ], [ -70.686414507554176, -34.19646447309016 ], [ -70.688494384614017, -34.196504513972187 ] ] ] } },
{ "type": "Feature", "properties": { "h3": "89b2c1c0a8fffff" }, "geometry": { "type": "Polygon", "coordinates": [ [ [ -70.722952043058214, -34.16626154493207 ], [ -70.724127828066884, -34.16768864625228 ], [ -70.723223429495491, -34.16907648186492 ], [ -70.7211432542843, -34.169037212332981 ], [ -70.719967505632866, -34.167610122179433 ], [ -70.720871895834051, -34.166222290391339 ], [ -70.722952043058214, -34.16626154493207 ] ] ] } },
{ "type": "Feature", "properties": { "h3": "89b2c1c1c93ffff" }, "geometry": { "type": "Polygon", "coordinates": [ [ [ -70.764195072086395, -34.141735328178939 ], [ -70.765371330747669, -34.143162688923894 ], [ -70.764466985352655, -34.144551643977969 ], [ -70.762386389588571, -34.144513234460696 ], [ -70.761210167204354, -34.143085884857889 ], [ -70.762114504305814, -34.141696933630406 ], [ -70.764195072086395, -34.141735328178939 ] ] ] } },
{ "type": "Feature", "properties": { "h3": "89b2c1c72a3ffff" }, "geometry": { "type": "Polygon", "coordinates": [ [ [ -70.65052950459912, -34.157850760657574 ], [ -70.651704208910445, -34.159278326704076 ], [ -70.650799908717602, -34.160665474584881 ], [ -70.648720912713202, -34.160625052577274 ], [ -70.647546244884282, -34.159197497759152 ], [ -70.648450536575993, -34.157810353720457 ], [ -70.65052950459912, -34.157850760657574 ] ] ] } },
{ "type": "Feature", "properties": { "h3": "89b2c1c137bffff" }, "geometry": { "type": "Polygon", "coordinates": [ [ [ -70.818759870154125, -34.158193082316146 ], [ -70.819936988045129, -34.159619908463213 ], [ -70.819032534357817, -34.161009128264475 ], [ -70.816950970973494, -34.160971518109896 ], [ -70.815773889267689, -34.159544703054962 ], [ -70.816678334759658, -34.15815548706265 ], [ -70.818759870154125, -34.158193082316146 ] ] ] } },
{ "type": "Feature", "properties": { "h3": "89b2c1c1003ffff" }, "geometry": { "type": "Polygon", "coordinates": [ [ [ -70.810062442683048, -34.13273085706863 ], [ -70.811239314346096, -34.134158178035044 ], [ -70.810334961867696, -34.135547923143641 ], [ -70.808253745934351, -34.135510343464894 ], [ -70.807076910464446, -34.134083033606757 ], [ -70.807981254733349, -34.132693292319303 ], [ -70.810062442683048, -34.13273085706863 ] ] ] } },
{ "type": "Feature", "properties": { "h3": "89b2c1c0027ffff" }, "geometry": { "type": "Polygon", "coordinates": [ [ [ -70.734888280128459, -34.128540114329937 ], [ -70.736064055754966, -34.129967839230851 ], [ -70.735159785211536, -34.13135675980061 ], [ -70.733079747386242, -34.131317951631779 ], [ -70.731904008084726, -34.129890237901428 ], [ -70.732808270282192, -34.12850132116953 ], [ -70.734888280128459, -34.128540114329937 ] ] ] } },
{ "type": "Feature", "properties": { "h3": "89b2c1c0053ffff" }, "geometry": { "type": "Polygon", "coordinates": [ [ [ -70.752794579451262, -34.120436649110985 ], [ -70.7539705729085, -34.121864440994798 ], [ -70.75306631605892, -34.12325378417556 ], [ -70.75098607406359, -34.123215331635024 ], [ -70.749810116897294, -34.121787550910192 ], [ -70.750714365434021, -34.120398211567121 ], [ -70.752794579451262, -34.120436649110985 ] ] ] } },
{ "type": "Feature", "properties": { "h3": "89b2c1c1c67ffff" }, "geometry": { "type": "Polygon", "coordinates": [ [ [ -70.76908381377595, -34.160096939772778 ], [ -70.770260230353557, -34.16152395004395 ], [ -70.769355813023367, -34.162912509213633 ], [ -70.767274987400128, -34.162874054294313 ], [ -70.766098607096339, -34.161447055154724 ], [ -70.767003016140634, -34.160058499803078 ], [ -70.76908381377595, -34.160096939772778 ] ] ] } },
{ "type": "Feature", "properties": { "h3": "89b2c1c0c8bffff" }, "geometry": { "type": "Polygon", "coordinates": [ [ [ -70.701249838412323, -34.134936388044942 ], [ -70.702425162059654, -34.136364144678254 ], [ -70.701520898725761, -34.137752490206253 ], [ -70.699441320150669, -34.137713075259335 ], [ -70.698266032889592, -34.136285329821561 ], [ -70.699170287816003, -34.134896988135367 ], [ -70.701249838412323, -34.134936388044942 ] ] ] } },
{ "type": "Feature", "properties": { "h3": "89b2c1c102fffff" }, "geometry": { "type": "Polygon", "coordinates": [ [ [ -70.804636300476304, -34.141068768104311 ], [ -70.805813134512817, -34.1424959634912 ], [ -70.8049087560522, -34.143885434518353 ], [ -70.802827551773646, -34.14384770633999 ], [ -70.801650753942354, -34.142420522062771 ], [ -70.802555124183058, -34.14103105485443 ], [ -70.804636300476304, -34.141068768104311 ] ] ] } },
{ "type": "Feature", "properties": { "h3": "89b2c1c0913ffff" }, "geometry": { "type": "Polygon", "coordinates": [ [ [ -70.682530381807737, -34.166897192997268 ], [ -70.683705589534696, -34.168324458629051 ], [ -70.682801225891083, -34.169711778112422 ], [ -70.68072166296281, -34.169671828132067 ], [ -70.679546491664581, -34.168244573699447 ], [ -70.680450846864531, -34.166857258048211 ], [ -70.682530381807737, -34.166897192997268 ] ] ] } },
{ "type": "Feature", "properties": { "h3": "89b2c1c1577ffff" }, "geometry": { "type": "Polygon", "coordinates": [ [ [ -70.787803233796836, -34.128109117786771 ], [ -70.78897976509144, -34.129536619249464 ], [ -70.788075448995713, -34.130926204380735 ], [ -70.785994609853745, -34.130888284221967 ], [ -70.784818114790369, -34.129460793887191 ], [ -70.785722422636397, -34.128071212583443 ], [ -70.787803233796836, -34.128109117786771 ] ] ] } },
{ "type": "Feature", "properties": { "h3": "89b2c1c0223ffff" }, "geometry": { "type": "Polygon", "coordinates": [ [ [ -70.76066643815669, -34.137453061675409 ], [ -70.761842625790621, -34.138880514551985 ], [ -70.760938299296967, -34.140269532388508 ], [ -70.758857793467698, -34.140231093519581 ], [ -70.757681642115784, -34.138803651789523 ], [ -70.758585960309759, -34.137414637782065 ], [ -70.76066643815669, -34.137453061675409 ] ] ] } },
{ "type": "Feature", "properties": { "h3": "89b2c1c1e63ffff" }, "geometry": { "type": "Polygon", "coordinates": [ [ [ -70.794872902660757, -34.169002414535512 ], [ -70.796049730910681, -34.170429151891661 ], [ -70.795145258109144, -34.171817808193452 ], [ -70.793063965295872, -34.171779723330069 ], [ -70.79188717327672, -34.170352997081459 ], [ -70.792791637838704, -34.168964344588915 ], [ -70.794872902660757, -34.169002414535512 ] ] ] } },
{ "type": "Feature", "properties": { "h3": "89b2c1c0e87ffff" }, "geometry": { "type": "Polygon", "coordinates": [ [ [ -70.717796966142586, -34.145087022976142 ], [ -70.718972575835991, -34.14651452605154 ], [ -70.718068259937894, -34.147902824160354 ], [ -70.715988342723179, -34.147863615359633 ], [ -70.714812769389837, -34.146436123462728 ], [ -70.715717076909812, -34.145047829188243 ], [ -70.717796966142586, -34.145087022976142 ] ] ] } },
{ "type": "Feature", "properties": { "h3": "89b2c1c0b0fffff" }, "geometry": { "type": "Polygon", "coordinates": [ [ [ -70.705858781676355, -34.182794049269575 ], [ -70.707034400567906, -34.184220928661261 ], [ -70.706129956743965, -34.18560814166819 ], [ -70.704049902429546, -34.185568471462595 ], [ -70.702874319930302, -34.184141603245443 ], [ -70.703778755351834, -34.182754394059543 ], [ -70.705858781676355, -34.182794049269575 ] ] ] } },
{ "type": "Feature", "properties": { "h3": "89b2c1c7323ffff" }, "geometry": { "type": "Polygon", "coordinates": [ [ [ -70.633440967944011, -34.174371554893625 ], [ -70.634615505343888, -34.175798898911076 ], [ -70.633711160605472, -34.17718542417758 ], [ -70.631632286999164, -34.177144601588346 ], [ -70.630457786116679, -34.175717268807169 ], [ -70.631362122321789, -34.174330747379138 ], [ -70.633440967944011, -34.174371554893625 ] ] ] } },
{ "type": "Feature", "properties": { "h3": "89b2c1c03cbffff" }, "geometry": { "type": "Polygon", "coordinates": [ [ [ -70.754425100557739, -34.137337686398347 ], [ -70.755601198248172, -34.138765168607769 ], [ -70.754696877751314, -34.14015411217833 ], [ -70.752616467873679, -34.140115569709344 ], [ -70.751440406476291, -34.138688098651514 ], [ -70.752344718662144, -34.137299158911297 ], [ -70.754425100557739, -34.137337686398347 ] ] ] } },
{ "type": "Feature", "properties": { "h3": "89b2c1ce423ffff" }, "geometry": { "type": "Polygon", "coordinates": [ [ [ -70.722681288028809, -34.195753352800651 ], [ -70.723857210418075, -34.197179926406889 ], [ -70.722952703434345, -34.198567025213769 ], [ -70.72087228243268, -34.198527546602207 ], [ -70.719696396409859, -34.1971009841522 ], [ -70.720600895020894, -34.195713889157716 ], [ -70.722681288028809, -34.195753352800651 ] ] ] } },
{ "type": "Feature", "properties": { "h3": "89b2c1c1083ffff" }, "geometry": { "type": "Polygon", "coordinates": [ [ [ -70.806259509351349, -34.125631370321436 ], [ -70.807436292675476, -34.127058835191747 ], [ -70.806531969608201, -34.128448709688833 ], [ -70.804450871431371, -34.128411115490955 ], [ -70.80327412430502, -34.126983661734549 ], [ -70.80417843915636, -34.125593791062315 ], [ -70.806259509351349, -34.125631370321436 ] ] ] } },
{ "type": "Feature", "properties": { "h3": "89b2c1c13a7ffff" }, "geometry": { "type": "Polygon", "coordinates": [ [ [ -70.79948239439635, -34.152221301345392 ], [ -70.800659208166124, -34.153648319443874 ], [ -70.799754793134696, -34.15503744975301 ], [ -70.797673572562204, -34.154999558148617 ], [ -70.796496795010086, -34.153572551159968 ], [ -70.797401201811454, -34.152183424666077 ], [ -70.79948239439635, -34.152221301345392 ] ] ] } },
{ "type": "Feature", "properties": { "h3": "89b2c1c00a7ffff" }, "geometry": { "type": "Polygon", "coordinates": [ [ [ -70.731089649148444, -34.121439837209962 ], [ -70.732265336346799, -34.122867705692194 ], [ -70.731361095370175, -34.124256755618191 ], [ -70.729281175546177, -34.124217933220613 ], [ -70.728105524677417, -34.122790075914587 ], [ -70.729009757301682, -34.121401029830139 ], [ -70.731089649148444, -34.121439837209962 ] ] ] } },
{ "type": "Feature", "properties": { "h3": "89b2c1c0d0bffff" }, "geometry": { "type": "Polygon", "coordinates": [ [ [ -70.684159991744863, -34.151474575701407 ], [ -70.685335149075812, -34.152902110439761 ], [ -70.684430840711812, -34.154289833464155 ], [ -70.682351383455199, -34.15425001791214 ], [ -70.681176262545549, -34.152822494377219 ], [ -70.682080562469892, -34.151434775191071 ], [ -70.684159991744863, -34.151474575701407 ] ] ] } },
{ "type": "Feature", "properties": { "h3": "89b2c1c5567ffff" }, "geometry": { "type": "Polygon", "coordinates": [ [ [ -70.641840099838461, -34.197001777107765 ], [ -70.643014866490077, -34.19842867944336 ], [ -70.642110430308705, -34.199814745946831 ], [ -70.640031235993987, -34.19977390628744 ], [ -70.63885650585172, -34.198347015173077 ], [ -70.639760933513443, -34.196960952497072 ], [ -70.641840099838461, -34.197001777107765 ] ] ] } },
{ "type": "Feature", "properties": { "h3": "89b2c1c0993ffff" }, "geometry": { "type": "Polygon", "coordinates": [ [ [ -70.678734115690062, -34.15980035407609 ], [ -70.679909234897622, -34.161227763260065 ], [ -70.679004900938878, -34.162615212150854 ], [ -70.676925456221298, -34.162575248022016 ], [ -70.675750373447087, -34.161147850042852 ], [ -70.67665469895573, -34.1597604049879 ], [ -70.678734115690062, -34.15980035407609 ] ] ] } },
{ "type": "Feature", "properties": { "h3": "89b2c1c061bffff" }, "geometry": { "type": "Polygon", "coordinates": [ [ [ -70.767445444600639, -34.110862533337297 ], [ -70.768621602055006, -34.11229043259015 ], [ -70.767717367359253, -34.11368019451676 ], [ -70.765636983493309, -34.113642053352017 ], [ -70.764460862301149, -34.112214165249732 ], [ -70.765365088711334, -34.110824407161836 ], [ -70.767445444600639, -34.110862533337297 ] ] ] } },
{ "type": "Feature", "properties": { "h3": "89b2c1c3237ffff" }, "geometry": { "type": "Polygon", "coordinates": [ [ [ -70.7972930040509, -34.097339080363191 ], [ -70.798469523814632, -34.098767091015219 ], [ -70.797565312587736, -34.100157557185462 ], [ -70.795484589826131, -34.100120008865517 ], [ -70.794308106267763, -34.098692009344717 ], [ -70.795212309264301, -34.097301547012833 ], [ -70.7972930040509, -34.097339080363191 ] ] ] } },
{ "type": "Feature", "properties": { "h3": "89b2c1c02a3ffff" }, "geometry": { "type": "Polygon", "coordinates": [ [ [ -70.756866215061464, -34.130353775004679 ], [ -70.758042314292354, -34.131781371608668 ], [ -70.757138017313949, -34.133170518825885 ], [ -70.755057629409393, -34.13313206560656 ], [ -70.753881566465168, -34.13170448015471 ], [ -70.754785855137442, -34.130315336770231 ], [ -70.756866215061464, -34.130353775004679 ] ] ] } },
{ "type": "Feature", "properties": { "h3": "89b2c1c0b8fffff" }, "geometry": { "type": "Polygon", "coordinates": [ [ [ -70.702060951061725, -34.175698861338269 ], [ -70.703236481450716, -34.177125884451293 ], [ -70.702332067267022, -34.178513226901551 ], [ -70.700252131101806, -34.178473542414253 ], [ -70.699076637109727, -34.177046530481391 ], [ -70.699981042884602, -34.17565919185585 ], [ -70.702060951061725, -34.175698861338269 ] ] ] } },
{ "type": "Feature", "properties": { "h3": "89b2c1c0817ffff" }, "geometry": { "type": "Polygon", "coordinates": [ [ [ -70.700434395583812, -34.158810184877836 ], [ -70.701609821764364, -34.160237517664136 ], [ -70.700705471289197, -34.161625259861125 ], [ -70.698625703042751, -34.161585665439993 ], [ -70.697450313256951, -34.160158343841275 ], [ -70.698354655321495, -34.158770605476327 ], [ -70.700434395583812, -34.158810184877836 ] ] ] } },
{ "type": "Feature", "properties": { "h3": "89b2c1cac23ffff" }, "geometry": { "type": "Polygon", "coordinates": [ [ [ -70.829081968723983, -34.168217710386486 ], [ -70.830259282087709, -34.169644311100107 ], [ -70.829354782647329, -34.171033409057394 ], [ -70.827272978019067, -34.17099590249849 ], [ -70.826095700825178, -34.169569312865065 ], [ -70.827000192088335, -34.168180218710546 ], [ -70.829081968723983, -34.168217710386486 ] ] ] } },
{ "type": "Feature", "properties": { "h3": "89b2c1c5073ffff" }, "geometry": { "type": "Polygon", "coordinates": [ [ [ -70.667333950205787, -34.203115162693472 ], [ -70.668509112922166, -34.204541845040161 ], [ -70.667604630044423, -34.205928075415699 ], [ -70.665524992922741, -34.205887619624654 ], [ -70.664349866672652, -34.204460948476296 ], [ -70.665254341076619, -34.203074721920821 ], [ -70.667333950205787, -34.203115162693472 ] ] ] } },
{ "type": "Feature", "properties": { "h3": "89b2c1c5317ffff" }, "geometry": { "type": "Polygon", "coordinates": [ [ [ -70.662448266155124, -34.217056892405346 ], [ -70.663623425401639, -34.218483345816388 ], [ -70.662718895716182, -34.219869168652416 ], [ -70.660639215266499, -34.21982853426239 ], [ -70.659464092499022, -34.218402092048549 ], [ -70.660368613700868, -34.217016273027745 ], [ -70.662448266155124, -34.217056892405346 ] ] ] } },
{ "type": "Feature", "properties": { "h3": "89b2c1c147bffff" }, "geometry": { "type": "Polygon", "coordinates": [ [ [ -70.814943283747766, -34.118756015403228 ], [ -70.816120158249007, -34.120183565269237 ], [ -70.815215852966048, -34.121573717643656 ], [ -70.813134681380149, -34.121536316326306 ], [ -70.811957843059247, -34.120108777569634 ], [ -70.812862140142542, -34.118718629021174 ], [ -70.814943283747766, -34.118756015403228 ] ] ] } },
{ "type": "Feature", "properties": { "h3": "89b2c1ce4a3ffff" }, "geometry": { "type": "Polygon", "coordinates": [ [ [ -70.718882306571743, -34.18865950186968 ], [ -70.720058140469575, -34.190086219326183 ], [ -70.719153663094204, -34.191473447604885 ], [ -70.717073360198782, -34.191433954611192 ], [ -70.715897562672012, -34.190007248316533 ], [ -70.716802031668223, -34.188620023853929 ], [ -70.718882306571743, -34.18865950186968 ] ] ] } },
{ "type": "Feature", "properties": { "h3": "89b2c1ca8abffff" }, "geometry": { "type": "Polygon", "coordinates": [ [ [ -70.830446106245816, -34.182295019804464 ], [ -70.831623506572086, -34.183721361710198 ], [ -70.830718954122915, -34.185110126475486 ], [ -70.828637009521785, -34.185072545538532 ], [ -70.827459645367057, -34.183646214706812 ], [ -70.828364189640567, -34.182257453738231 ], [ -70.830446106245816, -34.182295019804464 ] ] ] } },
{ "type": "Feature", "properties": { "h3": "89b2c1c1103ffff" }, "geometry": { "type": "Polygon", "coordinates": [ [ [ -70.789164377544807, -34.142193368147851 ], [ -70.7903409957364, -34.143620611315782 ], [ -70.789436626621665, -34.145009863405662 ], [ -70.787355647562151, -34.144971868506389 ], [ -70.78617906560352, -34.143544636460248 ], [ -70.787083426470105, -34.142155388191789 ], [ -70.789164377544807, -34.142193368147851 ] ] ] } },
{ "type": "Feature", "properties": { "h3": "89b2c1c0127ffff" }, "geometry": { "type": "Polygon", "coordinates": [ [ [ -70.71399904430983, -34.137988255578158 ], [ -70.715174565542355, -34.139415902244465 ], [ -70.714270279250599, -34.140804329733498 ], [ -70.712190480109484, -34.140765106718383 ], [ -70.711014995241626, -34.139337471236182 ], [ -70.711919273148837, -34.137949047585174 ], [ -70.71399904430983, -34.137988255578158 ] ] ] } },
{ "type": "Feature", "properties": { "h3": "89b2c1c72cfffff" }, "geometry": { "type": "Polygon", "coordinates": [ [ [ -70.665987487345589, -34.156745256353432 ], [ -70.667162408703561, -34.158172775403528 ], [ -70.666258097958334, -34.15956014232961 ], [ -70.664178874326794, -34.159519986366185 ], [ -70.6630039894237, -34.158092478532332 ], [ -70.663908291695904, -34.156705115445838 ], [ -70.665987487345589, -34.156745256353432 ] ] ] } },
{ "type": "Feature", "properties": { "h3": "89b2c1c0abbffff" }, "geometry": { "type": "Polygon", "coordinates": [ [ [ -70.719967505632866, -34.167610122179433 ], [ -70.7211432542843, -34.169037212332981 ], [ -70.720238853467563, -34.17042497749609 ], [ -70.718158712373764, -34.17038564868124 ], [ -70.716983000085236, -34.168958569696272 ], [ -70.717887392526237, -34.167570808357766 ], [ -70.719967505632866, -34.167610122179433 ] ] ] } },
{ "type": "Feature", "properties": { "h3": "89b2c1ca533ffff" }, "geometry": { "type": "Polygon", "coordinates": [ [ [ -70.84780229212042, -34.136218443903381 ], [ -70.848979719377141, -34.137645536057974 ], [ -70.848075321822705, -34.139035660010634 ], [ -70.845993505151185, -34.138998687996803 ], [ -70.844816114021597, -34.137571606918783 ], [ -70.845720503435047, -34.136181486778241 ], [ -70.84780229212042, -34.136218443903381 ] ] ] } },
{ "type": "Feature", "properties": { "h3": "89b2c1c1d67ffff" }, "geometry": { "type": "Polygon", "coordinates": [ [ [ -70.748188031986317, -34.169545022704114 ], [ -70.7493641945278, -34.170971955013776 ], [ -70.748459761041559, -34.172360021074283 ], [ -70.746379173337033, -34.172321151007083 ], [ -70.745203047109129, -34.17089422984251 ], [ -70.746107472270836, -34.16950616760024 ], [ -70.748188031986317, -34.169545022704114 ] ] ] } },
{ "type": "Feature", "properties": { "h3": "89b2c1c1a97ffff" }, "geometry": { "type": "Polygon", "coordinates": [ [ [ -70.785915809049968, -34.173053772856676 ], [ -70.78709252859052, -34.174480476884433 ], [ -70.786188048703849, -34.175868921861287 ], [ -70.784106857531384, -34.175830659001214 ], [ -70.782930174238686, -34.174403966086736 ], [ -70.783834645869206, -34.173015524919251 ], [ -70.785915809049968, -34.173053772856676 ] ] ] } },
{ "type": "Feature", "properties": { "h3": "89b2c1c568fffff" }, "geometry": { "type": "Polygon", "coordinates": [ [ [ -70.681171425683686, -34.185129821082342 ], [ -70.682346701175362, -34.18655676589367 ], [ -70.68144227162469, -34.187943615145649 ], [ -70.679362575028406, -34.187903515761612 ], [ -70.67818733597332, -34.186476582143932 ], [ -70.679091757076577, -34.185089736716819 ], [ -70.681171425683686, -34.185129821082342 ] ] ] } },
{ "type": "Feature", "properties": { "h3": "89b2c1c0d8bffff" }, "geometry": { "type": "Polygon", "coordinates": [ [ [ -70.680363871903282, -34.144376256997909 ], [ -70.681538940727904, -34.145803935221934 ], [ -70.680634662041683, -34.147191787626817 ], [ -70.678555322975541, -34.147151957965924 ], [ -70.677380290576806, -34.145724290950945 ], [ -70.678284560816948, -34.144336442388003 ], [ -70.680363871903282, -34.144376256997909 ] ] ] } },
{ "type": "Feature", "properties": { "h3": "89b2c1c0a13ffff" }, "geometry": { "type": "Polygon", "coordinates": [ [ [ -70.726208037384794, -34.167727856500129 ], [ -70.7273838761175, -34.169154917347633 ], [ -70.72647946918174, -34.170542756783568 ], [ -70.724399231876276, -34.17050353154891 ], [ -70.723223429495491, -34.16907648186492 ], [ -70.724127828066884, -34.16768864625228 ], [ -70.726208037384794, -34.167727856500129 ] ] ] } },
{ "type": "Feature", "properties": { "h3": "89b2c1c7227ffff" }, "geometry": { "type": "Polygon", "coordinates": [ [ [ -70.651340737155707, -34.166294547947714 ], [ -70.652515493541301, -34.167721959342174 ], [ -70.651611161475813, -34.169108907370585 ], [ -70.649532081523674, -34.169068440166313 ], [ -70.648357361621592, -34.167641039996532 ], [ -70.649261685186801, -34.166254095806551 ], [ -70.651340737155707, -34.166294547947714 ] ] ] } },
{ "type": "Feature", "properties": { "h3": "89b2c1c1677ffff" }, "geometry": { "type": "Polygon", "coordinates": [ [ [ -70.831507631988529, -34.128897143563222 ], [ -70.832684791615634, -34.130324438850522 ], [ -70.831780434824452, -34.131714543729991 ], [ -70.829698926575048, -34.131677349503931 ], [ -70.828521803101907, -34.130250065308964 ], [ -70.82942615172287, -34.128859964247916 ], [ -70.831507631988529, -34.128897143563222 ] ] ] } },
{ "type": "Feature", "properties": { "h3": "89b2c1c0323ffff" }, "geometry": { "type": "Polygon", "coordinates": [ [ [ -70.739773531624266, -34.146904468257055 ], [ -70.74094946516469, -34.148331843067425 ], [ -70.740045122617289, -34.149720367829943 ], [ -70.737964854866419, -34.14968151395297 ], [ -70.736788957647789, -34.148254150302598 ], [ -70.737693291856871, -34.14686562936938 ], [ -70.739773531624266, -34.146904468257055 ] ] ] } },
{ "type": "Feature", "properties": { "h3": "89b2c1c0c0fffff" }, "geometry": { "type": "Polygon", "coordinates": [ [ [ -70.70206303959786, -34.143384340010634 ], [ -70.703238415337722, -34.144811941928971 ], [ -70.702334120157005, -34.146200087641056 ], [ -70.700254457641677, -34.146160627596899 ], [ -70.699079118289148, -34.144733036870413 ], [ -70.699983405063278, -34.14334489499646 ], [ -70.70206303959786, -34.143384340010634 ] ] ] } },
{ "type": "Feature", "properties": { "h3": "89b2c1c0e33ffff" }, "geometry": { "type": "Polygon", "coordinates": [ [ [ -70.718610867791, -34.153534071888636 ], [ -70.719786529590323, -34.154961420151309 ], [ -70.718882181849295, -34.156349518420036 ], [ -70.716802180684851, -34.156310264595604 ], [ -70.715626555246672, -34.154882927507714 ], [ -70.716530894610457, -34.153494833069665 ], [ -70.718610867791, -34.153534071888636 ] ] ] } },
{ "type": "Feature", "properties": { "h3": "89b2c1c546bffff" }, "geometry": { "type": "Polygon", "coordinates": [ [ [ -70.668964574739334, -34.187702501306397 ], [ -70.67013968708558, -34.189129452941046 ], [ -70.66923525948809, -34.190516086986541 ], [ -70.667155728012773, -34.190475765571463 ], [ -70.665980652125384, -34.189048825139423 ], [ -70.66688507125312, -34.187662194920051 ], [ -70.668964574739334, -34.187702501306397 ] ] ] } },
{ "type": "Feature", "properties": { "h3": "89b2c1c1873ffff" }, "geometry": { "type": "Polygon", "coordinates": [ [ [ -70.773701380723296, -34.175638826048718 ], [ -70.774877937855706, -34.177065537316032 ], [ -70.773973459201741, -34.178453767151588 ], [ -70.77189243169255, -34.178415281909366 ], [ -70.770715910830376, -34.176988581764313 ], [ -70.771620381205807, -34.175600355739455 ], [ -70.773701380723296, -34.175638826048718 ] ] ] } },
{ "type": "Feature", "properties": { "h3": "89b2c1c1e0fffff" }, "geometry": { "type": "Polygon", "coordinates": [ [ [ -70.791342559910149, -34.16472201783877 ], [ -70.792519317160227, -34.166148847506363 ], [ -70.79161486320433, -34.167537566628624 ], [ -70.789533660242697, -34.167499452271777 ], [ -70.788356939228393, -34.166072633716091 ], [ -70.789261384938584, -34.164683918405551 ], [ -70.791342559910149, -34.16472201783877 ] ] ] } },
{ "type": "Feature", "properties": { "h3": "89b2c1c0897ffff" }, "geometry": { "type": "Polygon", "coordinates": [ [ [ -70.696637242435557, -34.151712654546841 ], [ -70.697812580124264, -34.153140130919148 ], [ -70.696908259294815, -34.154528002515093 ], [ -70.694828609192342, -34.154488393903193 ], [ -70.693653307903048, -34.153060928724102 ], [ -70.69455762031545, -34.151673060963887 ], [ -70.696637242435557, -34.151712654546841 ] ] ] } },
{ "type": "Feature", "properties": { "h3": "89b2c1caca3ffff" }, "geometry": { "type": "Polygon", "coordinates": [ [ [ -70.825277415571932, -34.161121751143362 ], [ -70.826454640594719, -34.162548496005222 ], [ -70.825550170534257, -34.163937723420553 ], [ -70.823468483633292, -34.163900202167802 ], [ -70.822291294784989, -34.162473468391759 ], [ -70.823195756661789, -34.161084244782842 ], [ -70.825277415571932, -34.161121751143362 ] ] ] } },
{ "type": "Feature", "properties": { "h3": "89b2c1d892fffff" }, "geometry": { "type": "Polygon", "coordinates": [ [ [ -70.823627115841518, -34.111878885390055 ], [ -70.824804081467008, -34.11330652023733 ], [ -70.82389979401016, -34.114696950475519 ], [ -70.821818549109892, -34.114659742039599 ], [ -70.820641619647347, -34.113232118297084 ], [ -70.82154589892076, -34.111841691885921 ], [ -70.823627115841518, -34.111878885390055 ] ] ] } },
{ "type": "Feature", "properties": { "h3": "89b2c1ce523ffff" }, "geometry": { "type": "Polygon", "coordinates": [ [ [ -70.701787716867386, -34.205184047386723 ], [ -70.702963384572442, -34.20661054285906 ], [ -70.702058861975857, -34.207997148448769 ], [ -70.6999786800842, -34.207957254753751 ], [ -70.69880304878528, -34.206530770451081 ], [ -70.699707562970531, -34.205144168673954 ], [ -70.701787716867386, -34.205184047386723 ] ] ] } },
{ "type": "Feature", "properties": { "h3": "89b2c1c01cfffff" }, "geometry": { "type": "Polygon", "coordinates": [ [ [ -70.728648346701291, -34.128423631330719 ], [ -70.729824032304322, -34.12985138547571 ], [ -70.728919767847586, -34.131240231769752 ], [ -70.726839826143731, -34.131201320079875 ], [ -70.725664176876663, -34.129773577110576 ], [ -70.726568432976123, -34.128384734655654 ], [ -70.728648346701291, -34.128423631330719 ] ] ] } },
{ "type": "Feature", "properties": { "h3": "89b2c1c1183ffff" }, "geometry": { "type": "Polygon", "coordinates": [ [ [ -70.78536247479191, -34.135094685703919 ], [ -70.786539004612038, -34.136522072736447 ], [ -70.785634664954287, -34.137911454224884 ], [ -70.783553803729689, -34.137873444855877 ], [ -70.782377310147169, -34.13644606895074 ], [ -70.783281641550289, -34.135056691287424 ], [ -70.78536247479191, -34.135094685703919 ] ] ] } },
{ "type": "Feature", "properties": { "h3": "89b2c1c01a7ffff" }, "geometry": { "type": "Polygon", "coordinates": [ [ [ -70.710201446710002, -34.130888784568171 ], [ -70.711376879482145, -34.132316574776446 ], [ -70.710472622802882, -34.133705131631757 ], [ -70.708392941741067, -34.133665894437236 ], [ -70.707217545338196, -34.132238115418687 ], [ -70.708121793626518, -34.130849562405118 ], [ -70.710201446710002, -34.130888784568171 ] ] ] } },
{ "type": "Feature", "properties": { "h3": "89b2c1c11abffff" }, "geometry": { "type": "Polygon", "coordinates": [ [ [ -70.782921620070539, -34.142079324605788 ], [ -70.784098148410905, -34.143506597193529 ], [ -70.783193785193276, -34.144895775027607 ], [ -70.781112901893451, -34.144857676451416 ], [ -70.779936409797074, -34.143430414990554 ], [ -70.780840764755197, -34.142041240979196 ], [ -70.782921620070539, -34.142079324605788 ] ] ] } },
{ "type": "Feature", "properties": { "h3": "89b2c1ca5b3ffff" }, "geometry": { "type": "Polygon", "coordinates": [ [ [ -70.843997181420946, -34.129119493126893 ], [ -70.84517452038294, -34.130546729353725 ], [ -70.844270152161641, -34.131936982713462 ], [ -70.84218845312445, -34.131899996030768 ], [ -70.841011150294278, -34.130472770886115 ], [ -70.841915510368125, -34.129082521342177 ], [ -70.843997181420946, -34.129119493126893 ] ] ] } },
{ "type": "Feature", "properties": { "h3": "89b2c1c0e0bffff" }, "geometry": { "type": "Polygon", "coordinates": [ [ [ -70.727835426498615, -34.152302418106451 ], [ -70.7290112147179, -34.153729748265135 ], [ -70.728106863107087, -34.1551179912544 ], [ -70.726026731636082, -34.155078900255809 ], [ -70.724850979761271, -34.153651581264874 ], [ -70.725755323011683, -34.152263342104995 ], [ -70.727835426498615, -34.152302418106451 ] ] ] } },
{ "type": "Feature", "properties": { "h3": "89b2c1c2a4bffff" }, "geometry": { "type": "Polygon", "coordinates": [ [ [ -70.712642970885142, -34.123906112148433 ], [ -70.713818405291931, -34.12533401667563 ], [ -70.712914172066974, -34.126722777166904 ], [ -70.710834512819943, -34.126683629287029 ], [ -70.709659114776045, -34.125255735950084 ], [ -70.710563339614922, -34.123866979302974 ], [ -70.712642970885142, -34.123906112148433 ] ] ] } },
{ "type": "Feature", "properties": { "h3": "89b2c1c5667ffff" }, "geometry": { "type": "Polygon", "coordinates": [ [ [ -70.685510037695082, -34.197851126247805 ], [ -70.686685436459598, -34.199277824106389 ], [ -70.685780955977819, -34.200664410620881 ], [ -70.683701085170568, -34.200624295458255 ], [ -70.682525722838747, -34.199197608785184 ], [ -70.683430194880117, -34.19781102608944 ], [ -70.685510037695082, -34.197851126247805 ] ] ] } },
{ "type": "Feature", "properties": { "h3": "89b2c1c0a93ffff" }, "geometry": { "type": "Polygon", "coordinates": [ [ [ -70.722409290453271, -34.160631316304261 ], [ -70.723585040719058, -34.162058520883789 ], [ -70.72268066337756, -34.163446489743066 ], [ -70.720600544139742, -34.16340725019603 ], [ -70.719424830230523, -34.161980056785637 ], [ -70.720329199201203, -34.160592091753351 ], [ -70.722409290453271, -34.160631316304261 ] ] ] } },
{ "type": "Feature", "properties": { "h3": "89b2c1c72a7ffff" }, "geometry": { "type": "Polygon", "coordinates": [ [ [ -70.647546244884282, -34.159197497759152 ], [ -70.648720912713202, -34.160625052577274 ], [ -70.6478166103972, -34.162012130001671 ], [ -70.645737648757589, -34.161971648766034 ], [ -70.644563017416729, -34.160544105178232 ], [ -70.645467311226071, -34.159157031595953 ], [ -70.647546244884282, -34.159197497759152 ] ] ] } },
{ "type": "Feature", "properties": { "h3": "89b2c1c03a3ffff" }, "geometry": { "type": "Polygon", "coordinates": [ [ [ -70.735974341012991, -34.139805987015933 ], [ -70.737150186118043, -34.141233505514371 ], [ -70.736245873131693, -34.142622159667575 ], [ -70.734165723383654, -34.142583291489565 ], [ -70.732989914605014, -34.141155784156773 ], [ -70.733894219246636, -34.139767133836521 ], [ -70.735974341012991, -34.139805987015933 ] ] ] } },
{ "type": "Feature", "properties": { "h3": "89b2c1c0547ffff" }, "geometry": { "type": "Polygon", "coordinates": [ [ [ -70.727291342309954, -34.114338856540641 ], [ -70.72846694108064, -34.115766868555149 ], [ -70.72756272967699, -34.117156047823407 ], [ -70.725482927860043, -34.117117211232092 ], [ -70.72430736542357, -34.115689210399374 ], [ -70.725211568468438, -34.114300034976381 ], [ -70.727291342309954, -34.114338856540641 ] ] ] } },
{ "type": "Feature", "properties": { "h3": "89b2c1ce54bffff" }, "geometry": { "type": "Polygon", "coordinates": [ [ [ -70.720239156754715, -34.202728047426682 ], [ -70.72141507752977, -34.204154506517163 ], [ -70.720510547063682, -34.205541401570919 ], [ -70.718430104198802, -34.205501833724327 ], [ -70.717254219796573, -34.204075385789487 ], [ -70.718158741885034, -34.202688494545782 ], [ -70.720239156754715, -34.202728047426682 ] ] ] } },
{ "type": "Feature", "properties": { "h3": "89b2c1c1007ffff" }, "geometry": { "type": "Polygon", "coordinates": [ [ [ -70.807076910464446, -34.134083033606757 ], [ -70.808253745934351, -34.135510343464894 ], [ -70.807349391064307, -34.13690001814458 ], [ -70.80526820893796, -34.136862379145143 ], [ -70.804091409666881, -34.135435080397237 ], [ -70.804995756321929, -34.134045409538736 ], [ -70.807076910464446, -34.134083033606757 ] ] ] } },
{ "type": "Feature", "properties": { "h3": "89b2c1c1523ffff" }, "geometry": { "type": "Polygon", "coordinates": [ [ [ -70.781560896063738, -34.12799529853487 ], [ -70.782737337512827, -34.129422829383074 ], [ -70.781833027318314, -34.130812340256114 ], [ -70.779752283934386, -34.130774316452339 ], [ -70.778575878727551, -34.12934679673716 ], [ -70.779480180661025, -34.127957289692922 ], [ -70.781560896063738, -34.12799529853487 ] ] ] } },
{ "type": "Feature", "properties": { "h3": "89b2c1c002bffff" }, "geometry": { "type": "Polygon", "coordinates": [ [ [ -70.741128501833657, -34.128656286755131 ], [ -70.742304367462751, -34.13008398239495 ], [ -70.741400090854526, -34.131472977238353 ], [ -70.739319956950439, -34.131434272605546 ], [ -70.738144127635323, -34.130006588131224 ], [ -70.739048395908938, -34.128617597124396 ], [ -70.741128501833657, -34.128656286755131 ] ] ] } },
{ "type": "Feature", "properties": { "h3": "89b2c1c1c6bffff" }, "geometry": { "type": "Polygon", "coordinates": [ [ [ -70.775326398428319, -34.160212052336007 ], [ -70.776502904916867, -34.161639033185374 ], [ -70.775598481640188, -34.16302766661294 ], [ -70.77351756014815, -34.162989315374602 ], [ -70.772341089922421, -34.161562345651731 ], [ -70.773245504924546, -34.160173716040909 ], [ -70.775326398428319, -34.160212052336007 ] ] ] } },
{ "type": "Feature", "properties": { "h3": "89b2c1c0c8fffff" }, "geometry": { "type": "Polygon", "coordinates": [ [ [ -70.698266032889592, -34.136285329821561 ], [ -70.699441320150669, -34.137713075259335 ], [ -70.698537054608565, -34.139101350343402 ], [ -70.696457510217058, -34.139061876148062 ], [ -70.695282259347891, -34.137634141907746 ], [ -70.696186516476985, -34.136245870665519 ], [ -70.698266032889592, -34.136285329821561 ] ] ] } },
{ "type": "Feature", "properties": { "h3": "89b2c1c0917ffff" }, "geometry": { "type": "Polygon", "coordinates": [ [ [ -70.679546491664581, -34.168244573699447 ], [ -70.68072166296281, -34.169671828132067 ], [ -70.67981729714198, -34.171059077160614 ], [ -70.677737768470735, -34.171019067924576 ], [ -70.676562633606935, -34.16959182469305 ], [ -70.677466990978587, -34.168204579496681 ], [ -70.679546491664581, -34.168244573699447 ] ] ] } },
{ "type": "Feature", "properties": { "h3": "89b2c1cad23ffff" }, "geometry": { "type": "Polygon", "coordinates": [ [ [ -70.808178751958138, -34.177676202158565 ], [ -70.809355812013422, -34.179102725270468 ], [ -70.808451295707215, -34.180491330159079 ], [ -70.806369727560295, -34.180453408132941 ], [ -70.805192703714738, -34.179026896114692 ], [ -70.806097211805024, -34.177638295029126 ], [ -70.808178751958138, -34.177676202158565 ] ] ] } },
{ "type": "Feature", "properties": { "h3": "89b2c1c157bffff" }, "geometry": { "type": "Polygon", "coordinates": [ [ [ -70.794045858717567, -34.128222626092899 ], [ -70.795222479836752, -34.129650098153057 ], [ -70.794318157861724, -34.131039757540421 ], [ -70.792237223004477, -34.13100194104161 ], [ -70.791060638105478, -34.129574480104289 ], [ -70.791964951842175, -34.128184824543133 ], [ -70.794045858717567, -34.128222626092899 ] ] ] } },
{ "type": "Feature", "properties": { "h3": "89b2c1ce5a3ffff" }, "geometry": { "type": "Polygon", "coordinates": [ [ [ -70.697989769816019, -34.198091002300046 ], [ -70.699165348997397, -34.1995176415831 ], [ -70.698260856054929, -34.200904376654329 ], [ -70.696180792347462, -34.200864468626477 ], [ -70.695005249576823, -34.19943784051874 ], [ -70.695909734101562, -34.198051109263751 ], [ -70.697989769816019, -34.198091002300046 ] ] ] } },
{ "type": "Feature", "properties": { "h3": "89b2c1d89afffff" }, "geometry": { "type": "Polygon", "coordinates": [ [ [ -70.819823741577636, -34.104777458123678 ], [ -70.821000618895937, -34.106205236830611 ], [ -70.820096360816933, -34.107595796424263 ], [ -70.818015233608108, -34.107558573480468 ], [ -70.816838392457413, -34.106130805883922 ], [ -70.817742642346559, -34.10474025012099 ], [ -70.819823741577636, -34.104777458123678 ] ] ] } },
{ "type": "Feature", "properties": { "h3": "89b2c1c1203ffff" }, "geometry": { "type": "Polygon", "coordinates": [ [ [ -70.832871714059124, -34.142982961275003 ], [ -70.834048960623107, -34.144409998027506 ], [ -70.833144550841737, -34.145799769848956 ], [ -70.83106290266366, -34.145762501105771 ], [ -70.82988569225536, -34.144335475439469 ], [ -70.830790093868103, -34.142945707430364 ], [ -70.832871714059124, -34.142982961275003 ] ] ] } },
{ "type": "Feature", "properties": { "h3": "89b2c1c0227ffff" }, "geometry": { "type": "Polygon", "coordinates": [ [ [ -70.757681642115784, -34.138803651789523 ], [ -70.758857793467698, -34.140231093519581 ], [ -70.757953464665619, -34.141620040919229 ], [ -70.755872992815469, -34.14158154275993 ], [ -70.754696877751314, -34.14015411217833 ], [ -70.755601198248172, -34.138765168607769 ], [ -70.757681642115784, -34.138803651789523 ] ] ] } },
{ "type": "Feature", "properties": { "h3": "89b2c1c189bffff" }, "geometry": { "type": "Polygon", "coordinates": [ [ [ -70.769355813023367, -34.162912509213633 ], [ -70.770532246980608, -34.164339467808091 ], [ -70.769627819041787, -34.16572796035269 ], [ -70.767546965429958, -34.165689490486237 ], [ -70.76637056774689, -34.164262543022112 ], [ -70.767274987400128, -34.162874054294313 ], [ -70.769355813023367, -34.162912509213633 ] ] ] } },
{ "type": "Feature", "properties": { "h3": "89b2c1c5493ffff" }, "geometry": { "type": "Polygon", "coordinates": [ [ [ -70.657848594702372, -34.169230102157528 ], [ -70.659023458757844, -34.170657432867237 ], [ -70.658119109709276, -34.172044388568779 ], [ -70.656039905092527, -34.172004009724851 ], [ -70.654865077509953, -34.17057669023346 ], [ -70.655769418069895, -34.169189738367869 ], [ -70.657848594702372, -34.169230102157528 ] ] ] } },
{ "type": "Feature", "properties": { "h3": "89b2c1c1e67ffff" }, "geometry": { "type": "Polygon", "coordinates": [ [ [ -70.79188717327672, -34.170352997081459 ], [ -70.793063965295872, -34.171779723330069 ], [ -70.792159490127617, -34.173168309190984 ], [ -70.790078231183927, -34.173130164994213 ], [ -70.788901475401232, -34.171703449855045 ], [ -70.789805942324392, -34.170314867803427 ], [ -70.79188717327672, -34.170352997081459 ] ] ] } },
{ "type": "Feature", "properties": { "h3": "89b2c1c0e8bffff" }, "geometry": { "type": "Polygon", "coordinates": [ [ [ -70.724036826267451, -34.145204397297356 ], [ -70.725212526032877, -34.146631871121599 ], [ -70.724308204009262, -34.148020243507254 ], [ -70.722228190585682, -34.147981138235842 ], [ -70.721052527169334, -34.146553675584968 ], [ -70.721956840826138, -34.145165307032372 ], [ -70.724036826267451, -34.145204397297356 ] ] ] } },
{ "type": "Feature", "properties": { "h3": "89b2c1c0b13ffff" }, "geometry": { "type": "Polygon", "coordinates": [ [ [ -70.705316451797373, -34.177165509662828 ], [ -70.706492035947591, -34.178592492325294 ], [ -70.705587613360905, -34.179979838599031 ], [ -70.703507615025643, -34.179940198387015 ], [ -70.702332067267022, -34.178513226901551 ], [ -70.703236481450716, -34.177125884451293 ], [ -70.705316451797373, -34.177165509662828 ] ] ] } },
{ "type": "Feature", "properties": { "h3": "89b2c1c7327ffff" }, "geometry": { "type": "Polygon", "coordinates": [ [ [ -70.630457786116679, -34.175717268807169 ], [ -70.631632286999164, -34.177144601588346 ], [ -70.630727940166096, -34.178531056392039 ], [ -70.628649100988014, -34.178490174576254 ], [ -70.627474636628577, -34.177062853033263 ], [ -70.628378974922825, -34.175676402068071 ], [ -70.630457786116679, -34.175717268807169 ] ] ] } },
{ "type": "Feature", "properties": { "h3": "89b2c1ce427ffff" }, "geometry": { "type": "Polygon", "coordinates": [ [ [ -70.719696396409859, -34.1971009841522 ], [ -70.72087228243268, -34.198527546602207 ], [ -70.719967773203521, -34.199914574951691 ], [ -70.717887386328385, -34.1998750370389 ], [ -70.716711536677664, -34.198448485747022 ], [ -70.717616037528614, -34.197061461209977 ], [ -70.719696396409859, -34.1971009841522 ] ] ] } },
{ "type": "Feature", "properties": { "h3": "89b2c1c0423ffff" }, "geometry": { "type": "Polygon", "coordinates": [ [ [ -70.735971967500944, -34.107469462575118 ], [ -70.737147657874047, -34.10889755968779 ], [ -70.736243463864028, -34.110287016843102 ], [ -70.734163587822096, -34.110248373039525 ], [ -70.732987933765827, -34.108820287104081 ], [ -70.733892119433293, -34.107430833795178 ], [ -70.735971967500944, -34.107469462575118 ] ] ] } },
{ "type": "Feature", "properties": { "h3": "89b2c1c0c37ffff" }, "geometry": { "type": "Polygon", "coordinates": [ [ [ -70.69284041360477, -34.144614420604654 ], [ -70.694015662802116, -34.146042040514047 ], [ -70.693111371624568, -34.147430041495035 ], [ -70.691031839671794, -34.147390418727404 ], [ -70.689856626878424, -34.145962810016862 ], [ -70.690760909632516, -34.144574812875305 ], [ -70.69284041360477, -34.144614420604654 ] ] ] } },
{ "type": "Feature", "properties": { "h3": "89b2c1c1087ffff" }, "geometry": { "type": "Polygon", "coordinates": [ [ [ -70.80327412430502, -34.126983661734549 ], [ -70.804450871431371, -34.128411115490955 ], [ -70.803546545978989, -34.129800919560573 ], [ -70.801465481620369, -34.129763266049082 ], [ -70.800288770697506, -34.128335823408499 ], [ -70.801193087928411, -34.126946023163761 ], [ -70.80327412430502, -34.126983661734549 ] ] ] } },
{ "type": "Feature", "properties": { "h3": "89b2c1c00abffff" }, "geometry": { "type": "Polygon", "coordinates": [ [ [ -70.737329516896011, -34.121556052340345 ], [ -70.738505294104527, -34.122983891587154 ], [ -70.73760104705012, -34.124373015789061 ], [ -70.735521031126865, -34.124334296904095 ], [ -70.734345290236973, -34.122906468828376 ], [ -70.735249528950348, -34.121517348466732 ], [ -70.737329516896011, -34.121556052340345 ] ] ] } },
{ "type": "Feature", "properties": { "h3": "89b2c1c1c13ffff" }, "geometry": { "type": "Polygon", "coordinates": [ [ [ -70.767995884491569, -34.148833479117975 ], [ -70.769172231555075, -34.150260696052079 ], [ -70.76826785665736, -34.151649521702687 ], [ -70.766187142981892, -34.151611126596485 ], [ -70.765010832190796, -34.150183920798902 ], [ -70.765915198801409, -34.148795098971178 ], [ -70.767995884491569, -34.148833479117975 ] ] ] } },
{ "type": "Feature", "properties": { "h3": "89b2c1c0d0fffff" }, "geometry": { "type": "Polygon", "coordinates": [ [ [ -70.681176262545549, -34.152822494377219 ], [ -70.682351383455199, -34.15425001791214 ], [ -70.68144707291151, -34.155637670486001 ], [ -70.679367649901977, -34.155597795686866 ], [ -70.678192565419295, -34.154170283357281 ], [ -70.679096867517828, -34.152782634621694 ], [ -70.681176262545549, -34.152822494377219 ] ] ] } },
{ "type": "Feature", "properties": { "h3": "89b2c1c556bffff" }, "geometry": { "type": "Polygon", "coordinates": [ [ [ -70.648077792361079, -34.197124044047385 ], [ -70.649252649376734, -34.198550917223187 ], [ -70.648348206801245, -34.199937058019856 ], [ -70.646268915717059, -34.19989632181472 ], [ -70.645094095199795, -34.198469459855055 ], [ -70.645998529266976, -34.197083322884602 ], [ -70.648077792361079, -34.197124044047385 ] ] ] } },
{ "type": "Feature", "properties": { "h3": "89b2c1c1973ffff" }, "geometry": { "type": "Polygon", "coordinates": [ [ [ -70.752803756025827, -34.185084390968953 ], [ -70.753980059147182, -34.186511024340135 ], [ -70.753075564280579, -34.187898761041524 ], [ -70.750994774608486, -34.187859860560991 ], [ -70.749818507797144, -34.186433238325534 ], [ -70.750722994346546, -34.18504550543507 ], [ -70.752803756025827, -34.185084390968953 ] ] ] } },
{ "type": "Feature", "properties": { "h3": "89b2c1cada3ffff" }, "geometry": { "type": "Polygon", "coordinates": [ [ [ -70.804375228962584, -34.170581046481971 ], [ -70.805552200644286, -34.172007713702712 ], [ -70.804647713763899, -34.173396448059314 ], [ -70.802566263422818, -34.173358511388642 ], [ -70.801389327955505, -34.171931855267175 ], [ -70.802293806613505, -34.170543124717284 ], [ -70.804375228962584, -34.170581046481971 ] ] ] } },
{ "type": "Feature", "properties": { "h3": "89b2c1c0997ffff" }, "geometry": { "type": "Polygon", "coordinates": [ [ [ -70.675750373447087, -34.161147850042852 ], [ -70.676925456221298, -34.162575248022016 ], [ -70.67602112009186, -34.163962626459373 ], [ -70.673941709642435, -34.163922603081907 ], [ -70.6727666633072, -34.162495216309487 ], [ -70.673670990981037, -34.161107841707974 ], [ -70.675750373447087, -34.161147850042852 ] ] ] } },
{ "type": "Feature", "properties": { "h3": "89b2c1c323bffff" }, "geometry": { "type": "Polygon", "coordinates": [ [ [ -70.803535279671848, -34.097451473191335 ], [ -70.804711889205777, -34.098879454482251 ], [ -70.803807672134312, -34.100269994909581 ], [ -70.801726853746587, -34.100232550209164 ], [ -70.800550280406995, -34.098804580044394 ], [ -70.801454489259442, -34.097414043454116 ], [ -70.803535279671848, -34.097451473191335 ] ] ] } },
{ "type": "Feature", "properties": { "h3": "89b2c1c1283ffff" }, "geometry": { "type": "Polygon", "coordinates": [ [ [ -70.829067338398346, -34.135884584302694 ], [ -70.830244496644212, -34.13731176509939 ], [ -70.829340116228792, -34.138701666335152 ], [ -70.827258585741234, -34.138664382958368 ], [ -70.826081463655683, -34.137237213253485 ], [ -70.826985835896025, -34.13584731583375 ], [ -70.829067338398346, -34.135884584302694 ] ] ] } },
{ "type": "Feature", "properties": { "h3": "89b2c1c02a7ffff" }, "geometry": { "type": "Polygon", "coordinates": [ [ [ -70.753881566465168, -34.13170448015471 ], [ -70.755057629409393, -34.13313206560656 ], [ -70.754153330129114, -34.134521142388351 ], [ -70.752072976214876, -34.134482629885703 ], [ -70.750896949562986, -34.133055055587931 ], [ -70.751801240531634, -34.131665982638914 ], [ -70.753881566465168, -34.13170448015471 ] ] ] } },
{ "type": "Feature", "properties": { "h3": "89b2c1c0b93ffff" }, "geometry": { "type": "Polygon", "coordinates": [ [ [ -70.701518738902664, -34.170069775460576 ], [ -70.702694234553704, -34.171496901815594 ], [ -70.70178984160701, -34.172884377522507 ], [ -70.699709961417341, -34.172844723047426 ], [ -70.698534502162502, -34.171417607875064 ], [ -70.699438886699767, -34.170030135995312 ], [ -70.701518738902664, -34.170069775460576 ] ] ] } },
{ "type": "Feature", "properties": { "h3": "89b2c1c081bffff" }, "geometry": { "type": "Polygon", "coordinates": [ [ [ -70.70667380905661, -34.158928716066377 ], [ -70.707849325377396, -34.160356019618369 ], [ -70.706944968715206, -34.161743836095823 ], [ -70.704865104130178, -34.161704345190714 ], [ -70.703689624193188, -34.160277052821229 ], [ -70.704593972456095, -34.158889240174531 ], [ -70.70667380905661, -34.158928716066377 ] ] ] } },
{ "type": "Feature", "properties": { "h3": "89b2c1cac27ffff" }, "geometry": { "type": "Polygon", "coordinates": [ [ [ -70.826095700825178, -34.169569312865065 ], [ -70.827272978019067, -34.17099590249849 ], [ -70.826368476154258, -34.172384930019717 ], [ -70.824286705276904, -34.172347364104922 ], [ -70.823109464258508, -34.170920785553612 ], [ -70.824013957940608, -34.169531761835174 ], [ -70.826095700825178, -34.169569312865065 ] ] ] } },
{ "type": "Feature", "properties": { "h3": "89b2c1c5077ffff" }, "geometry": { "type": "Polygon", "coordinates": [ [ [ -70.664349866672652, -34.204460948476296 ], [ -70.665524992922741, -34.205887619624654 ], [ -70.664620507892749, -34.207273779533999 ], [ -70.662540905090594, -34.207233264475093 ], [ -70.66136581531245, -34.205806604526998 ], [ -70.662270291863166, -34.20442044843773 ], [ -70.664349866672652, -34.204460948476296 ] ] ] } },
{ "type": "Feature", "properties": { "h3": "89b2c1ce4a7ffff" }, "geometry": { "type": "Polygon", "coordinates": [ [ [ -70.715897562672012, -34.190007248316533 ], [ -70.717073360198782, -34.191433954611192 ], [ -70.716168880584519, -34.192821112433869 ], [ -70.714088611826767, -34.192781560145974 ], [ -70.712912850676716, -34.191354865015107 ], [ -70.713817321906319, -34.189967711008528 ], [ -70.715897562672012, -34.190007248316533 ] ] ] } },
{ "type": "Feature", "properties": { "h3": "89b2c1ca8afffff" }, "geometry": { "type": "Polygon", "coordinates": [ [ [ -70.827459645367057, -34.183646214706812 ], [ -70.828637009521785, -34.185072545538532 ], [ -70.827732454645599, -34.186461239864123 ], [ -70.825650543794509, -34.186423599561415 ], [ -70.824473215817036, -34.184997279805643 ], [ -70.825377762512048, -34.183608589276801 ], [ -70.827459645367057, -34.183646214706812 ] ] ] } },
{ "type": "Feature", "properties": { "h3": "89b2c1c1107ffff" }, "geometry": { "type": "Polygon", "coordinates": [ [ [ -70.78617906560352, -34.143544636460248 ], [ -70.787355647562151, -34.144971868506389 ], [ -70.786451276090844, -34.146361050161936 ], [ -70.784370330913248, -34.146322995950051 ], [ -70.783193785193276, -34.144895775027607 ], [ -70.784098148410905, -34.143506597193529 ], [ -70.78617906560352, -34.143544636460248 ] ] ] } },
{ "type": "Feature", "properties": { "h3": "89b2c1c034bffff" }, "geometry": { "type": "Polygon", "coordinates": [ [ [ -70.758225293981695, -34.144436311805727 ], [ -70.75940148008317, -34.145863650264481 ], [ -70.758497130064285, -34.147252464442658 ], [ -70.756416602247157, -34.147213936335646 ], [ -70.755240452434109, -34.145786609022878 ], [ -70.756144794148412, -34.144397798671349 ], [ -70.758225293981695, -34.144436311805727 ] ] ] } },
{ "type": "Feature", "properties": { "h3": "89b2c1c012bffff" }, "geometry": { "type": "Polygon", "coordinates": [ [ [ -70.72023855026022, -34.138105672561473 ], [ -70.721414161572284, -34.139533290002326 ], [ -70.720509869142035, -34.140921791770488 ], [ -70.718429973771592, -34.14088267226122 ], [ -70.717254398813239, -34.139455065999371 ], [ -70.718158682870268, -34.13806656806797 ], [ -70.72023855026022, -34.138105672561473 ] ] ] } },
{ "type": "Feature", "properties": { "h3": "89b2c1ca537ffff" }, "geometry": { "type": "Polygon", "coordinates": [ [ [ -70.844816114021597, -34.137571606918783 ], [ -70.845993505151185, -34.138998687996803 ], [ -70.845089105141341, -34.140388741524802 ], [ -70.843007322147059, -34.140351710162811 ], [ -70.841829967150346, -34.138924640163296 ], [ -70.842734359013662, -34.137534590447459 ], [ -70.844816114021597, -34.137571606918783 ] ] ] } },
{ "type": "Feature", "properties": { "h3": "89b2c1c1327ffff" }, "geometry": { "type": "Polygon", "coordinates": [ [ [ -70.803285357579028, -34.159318256655766 ], [ -70.80446225971518, -34.160745130751792 ], [ -70.803557815252134, -34.162134131627177 ], [ -70.801476476875152, -34.162096254595156 ], [ -70.800299610951967, -34.160669391603342 ], [ -70.801204047191433, -34.159280394539529 ], [ -70.803285357579028, -34.159318256655766 ] ] ] } },
{ "type": "Feature", "properties": { "h3": "89b2c1c1d6bffff" }, "geometry": { "type": "Polygon", "coordinates": [ [ [ -70.754429903180849, -34.169661380730069 ], [ -70.755606155710396, -34.171088283653525 ], [ -70.754701716203925, -34.172476423977457 ], [ -70.752621032479752, -34.172437657561126 ], [ -70.7514448162528, -34.171010765777638 ], [ -70.752349247446091, -34.169622629270691 ], [ -70.754429903180849, -34.169661380730069 ] ] ] } },
{ "type": "Feature", "properties": { "h3": "89b2c1c0a17ffff" }, "geometry": { "type": "Polygon", "coordinates": [ [ [ -70.723223429495491, -34.16907648186492 ], [ -70.724399231876276, -34.17050353154891 ], [ -70.723494822689645, -34.171891300535343 ], [ -70.721414619490773, -34.17185201601464 ], [ -70.720238853467563, -34.17042497749609 ], [ -70.7211432542843, -34.169037212332981 ], [ -70.723223429495491, -34.16907648186492 ] ] ] } },
{ "type": "Feature", "properties": { "h3": "89b2c1c722bffff" }, "geometry": { "type": "Polygon", "coordinates": [ [ [ -70.657578086431798, -34.166415697558065 ], [ -70.658752933127133, -34.167843079834114 ], [ -70.657848594702372, -34.169230102157528 ], [ -70.655769418069895, -34.169189738367869 ], [ -70.654594607847116, -34.167762367311376 ], [ -70.655498937782951, -34.166375348825156 ], [ -70.657578086431798, -34.166415697558065 ] ] ] } },
{ "type": "Feature", "properties": { "h3": "89b2c1c167bffff" }, "geometry": { "type": "Polygon", "coordinates": [ [ [ -70.837752263625077, -34.129008473996713 ], [ -70.838929512930122, -34.130435739762277 ], [ -70.838025150412946, -34.131825918882967 ], [ -70.835943546748197, -34.131788828421158 ], [ -70.834766333586046, -34.130361573742832 ], [ -70.835670687944415, -34.128971398439262 ], [ -70.837752263625077, -34.129008473996713 ] ] ] } },
{ "type": "Feature", "properties": { "h3": "89b2c1c1303ffff" }, "geometry": { "type": "Polygon", "coordinates": [ [ [ -70.811970219413283, -34.152447835286864 ], [ -70.813147212767944, -34.153874794395563 ], [ -70.812242786079437, -34.155264073200321 ], [ -70.810161374242242, -34.155226389083943 ], [ -70.808984417083138, -34.153799441074931 ], [ -70.809888835564323, -34.152410166082824 ], [ -70.811970219413283, -34.152447835286864 ] ] ] } },
{ "type": "Feature", "properties": { "h3": "89b2c1c0327ffff" }, "geometry": { "type": "Polygon", "coordinates": [ [ [ -70.736788957647789, -34.148254150302598 ], [ -70.737964854866419, -34.14968151395297 ], [ -70.73706051004568, -34.151069968273283 ], [ -70.73498027634875, -34.151031055114146 ], [ -70.733804415457556, -34.149603702625747 ], [ -70.734708751934477, -34.148215252134726 ], [ -70.736788957647789, -34.148254150302598 ] ] ] } },
{ "type": "Feature", "properties": { "h3": "89b2c1c0c13ffff" }, "geometry": { "type": "Polygon", "coordinates": [ [ [ -70.701520898725761, -34.137752490206253 ], [ -70.702696239736838, -34.139180195272289 ], [ -70.701791965787535, -34.140568474196932 ], [ -70.699712359233033, -34.140529044215157 ], [ -70.698537054608565, -34.139101350343402 ], [ -70.699441320150669, -34.137713075259335 ], [ -70.701520898725761, -34.137752490206253 ] ] ] } },
{ "type": "Feature", "properties": { "h3": "89b2c1c546fffff" }, "geometry": { "type": "Polygon", "coordinates": [ [ [ -70.665980652125384, -34.189048825139423 ], [ -70.667155728012773, -34.190475765571463 ], [ -70.666251298260562, -34.191862329154972 ], [ -70.664171801094852, -34.191821948480523 ], [ -70.662996761671934, -34.190395019253046 ], [ -70.663901182948905, -34.189008459495675 ], [ -70.665980652125384, -34.189048825139423 ] ] ] } },
{ "type": "Feature", "properties": { "h3": "89b2c1c1877ffff" }, "geometry": { "type": "Polygon", "coordinates": [ [ [ -70.770715910830376, -34.176988581764313 ], [ -70.77189243169255, -34.178415281909366 ], [ -70.77098795070745, -34.179803441299448 ], [ -70.768906957142889, -34.179764896733964 ], [ -70.767730472556664, -34.178338207713068 ], [ -70.768634945257674, -34.176950052133741 ], [ -70.770715910830376, -34.176988581764313 ] ] ] } },
{ "type": "Feature", "properties": { "h3": "89b2c1c089bffff" }, "geometry": { "type": "Polygon", "coordinates": [ [ [ -70.702876301522664, -34.151831228326515 ], [ -70.704051729359065, -34.153258675490228 ], [ -70.703147402329662, -34.154646621368897 ], [ -70.701067655868201, -34.154607116249601 ], [ -70.6998922644202, -34.153179680274036 ], [ -70.70079658304391, -34.151791738229825 ], [ -70.702876301522664, -34.151831228326515 ] ] ] } },
{ "type": "Feature", "properties": { "h3": "89b2c1caca7ffff" }, "geometry": { "type": "Polygon", "coordinates": [ [ [ -70.822291294784989, -34.162473468391759 ], [ -70.823468483633292, -34.163900202167802 ], [ -70.822564011154924, -34.165289359148503 ], [ -70.820482358016093, -34.165251778546875 ], [ -70.819305205347987, -34.163825055858574 ], [ -70.820209669637165, -34.162435902684329 ], [ -70.822291294784989, -34.162473468391759 ] ] ] } },
{ "type": "Feature", "properties": { "h3": "89b2c1c5297ffff" }, "geometry": { "type": "Polygon", "coordinates": [ [ [ -70.679541440060646, -34.20054396158482 ], [ -70.680716765954145, -34.201970637070424 ], [ -70.679812281111765, -34.203357082659004 ], [ -70.677732478825988, -34.203316848943402 ], [ -70.67655718937651, -34.201890184647183 ], [ -70.677461665767453, -34.20050374287738 ], [ -70.679541440060646, -34.20054396158482 ] ] ] } },
{ "type": "Feature", "properties": { "h3": "89b2c1d8933ffff" }, "geometry": { "type": "Polygon", "coordinates": [ [ [ -70.823081779859578, -34.106242400463806 ], [ -70.824258710721082, -34.107670138627569 ], [ -70.823354444458062, -34.109060702050698 ], [ -70.821273255516203, -34.109023523480808 ], [ -70.820096360816933, -34.107595796424263 ], [ -70.821000618895937, -34.106205236830611 ], [ -70.823081779859578, -34.106242400463806 ] ] ] } },
{ "type": "Feature", "properties": { "h3": "89b2c1ce527ffff" }, "geometry": { "type": "Polygon", "coordinates": [ [ [ -70.69880304878528, -34.206530770451081 ], [ -70.6999786800842, -34.207957254753751 ], [ -70.699074155277231, -34.209343789880961 ], [ -70.696994007586852, -34.209303836893099 ], [ -70.695818412699765, -34.207877363762051 ], [ -70.696722929089873, -34.206490832447436 ], [ -70.69880304878528, -34.206530770451081 ] ] ] } },
{ "type": "Feature", "properties": { "h3": "89b2c1c0523ffff" }, "geometry": { "type": "Polygon", "coordinates": [ [ [ -70.715084399611143, -34.116922510912829 ], [ -70.716259835647321, -34.118350529744269 ], [ -70.715355625878829, -34.119739493860024 ], [ -70.713275988454001, -34.119700435297943 ], [ -70.712100588774334, -34.118272427657288 ], [ -70.713004790161676, -34.116883467388121 ], [ -70.715084399611143, -34.116922510912829 ] ] ] } },
{ "type": "Feature", "properties": { "h3": "89b2c1c1187ffff" }, "geometry": { "type": "Polygon", "coordinates": [ [ [ -70.782377310147169, -34.13644606895074 ], [ -70.783553803729689, -34.137873444855877 ], [ -70.782649461721917, -34.139262755911403 ], [ -70.780568634390406, -34.139224687236833 ], [ -70.779392177051193, -34.137797322461019 ], [ -70.78029651079882, -34.13640801523065 ], [ -70.782377310147169, -34.13644606895074 ] ] ] } },
{ "type": "Feature", "properties": { "h3": "89b2c1c01abffff" }, "geometry": { "type": "Polygon", "coordinates": [ [ [ -70.716440598468836, -34.131006244108541 ], [ -70.717616121328021, -34.132434005117048 ], [ -70.716711858497348, -34.133822636253754 ], [ -70.714632081185755, -34.133783502541668 ], [ -70.713456594684857, -34.132355752717778 ], [ -70.7143608491359, -34.130967125421549 ], [ -70.716440598468836, -34.131006244108541 ] ] ] } },
{ "type": "Feature", "properties": { "h3": "89b2c1c724fffff" }, "geometry": { "type": "Polygon", "coordinates": [ [ [ -70.669782985286048, -34.163842452876487 ], [ -70.670957995176664, -34.165269828440216 ], [ -70.670053654720817, -34.166657065968536 ], [ -70.667974312839661, -34.166616924097426 ], [ -70.666799339399347, -34.165189559744292 ], [ -70.66770367138858, -34.163802326051858 ], [ -70.669782985286048, -34.163842452876487 ] ] ] } },
{ "type": "Feature", "properties": { "h3": "89b2c1c0a3bffff" }, "geometry": { "type": "Polygon", "coordinates": [ [ [ -70.723766222640904, -34.174706000936972 ], [ -70.724942059767287, -34.176132947335319 ], [ -70.72403762934951, -34.177520583063497 ], [ -70.721957370173286, -34.177481268572627 ], [ -70.720781569405204, -34.176054333337241 ], [ -70.721685991453683, -34.174666701429956 ], [ -70.723766222640904, -34.174706000936972 ] ] ] } },
{ "type": "Feature", "properties": { "h3": "89b2c1ca5b7ffff" }, "geometry": { "type": "Polygon", "coordinates": [ [ [ -70.841011150294278, -34.130472770886115 ], [ -70.84218845312445, -34.131899996030768 ], [ -70.84128408245428, -34.133290178967314 ], [ -70.839202417105582, -34.133253132943537 ], [ -70.838025150412946, -34.131825918882967 ], [ -70.838929512930122, -34.130435739762277 ], [ -70.841011150294278, -34.130472770886115 ] ] ] } },
{ "type": "Feature", "properties": { "h3": "89b2c1c0e0fffff" }, "geometry": { "type": "Polygon", "coordinates": [ [ [ -70.724850979761271, -34.153651581264874 ], [ -70.726026731636082, -34.155078900255809 ], [ -70.725122377771967, -34.156467072799899 ], [ -70.723042280397593, -34.156427922523839 ], [ -70.721866564872954, -34.155000614702594 ], [ -70.722770910371167, -34.153612445987903 ], [ -70.724850979761271, -34.153651581264874 ] ] ] } },
{ "type": "Feature", "properties": { "h3": "89b2c1c1a17ffff" }, "geometry": { "type": "Polygon", "coordinates": [ [ [ -70.78971833049323, -34.180148786476536 ], [ -70.790895138431907, -34.181575346458011 ], [ -70.789990629080279, -34.182963661968572 ], [ -70.787909320038352, -34.182925413692125 ], [ -70.786732548342854, -34.18149886481833 ], [ -70.787637049444797, -34.180110553113465 ], [ -70.78971833049323, -34.180148786476536 ] ] ] } },
{ "type": "Feature", "properties": { "h3": "89b2c1c560fffff" }, "geometry": { "type": "Polygon", "coordinates": [ [ [ -70.684968221369175, -34.1922242026655 ], [ -70.68614358539557, -34.193651003795026 ], [ -70.685239126158962, -34.195037723593913 ], [ -70.683159311335615, -34.194997638442267 ], [ -70.681983983741191, -34.193570848500755 ], [ -70.682888434536821, -34.192184132523053 ], [ -70.684968221369175, -34.1922242026655 ] ] ] } },
{ "type": "Feature", "properties": { "h3": "89b2c1c2a4fffff" }, "geometry": { "type": "Polygon", "coordinates": [ [ [ -70.709659114776045, -34.125255735950084 ], [ -70.710834512819943, -34.126683629287029 ], [ -70.709930277367803, -34.128072319338834 ], [ -70.707850652261953, -34.128033112209707 ], [ -70.706675290586617, -34.126605230064953 ], [ -70.707579517647204, -34.125216543857327 ], [ -70.709659114776045, -34.125255735950084 ] ] ] } },
{ "type": "Feature", "properties": { "h3": "89b2c1c566bffff" }, "geometry": { "type": "Polygon", "coordinates": [ [ [ -70.691749759091593, -34.197971219619241 ], [ -70.692925248074928, -34.199397888198597 ], [ -70.69202076135187, -34.200784548992459 ], [ -70.689940794073195, -34.200744537389674 ], [ -70.688765341511584, -34.199317879990751 ], [ -70.689669819805545, -34.197931223014386 ], [ -70.691749759091593, -34.197971219619241 ] ] ] } },
{ "type": "Feature", "properties": { "h3": "89b2c1c0a97ffff" }, "geometry": { "type": "Polygon", "coordinates": [ [ [ -70.719424830230523, -34.161980056785637 ], [ -70.720600544139742, -34.16340725019603 ], [ -70.719696164553937, -34.164795148607176 ], [ -70.717616079433839, -34.164755849781145 ], [ -70.716440401886786, -34.163328667541833 ], [ -70.717344773096286, -34.161940772957671 ], [ -70.719424830230523, -34.161980056785637 ] ] ] } },
{ "type": "Feature", "properties": { "h3": "89b2c1c72abffff" }, "geometry": { "type": "Polygon", "coordinates": [ [ [ -70.653783239268961, -34.159318689482447 ], [ -70.654957997415067, -34.160746215207872 ], [ -70.654053688726862, -34.162133366929524 ], [ -70.651974630386576, -34.162092989085096 ], [ -70.650799908717602, -34.160665474584881 ], [ -70.651704208910445, -34.159278326704076 ], [ -70.653783239268961, -34.159318689482447 ] ] ] } },
{ "type": "Feature", "properties": { "h3": "89b2c1c1383ffff" }, "geometry": { "type": "Polygon", "coordinates": [ [ [ -70.808166873553787, -34.14535026199713 ], [ -70.80934377855769, -34.146777365110722 ], [ -70.808439381281048, -34.148166773339838 ], [ -70.806358087212914, -34.148129074639229 ], [ -70.805181218409203, -34.146701982630944 ], [ -70.806085607472085, -34.145312578218146 ], [ -70.808166873553787, -34.14535026199713 ] ] ] } },
{ "type": "Feature", "properties": { "h3": "89b2c1c03a7ffff" }, "geometry": { "type": "Polygon", "coordinates": [ [ [ -70.732989914605014, -34.141155784156773 ], [ -70.734165723383654, -34.142583291489565 ], [ -70.733261408130474, -34.143971875202013 ], [ -70.731181292447545, -34.143932947748887 ], [ -70.730005520000958, -34.142505451583681 ], [ -70.730909826903911, -34.141116871704213 ], [ -70.732989914605014, -34.141155784156773 ] ] ] } },
{ "type": "Feature", "properties": { "h3": "89b2c1c100bffff" }, "geometry": { "type": "Polygon", "coordinates": [ [ [ -70.813320564075724, -34.134195698391991 ], [ -70.81449748930973, -34.13562297878277 ], [ -70.813593128627687, -34.137012727711273 ], [ -70.811511850913931, -34.13697519242929 ], [ -70.810334961867696, -34.135547923143641 ], [ -70.811239314346096, -34.134158178035044 ], [ -70.813320564075724, -34.134195698391991 ] ] ] } },
{ "type": "Feature", "properties": { "h3": "89b2c1c002fffff" }, "geometry": { "type": "Polygon", "coordinates": [ [ [ -70.738144127635323, -34.130006588131224 ], [ -70.739319956950439, -34.131434272605546 ], [ -70.738415678066886, -34.132823197011916 ], [ -70.736335578207019, -34.132784433107531 ], [ -70.735159785211536, -34.13135675980061 ], [ -70.736064055754966, -34.129967839230851 ], [ -70.738144127635323, -34.130006588131224 ] ] ] } },
{ "type": "Feature", "properties": { "h3": "89b2c1c1c6fffff" }, "geometry": { "type": "Polygon", "coordinates": [ [ [ -70.772341089922421, -34.161562345651731 ], [ -70.77351756014815, -34.162989315374602 ], [ -70.772613134537877, -34.164377878361066 ], [ -70.770532246980608, -34.164339467808091 ], [ -70.769355813023367, -34.162912509213633 ], [ -70.770260230353557, -34.16152395004395 ], [ -70.772341089922421, -34.161562345651731 ] ] ] } },
{ "type": "Feature", "properties": { "h3": "89b2c1c1d8fffff" }, "geometry": { "type": "Polygon", "coordinates": [ [ [ -70.743844696293991, -34.156817871708711 ], [ -70.745020735644417, -34.158245051141634 ], [ -70.744116352930718, -34.159633379880262 ], [ -70.742035939196796, -34.15959452536179 ], [ -70.740859936163872, -34.15816735708205 ], [ -70.741764310546003, -34.156779032167776 ], [ -70.743844696293991, -34.156817871708711 ] ] ] } },
{ "type": "Feature", "properties": { "h3": "89b2c1c0c93ffff" }, "geometry": { "type": "Polygon", "coordinates": [ [ [ -70.697724009693047, -34.130652934293025 ], [ -70.69889926222875, -34.13208078284962 ], [ -70.697995017917833, -34.13346919113598 ], [ -70.695915529483486, -34.133429747021673 ], [ -70.694740313339011, -34.132001909664972 ], [ -70.69564454923632, -34.130613505222904 ], [ -70.697724009693047, -34.130652934293025 ] ] ] } },
{ "type": "Feature", "properties": { "h3": "89b2c1c091bffff" }, "geometry": { "type": "Polygon", "coordinates": [ [ [ -70.685785186709325, -34.168364349352544 ], [ -70.686960448224568, -34.169791574586526 ], [ -70.686056076143061, -34.17117889790083 ], [ -70.683976450982868, -34.171138992150418 ], [ -70.682801225891083, -34.169711778112422 ], [ -70.683705589534696, -34.168324458629051 ], [ -70.685785186709325, -34.168364349352544 ] ] ] } },
{ "type": "Feature", "properties": { "h3": "89b2c1cad27ffff" }, "geometry": { "type": "Polygon", "coordinates": [ [ [ -70.805192703714738, -34.179026896114692 ], [ -70.806369727560295, -34.180453408132941 ], [ -70.80546520886476, -34.1818419425801 ], [ -70.803383674543738, -34.181803961206114 ], [ -70.802206686913593, -34.180377460283438 ], [ -70.803111197387707, -34.178988929639374 ], [ -70.805192703714738, -34.179026896114692 ] ] ] } },
{ "type": "Feature", "properties": { "h3": "89b2c1ce5a7ffff" }, "geometry": { "type": "Polygon", "coordinates": [ [ [ -70.695005249576823, -34.19943784051874 ], [ -70.696180792347462, -34.200864468626477 ], [ -70.695276297201147, -34.202251133236587 ], [ -70.693196267706099, -34.202211165922911 ], [ -70.69202076135187, -34.200784548992459 ], [ -70.692925248074928, -34.199397888198597 ], [ -70.695005249576823, -34.19943784051874 ] ] ] } },
{ "type": "Feature", "properties": { "h3": "89b2c1c014fffff" }, "geometry": { "type": "Polygon", "coordinates": [ [ [ -70.732446947829047, -34.135523247431252 ], [ -70.733622721868215, -34.136950857971641 ], [ -70.732718427837952, -34.138339574897735 ], [ -70.730638368117994, -34.138300677448214 ], [ -70.729462630410154, -34.136873078077876 ], [ -70.730366916089594, -34.135484364987214 ], [ -70.732446947829047, -34.135523247431252 ] ] ] } },
{ "type": "Feature", "properties": { "h3": "89b2c1c1207ffff" }, "geometry": { "type": "Polygon", "coordinates": [ [ [ -70.82988569225536, -34.144335475439469 ], [ -70.83106290266366, -34.145762501105771 ], [ -70.830158490451964, -34.14715220249861 ], [ -70.828076876004744, -34.147114874412964 ], [ -70.826899701757782, -34.145687859834794 ], [ -70.827804105795337, -34.14429816225433 ], [ -70.82988569225536, -34.144335475439469 ] ] ] } },
{ "type": "Feature", "properties": { "h3": "89b2c1c022bffff" }, "geometry": { "type": "Polygon", "coordinates": [ [ [ -70.763923165588338, -34.138918894129375 ], [ -70.765099406873901, -34.140346306514651 ], [ -70.764195072086395, -34.141735328178939 ], [ -70.762114504305814, -34.141696933630406 ], [ -70.760938299296967, -34.140269532388508 ], [ -70.761842625790621, -34.138880514551985 ], [ -70.763923165588338, -34.138918894129375 ] ] ] } },
{ "type": "Feature", "properties": { "h3": "89b2c1c112bffff" }, "geometry": { "type": "Polygon", "coordinates": [ [ [ -70.786723493353634, -34.149177345577812 ], [ -70.787900110073494, -34.150604474277699 ], [ -70.786995717392102, -34.151993522701545 ], [ -70.784914716242568, -34.151955438606663 ], [ -70.783738135762079, -34.150528321028006 ], [ -70.784642520190388, -34.149139276423206 ], [ -70.786723493353634, -34.149177345577812 ] ] ] } },
{ "type": "Feature", "properties": { "h3": "89b2c1c1e6bffff" }, "geometry": { "type": "Polygon", "coordinates": [ [ [ -70.798131057582808, -34.17046717742047 ], [ -70.799307939443693, -34.171893874163665 ], [ -70.79840345840843, -34.173282534273476 ], [ -70.796322103744615, -34.173244493832279 ], [ -70.795145258109144, -34.171817808193452 ], [ -70.796049730910681, -34.170429151891661 ], [ -70.798131057582808, -34.17046717742047 ] ] ] } },
{ "type": "Feature", "properties": { "h3": "89b2c1c0e8fffff" }, "geometry": { "type": "Polygon", "coordinates": [ [ [ -70.721052527169334, -34.146553675584968 ], [ -70.722228190585682, -34.147981138235842 ], [ -70.721323866315259, -34.149369440177743 ], [ -70.719243886999493, -34.14933027563589 ], [ -70.718068259937894, -34.147902824160354 ], [ -70.718972575835991, -34.14651452605154 ], [ -70.721052527169334, -34.146553675584968 ] ] ] } },
{ "type": "Feature", "properties": { "h3": "89b2c1c0b17ffff" }, "geometry": { "type": "Polygon", "coordinates": [ [ [ -70.702332067267022, -34.178513226901551 ], [ -70.703507615025643, -34.179940198387015 ], [ -70.70260319022313, -34.181327474206057 ], [ -70.700523226069151, -34.181287774716331 ], [ -70.699347714707798, -34.179860814409807 ], [ -70.700252131101806, -34.178473542414253 ], [ -70.702332067267022, -34.178513226901551 ] ] ] } },
{ "type": "Feature", "properties": { "h3": "89b2c1c732bffff" }, "geometry": { "type": "Polygon", "coordinates": [ [ [ -70.636694413367806, -34.175839662272523 ], [ -70.637869004636585, -34.177266965971029 ], [ -70.636964651370661, -34.178653495074791 ], [ -70.634885715362145, -34.178612716642981 ], [ -70.633711160605472, -34.17718542417758 ], [ -70.634615505343888, -34.175798898911076 ], [ -70.636694413367806, -34.175839662272523 ] ] ] } },
{ "type": "Feature", "properties": { "h3": "89b2c1c1403ffff" }, "geometry": { "type": "Polygon", "coordinates": [ [ [ -70.808154998276009, -34.113008082965727 ], [ -70.809331748269372, -34.114435765574108 ], [ -70.808427469990974, -34.115825976890598 ], [ -70.806346449929435, -34.115788501769231 ], [ -70.805169736126757, -34.114360830277725 ], [ -70.806074006193541, -34.112970622790925 ], [ -70.808154998276009, -34.113008082965727 ] ] ] } },
{ "type": "Feature", "properties": { "h3": "89b2c1ce42bffff" }, "geometry": { "type": "Polygon", "coordinates": [ [ [ -70.725937665535596, -34.197219345716022 ], [ -70.727113641662257, -34.198645878796476 ], [ -70.72620912631163, -34.200032981414545 ], [ -70.724128643199876, -34.199993547141183 ], [ -70.722952703434345, -34.198567025213769 ], [ -70.723857210418075, -34.197179926406889 ], [ -70.725937665535596, -34.197219345716022 ] ] ] } },
{ "type": "Feature", "properties": { "h3": "89b2c1c0427ffff" }, "geometry": { "type": "Polygon", "coordinates": [ [ [ -70.732987933765827, -34.108820287104081 ], [ -70.734163587822096, -34.110248373039525 ], [ -70.733259391545857, -34.111637759762921 ], [ -70.731179549560068, -34.111599056704591 ], [ -70.730003931826289, -34.110170981948322 ], [ -70.730908119754474, -34.108781599071371 ], [ -70.732987933765827, -34.108820287104081 ] ] ] } },
{ "type": "Feature", "properties": { "h3": "89b2c1ca8d3ffff" }, "geometry": { "type": "Polygon", "coordinates": [ [ [ -70.842119267263485, -34.174073391038519 ], [ -70.843296794824113, -34.175499828996365 ], [ -70.842392262733327, -34.176888942152132 ], [ -70.84031021123441, -34.176851613552515 ], [ -70.839132719822175, -34.175425186662224 ], [ -70.840037243759127, -34.174036077304194 ], [ -70.842119267263485, -34.174073391038519 ] ] ] } },
{ "type": "Feature", "properties": { "h3": "89b2c1ce4cbffff" }, "geometry": { "type": "Polygon", "coordinates": [ [ [ -70.737334622183425, -34.186199050913544 ], [ -70.738510708942258, -34.187625731952593 ], [ -70.737606223875915, -34.189013249676243 ], [ -70.735525660394799, -34.188974082547567 ], [ -70.734349609973691, -34.187547412656343 ], [ -70.735254086694624, -34.186159898746183 ], [ -70.737334622183425, -34.186199050913544 ] ] ] } },
{ "type": "Feature", "properties": { "h3": "89b2c1ca833ffff" }, "geometry": { "type": "Polygon", "coordinates": [ [ [ -70.830718954122915, -34.185110126475486 ], [ -70.83189637184303, -34.186536416606501 ], [ -70.830991808791495, -34.187925114727584 ], [ -70.828909836193816, -34.187887518922366 ], [ -70.827732454645599, -34.186461239864123 ], [ -70.828637009521785, -34.185072545538532 ], [ -70.830718954122915, -34.185110126475486 ] ] ] } },
{ "type": "Feature", "properties": { "h3": "89b2c1c14a3ffff" }, "geometry": { "type": "Polygon", "coordinates": [ [ [ -70.79865461450143, -34.111430282420507 ], [ -70.799831221148978, -34.112858034951735 ], [ -70.798926956922642, -34.114248168183821 ], [ -70.796846094276262, -34.114210545052622 ], [ -70.795669523835812, -34.112782803646532 ], [ -70.796573779833309, -34.111392674246687 ], [ -70.79865461450143, -34.111430282420507 ] ] ] } },
{ "type": "Feature", "properties": { "h3": "89b2c1c509bffff" }, "geometry": { "type": "Polygon", "coordinates": [ [ [ -70.662996761671934, -34.190395019253046 ], [ -70.664171801094852, -34.191821948480523 ], [ -70.663267369192923, -34.193208441601357 ], [ -70.661187906347493, -34.193168001668745 ], [ -70.660012903394701, -34.191741083647749 ], [ -70.660917326815877, -34.190354594353082 ], [ -70.662996761671934, -34.190395019253046 ] ] ] } },
{ "type": "Feature", "properties": { "h3": "89b2c1c108bffff" }, "geometry": { "type": "Polygon", "coordinates": [ [ [ -70.80951742465983, -34.12709637007486 ], [ -70.81069426155787, -34.128523794389586 ], [ -70.809789930280488, -34.129913672710252 ], [ -70.807708770313823, -34.12987612289281 ], [ -70.806531969608201, -34.128448709688833 ], [ -70.807436292675476, -34.127058835191747 ], [ -70.80951742465983, -34.12709637007486 ] ] ] } },
{ "type": "Feature", "properties": { "h3": "89b2c1ce0b3ffff" }, "geometry": { "type": "Polygon", "coordinates": [ [ [ -70.720510547063682, -34.205541401570919 ], [ -70.721686485215557, -34.206967808975058 ], [ -70.720781944130692, -34.208354637378037 ], [ -70.718701473269959, -34.20831505456826 ], [ -70.717525571491279, -34.206888658318505 ], [ -70.718430104198802, -34.205501833724327 ], [ -70.720510547063682, -34.205541401570919 ] ] ] } },
{ "type": "Feature", "properties": { "h3": "89b2c1c00afffff" }, "geometry": { "type": "Polygon", "coordinates": [ [ [ -70.734345290236973, -34.122906468828376 ], [ -70.735521031126865, -34.124334296904095 ], [ -70.734616781803695, -34.125723350670391 ], [ -70.732536799935787, -34.125684572520882 ], [ -70.731361095370175, -34.124256755618191 ], [ -70.732265336346799, -34.122867705692194 ], [ -70.734345290236973, -34.122906468828376 ] ] ] } },
{ "type": "Feature", "properties": { "h3": "89b2c1c0d13ffff" }, "geometry": { "type": "Polygon", "coordinates": [ [ [ -70.680634662041683, -34.147191787626817 ], [ -70.681809748227522, -34.148619414292227 ], [ -70.680905458922339, -34.150007200088695 ], [ -70.678826091875763, -34.14996735537926 ], [ -70.677651042116139, -34.148539739921674 ], [ -70.678555322975541, -34.147151957965924 ], [ -70.680634662041683, -34.147191787626817 ] ] ] } },
{ "type": "Feature", "properties": { "h3": "89b2c1c556fffff" }, "geometry": { "type": "Polygon", "coordinates": [ [ [ -70.645094095199795, -34.198469459855055 ], [ -70.646268915717059, -34.19989632181472 ], [ -70.645364471021864, -34.201282392144414 ], [ -70.643285214321907, -34.201241596688426 ], [ -70.642110430308705, -34.199814745946831 ], [ -70.643014866490077, -34.19842867944336 ], [ -70.645094095199795, -34.198469459855055 ] ] ] } },
{ "type": "Feature", "properties": { "h3": "89b2c1c1977ffff" }, "geometry": { "type": "Polygon", "coordinates": [ [ [ -70.749818507797144, -34.186433238325534 ], [ -70.750994774608486, -34.187859860560991 ], [ -70.750090277445835, -34.189247526811648 ], [ -70.748009521793236, -34.189208567016067 ], [ -70.746833291297619, -34.187781955918233 ], [ -70.747737780137541, -34.186394293478557 ], [ -70.749818507797144, -34.186433238325534 ] ] ] } },
{ "type": "Feature", "properties": { "h3": "89b2c1c099bffff" }, "geometry": { "type": "Polygon", "coordinates": [ [ [ -70.681988713872656, -34.161267668139075 ], [ -70.683163886871355, -34.162695036945308 ], [ -70.682259544468337, -34.164082489670697 ], [ -70.680180037509544, -34.164042569755431 ], [ -70.679004900938878, -34.162615212150854 ], [ -70.679909234897622, -34.161227763260065 ], [ -70.681988713872656, -34.161267668139075 ] ] ] } },
{ "type": "Feature", "properties": { "h3": "89b2c1cada7ffff" }, "geometry": { "type": "Polygon", "coordinates": [ [ [ -70.801389327955505, -34.171931855267175 ], [ -70.802566263422818, -34.173358511388642 ], [ -70.801661774159655, -34.174747175305193 ], [ -70.799580357655699, -34.174709179293721 ], [ -70.79840345840843, -34.173282534273476 ], [ -70.799307939443693, -34.171893874163665 ], [ -70.801389327955505, -34.171931855267175 ] ] ] } },
{ "type": "Feature", "properties": { "h3": "89b2c1c0623ffff" }, "geometry": { "type": "Polygon", "coordinates": [ [ [ -70.758763599633909, -34.117734456394096 ], [ -70.759939665655992, -34.119162270590074 ], [ -70.759035413411084, -34.120551754635038 ], [ -70.75695510344454, -34.120513420646617 ], [ -70.75577907370203, -34.119085617605741 ], [ -70.756683317645141, -34.117696137398383 ], [ -70.758763599633909, -34.117734456394096 ] ] ] } },
{ "type": "Feature", "properties": { "h3": "89b2c1c181bffff" }, "geometry": { "type": "Polygon", "coordinates": [ [ [ -70.773157244085425, -34.170008588847494 ], [ -70.774333766453807, -34.171435403510188 ], [ -70.773429309017942, -34.172823766611927 ], [ -70.771348337491474, -34.172785311238044 ], [ -70.770171851392618, -34.171358507700077 ], [ -70.771076300549325, -34.169970148411473 ], [ -70.773157244085425, -34.170008588847494 ] ] ] } },
{ "type": "Feature", "properties": { "h3": "89b2c1c5413ffff" }, "geometry": { "type": "Polygon", "coordinates": [ [ [ -70.661643825148872, -34.176326134049241 ], [ -70.662818777755831, -34.177753321246286 ], [ -70.661914398976705, -34.17914014753061 ], [ -70.659835076071587, -34.17909978278584 ], [ -70.658660159932992, -34.17767260680148 ], [ -70.659564530229844, -34.176285784349417 ], [ -70.661643825148872, -34.176326134049241 ] ] ] } },
{ "type": "Feature", "properties": { "h3": "89b2c1c5e5bffff" }, "geometry": { "type": "Polygon", "coordinates": [ [ [ -70.657291628202984, -34.228183145770316 ], [ -70.658466766589584, -34.229609421843833 ], [ -70.657562200734262, -34.230994903759438 ], [ -70.65548250498469, -34.230954105790111 ], [ -70.654307403089518, -34.229527840913896 ], [ -70.655211960451112, -34.228142362809905 ], [ -70.657291628202984, -34.228183145770316 ] ] ] } },
{ "type": "Feature", "properties": { "h3": "89b2c1c1287ffff" }, "geometry": { "type": "Polygon", "coordinates": [ [ [ -70.826081463655683, -34.137237213253485 ], [ -70.827258585741234, -34.138664382958368 ], [ -70.826354202902024, -34.140054213766952 ], [ -70.824272706156535, -34.140016871054776 ], [ -70.823095620237027, -34.138589712443618 ], [ -70.823999994895601, -34.137199885451103 ], [ -70.826081463655683, -34.137237213253485 ] ] ] } },
{ "type": "Feature", "properties": { "h3": "89b2c1c02abffff" }, "geometry": { "type": "Polygon", "coordinates": [ [ [ -70.760122736176527, -34.131819765543518 ], [ -70.761298889061976, -34.133247321676244 ], [ -70.760394583783281, -34.134636472724964 ], [ -70.758314133918063, -34.134598063809648 ], [ -70.757138017313949, -34.133170518825885 ], [ -70.758042314292354, -34.131781371608668 ], [ -70.760122736176527, -34.131819765543518 ] ] ] } },
{ "type": "Feature", "properties": { "h3": "89b2c1c0b97ffff" }, "geometry": { "type": "Polygon", "coordinates": [ [ [ -70.698534502162502, -34.171417607875064 ], [ -70.699709961417341, -34.172844723047426 ], [ -70.69880556626137, -34.17423212830105 ], [ -70.696725720264112, -34.174192414555307 ], [ -70.69555029741116, -34.172765310567513 ], [ -70.696454684152187, -34.171377909141064 ], [ -70.698534502162502, -34.171417607875064 ] ] ] } },
{ "type": "Feature", "properties": { "h3": "89b2c1c73abffff" }, "geometry": { "type": "Polygon", "coordinates": [ [ [ -70.632900602807652, -34.168743461818195 ], [ -70.634075105495228, -34.170170908926558 ], [ -70.63317078201149, -34.171557567438384 ], [ -70.6310919643727, -34.171516775001116 ], [ -70.629917498201763, -34.170089339131522 ], [ -70.630821813151627, -34.168702684460619 ], [ -70.632900602807652, -34.168743461818195 ] ] ] } },
{ "type": "Feature", "properties": { "h3": "89b2c1c73cbffff" }, "geometry": { "type": "Polygon", "coordinates": [ [ [ -70.64808698264288, -34.164826644082915 ], [ -70.649261685186801, -34.166254095806551 ], [ -70.648357361621592, -34.167641039996532 ], [ -70.646278344017176, -34.167600528623424 ], [ -70.645103677962041, -34.166173088127628 ], [ -70.6460079930212, -34.164786147777306 ], [ -70.64808698264288, -34.164826644082915 ] ] ] } },
{ "type": "Feature", "properties": { "h3": "89b2c1c0bb7ffff" }, "geometry": { "type": "Polygon", "coordinates": [ [ [ -70.69283711155019, -34.176927240684549 ], [ -70.694012515363326, -34.178354281870739 ], [ -70.693108105183882, -34.179741479586085 ], [ -70.69102829961561, -34.179701632289429 ], [ -70.689852932216013, -34.178274602290415 ], [ -70.690757333969827, -34.176887408401065 ], [ -70.69283711155019, -34.176927240684549 ] ] ] } },
{ "type": "Feature", "properties": { "h3": "89b2c1cac2bffff" }, "geometry": { "type": "Polygon", "coordinates": [ [ [ -70.832341120456149, -34.169681758301927 ], [ -70.83351848737594, -34.171108318339769 ], [ -70.832613979764204, -34.172497420098559 ], [ -70.830532113402683, -34.172459958018202 ], [ -70.829354782647329, -34.171033409057394 ], [ -70.830259282087709, -34.169644311100107 ], [ -70.832341120456149, -34.169681758301927 ] ] ] } },
{ "type": "Feature", "properties": { "h3": "89b2c1c507bffff" }, "geometry": { "type": "Polygon", "coordinates": [ [ [ -70.670588784352731, -34.204582241562129 ], [ -70.671764000897213, -34.206008883473807 ], [ -70.670859509551505, -34.207395117668142 ], [ -70.66877981012793, -34.207354706132186 ], [ -70.667604630044423, -34.205928075415699 ], [ -70.668509112922166, -34.204541845040161 ], [ -70.670588784352731, -34.204582241562129 ] ] ] } },
{ "type": "Feature", "properties": { "h3": "89b2c1c1b93ffff" }, "geometry": { "type": "Polygon", "coordinates": [ [ [ -70.7680024738317, -34.181152985677805 ], [ -70.769178975799917, -34.18257962299689 ], [ -70.768274481878322, -34.183967645303319 ], [ -70.766193494276422, -34.183929026481294 ], [ -70.765017028590179, -34.182502400287056 ], [ -70.76592151422247, -34.181114381790209 ], [ -70.7680024738317, -34.181152985677805 ] ] ] } },
{ "type": "Feature", "properties": { "h3": "89b2c1c1483ffff" }, "geometry": { "type": "Polygon", "coordinates": [ [ [ -70.804352477394531, -34.105906683720633 ], [ -70.805529139060823, -34.1073345101317 ], [ -70.804624890192784, -34.108724850800641 ], [ -70.802543987875197, -34.108687361225307 ], [ -70.801367362404264, -34.107259545936692 ], [ -70.802271603054223, -34.105869209101137 ], [ -70.804352477394531, -34.105906683720633 ] ] ] } },
{ "type": "Feature", "properties": { "h3": "89b2c1ce4abffff" }, "geometry": { "type": "Polygon", "coordinates": [ [ [ -70.722138477491995, -34.190125653024516 ], [ -70.723314365130108, -34.191552329975266 ], [ -70.722409879381431, -34.192939562068801 ], [ -70.720329514366597, -34.192900113396945 ], [ -70.719153663094204, -34.191473447604885 ], [ -70.720058140469575, -34.190086219326183 ], [ -70.722138477491995, -34.190125653024516 ] ] ] } },
{ "type": "Feature", "properties": { "h3": "89b2c1ca8b3ffff" }, "geometry": { "type": "Polygon", "coordinates": [ [ [ -70.826914047180892, -34.178015809162225 ], [ -70.828091376549949, -34.17944224352776 ], [ -70.827186842878916, -34.180831071137405 ], [ -70.825104988019291, -34.180793460582549 ], [ -70.823927694826793, -34.179367037295407 ], [ -70.824832220315997, -34.177978213484927 ], [ -70.826914047180892, -34.178015809162225 ] ] ] } },
{ "type": "Feature", "properties": { "h3": "89b2c1c110bffff" }, "geometry": { "type": "Polygon", "coordinates": [ [ [ -70.792422008667145, -34.143658546901278 ], [ -70.793598680467127, -34.145085749515694 ], [ -70.792694303110068, -34.146475005425742 ], [ -70.790613262194, -34.146437054901433 ], [ -70.789436626621665, -34.145009863405662 ], [ -70.7903409957364, -34.143620611315782 ], [ -70.792422008667145, -34.143658546901278 ] ] ] } },
{ "type": "Feature", "properties": { "h3": "89b2c1c012fffff" }, "geometry": { "type": "Polygon", "coordinates": [ [ [ -70.717254398813239, -34.139455065999371 ], [ -70.718429973771592, -34.14088267226122 ], [ -70.717525679101101, -34.142271103587035 ], [ -70.715445817849613, -34.142231924814411 ], [ -70.714270279250599, -34.140804329733498 ], [ -70.715174565542355, -34.139415902244465 ], [ -70.717254398813239, -34.139455065999371 ] ] ] } },
{ "type": "Feature", "properties": { "h3": "89b2c1ca53bffff" }, "geometry": { "type": "Polygon", "coordinates": [ [ [ -70.851061569715199, -34.137682448722522 ], [ -70.85223905048413, -34.139109500224222 ], [ -70.851334644794591, -34.140499627987737 ], [ -70.84925276646986, -34.140462700438917 ], [ -70.848075321822705, -34.139035660010634 ], [ -70.848979719377141, -34.137645536057974 ], [ -70.851061569715199, -34.137682448722522 ] ] ] } },
{ "type": "Feature", "properties": { "h3": "89b2c1c1d6fffff" }, "geometry": { "type": "Polygon", "coordinates": [ [ [ -70.7514448162528, -34.171010765777638 ], [ -70.752621032479752, -34.172437657561126 ], [ -70.751716590674789, -34.173825727438647 ], [ -70.74963594096026, -34.173786901715872 ], [ -70.748459761041559, -34.172360021074283 ], [ -70.7493641945278, -34.170971955013776 ], [ -70.7514448162528, -34.171010765777638 ] ] ] } },
{ "type": "Feature", "properties": { "h3": "89b2c1c0a1bffff" }, "geometry": { "type": "Polygon", "coordinates": [ [ [ -70.729464147518826, -34.169194083295046 ], [ -70.73064003997105, -34.170621103661041 ], [ -70.729735624676707, -34.17200894691905 ], [ -70.727655325287358, -34.171969765989203 ], [ -70.72647946918174, -34.170542756783568 ], [ -70.7273838761175, -34.169154917347633 ], [ -70.729464147518826, -34.169194083295046 ] ] ] } },
{ "type": "Feature", "properties": { "h3": "89b2c1c722fffff" }, "geometry": { "type": "Polygon", "coordinates": [ [ [ -70.654594607847116, -34.167762367311376 ], [ -70.655769418069895, -34.169189738367869 ], [ -70.654865077509953, -34.17057669023346 ], [ -70.652785935220379, -34.170536267205584 ], [ -70.651611161475813, -34.169108907370585 ], [ -70.652515493541301, -34.167721959342174 ], [ -70.654594607847116, -34.167762367311376 ] ] ] } },
{ "type": "Feature", "properties": { "h3": "89b2c1c06a3ffff" }, "geometry": { "type": "Polygon", "coordinates": [ [ [ -70.754963788708821, -34.110633258515143 ], [ -70.756139766339714, -34.112061216337324 ], [ -70.755235543609274, -34.113450829727007 ], [ -70.753155351554838, -34.113412481453373 ], [ -70.751979410208136, -34.111984534791894 ], [ -70.752883624630343, -34.110594925243554 ], [ -70.754963788708821, -34.110633258515143 ] ] ] } },
{ "type": "Feature", "properties": { "h3": "89b2c1c5edbffff" }, "geometry": { "type": "Polygon", "coordinates": [ [ [ -70.653495841807498, -34.221092102110546 ], [ -70.65467089159992, -34.222518521924194 ], [ -70.653766355496714, -34.223904133346984 ], [ -70.651686778099858, -34.223863321141053 ], [ -70.650511764803426, -34.222436912530384 ], [ -70.651416292406509, -34.221051304922867 ], [ -70.653495841807498, -34.221092102110546 ] ] ] } },
{ "type": "Feature", "properties": { "h3": "89b2c1c1307ffff" }, "geometry": { "type": "Polygon", "coordinates": [ [ [ -70.808984417083138, -34.153799441074931 ], [ -70.810161374242242, -34.155226389083943 ], [ -70.809256945158467, -34.156615597454632 ], [ -70.807175567127089, -34.156577854003814 ], [ -70.805998646169243, -34.155150917096407 ], [ -70.806903067040167, -34.15376171253839 ], [ -70.808984417083138, -34.153799441074931 ] ] ] } },
{ "type": "Feature", "properties": { "h3": "89b2c1c032bffff" }, "geometry": { "type": "Polygon", "coordinates": [ [ [ -70.743029766958813, -34.148370637661053 ], [ -70.744205754188158, -34.149797972002261 ], [ -70.743301403308251, -34.151186500592772 ], [ -70.741221073530184, -34.151147691014259 ], [ -70.740045122617289, -34.149720367829943 ], [ -70.74094946516469, -34.148331843067425 ], [ -70.743029766958813, -34.148370637661053 ] ] ] } },
{ "type": "Feature", "properties": { "h3": "89b2c1c0c17ffff" }, "geometry": { "type": "Polygon", "coordinates": [ [ [ -70.698537054608565, -34.139101350343402 ], [ -70.699712359233033, -34.140529044215157 ], [ -70.698808083075008, -34.141917252695144 ], [ -70.696728510703906, -34.141877763462979 ], [ -70.695553242471746, -34.140450080787453 ], [ -70.696457510217058, -34.139061876148062 ], [ -70.698537054608565, -34.139101350343402 ] ] ] } },
{ "type": "Feature", "properties": { "h3": "89b2c1c5473ffff" }, "geometry": { "type": "Polygon", "coordinates": [ [ [ -70.665439380074687, -34.183421462395323 ], [ -70.666614421233646, -34.184848506030832 ], [ -70.665710012730173, -34.186235202884099 ], [ -70.663630571542257, -34.186194852273502 ], [ -70.662455566847072, -34.184767819845057 ], [ -70.663359966874694, -34.183381126820365 ], [ -70.665439380074687, -34.183421462395323 ] ] ] } },
{ "type": "Feature", "properties": { "h3": "89b2c1c02cbffff" }, "geometry": { "type": "Polygon", "coordinates": [ [ [ -70.775318845646609, -34.127881168382004 ], [ -70.776495197229309, -34.129308728598666 ], [ -70.775590892957865, -34.130698165211399 ], [ -70.773510245374794, -34.130660037777531 ], [ -70.772333930045377, -34.129232488698968 ], [ -70.773238226044427, -34.127843055916351 ], [ -70.775318845646609, -34.127881168382004 ] ] ] } },
{ "type": "Feature", "properties": { "h3": "89b2c1c187bffff" }, "geometry": { "type": "Polygon", "coordinates": [ [ [ -70.776958999298856, -34.177103963233783 ], [ -70.778135610078834, -34.178530633915877 ], [ -70.777231123152148, -34.179918867560914 ], [ -70.775150033716827, -34.17988042671459 ], [ -70.773973459201741, -34.178453767151588 ], [ -70.774877937855706, -34.177065537316032 ], [ -70.776958999298856, -34.177103963233783 ] ] ] } },
{ "type": "Feature", "properties": { "h3": "89b2c1cacabffff" }, "geometry": { "type": "Polygon", "coordinates": [ [ [ -70.828536361247103, -34.162585957907957 ], [ -70.829713639828952, -34.164012662114054 ], [ -70.828809161590641, -34.165401893334561 ], [ -70.826727412946966, -34.165364416543994 ], [ -70.825550170534257, -34.163937723420553 ], [ -70.826454640594719, -34.162548496005222 ], [ -70.828536361247103, -34.162585957907957 ] ] ] } },
{ "type": "Feature", "properties": { "h3": "89b2c1c12a7ffff" }, "geometry": { "type": "Polygon", "coordinates": [ [ [ -70.820382470234108, -34.142758919340856 ], [ -70.821559537367904, -34.144186015154311 ], [ -70.820655139096061, -34.145575638491643 ], [ -70.818573681880451, -34.145538162200758 ], [ -70.817396650924422, -34.144111077483664 ], [ -70.818301041004901, -34.142721457961294 ], [ -70.820382470234108, -34.142758919340856 ] ] ] } },
{ "type": "Feature", "properties": { "h3": "89b2c1c1503ffff" }, "geometry": { "type": "Polygon", "coordinates": [ [ [ -70.787258823723462, -34.122474589860786 ], [ -70.78843532026238, -34.123902194610565 ], [ -70.787531025372829, -34.125291912944668 ], [ -70.785450242193264, -34.125254022699252 ], [ -70.784273781884863, -34.123826429079848 ], [ -70.785178068524132, -34.122436714575706 ], [ -70.787258823723462, -34.122474589860786 ] ] ] } },
{ "type": "Feature", "properties": { "h3": "89b2c1d8937ffff" }, "geometry": { "type": "Polygon", "coordinates": [ [ [ -70.820096360816933, -34.107595796424263 ], [ -70.821273255516203, -34.109023523480808 ], [ -70.820368986840066, -34.110414016484192 ], [ -70.818287831652867, -34.110376778601733 ], [ -70.817110973121544, -34.108949062654339 ], [ -70.818015233608108, -34.107558573480468 ], [ -70.820096360816933, -34.107595796424263 ] ] ] } },
{ "type": "Feature", "properties": { "h3": "89b2c1ce52bffff" }, "geometry": { "type": "Polygon", "coordinates": [ [ [ -70.705043600654719, -34.206650377260047 ], [ -70.706219322134359, -34.208076832228784 ], [ -70.705314791132238, -34.209463441629822 ], [ -70.703234547054663, -34.209423592250992 ], [ -70.702058861975857, -34.207997148448769 ], [ -70.702963384572442, -34.20661054285906 ], [ -70.705043600654719, -34.206650377260047 ] ] ] } },
{ "type": "Feature", "properties": { "h3": "89b2c1c118bffff" }, "geometry": { "type": "Polygon", "coordinates": [ [ [ -70.788619899719066, -34.136560022798747 ], [ -70.789796483150525, -34.137987369297797 ], [ -70.788892135244026, -34.139376754610112 ], [ -70.786811212153481, -34.139338789599691 ], [ -70.785634664954287, -34.137911454224884 ], [ -70.786539004612038, -34.136522072736447 ], [ -70.788619899719066, -34.136560022798747 ] ] ] } },
{ "type": "Feature", "properties": { "h3": "89b2c1c01afffff" }, "geometry": { "type": "Polygon", "coordinates": [ [ [ -70.713456594684857, -34.132355752717778 ], [ -70.714632081185755, -34.133783502541668 ], [ -70.713727816121335, -34.135172063237455 ], [ -70.711648072939823, -34.135132870269061 ], [ -70.710472622802882, -34.133705131631757 ], [ -70.711376879482145, -34.132316574776446 ], [ -70.713456594684857, -34.132355752717778 ] ] ] } },
{ "type": "Feature", "properties": { "h3": "89b2c1ca5bbffff" }, "geometry": { "type": "Polygon", "coordinates": [ [ [ -70.84725625309791, -34.130583656694192 ], [ -70.848433645575085, -34.132010852288175 ], [ -70.847529269212217, -34.133401109462461 ], [ -70.845447508512379, -34.133364167228429 ], [ -70.844270152161641, -34.131936982713462 ], [ -70.84517452038294, -34.130546729353725 ], [ -70.84725625309791, -34.130583656694192 ] ] ] } },
{ "type": "Feature", "properties": { "h3": "89b2c1c0e13ffff" }, "geometry": { "type": "Polygon", "coordinates": [ [ [ -70.724308204009262, -34.148020243507254 ], [ -70.725483921144033, -34.1494476657248 ], [ -70.72457958850714, -34.150835971498552 ], [ -70.722499547100611, -34.150796851223134 ], [ -70.721323866315259, -34.149369440177743 ], [ -70.722228190585682, -34.147981138235842 ], [ -70.724308204009262, -34.148020243507254 ] ] ] } },
{ "type": "Feature", "properties": { "h3": "89b2c1c0643ffff" }, "geometry": { "type": "Polygon", "coordinates": [ [ [ -70.773958710649794, -34.113794410860621 ], [ -70.775134975358114, -34.115222229193265 ], [ -70.774230724108719, -34.116611998793587 ], [ -70.772150216423526, -34.116573946225245 ], [ -70.770973987966741, -34.115146139036845 ], [ -70.771878230942235, -34.113756373272736 ], [ -70.773958710649794, -34.113794410860621 ] ] ] } },
{ "type": "Feature", "properties": { "h3": "89b2c1c566fffff" }, "geometry": { "type": "Polygon", "coordinates": [ [ [ -70.688765341511584, -34.199317879990751 ], [ -70.689940794073195, -34.200744537389674 ], [ -70.689036305156819, -34.202131127721678 ], [ -70.68695637211205, -34.202091056837446 ], [ -70.685780955977819, -34.200664410620881 ], [ -70.686685436459598, -34.199277824106389 ], [ -70.688765341511584, -34.199317879990751 ] ] ] } },
{ "type": "Feature", "properties": { "h3": "89b2c1c0a9bffff" }, "geometry": { "type": "Polygon", "coordinates": [ [ [ -70.725665194063879, -34.162097701150657 ], [ -70.726840998052083, -34.163524865268698 ], [ -70.725936612345592, -34.164912837953715 ], [ -70.723856431014539, -34.164873642695142 ], [ -70.72268066337756, -34.163446489743066 ], [ -70.723585040719058, -34.162058520883789 ], [ -70.725665194063879, -34.162097701150657 ] ] ] } },
{ "type": "Feature", "properties": { "h3": "89b2c1c72afffff" }, "geometry": { "type": "Polygon", "coordinates": [ [ [ -70.650799908717602, -34.160665474584881 ], [ -70.651974630386576, -34.162092989085096 ], [ -70.651070319569726, -34.163480070350374 ], [ -70.6489912955834, -34.163439633274749 ], [ -70.6478166103972, -34.162012130001671 ], [ -70.648720912713202, -34.160625052577274 ], [ -70.650799908717602, -34.160665474584881 ] ] ] } },
{ "type": "Feature", "properties": { "h3": "89b2c1c5217ffff" }, "geometry": { "type": "Polygon", "coordinates": [ [ [ -70.683338382078631, -34.207636862094091 ], [ -70.684513796519951, -34.209063393831663 ], [ -70.683609281984531, -34.210449709940505 ], [ -70.681529361451467, -34.210409490496886 ], [ -70.68035398344955, -34.208982969943051 ], [ -70.681258489539971, -34.207596657649312 ], [ -70.683338382078631, -34.207636862094091 ] ] ] } },
{ "type": "Feature", "properties": { "h3": "89b2c1c1387ffff" }, "geometry": { "type": "Polygon", "coordinates": [ [ [ -70.805181218409203, -34.146701982630944 ], [ -70.806358087212914, -34.148129074639229 ], [ -70.805453687547555, -34.149518412435718 ], [ -70.803372427296438, -34.149480654407711 ], [ -70.802195594698659, -34.148053573506637 ], [ -70.803099986144701, -34.146664239526537 ], [ -70.805181218409203, -34.146701982630944 ] ] ] } },
{ "type": "Feature", "properties": { "h3": "89b2c1c03abffff" }, "geometry": { "type": "Polygon", "coordinates": [ [ [ -70.739230369920463, -34.141272314416092 ], [ -70.740406268717337, -34.1426997924654 ], [ -70.739501947392071, -34.144088450450312 ], [ -70.737421735607469, -34.144049626554384 ], [ -70.736245873131693, -34.142622159667575 ], [ -70.737150186118043, -34.141233505514371 ], [ -70.739230369920463, -34.141272314416092 ] ] ] } },
{ "type": "Feature", "properties": { "h3": "89b2c1c100fffff" }, "geometry": { "type": "Polygon", "coordinates": [ [ [ -70.810334961867696, -34.135547923143641 ], [ -70.811511850913931, -34.13697519242929 ], [ -70.810607487834687, -34.138364870928918 ], [ -70.808526243917058, -34.13832727632316 ], [ -70.807349391064307, -34.13690001814458 ], [ -70.808253745934351, -34.135510343464894 ], [ -70.810334961867696, -34.135547923143641 ] ] ] } },
{ "type": "Feature", "properties": { "h3": "89b2c1c0033ffff" }, "geometry": { "type": "Polygon", "coordinates": [ [ [ -70.73760104705012, -34.124373015789061 ], [ -70.738776841627057, -34.125800803449479 ], [ -70.737872583963124, -34.127189861054823 ], [ -70.735792540061667, -34.127151127160914 ], [ -70.734616781803695, -34.125723350670391 ], [ -70.735521031126865, -34.124334296904095 ], [ -70.73760104705012, -34.124373015789061 ] ] ] } },
{ "type": "Feature", "properties": { "h3": "89b2c1c1c73ffff" }, "geometry": { "type": "Polygon", "coordinates": [ [ [ -70.771797021006833, -34.155930925332434 ], [ -70.772973456473025, -34.15735799840683 ], [ -70.772069052078805, -34.158746694640072 ], [ -70.769988220497709, -34.158708313979929 ], [ -70.768811821299295, -34.157281252036427 ], [ -70.769716217412835, -34.155892559622401 ], [ -70.771797021006833, -34.155930925332434 ] ] ] } },
{ "type": "Feature", "properties": { "h3": "89b2c1cad2bffff" }, "geometry": { "type": "Polygon", "coordinates": [ [ [ -70.811437413975526, -34.179140587947593 ], [ -70.812614527624362, -34.180567070405829 ], [ -70.811710003108075, -34.181955679096241 ], [ -70.809628373151682, -34.181917801526815 ], [ -70.808451295707215, -34.180491330159079 ], [ -70.809355812013422, -34.179102725270468 ], [ -70.811437413975526, -34.179140587947593 ] ] ] } },
{ "type": "Feature", "properties": { "h3": "89b2c1cadc7ffff" }, "geometry": { "type": "Polygon", "coordinates": [ [ [ -70.816591786459782, -34.167992241251902 ], [ -70.81776892033092, -34.169418901115819 ], [ -70.816864432429028, -34.170807850593278 ], [ -70.81478281885461, -34.170770136401671 ], [ -70.813605721175421, -34.169343487628097 ], [ -70.814510200877365, -34.167954541955979 ], [ -70.816591786459782, -34.167992241251902 ] ] ] } },
{ "type": "Feature", "properties": { "h3": "89b2c1c09bbffff" }, "geometry": { "type": "Polygon", "coordinates": [ [ [ -70.676291873478405, -34.166777284678226 ], [ -70.677466990978587, -34.168204579496681 ], [ -70.676562633606935, -34.16959182469305 ], [ -70.674483167188754, -34.169551771237771 ], [ -70.673308086128287, -34.168124487623587 ], [ -70.674212435044922, -34.166737246260617 ], [ -70.676291873478405, -34.166777284678226 ] ] ] } },
{ "type": "Feature", "properties": { "h3": "89b2c1c517bffff" }, "geometry": { "type": "Polygon", "coordinates": [ [ [ -70.649700380032172, -34.214000354114255 ], [ -70.650875341230986, -34.215426917619304 ], [ -70.649970834886062, -34.216812658535567 ], [ -70.647891375847507, -34.21677183212806 ], [ -70.646716451149288, -34.215345279831659 ], [ -70.647620948987679, -34.213959542734322 ], [ -70.649700380032172, -34.214000354114255 ] ] ] } },
{ "type": "Feature", "properties": { "h3": "89b2c1c1997ffff" }, "geometry": { "type": "Polygon", "coordinates": [ [ [ -70.742218093980796, -34.172243307233508 ], [ -70.743394183889407, -34.173670217251093 ], [ -70.742489745832245, -34.175058142416518 ], [ -70.740409226200669, -34.175019153746227 ], [ -70.739233172617006, -34.173592254877555 ], [ -70.740137602338592, -34.172204333530452 ], [ -70.742218093980796, -34.172243307233508 ] ] ] } },
{ "type": "Feature", "properties": { "h3": "89b2c1c558fffff" }, "geometry": { "type": "Polygon", "coordinates": [ [ [ -70.637505147567467, -34.184280806119716 ], [ -70.638679790910444, -34.185707955132038 ], [ -70.637775405761857, -34.187094284349726 ], [ -70.635696385795569, -34.187053460721685 ], [ -70.634521778965777, -34.18562632293871 ], [ -70.635426155587751, -34.184239997554613 ], [ -70.637505147567467, -34.184280806119716 ] ] ] } },
{ "type": "Feature", "properties": { "h3": "89b2c1c1583ffff" }, "geometry": { "type": "Polygon", "coordinates": [ [ [ -70.783457333327547, -34.115373995122887 ], [ -70.784633741506838, -34.116801743636145 ], [ -70.783729476073532, -34.118191591332838 ], [ -70.781648810716277, -34.118153686682845 ], [ -70.780472438772151, -34.116725949305589 ], [ -70.781376695948722, -34.115336105442545 ], [ -70.783457333327547, -34.115373995122887 ] ] ] } },
{ "type": "Feature", "properties": { "h3": "89b2c1ce5abffff" }, "geometry": { "type": "Polygon", "coordinates": [ [ [ -70.701245446906597, -34.199557490323983 ], [ -70.702421079865474, -34.200984089123459 ], [ -70.701516578511061, -34.202370828009698 ], [ -70.699436452608381, -34.20233096428165 ], [ -70.698260856054929, -34.200904376654329 ], [ -70.699165348997397, -34.1995176415831 ], [ -70.701245446906597, -34.199557490323983 ] ] ] } },
{ "type": "Feature", "properties": { "h3": "89b2c1d89b7ffff" }, "geometry": { "type": "Polygon", "coordinates": [ [ [ -70.816293251477177, -34.100493937648039 ], [ -70.817470057867979, -34.101921808529688 ], [ -70.816565818576024, -34.103312430879676 ], [ -70.814484781087913, -34.10327517851502 ], [ -70.813308010869704, -34.101847318748128 ], [ -70.814212241965677, -34.100456700231341 ], [ -70.816293251477177, -34.100493937648039 ] ] ] } },
{ "type": "Feature", "properties": { "h3": "89b2c1c120bffff" }, "geometry": { "type": "Polygon", "coordinates": [ [ [ -70.836130642521297, -34.144447207427099 ], [ -70.837307942624292, -34.145874203542469 ], [ -70.836403524680151, -34.147263979175023 ], [ -70.834321814794421, -34.147226754881302 ], [ -70.833144550841737, -34.145799769848956 ], [ -70.834048960623107, -34.144409998027506 ], [ -70.836130642521297, -34.144447207427099 ] ] ] } },
{ "type": "Feature", "properties": { "h3": "89b2c1c022fffff" }, "geometry": { "type": "Polygon", "coordinates": [ [ [ -70.760938299296967, -34.140269532388508 ], [ -70.762114504305814, -34.141696933630406 ], [ -70.761210167204354, -34.143085884857889 ], [ -70.759129633392092, -34.14304743101583 ], [ -70.757953464665619, -34.141620040919229 ], [ -70.758857793467698, -34.140231093519581 ], [ -70.760938299296967, -34.140269532388508 ] ] ] } },
{ "type": "Feature", "properties": { "h3": "89b2c1c1e6fffff" }, "geometry": { "type": "Polygon", "coordinates": [ [ [ -70.795145258109144, -34.171817808193452 ], [ -70.796322103744615, -34.173244493832279 ], [ -70.795417620337091, -34.174633083501213 ], [ -70.793336299531987, -34.174594983723509 ], [ -70.792159490127617, -34.173168309190984 ], [ -70.793063965295872, -34.171779723330069 ], [ -70.795145258109144, -34.171817808193452 ] ] ] } },
{ "type": "Feature", "properties": { "h3": "89b2c1c0d33ffff" }, "geometry": { "type": "Polygon", "coordinates": [ [ [ -70.674938173960825, -34.152702811670515 ], [ -70.676113204649496, -34.154130364357783 ], [ -70.675208900381804, -34.155517942642085 ], [ -70.673129573880573, -34.1554779643998 ], [ -70.671954579629798, -34.154050422922985 ], [ -70.672858875441023, -34.152662848478229 ], [ -70.674938173960825, -34.152702811670515 ] ] ] } },
{ "type": "Feature", "properties": { "h3": "89b2c1c0e93ffff" }, "geometry": { "type": "Polygon", "coordinates": [ [ [ -70.720509869142035, -34.140921791770488 ], [ -70.721685497821753, -34.142349357619089 ], [ -70.720781194778326, -34.143737792780442 ], [ -70.718701271426781, -34.143698658257847 ], [ -70.717525679101101, -34.142271103587035 ], [ -70.718429973771592, -34.14088267226122 ], [ -70.720509869142035, -34.140921791770488 ] ] ] } },
{ "type": "Feature", "properties": { "h3": "89b2c1c0b1bffff" }, "geometry": { "type": "Polygon", "coordinates": [ [ [ -70.708572068453492, -34.178632073258399 ], [ -70.70974770636046, -34.180059015461481 ], [ -70.70884327537658, -34.181446365557449 ], [ -70.706763214881548, -34.181406769628289 ], [ -70.705587613360905, -34.179979838599031 ], [ -70.706492035947591, -34.178592492325294 ], [ -70.708572068453492, -34.178632073258399 ] ] ] } },
{ "type": "Feature", "properties": { "h3": "89b2c1c1d0fffff" }, "geometry": { "type": "Polygon", "coordinates": [ [ [ -70.747644594169799, -34.163914671094396 ], [ -70.748820721958253, -34.165341706727027 ], [ -70.747916309695825, -34.166729906042043 ], [ -70.745835777968708, -34.166691065903933 ], [ -70.744659686493137, -34.165264041418837 ], [ -70.745564090430435, -34.163875845924508 ], [ -70.747644594169799, -34.163914671094396 ] ] ] } },
{ "type": "Feature", "properties": { "h3": "89b2c1c732fffff" }, "geometry": { "type": "Polygon", "coordinates": [ [ [ -70.633711160605472, -34.17718542417758 ], [ -70.634885715362145, -34.178612716642981 ], [ -70.633981359996085, -34.17999917528396 ], [ -70.631902458405008, -34.179958337622452 ], [ -70.630727940166096, -34.178531056392039 ], [ -70.631632286999164, -34.177144601588346 ], [ -70.633711160605472, -34.17718542417758 ] ] ] } },
{ "type": "Feature", "properties": { "h3": "89b2c1c5377ffff" }, "geometry": { "type": "Polygon", "coordinates": [ [ [ -70.666244496773132, -34.224148281843462 ], [ -70.667419744600068, -34.225574591497363 ], [ -70.66651518518205, -34.226960284830319 ], [ -70.664435386412947, -34.226919664697995 ], [ -70.663260175060458, -34.225493366235618 ], [ -70.664164726001275, -34.224107676714233 ], [ -70.666244496773132, -34.224148281843462 ] ] ] } },
{ "type": "Feature", "properties": { "h3": "89b2c1c1407ffff" }, "geometry": { "type": "Polygon", "coordinates": [ [ [ -70.805169736126757, -34.114360830277725 ], [ -70.806346449929435, -34.115788501769231 ], [ -70.80544216926296, -34.11717864266204 ], [ -70.803361183009628, -34.11714110823381 ], [ -70.802184505403332, -34.115713447861097 ], [ -70.803088777852651, -34.114323310798028 ], [ -70.805169736126757, -34.114360830277725 ] ] ] } },
{ "type": "Feature", "properties": { "h3": "89b2c1ce42fffff" }, "geometry": { "type": "Polygon", "coordinates": [ [ [ -70.722952703434345, -34.198567025213769 ], [ -70.724128643199876, -34.199993547141183 ], [ -70.723224125598293, -34.201380579301862 ], [ -70.721143676602239, -34.201341085724131 ], [ -70.719967773203521, -34.199914574951691 ], [ -70.72087228243268, -34.198527546602207 ], [ -70.722952703434345, -34.198567025213769 ] ] ] } },
{ "type": "Feature", "properties": { "h3": "89b2c1c00cfffff" }, "geometry": { "type": "Polygon", "coordinates": [ [ [ -70.749538425637994, -34.118970379246534 ], [ -70.750714365434021, -34.120398211567121 ], [ -70.749810116897294, -34.121787550910192 ], [ -70.747729936881839, -34.121749054093989 ], [ -70.746554033382054, -34.120321232935552 ], [ -70.747458273600117, -34.118931897431402 ], [ -70.749538425637994, -34.118970379246534 ] ] ] } },
{ "type": "Feature", "properties": { "h3": "89b2c1c042bffff" }, "geometry": { "type": "Polygon", "coordinates": [ [ [ -70.739227567961436, -34.108936144235493 ], [ -70.740403312012262, -34.110364200957896 ], [ -70.739499109665516, -34.11175366195836 ], [ -70.737419171603321, -34.111715062391454 ], [ -70.736243463864028, -34.110287016843102 ], [ -70.737147657874047, -34.10889755968779 ], [ -70.739227567961436, -34.108936144235493 ] ] ] } },
{ "type": "Feature", "properties": { "h3": "89b2c1c108fffff" }, "geometry": { "type": "Polygon", "coordinates": [ [ [ -70.806531969608201, -34.128448709688833 ], [ -70.807708770313823, -34.12987612289281 ], [ -70.80680443664582, -34.13126593078605 ], [ -70.804723310486466, -34.131228321651875 ], [ -70.803546545978989, -34.129800919560573 ], [ -70.804450871431371, -34.128411115490955 ], [ -70.806531969608201, -34.128448709688833 ] ] ] } },
{ "type": "Feature", "properties": { "h3": "89b2c1c10abffff" }, "geometry": { "type": "Polygon", "coordinates": [ [ [ -70.803818974432872, -34.132618059116915 ], [ -70.804995756321929, -34.134045409538736 ], [ -70.804091409666881, -34.135435080397237 ], [ -70.802010289342235, -34.135397397011658 ], [ -70.800833543657333, -34.133970057703216 ], [ -70.801737882091572, -34.132580390667165 ], [ -70.803818974432872, -34.132618059116915 ] ] ] } },
{ "type": "Feature", "properties": { "h3": "89b2c1ce0b7ffff" }, "geometry": { "type": "Polygon", "coordinates": [ [ [ -70.717525571491279, -34.206888658318505 ], [ -70.718701473269959, -34.20831505456826 ], [ -70.717796929943134, -34.209701812510986 ], [ -70.715716493219162, -34.209662170395312 ], [ -70.714540627819318, -34.208235785301902 ], [ -70.715445162763288, -34.206849031168012 ], [ -70.717525571491279, -34.206888658318505 ] ] ] } },
{ "type": "Feature", "properties": { "h3": "89b2c1c00b3ffff" }, "geometry": { "type": "Polygon", "coordinates": [ [ [ -70.733802327376736, -34.117272350622379 ], [ -70.734978033531846, -34.118700281855233 ], [ -70.734073805428054, -34.120089468810249 ], [ -70.731993879514974, -34.120050720689861 ], [ -70.730818209683434, -34.118622800632494 ], [ -70.731722429440055, -34.117233617520213 ], [ -70.733802327376736, -34.117272350622379 ] ] ] } },
{ "type": "Feature", "properties": { "h3": "89b2c1c0d17ffff" }, "geometry": { "type": "Polygon", "coordinates": [ [ [ -70.677651042116139, -34.148539739921674 ], [ -70.678826091875763, -34.14996735537926 ], [ -70.677921800396888, -34.151355070725906 ], [ -70.675842467608362, -34.151315166774445 ], [ -70.674667454280652, -34.149887562526608 ], [ -70.675571737308204, -34.148499851020702 ], [ -70.677651042116139, -34.148539739921674 ] ] ] } },
{ "type": "Feature", "properties": { "h3": "89b2c1c5573ffff" }, "geometry": { "type": "Polygon", "coordinates": [ [ [ -70.644553363757183, -34.192843240574739 ], [ -70.645728149551033, -34.194270205720464 ], [ -70.644823726111653, -34.195656409329736 ], [ -70.642744525391507, -34.195615643964771 ], [ -70.641569776100994, -34.194188690039589 ], [ -70.642474191025968, -34.192802490259005 ], [ -70.644553363757183, -34.192843240574739 ] ] ] } },
{ "type": "Feature", "properties": { "h3": "89b2c1c197bffff" }, "geometry": { "type": "Polygon", "coordinates": [ [ [ -70.756060882828081, -34.186549865504446 ], [ -70.75723723963435, -34.187976458312562 ], [ -70.756332736456386, -34.189364198823647 ], [ -70.75425188478215, -34.189325342717105 ], [ -70.753075564280579, -34.187898761041524 ], [ -70.753980059147182, -34.186511024340135 ], [ -70.756060882828081, -34.186549865504446 ] ] ] } },
{ "type": "Feature", "properties": { "h3": "89b2c1cadabffff" }, "geometry": { "type": "Polygon", "coordinates": [ [ [ -70.807633684811776, -34.17204559103142 ], [ -70.80881071009, -34.173472217618517 ], [ -70.807906214993082, -34.174860955780574 ], [ -70.805824702833092, -34.174823063550285 ], [ -70.804647713763899, -34.173396448059314 ], [ -70.805552200644286, -34.172007713702712 ], [ -70.807633684811776, -34.17204559103142 ] ] ] } },
{ "type": "Feature", "properties": { "h3": "89b2c1c1603ffff" }, "geometry": { "type": "Polygon", "coordinates": [ [ [ -70.830962046682274, -34.123261988337596 ], [ -70.832139171537733, -34.124689387007997 ], [ -70.831234835941203, -34.126079625096963 ], [ -70.829153383658664, -34.126042460694855 ], [ -70.827976294956457, -34.124615073119244 ], [ -70.828880622382187, -34.123224838851129 ], [ -70.830962046682274, -34.123261988337596 ] ] ] } },
{ "type": "Feature", "properties": { "h3": "89b2c1c0627ffff" }, "geometry": { "type": "Polygon", "coordinates": [ [ [ -70.75577907370203, -34.119085617605741 ], [ -70.75695510344454, -34.120513420646617 ], [ -70.756050848894787, -34.121902834259856 ], [ -70.7539705729085, -34.121864440994798 ], [ -70.752794579451262, -34.120436649110985 ], [ -70.753698825693689, -34.11904723933538 ], [ -70.75577907370203, -34.119085617605741 ] ] ] } },
{ "type": "Feature", "properties": { "h3": "89b2c1ce44bffff" }, "geometry": { "type": "Polygon", "coordinates": [ [ [ -70.74113460737523, -34.193293045524555 ], [ -70.742310782601209, -34.194719582650684 ], [ -70.741406267965502, -34.196106970900779 ], [ -70.739325586441453, -34.196067818215127 ], [ -70.738149447548579, -34.194641292231182 ], [ -70.7390539538453, -34.193253907790911 ], [ -70.74113460737523, -34.193293045524555 ] ] ] } },
{ "type": "Feature", "properties": { "h3": "89b2c1c128bffff" }, "geometry": { "type": "Polygon", "coordinates": [ [ [ -70.832326060863124, -34.137348989139632 ], [ -70.833503272651001, -34.138776129319247 ], [ -70.832598884066343, -34.140166034369777 ], [ -70.830517291861696, -34.140128795426129 ], [ -70.829340116228792, -34.138701666335152 ], [ -70.830244496644212, -34.13731176509939 ], [ -70.832326060863124, -34.137348989139632 ] ] ] } },
{ "type": "Feature", "properties": { "h3": "89b2c1c1423ffff" }, "geometry": { "type": "Polygon", "coordinates": [ [ [ -70.802456899960106, -34.118531178702106 ], [ -70.803633594945737, -34.119958787427358 ], [ -70.802729301295827, -34.121348791298942 ], [ -70.800648320881308, -34.121311182616914 ], [ -70.799471662098114, -34.119883585011181 ], [ -70.800375947525652, -34.118493584968149 ], [ -70.802456899960106, -34.118531178702106 ] ] ] } },
{ "type": "Feature", "properties": { "h3": "89b2c1c501bffff" }, "geometry": { "type": "Polygon", "coordinates": [ [ [ -70.666792610751799, -34.197488982441556 ], [ -70.667967738735229, -34.198915768035519 ], [ -70.667063277108326, -34.200302131699992 ], [ -70.664983695971017, -34.200261705948215 ], [ -70.663808604453138, -34.198834931555076 ], [ -70.664713057605681, -34.197448571713089 ], [ -70.666792610751799, -34.197488982441556 ] ] ] } },
{ "type": "Feature", "properties": { "h3": "89b2c1c02afffff" }, "geometry": { "type": "Polygon", "coordinates": [ [ [ -70.757138017313949, -34.133170518825885 ], [ -70.758314133918063, -34.134598063809648 ], [ -70.75740982633198, -34.135987144422955 ], [ -70.755329410446222, -34.13594867622119 ], [ -70.754153330129114, -34.134521142388351 ], [ -70.755057629409393, -34.13313206560656 ], [ -70.757138017313949, -34.133170518825885 ] ] ] } },
{ "type": "Feature", "properties": { "h3": "89b2c1c0b9bffff" }, "geometry": { "type": "Polygon", "coordinates": [ [ [ -70.704774148925154, -34.171536497018799 ], [ -70.705949698335814, -34.172963582934514 ], [ -70.705045296985546, -34.174351062467316 ], [ -70.702965354626812, -34.174311452258706 ], [ -70.70178984160701, -34.172884377522507 ], [ -70.702694234553704, -34.171496901815594 ], [ -70.704774148925154, -34.171536497018799 ] ] ] } },
{ "type": "Feature", "properties": { "h3": "89b2c1c0823ffff" }, "geometry": { "type": "Polygon", "coordinates": [ [ [ -70.697992394212207, -34.16578821231149 ], [ -70.699167818731638, -34.167215430705802 ], [ -70.698263444812838, -34.168602969209772 ], [ -70.69618365478884, -34.168563285489981 ], [ -70.695008266670555, -34.167136078282709 ], [ -70.695912632173815, -34.165748543608373 ], [ -70.697992394212207, -34.16578821231149 ] ] ] } },
{ "type": "Feature", "properties": { "h3": "89b2c1cac2fffff" }, "geometry": { "type": "Polygon", "coordinates": [ [ [ -70.829354782647329, -34.171033409057394 ], [ -70.830532113402683, -34.172459958018202 ], [ -70.829627603360947, -34.173848989340968 ], [ -70.82754577073942, -34.173811467901579 ], [ -70.826368476154258, -34.172384930019717 ], [ -70.827272978019067, -34.17099590249849 ], [ -70.829354782647329, -34.171033409057394 ] ] ] } },
{ "type": "Feature", "properties": { "h3": "89b2c1c1487ffff" }, "geometry": { "type": "Polygon", "coordinates": [ [ [ -70.801367362404264, -34.107259545936692 ], [ -70.802543987875197, -34.108687361225307 ], [ -70.80163973662566, -34.110077631471995 ], [ -70.799558868127463, -34.110040082596861 ], [ -70.798382278857574, -34.108612278432631 ], [ -70.799286521883502, -34.107222012019371 ], [ -70.801367362404264, -34.107259545936692 ] ] ] } },
{ "type": "Feature", "properties": { "h3": "89b2c1ce4afffff" }, "geometry": { "type": "Polygon", "coordinates": [ [ [ -70.719153663094204, -34.191473447604885 ], [ -70.720329514366597, -34.192900113396945 ], [ -70.719425026373486, -34.194287275034497 ], [ -70.717344695485494, -34.194247767065306 ], [ -70.716168880584519, -34.192821112433869 ], [ -70.717073360198782, -34.191433954611192 ], [ -70.719153663094204, -34.191473447604885 ] ] ] } },
{ "type": "Feature", "properties": { "h3": "89b2c1ca8b7ffff" }, "geometry": { "type": "Polygon", "coordinates": [ [ [ -70.823927694826793, -34.179367037295407 ], [ -70.825104988019291, -34.180793460582549 ], [ -70.824200451927283, -34.182182217753159 ], [ -70.822118630828754, -34.182144547837623 ], [ -70.820941373818513, -34.180718135630819 ], [ -70.821845901723179, -34.179329382259418 ], [ -70.823927694826793, -34.179367037295407 ] ] ] } },
{ "type": "Feature", "properties": { "h3": "89b2c1c110fffff" }, "geometry": { "type": "Polygon", "coordinates": [ [ [ -70.789436626621665, -34.145009863405662 ], [ -70.790613262194, -34.146437054901433 ], [ -70.789708882474855, -34.147826240377178 ], [ -70.787627875429877, -34.147788230537138 ], [ -70.786451276090844, -34.146361050161936 ], [ -70.787355647562151, -34.144971868506389 ], [ -70.789436626621665, -34.145009863405662 ] ] ] } },
{ "type": "Feature", "properties": { "h3": "89b2c1c0133ffff" }, "geometry": { "type": "Polygon", "coordinates": [ [ [ -70.716711858497348, -34.133822636253754 ], [ -70.717887398722468, -34.135250345684476 ], [ -70.71698312527873, -34.136638910219489 ], [ -70.714903319987812, -34.136599761484767 ], [ -70.713727816121335, -34.135172063237455 ], [ -70.714632081185755, -34.133783502541668 ], [ -70.716711858497348, -34.133822636253754 ] ] ] } },
{ "type": "Feature", "properties": { "h3": "89b2c1c1d73ffff" }, "geometry": { "type": "Polygon", "coordinates": [ [ [ -70.750901287706114, -34.165380487565741 ], [ -70.752077469178445, -34.166807482683453 ], [ -70.751173048596669, -34.168195685817899 ], [ -70.749092454860559, -34.168156890015375 ], [ -70.747916309695825, -34.166729906042043 ], [ -70.748820721958253, -34.165341706727027 ], [ -70.750901287706114, -34.165380487565741 ] ] ] } },
{ "type": "Feature", "properties": { "h3": "89b2c1c5393ffff" }, "geometry": { "type": "Polygon", "coordinates": [ [ [ -70.661636417913371, -34.208619353917534 ], [ -70.662811525057947, -34.210045962237928 ], [ -70.66190702725396, -34.211431985031624 ], [ -70.659827430788567, -34.211391395686263 ], [ -70.658652360121948, -34.209964798566823 ], [ -70.659556849441444, -34.208578779591974 ], [ -70.661636417913371, -34.208619353917534 ] ] ] } },
{ "type": "Feature", "properties": { "h3": "89b2c1c7233ffff" }, "geometry": { "type": "Polygon", "coordinates": [ [ [ -70.654053688726862, -34.162133366929524 ], [ -70.655228464231413, -34.163560841103049 ], [ -70.654324144919514, -34.164947926207958 ], [ -70.652245058596762, -34.16490753329991 ], [ -70.651070319569726, -34.163480070350374 ], [ -70.651974630386576, -34.162092989085096 ], [ -70.654053688726862, -34.162133366929524 ] ] ] } },
{ "type": "Feature", "properties": { "h3": "89b2c1c1683ffff" }, "geometry": { "type": "Polygon", "coordinates": [ [ [ -70.827158083642217, -34.116161697703596 ], [ -70.828335120191383, -34.117589240317159 ], [ -70.827430813960092, -34.118979607784453 ], [ -70.825349479355523, -34.11894242881386 ], [ -70.824172478964272, -34.117514897300694 ], [ -70.825076777018324, -34.116124533657946 ], [ -70.827158083642217, -34.116161697703596 ] ] ] } },
{ "type": "Feature", "properties": { "h3": "89b2c1c06a7ffff" }, "geometry": { "type": "Polygon", "coordinates": [ [ [ -70.751979410208136, -34.111984534791894 ], [ -70.753155351554838, -34.113412481453373 ], [ -70.752251126526104, -34.114802024412782 ], [ -70.750170968463081, -34.114763616869567 ], [ -70.748995063406269, -34.113335681370778 ], [ -70.749899280121241, -34.111946142252719 ], [ -70.751979410208136, -34.111984534791894 ] ] ] } },
{ "type": "Feature", "properties": { "h3": "89b2c1c130bffff" }, "geometry": { "type": "Polygon", "coordinates": [ [ [ -70.815228658400244, -34.153912419176351 ], [ -70.816405705331405, -34.15533933767 ], [ -70.815501270441402, -34.156728620286167 ], [ -70.813419796820384, -34.15669098059746 ], [ -70.812242786079437, -34.155264073200321 ], [ -70.813147212767944, -34.153874794395563 ], [ -70.815228658400244, -34.153912419176351 ] ] ] } },
{ "type": "Feature", "properties": { "h3": "89b2c1c032fffff" }, "geometry": { "type": "Polygon", "coordinates": [ [ [ -70.740045122617289, -34.149720367829943 ], [ -70.741221073530184, -34.151147691014259 ], [ -70.74031672037141, -34.152536149162614 ], [ -70.738236424636426, -34.152497280298817 ], [ -70.73706051004568, -34.151069968273283 ], [ -70.737964854866419, -34.14968151395297 ], [ -70.740045122617289, -34.149720367829943 ] ] ] } },
{ "type": "Feature", "properties": { "h3": "89b2c1c734bffff" }, "geometry": { "type": "Polygon", "coordinates": [ [ [ -70.651881592530287, -34.171923148612656 ], [ -70.653056383634279, -34.173350456883782 ], [ -70.652152030319328, -34.174737271667617 ], [ -70.650072894398761, -34.174696774344532 ], [ -70.648898139778979, -34.173269477295605 ], [ -70.649802484594247, -34.171882666347749 ], [ -70.651881592530287, -34.171923148612656 ] ] ] } },
{ "type": "Feature", "properties": { "h3": "89b2c1c0b37ffff" }, "geometry": { "type": "Polygon", "coordinates": [ [ [ -70.696634439874728, -34.184022356221185 ], [ -70.697809932202517, -34.185449253717366 ], [ -70.696905492363356, -34.18683632199027 ], [ -70.694825568614291, -34.186796488944857 ], [ -70.693650112695465, -34.185369602630217 ], [ -70.694554544115391, -34.183982538179635 ], [ -70.696634439874728, -34.184022356221185 ] ] ] } },
{ "type": "Feature", "properties": { "h3": "89b2c1c0c1bffff" }, "geometry": { "type": "Polygon", "coordinates": [ [ [ -70.704775880464098, -34.139219566002495 ], [ -70.705951275220642, -34.140647230687996 ], [ -70.705046992869953, -34.14203551345198 ], [ -70.702967324162756, -34.141996127691321 ], [ -70.701791965787535, -34.140568474196932 ], [ -70.702696239736838, -34.139180195272289 ], [ -70.704775880464098, -34.139219566002495 ] ] ] } },
{ "type": "Feature", "properties": { "h3": "89b2c1c5477ffff" }, "geometry": { "type": "Polygon", "coordinates": [ [ [ -70.662455566847072, -34.184767819845057 ], [ -70.663630571542257, -34.186194852273502 ], [ -70.662726160890088, -34.187581478665528 ], [ -70.660646754022736, -34.187541068800655 ], [ -70.659471785796981, -34.186114047581164 ], [ -70.660376187967799, -34.184727425017762 ], [ -70.662455566847072, -34.184767819845057 ] ] ] } },
{ "type": "Feature", "properties": { "h3": "89b2c1c08a3ffff" }, "geometry": { "type": "Polygon", "coordinates": [ [ [ -70.694195271168283, -34.158691343175313 ], [ -70.69537060718784, -34.16011870517886 ], [ -70.694466262921537, -34.161506373093367 ], [ -70.692386591056277, -34.161466675171212 ], [ -70.691211291442457, -34.160039324360362 ], [ -70.692115627286825, -34.158651660279155 ], [ -70.694195271168283, -34.158691343175313 ] ] ] } },
{ "type": "Feature", "properties": { "h3": "89b2c1cacafffff" }, "geometry": { "type": "Polygon", "coordinates": [ [ [ -70.825550170534257, -34.163937723420553 ], [ -70.826727412946966, -34.165364416543994 ], [ -70.825822932285249, -34.166753577329906 ], [ -70.823741217392808, -34.166716041187357 ], [ -70.822564011154924, -34.165289359148503 ], [ -70.823468483633292, -34.163900202167802 ], [ -70.825550170534257, -34.163937723420553 ] ] ] } },
{ "type": "Feature", "properties": { "h3": "89b2c1c1507ffff" }, "geometry": { "type": "Polygon", "coordinates": [ [ [ -70.784273781884863, -34.123826429079848 ], [ -70.785450242193264, -34.125254022699252 ], [ -70.784545944950736, -34.126643670604167 ], [ -70.782465195654268, -34.12660572105991 ], [ -70.781288771582069, -34.125178138572835 ], [ -70.782193060568801, -34.123788494497909 ], [ -70.784273781884863, -34.123826429079848 ] ] ] } },
{ "type": "Feature", "properties": { "h3": "89b2c1ce52fffff" }, "geometry": { "type": "Polygon", "coordinates": [ [ [ -70.702058861975857, -34.207997148448769 ], [ -70.703234547054663, -34.209423592250992 ], [ -70.702330013836658, -34.210810131189561 ], [ -70.700249803949546, -34.210770222514739 ], [ -70.699074155277231, -34.209343789880961 ], [ -70.6999786800842, -34.207957254753751 ], [ -70.702058861975857, -34.207997148448769 ] ] ] } },
{ "type": "Feature", "properties": { "h3": "89b2c1c052bffff" }, "geometry": { "type": "Polygon", "coordinates": [ [ [ -70.718339507192326, -34.118389529058653 ], [ -70.719514996943417, -34.119817507521951 ], [ -70.718610778799615, -34.121206475483049 ], [ -70.716531079278724, -34.121167461135705 ], [ -70.715355625878829, -34.119739493860024 ], [ -70.716259835647321, -34.118350529744269 ], [ -70.718339507192326, -34.118389529058653 ] ] ] } },
{ "type": "Feature", "properties": { "h3": "89b2c1c118fffff" }, "geometry": { "type": "Polygon", "coordinates": [ [ [ -70.785634664954287, -34.137911454224884 ], [ -70.786811212153481, -34.139338789599691 ], [ -70.785906861891434, -34.140728104479116 ], [ -70.783825972683132, -34.14069008016002 ], [ -70.782649461721917, -34.139262755911403 ], [ -70.783553803729689, -34.137873444855877 ], [ -70.785634664954287, -34.137911454224884 ] ] ] } },
{ "type": "Feature", "properties": { "h3": "89b2c1c01b3ffff" }, "geometry": { "type": "Polygon", "coordinates": [ [ [ -70.712914172066974, -34.126722777166904 ], [ -70.714089623838049, -34.12815063013074 ], [ -70.713185380000141, -34.129539324025494 ], [ -70.711105692775604, -34.129500161113633 ], [ -70.709930277367803, -34.128072319338834 ], [ -70.710834512819943, -34.126683629287029 ], [ -70.712914172066974, -34.126722777166904 ] ] ] } },
{ "type": "Feature", "properties": { "h3": "89b2c1c0e17ffff" }, "geometry": { "type": "Polygon", "coordinates": [ [ [ -70.721323866315259, -34.149369440177743 ], [ -70.722499547100611, -34.150796851223134 ], [ -70.7215952122164, -34.152185086552393 ], [ -70.719515204917528, -34.152145907004609 ], [ -70.718339560487294, -34.150718507133298 ], [ -70.719243886999493, -34.14933027563589 ], [ -70.721323866315259, -34.149369440177743 ] ] ] } },
{ "type": "Feature", "properties": { "h3": "89b2c1c0eafffff" }, "geometry": { "type": "Polygon", "coordinates": [ [ [ -70.715355286541012, -34.152067444374374 ], [ -70.716530894610457, -34.153494833069665 ], [ -70.715626555246672, -34.154882927507714 ], [ -70.713546616195103, -34.15484362941875 ], [ -70.712371044492102, -34.153416251901383 ], [ -70.713275375472847, -34.152028161295256 ], [ -70.715355286541012, -34.152067444374374 ] ] ] } },
{ "type": "Feature", "properties": { "h3": "89b2c1c5673ffff" }, "geometry": { "type": "Polygon", "coordinates": [ [ [ -70.688223434463936, -34.193691029672273 ], [ -70.689398852285819, -34.195117790353365 ], [ -70.688494384614017, -34.196504513972187 ], [ -70.686414507554176, -34.19646447309016 ], [ -70.685239126158962, -34.195037723593913 ], [ -70.68614358539557, -34.193651003795026 ], [ -70.688223434463936, -34.193691029672273 ] ] ] } },
{ "type": "Feature", "properties": { "h3": "89b2c1c3343ffff" }, "geometry": { "type": "Polygon", "coordinates": [ [ [ -70.794852652967421, -34.104328681686624 ], [ -70.796029171277283, -34.105756577974795 ], [ -70.795124936480789, -34.107146840553384 ], [ -70.793044191608345, -34.107109203008001 ], [ -70.791867709510214, -34.105681317850539 ], [ -70.792771936071446, -34.104291059107929 ], [ -70.794852652967421, -34.104328681686624 ] ] ] } },
{ "type": "Feature", "properties": { "h3": "89b2c1c1e8bffff" }, "geometry": { "type": "Polygon", "coordinates": [ [ [ -70.790525690694736, -34.156274661510487 ], [ -70.791702395794516, -34.157701646273651 ], [ -70.7907979736556, -34.159090565273367 ], [ -70.788716854662184, -34.159052495694766 ], [ -70.787540185797113, -34.157625522047226 ], [ -70.788444599689399, -34.156236606862848 ], [ -70.790525690694736, -34.156274661510487 ] ] ] } },
{ "type": "Feature", "properties": { "h3": "89b2c1c138bffff" }, "geometry": { "type": "Polygon", "coordinates": [ [ [ -70.811425106432168, -34.146815004482789 ], [ -70.81260206501554, -34.148242067001377 ], [ -70.81169765953095, -34.149631479045574 ], [ -70.809616303669557, -34.14959382475628 ], [ -70.808439381281048, -34.148166773339838 ], [ -70.80934377855769, -34.146777365110722 ], [ -70.811425106432168, -34.146815004482789 ] ] ] } },
{ "type": "Feature", "properties": { "h3": "89b2c1c03afffff" }, "geometry": { "type": "Polygon", "coordinates": [ [ [ -70.736245873131693, -34.142622159667575 ], [ -70.737421735607469, -34.144049626554384 ], [ -70.736517412009846, -34.14543821409859 ], [ -70.734437234279525, -34.14539933092442 ], [ -70.733261408130474, -34.143971875202013 ], [ -70.734165723383654, -34.142583291489565 ], [ -70.736245873131693, -34.142622159667575 ] ] ] } },
{ "type": "Feature", "properties": { "h3": "89b2c1c1013ffff" }, "geometry": { "type": "Polygon", "coordinates": [ [ [ -70.809789930280488, -34.129913672710252 ], [ -70.810966784560833, -34.131341045353025 ], [ -70.810062442683048, -34.13273085706863 ], [ -70.807981254733349, -34.132693292319303 ], [ -70.80680443664582, -34.13126593078605 ], [ -70.807708770313823, -34.12987612289281 ], [ -70.809789930280488, -34.129913672710252 ] ] ] } },
{ "type": "Feature", "properties": { "h3": "89b2c1c0037ffff" }, "geometry": { "type": "Polygon", "coordinates": [ [ [ -70.734616781803695, -34.125723350670391 ], [ -70.735792540061667, -34.127151127160914 ], [ -70.734888280128459, -34.128540114329937 ], [ -70.732808270282192, -34.12850132116953 ], [ -70.731632548348855, -34.127073555850821 ], [ -70.732536799935787, -34.125684572520882 ], [ -70.734616781803695, -34.125723350670391 ] ] ] } },
{ "type": "Feature", "properties": { "h3": "89b2c1c024bffff" }, "geometry": { "type": "Polygon", "coordinates": [ [ [ -70.779120070837521, -34.134980598803992 ], [ -70.78029651079882, -34.13640801523065 ], [ -70.779392177051193, -34.137797322461019 ], [ -70.777311411606846, -34.137759209438514 ], [ -70.776135007894169, -34.136331804144326 ], [ -70.777039333375868, -34.134942500740358 ], [ -70.779120070837521, -34.134980598803992 ] ] ] } },
{ "type": "Feature", "properties": { "h3": "89b2c1c1c77ffff" }, "geometry": { "type": "Polygon", "coordinates": [ [ [ -70.768811821299295, -34.157281252036427 ], [ -70.769988220497709, -34.158708313979929 ], [ -70.76908381377595, -34.160096939772778 ], [ -70.767003016140634, -34.160058499803078 ], [ -70.765826653215697, -34.158631448992381 ], [ -70.766731051651263, -34.157242827018784 ], [ -70.768811821299295, -34.157281252036427 ] ] ] } },
{ "type": "Feature", "properties": { "h3": "89b2c1c0c9bffff" }, "geometry": { "type": "Polygon", "coordinates": [ [ [ -70.700978784846967, -34.132120167719393 ], [ -70.702154091131035, -34.133547975915555 ], [ -70.701249838412323, -34.134936388044942 ], [ -70.699170287816003, -34.134896988135367 ], [ -70.697995017917833, -34.13346919113598 ], [ -70.69889926222875, -34.13208078284962 ], [ -70.700978784846967, -34.132120167719393 ] ] ] } },
{ "type": "Feature", "properties": { "h3": "89b2c1c1227ffff" }, "geometry": { "type": "Polygon", "coordinates": [ [ [ -70.824186463604661, -34.149856678482735 ], [ -70.825363619072235, -34.151283630254404 ], [ -70.824459191414675, -34.15267312416799 ], [ -70.822377616473062, -34.152635662498845 ], [ -70.821200497178594, -34.151208721817923 ], [ -70.82210491665127, -34.149819231715604 ], [ -70.824186463604661, -34.149856678482735 ] ] ] } },
{ "type": "Feature", "properties": { "h3": "89b2c1c0923ffff" }, "geometry": { "type": "Polygon", "coordinates": [ [ [ -70.677104174090914, -34.17522055008542 ], [ -70.678279343683371, -34.176647690129869 ], [ -70.677374954446833, -34.178034735450296 ], [ -70.675295404070638, -34.17799463689672 ], [ -70.674120270918948, -34.176567508052827 ], [ -70.675024651701364, -34.175180466562132 ], [ -70.677104174090914, -34.17522055008542 ] ] ] } },
{ "type": "Feature", "properties": { "h3": "89b2c1cad2fffff" }, "geometry": { "type": "Polygon", "coordinates": [ [ [ -70.808451295707215, -34.180491330159079 ], [ -70.809628373151682, -34.181917801526815 ], [ -70.808723846240525, -34.183306339775811 ], [ -70.806642250099159, -34.183268402855418 ], [ -70.80546520886476, -34.1818419425801 ], [ -70.806369727560295, -34.180453408132941 ], [ -70.808451295707215, -34.180491330159079 ] ] ] } },
{ "type": "Feature", "properties": { "h3": "89b2c1c1587ffff" }, "geometry": { "type": "Polygon", "coordinates": [ [ [ -70.780472438772151, -34.116725949305589 ], [ -70.781648810716277, -34.118153686682845 ], [ -70.780744542936517, -34.119543463951821 ], [ -70.778663911473544, -34.119505500010028 ], [ -70.77748757577028, -34.118077773770686 ], [ -70.778391835287763, -34.116688000335422 ], [ -70.780472438772151, -34.116725949305589 ] ] ] } },
{ "type": "Feature", "properties": { "h3": "89b2c1ce5afffff" }, "geometry": { "type": "Polygon", "coordinates": [ [ [ -70.698260856054929, -34.200904376654329 ], [ -70.699436452608381, -34.20233096428165 ], [ -70.698531949044607, -34.203717632706784 ], [ -70.69645185734349, -34.203677709689785 ], [ -70.695276297201147, -34.202251133236587 ], [ -70.696180792347462, -34.200864468626477 ], [ -70.698260856054929, -34.200904376654329 ] ] ] } },
{ "type": "Feature", "properties": { "h3": "89b2c1c120fffff" }, "geometry": { "type": "Polygon", "coordinates": [ [ [ -70.833144550841737, -34.145799769848956 ], [ -70.834321814794421, -34.147226754881302 ], [ -70.833417394414397, -34.148616460085286 ], [ -70.831335718248653, -34.148579176445978 ], [ -70.830158490451964, -34.14715220249861 ], [ -70.83106290266366, -34.145762501105771 ], [ -70.833144550841737, -34.145799769848956 ] ] ] } },
{ "type": "Feature", "properties": { "h3": "89b2c1c0233ffff" }, "geometry": { "type": "Polygon", "coordinates": [ [ [ -70.760394583783281, -34.134636472724964 ], [ -70.761570754042779, -34.136063977231821 ], [ -70.76066643815669, -34.137453061675409 ], [ -70.758585960309759, -34.137414637782065 ], [ -70.75740982633198, -34.135987144422955 ], [ -70.758314133918063, -34.134598063809648 ], [ -70.760394583783281, -34.134636472724964 ] ] ] } },
{ "type": "Feature", "properties": { "h3": "89b2c1c1e73ffff" }, "geometry": { "type": "Polygon", "coordinates": [ [ [ -70.794600553991742, -34.166186902533752 ], [ -70.795777364856548, -34.16761369160281 ], [ -70.794872902660757, -34.169002414535512 ], [ -70.792791637838704, -34.168964344588915 ], [ -70.79161486320433, -34.167537566628624 ], [ -70.792519317160227, -34.166148847506363 ], [ -70.794600553991742, -34.166186902533752 ] ] ] } },
{ "type": "Feature", "properties": { "h3": "89b2c1c0e97ffff" }, "geometry": { "type": "Polygon", "coordinates": [ [ [ -70.717525679101101, -34.142271103587035 ], [ -70.718701271426781, -34.143698658257847 ], [ -70.717796966142586, -34.145087022976142 ], [ -70.715717076909812, -34.145047829188243 ], [ -70.714541520943854, -34.143620285697132 ], [ -70.715445817849613, -34.142231924814411 ], [ -70.717525679101101, -34.142271103587035 ] ] ] } },
{ "type": "Feature", "properties": { "h3": "89b2c1ce5c7ffff" }, "geometry": { "type": "Polygon", "coordinates": [ [ [ -70.710199411292194, -34.195516052839444 ], [ -70.711375153433323, -34.196942685143895 ], [ -70.710470658737023, -34.19832963540906 ], [ -70.708390430293633, -34.198289949555054 ], [ -70.707214724540904, -34.196863328417017 ], [ -70.708119210841815, -34.195476381966792 ], [ -70.710199411292194, -34.195516052839444 ] ] ] } },
{ "type": "Feature", "properties": { "h3": "89b2c1c7333ffff" }, "geometry": { "type": "Polygon", "coordinates": [ [ [ -70.63317078201149, -34.171557567438384 ], [ -70.634345302054996, -34.172984963003486 ], [ -70.633440967944011, -34.174371554893625 ], [ -70.631362122321789, -34.174330747379138 ], [ -70.630187638795306, -34.172903363051532 ], [ -70.6310919643727, -34.171516775001116 ], [ -70.63317078201149, -34.171557567438384 ] ] ] } },
{ "type": "Feature", "properties": { "h3": "89b2c1c5003ffff" }, "geometry": { "type": "Polygon", "coordinates": [ [ [ -70.663808604453138, -34.198834931555076 ], [ -70.664983695971017, -34.200261705948215 ], [ -70.664079232192861, -34.201647999147887 ], [ -70.661999685375378, -34.201607514132128 ], [ -70.660824630328719, -34.200180750941733 ], [ -70.661729085626988, -34.19879446156456 ], [ -70.663808604453138, -34.198834931555076 ] ] ] } },
{ "type": "Feature", "properties": { "h3": "89b2c1c140bffff" }, "geometry": { "type": "Polygon", "coordinates": [ [ [ -70.811412802128373, -34.114473181387439 ], [ -70.812589605687165, -34.115900823459626 ], [ -70.811685319202937, -34.117291038604549 ], [ -70.809604237364397, -34.117253607849058 ], [ -70.808427469990974, -34.115825976890598 ], [ -70.809331748269372, -34.114435765574108 ], [ -70.811412802128373, -34.114473181387439 ] ] ] } },
{ "type": "Feature", "properties": { "h3": "89b2c1ce433ffff" }, "geometry": { "type": "Polygon", "coordinates": [ [ [ -70.722409879381431, -34.192939562068801 ], [ -70.723585784394913, -34.194366187349488 ], [ -70.722681288028809, -34.195753352800651 ], [ -70.720600895020894, -34.195713889157716 ], [ -70.719425026373486, -34.194287275034497 ], [ -70.720329514366597, -34.192900113396945 ], [ -70.722409879381431, -34.192939562068801 ] ] ] } },
{ "type": "Feature", "properties": { "h3": "89b2c1c042fffff" }, "geometry": { "type": "Polygon", "coordinates": [ [ [ -70.736243463864028, -34.110287016843102 ], [ -70.737419171603321, -34.111715062391454 ], [ -70.736514966984842, -34.113104452960016 ], [ -70.734435062967961, -34.113065794135245 ], [ -70.733259391545857, -34.111637759762921 ], [ -70.734163587822096, -34.110248373039525 ], [ -70.736243463864028, -34.110287016843102 ] ] ] } },
{ "type": "Feature", "properties": { "h3": "89b2c1ca83bffff" }, "geometry": { "type": "Polygon", "coordinates": [ [ [ -70.83397837817985, -34.186573953042874 ], [ -70.83515584946079, -34.188000202464416 ], [ -70.834251278239748, -34.189388904379776 ], [ -70.832169243905895, -34.189351353079523 ], [ -70.830991808791495, -34.187925114727584 ], [ -70.83189637184303, -34.186536416606501 ], [ -70.83397837817985, -34.186573953042874 ] ] ] } },
{ "type": "Feature", "properties": { "h3": "89b2c1c1093ffff" }, "geometry": { "type": "Polygon", "coordinates": [ [ [ -70.805987055875008, -34.122813912690262 ], [ -70.807163821818122, -34.124241429222494 ], [ -70.806259509351349, -34.125631370321436 ], [ -70.80417843915636, -34.125593791062315 ], [ -70.803001709410708, -34.124166285645224 ], [ -70.803906013661233, -34.122776348372334 ], [ -70.805987055875008, -34.122813912690262 ] ] ] } },
{ "type": "Feature", "properties": { "h3": "89b2c1ce0bbffff" }, "geometry": { "type": "Polygon", "coordinates": [ [ [ -70.723766990202364, -34.207007332477758 ], [ -70.724942982099321, -34.208433699342443 ], [ -70.724038432642956, -34.209820531552992 ], [ -70.721957899659799, -34.209780993091478 ], [ -70.720781944130692, -34.208354637378037 ], [ -70.721686485215557, -34.206967808975058 ], [ -70.723766990202364, -34.207007332477758 ] ] ] } },
{ "type": "Feature", "properties": { "h3": "89b2c1c00b7ffff" }, "geometry": { "type": "Polygon", "coordinates": [ [ [ -70.730818209683434, -34.118622800632494 ], [ -70.731993879514974, -34.120050720689861 ], [ -70.731089649148444, -34.121439837209962 ], [ -70.729009757301682, -34.121401029830139 ], [ -70.727834123799397, -34.119973120950185 ], [ -70.728738345813269, -34.118584008272862 ], [ -70.730818209683434, -34.118622800632494 ] ] ] } },
{ "type": "Feature", "properties": { "h3": "89b2c1cad47ffff" }, "geometry": { "type": "Polygon", "coordinates": [ [ [ -70.820395957178249, -34.175087582566498 ], [ -70.821573179405988, -34.176514098284684 ], [ -70.82066866210441, -34.177902918294741 ], [ -70.818586930767239, -34.177865218785151 ], [ -70.817409744726774, -34.176438714151701 ], [ -70.818314253834856, -34.175049897943317 ], [ -70.820395957178249, -34.175087582566498 ] ] ] } },
{ "type": "Feature", "properties": { "h3": "89b2c1c093bffff" }, "geometry": { "type": "Polygon", "coordinates": [ [ [ -70.680088109362686, -34.1738734624046 ], [ -70.681263315390282, -34.175300613647678 ], [ -70.680358928326996, -34.176687729425076 ], [ -70.678279343683371, -34.176647690129869 ], [ -70.677104174090914, -34.17522055008542 ], [ -70.678008552705592, -34.173833438137748 ], [ -70.680088109362686, -34.1738734624046 ] ] ] } },
{ "type": "Feature", "properties": { "h3": "89b2c1c0d1bffff" }, "geometry": { "type": "Polygon", "coordinates": [ [ [ -70.683889149521548, -34.148659199758427 ], [ -70.685064289490001, -34.150086786065458 ], [ -70.684159991744863, -34.151474575701407 ], [ -70.682080562469892, -34.151434775191071 ], [ -70.680905458922339, -34.150007200088695 ], [ -70.681809748227522, -34.148619414292227 ], [ -70.683889149521548, -34.148659199758427 ] ] ] } },
{ "type": "Feature", "properties": { "h3": "89b2c1c1917ffff" }, "geometry": { "type": "Polygon", "coordinates": [ [ [ -70.746018138762722, -34.179338625276884 ], [ -70.747194317122464, -34.180765391427826 ], [ -70.746289849509452, -34.18215318714276 ], [ -70.744209211864501, -34.18211421289233 ], [ -70.743033069825088, -34.180687457884673 ], [ -70.743937529108962, -34.179299665984352 ], [ -70.746018138762722, -34.179338625276884 ] ] ] } },
{ "type": "Feature", "properties": { "h3": "89b2c1c550fffff" }, "geometry": { "type": "Polygon", "coordinates": [ [ [ -70.641299459096118, -34.191375484748598 ], [ -70.642474191025968, -34.192802490259005 ], [ -70.641569776100994, -34.194188690039589 ], [ -70.639490637765064, -34.194147880480038 ], [ -70.638315942343866, -34.192720886193349 ], [ -70.63922034874858, -34.191334690242677 ], [ -70.641299459096118, -34.191375484748598 ] ] ] } },
{ "type": "Feature", "properties": { "h3": "89b2c1c5577ffff" }, "geometry": { "type": "Polygon", "coordinates": [ [ [ -70.641569776100994, -34.194188690039589 ], [ -70.642744525391507, -34.195615643964771 ], [ -70.641840099838461, -34.197001777107765 ], [ -70.639760933513443, -34.196960952497072 ], [ -70.638586220731924, -34.195534009794351 ], [ -70.639490637765064, -34.194147880480038 ], [ -70.641569776100994, -34.194188690039589 ] ] ] } },
{ "type": "Feature", "properties": { "h3": "89b2c1c09a3ffff" }, "geometry": { "type": "Polygon", "coordinates": [ [ [ -70.673308086128287, -34.168124487623587 ], [ -70.674483167188754, -34.169551771237771 ], [ -70.673578807650387, -34.17093894597857 ], [ -70.67149937551072, -34.17089883327197 ], [ -70.670324330895596, -34.169471560863983 ], [ -70.671228681973446, -34.168084389956611 ], [ -70.673308086128287, -34.168124487623587 ] ] ] } },
{ "type": "Feature", "properties": { "h3": "89b2c1cadafffff" }, "geometry": { "type": "Polygon", "coordinates": [ [ [ -70.804647713763899, -34.173396448059314 ], [ -70.805824702833092, -34.174823063550285 ], [ -70.804920205347884, -34.176211731272325 ], [ -70.802838727014134, -34.176173779698111 ], [ -70.801661774159655, -34.174747175305193 ], [ -70.802566263422818, -34.173358511388642 ], [ -70.804647713763899, -34.173396448059314 ] ] ] } },
{ "type": "Feature", "properties": { "h3": "89b2c1c1607ffff" }, "geometry": { "type": "Polygon", "coordinates": [ [ [ -70.827976294956457, -34.124615073119244 ], [ -70.829153383658664, -34.126042460694855 ], [ -70.828249045635417, -34.127432628360417 ], [ -70.826167627084914, -34.127395404629652 ], [ -70.824990574541658, -34.125968028150744 ], [ -70.825894904388576, -34.124577864306083 ], [ -70.827976294956457, -34.124615073119244 ] ] ] } },
{ "type": "Feature", "properties": { "h3": "89b2c1c062bffff" }, "geometry": { "type": "Polygon", "coordinates": [ [ [ -70.762020009592106, -34.119200545300721 ], [ -70.763196129260223, -34.12062831904484 ], [ -70.762291868719331, -34.122017806926152 ], [ -70.760211496804942, -34.121979517227196 ], [ -70.759035413411084, -34.120551754635038 ], [ -70.759939665655992, -34.119162270590074 ], [ -70.762020009592106, -34.119200545300721 ] ] ] } },
{ "type": "Feature", "properties": { "h3": "89b2c1c3247ffff" }, "geometry": { "type": "Polygon", "coordinates": [ [ [ -70.812762974164286, -34.096210140697245 ], [ -70.81393970962506, -34.097638103729103 ], [ -70.813035489126406, -34.099028788829763 ], [ -70.810954541367764, -34.098991507063033 ], [ -70.809777842084586, -34.097563555150288 ], [ -70.81068205438109, -34.096172873885358 ], [ -70.812762974164286, -34.096210140697245 ] ] ] } },
{ "type": "Feature", "properties": { "h3": "89b2c1c0cb3ffff" }, "geometry": { "type": "Polygon", "coordinates": [ [ [ -70.692027580020309, -34.136166848906321 ], [ -70.69320277712967, -34.137594623506416 ], [ -70.692298517802897, -34.138982824303952 ], [ -70.690219069789734, -34.138943246658521 ], [ -70.689043909083253, -34.137515483260991 ], [ -70.689948159985704, -34.136127286306539 ], [ -70.692027580020309, -34.136166848906321 ] ] ] } },
{ "type": "Feature", "properties": { "h3": "89b2c1c128fffff" }, "geometry": { "type": "Polygon", "coordinates": [ [ [ -70.829340116228792, -34.138701666335152 ], [ -70.830517291861696, -34.140128795426129 ], [ -70.829612900847721, -34.141518630049539 ], [ -70.827531342374257, -34.141481331767352 ], [ -70.826354202902024, -34.140054213766952 ], [ -70.827258585741234, -34.138664382958368 ], [ -70.829340116228792, -34.138701666335152 ] ] ] } },
{ "type": "Feature", "properties": { "h3": "89b2c1c02b3ffff" }, "geometry": { "type": "Polygon", "coordinates": [ [ [ -70.75659441957427, -34.127536912965674 ], [ -70.75777050143239, -34.128964561185526 ], [ -70.756866215061464, -34.130353775004679 ], [ -70.754785855137442, -34.130315336770231 ], [ -70.753609809565631, -34.128887699703782 ], [ -70.754514087630142, -34.12749848971859 ], [ -70.75659441957427, -34.127536912965674 ] ] ] } },
{ "type": "Feature", "properties": { "h3": "89b2c1c1c8fffff" }, "geometry": { "type": "Polygon", "coordinates": [ [ [ -70.764738905387375, -34.147367841520058 ], [ -70.765915198801409, -34.148795098971178 ], [ -70.765010832190796, -34.150183920798902 ], [ -70.762930180457758, -34.150145481351544 ], [ -70.761753923321479, -34.1487182350401 ], [ -70.762658281639133, -34.147329417036538 ], [ -70.764738905387375, -34.147367841520058 ] ] ] } },
{ "type": "Feature", "properties": { "h3": "89b2c1c1803ffff" }, "geometry": { "type": "Polygon", "coordinates": [ [ [ -70.770171851392618, -34.171358507700077 ], [ -70.771348337491474, -34.172785311238044 ], [ -70.770443877725512, -34.174173603895767 ], [ -70.768362940144016, -34.17413508920253 ], [ -70.767186490320384, -34.172708296791185 ], [ -70.768090941801674, -34.171320007946647 ], [ -70.770171851392618, -34.171358507700077 ] ] ] } },
{ "type": "Feature", "properties": { "h3": "89b2c1c0827ffff" }, "geometry": { "type": "Polygon", "coordinates": [ [ [ -70.695008266670555, -34.167136078282709 ], [ -70.69618365478884, -34.168563285489981 ], [ -70.695279278666774, -34.169950753541336 ], [ -70.693199522846143, -34.169911010555992 ], [ -70.692024171134705, -34.168483814537687 ], [ -70.692928538835702, -34.16709635031598 ], [ -70.695008266670555, -34.167136078282709 ] ] ] } },
{ "type": "Feature", "properties": { "h3": "89b2c1cac33ffff" }, "geometry": { "type": "Polygon", "coordinates": [ [ [ -70.828809161590641, -34.165401893334561 ], [ -70.829986457563209, -34.166828545796612 ], [ -70.829081968723983, -34.168217710386486 ], [ -70.827000192088335, -34.168180218710546 ], [ -70.825822932285249, -34.166753577329906 ], [ -70.826727412946966, -34.165364416543994 ], [ -70.828809161590641, -34.165401893334561 ] ] ] } },
{ "type": "Feature", "properties": { "h3": "89b2c1c5083ffff" }, "geometry": { "type": "Polygon", "coordinates": [ [ [ -70.660012903394701, -34.191741083647749 ], [ -70.661187906347493, -34.193168001668745 ], [ -70.660283472300819, -34.194554424326164 ], [ -70.658204043786313, -34.194513925136619 ], [ -70.657029077309346, -34.193087018324029 ], [ -70.657933502869724, -34.191700599492791 ], [ -70.660012903394701, -34.191741083647749 ] ] ] } },
{ "type": "Feature", "properties": { "h3": "89b2c1c004fffff" }, "geometry": { "type": "Polygon", "coordinates": [ [ [ -70.753338059430291, -34.126070801041948 ], [ -70.754514087630142, -34.12749848971859 ], [ -70.753609809565631, -34.128887699703782 ], [ -70.751529511612162, -34.128849217177297 ], [ -70.75035351970395, -34.127421539657178 ], [ -70.751257789456218, -34.126032333507212 ], [ -70.753338059430291, -34.126070801041948 ] ] ] } },
{ "type": "Feature", "properties": { "h3": "89b2c1c148bffff" }, "geometry": { "type": "Polygon", "coordinates": [ [ [ -70.8076100751871, -34.107371940406075 ], [ -70.808786790421735, -34.108799726301029 ], [ -70.807882533341456, -34.110190070802091 ], [ -70.805801569237417, -34.110152625576283 ], [ -70.804624890192784, -34.108724850800641 ], [ -70.805529139060823, -34.1073345101317 ], [ -70.8076100751871, -34.107371940406075 ] ] ] } },
{ "type": "Feature", "properties": { "h3": "89b2c1ce4b3ffff" }, "geometry": { "type": "Polygon", "coordinates": [ [ [ -70.718610956805833, -34.185845437835184 ], [ -70.719786773329574, -34.187272206951768 ], [ -70.718882306571743, -34.18865950186968 ], [ -70.716802031668223, -34.188620023853929 ], [ -70.715626251515189, -34.18719326590044 ], [ -70.716530709893604, -34.185805974799813 ], [ -70.718610956805833, -34.185845437835184 ] ] ] } },
{ "type": "Feature", "properties": { "h3": "89b2c1c102bffff" }, "geometry": { "type": "Polygon", "coordinates": [ [ [ -70.807621878445673, -34.139716884393138 ], [ -70.808798748681681, -34.141144090887792 ], [ -70.807894372608743, -34.142533632346115 ], [ -70.805813134512817, -34.1424959634912 ], [ -70.804636300476304, -34.141068768104311 ], [ -70.805540668334856, -34.139679230464758 ], [ -70.807621878445673, -34.139716884393138 ] ] ] } },
{ "type": "Feature", "properties": { "h3": "89b2c1ca8bbffff" }, "geometry": { "type": "Polygon", "coordinates": [ [ [ -70.830173265159956, -34.179479794720812 ], [ -70.831350648092808, -34.180906188396889 ], [ -70.830446106245816, -34.182295019804464 ], [ -70.828364189640567, -34.182257453738231 ], [ -70.827186842878916, -34.180831071137405 ], [ -70.828091376549949, -34.17944224352776 ], [ -70.830173265159956, -34.179479794720812 ] ] ] } },
{ "type": "Feature", "properties": { "h3": "89b2c1c1113ffff" }, "geometry": { "type": "Polygon", "coordinates": [ [ [ -70.788892135244026, -34.139376754610112 ], [ -70.790068736055332, -34.140804049445784 ], [ -70.789164377544807, -34.142193368147851 ], [ -70.787083426470105, -34.142155388191789 ], [ -70.785906861891434, -34.140728104479116 ], [ -70.786811212153481, -34.139338789599691 ], [ -70.788892135244026, -34.139376754610112 ] ] ] } },
{ "type": "Feature", "properties": { "h3": "89b2c1c0137ffff" }, "geometry": { "type": "Polygon", "coordinates": [ [ [ -70.713727816121335, -34.135172063237455 ], [ -70.714903319987812, -34.136599761484767 ], [ -70.71399904430983, -34.137988255578158 ], [ -70.711919273148837, -34.137949047585174 ], [ -70.710743805646672, -34.136521360523204 ], [ -70.711648072939823, -34.135132870269061 ], [ -70.713727816121335, -34.135172063237455 ] ] ] } },
{ "type": "Feature", "properties": { "h3": "89b2c1c1d77ffff" }, "geometry": { "type": "Polygon", "coordinates": [ [ [ -70.747916309695825, -34.166729906042043 ], [ -70.749092454860559, -34.168156890015375 ], [ -70.748188031986317, -34.169545022704114 ], [ -70.746107472270836, -34.16950616760024 ], [ -70.74493136341934, -34.168079194773199 ], [ -70.745835777968708, -34.166691065903933 ], [ -70.747916309695825, -34.166729906042043 ] ] ] } },
{ "type": "Feature", "properties": { "h3": "89b2c1c0a23ffff" }, "geometry": { "type": "Polygon", "coordinates": [ [ [ -70.720781569405204, -34.176054333337241 ], [ -70.721957370173286, -34.177481268572627 ], [ -70.721052937508645, -34.178868833849108 ], [ -70.718972712449357, -34.178829460069473 ], [ -70.717796948045233, -34.177402535998972 ], [ -70.718701372335076, -34.176014974543406 ], [ -70.720781569405204, -34.176054333337241 ] ] ] } },
{ "type": "Feature", "properties": { "h3": "89b2c1c7237ffff" }, "geometry": { "type": "Polygon", "coordinates": [ [ [ -70.651070319569726, -34.163480070350374 ], [ -70.652245058596762, -34.16490753329991 ], [ -70.651340737155707, -34.166294547947714 ], [ -70.649261685186801, -34.166254095806551 ], [ -70.64808698264288, -34.164826644082915 ], [ -70.6489912955834, -34.163439633274749 ], [ -70.651070319569726, -34.163480070350374 ] ] ] } },
{ "type": "Feature", "properties": { "h3": "89b2c1c1687ffff" }, "geometry": { "type": "Polygon", "coordinates": [ [ [ -70.824172478964272, -34.117514897300694 ], [ -70.825349479355523, -34.11894242881386 ], [ -70.824445170704067, -34.120332725859207 ], [ -70.822363869842746, -34.120295487567013 ], [ -70.821186905615122, -34.118867967156156 ], [ -70.822091206083812, -34.117477673935426 ], [ -70.824172478964272, -34.117514897300694 ] ] ] } },
{ "type": "Feature", "properties": { "h3": "89b2c1c03c7ffff" }, "geometry": { "type": "Polygon", "coordinates": [ [ [ -70.748184050855471, -34.137222000355138 ], [ -70.749360058581516, -34.138649511880352 ], [ -70.74845574410331, -34.140038381182897 ], [ -70.74637543022007, -34.139999735128796 ], [ -70.745199458798055, -34.138572234760282 ], [ -70.746103764953915, -34.137183369289353 ], [ -70.748184050855471, -34.137222000355138 ] ] ] } },
{ "type": "Feature", "properties": { "h3": "89b2c1c06abffff" }, "geometry": { "type": "Polygon", "coordinates": [ [ [ -70.758219992374904, -34.112099505340218 ], [ -70.759396023654787, -34.11352742273062 ], [ -70.758491792621939, -34.114917039960361 ], [ -70.75641153861028, -34.114878735959834 ], [ -70.755235543609274, -34.113450829727007 ], [ -70.756139766339714, -34.112061216337324 ], [ -70.758219992374904, -34.112099505340218 ] ] ] } },
{ "type": "Feature", "properties": { "h3": "89b2c1caab7ffff" }, "geometry": { "type": "Polygon", "coordinates": [ [ [ -70.846744152277907, -34.189613484944964 ], [ -70.847921820358636, -34.191039623243675 ], [ -70.847017227118812, -34.192428406973796 ], [ -70.844934973943367, -34.19239104861493 ], [ -70.843757342007365, -34.190964921374437 ], [ -70.844661927100745, -34.189576141434792 ], [ -70.846744152277907, -34.189613484944964 ] ] ] } },
{ "type": "Feature", "properties": { "h3": "89b2c1c13a3ffff" }, "geometry": { "type": "Polygon", "coordinates": [ [ [ -70.802468025247407, -34.150869921770763 ], [ -70.803644875229139, -34.152296950977167 ], [ -70.802740462576907, -34.153686151721217 ], [ -70.800659208166124, -34.153648319443874 ], [ -70.79948239439635, -34.152221301345392 ], [ -70.80038679882405, -34.15083210441653 ], [ -70.802468025247407, -34.150869921770763 ] ] ] } },
{ "type": "Feature", "properties": { "h3": "89b2c1c130fffff" }, "geometry": { "type": "Polygon", "coordinates": [ [ [ -70.812242786079437, -34.155264073200321 ], [ -70.813419796820384, -34.15669098059746 ], [ -70.812515359529598, -34.158080192779579 ], [ -70.810433919703527, -34.158042493753328 ], [ -70.809256945158467, -34.156615597454632 ], [ -70.810161374242242, -34.155226389083943 ], [ -70.812242786079437, -34.155264073200321 ] ] ] } },
{ "type": "Feature", "properties": { "h3": "89b2c1c0333ffff" }, "geometry": { "type": "Polygon", "coordinates": [ [ [ -70.739501947392071, -34.144088450450312 ], [ -70.740677863560492, -34.145515876882371 ], [ -70.739773531624266, -34.146904468257055 ], [ -70.737693291856871, -34.14686562936938 ], [ -70.736517412009846, -34.14543821409859 ], [ -70.737421735607469, -34.144049626554384 ], [ -70.739501947392071, -34.144088450450312 ] ] ] } },
{ "type": "Feature", "properties": { "h3": "89b2c1c547bffff" }, "geometry": { "type": "Polygon", "coordinates": [ [ [ -70.66869389673144, -34.184888797385938 ], [ -70.66986899171286, -34.186315800625749 ], [ -70.668964574739334, -34.187702501306397 ], [ -70.66688507125312, -34.187662194920051 ], [ -70.665710012730173, -34.186235202884099 ], [ -70.666614421233646, -34.184848506030832 ], [ -70.66869389673144, -34.184888797385938 ] ] ] } },
{ "type": "Feature", "properties": { "h3": "89b2c1c1883ffff" }, "geometry": { "type": "Polygon", "coordinates": [ [ [ -70.76637056774689, -34.164262543022112 ], [ -70.767546965429958, -34.165689490486237 ], [ -70.766642535167591, -34.167077912588205 ], [ -70.764561715511931, -34.167039383409438 ], [ -70.763385354108706, -34.165612447077585 ], [ -70.764289776079963, -34.164224028792454 ], [ -70.76637056774689, -34.164262543022112 ] ] ] } },
{ "type": "Feature", "properties": { "h3": "89b2c1c08a7ffff" }, "geometry": { "type": "Polygon", "coordinates": [ [ [ -70.691211291442457, -34.160039324360362 ], [ -70.692386591056277, -34.161466675171212 ], [ -70.691482244593232, -34.162854272634547 ], [ -70.68940260694248, -34.162814515453881 ], [ -70.688227343740081, -34.161387175837639 ], [ -70.689131681775663, -34.159999582207639 ], [ -70.691211291442457, -34.160039324360362 ] ] ] } },
{ "type": "Feature", "properties": { "h3": "89b2c1c335bffff" }, "geometry": { "type": "Polygon", "coordinates": [ [ [ -70.797837627900975, -34.10297591580872 ], [ -70.799014182416883, -34.104403823225681 ], [ -70.798109949990831, -34.105794156226573 ], [ -70.796029171277283, -34.105756577974795 ], [ -70.794852652967421, -34.104328681686624 ], [ -70.795756877163726, -34.102938352521633 ], [ -70.797837627900975, -34.10297591580872 ] ] ] } },
{ "type": "Feature", "properties": { "h3": "89b2c1cacb3ffff" }, "geometry": { "type": "Polygon", "coordinates": [ [ [ -70.825004667398048, -34.158305660504638 ], [ -70.826181875031381, -34.159732457100532 ], [ -70.825277415571932, -34.161121751143362 ], [ -70.823195756661789, -34.161084244782842 ], [ -70.822018585202628, -34.159657459273987 ], [ -70.822923036478088, -34.158268169038784 ], [ -70.825004667398048, -34.158305660504638 ] ] ] } },
{ "type": "Feature", "properties": { "h3": "89b2c1c150bffff" }, "geometry": { "type": "Polygon", "coordinates": [ [ [ -70.790516137314313, -34.123940025555989 ], [ -70.791692687456049, -34.125367589791644 ], [ -70.790788384322028, -34.126757311954456 ], [ -70.788707539289376, -34.126719466053103 ], [ -70.787531025372829, -34.125291912944668 ], [ -70.78843532026238, -34.123902194610565 ], [ -70.790516137314313, -34.123940025555989 ] ] ] } },
{ "type": "Feature", "properties": { "h3": "89b2c1ce533ffff" }, "geometry": { "type": "Polygon", "coordinates": [ [ [ -70.701516578511061, -34.202370828009698 ], [ -70.702692228842793, -34.203797375147786 ], [ -70.701787716867386, -34.205184047386723 ], [ -70.699707562970531, -34.205144168673954 ], [ -70.698531949044607, -34.203717632706784 ], [ -70.699436452608381, -34.20233096428165 ], [ -70.701516578511061, -34.202370828009698 ] ] ] } },
{ "type": "Feature", "properties": { "h3": "89b2c1c052fffff" }, "geometry": { "type": "Polygon", "coordinates": [ [ [ -70.715355625878829, -34.119739493860024 ], [ -70.716531079278724, -34.121167461135705 ], [ -70.715626858898204, -34.122556358659565 ], [ -70.71354719349732, -34.122517285062571 ], [ -70.712371776454333, -34.121089328976446 ], [ -70.713275988454001, -34.119700435297943 ], [ -70.715355625878829, -34.119739493860024 ] ] ] } },
{ "type": "Feature", "properties": { "h3": "89b2c1c1193ffff" }, "geometry": { "type": "Polygon", "coordinates": [ [ [ -70.785090291404003, -34.132277798922559 ], [ -70.786266803845535, -34.133705237608424 ], [ -70.78536247479191, -34.135094685703919 ], [ -70.783281641550289, -34.135056691287424 ], [ -70.782105165346053, -34.133629263730192 ], [ -70.783009486144763, -34.132239819461027 ], [ -70.785090291404003, -34.132277798922559 ] ] ] } },
{ "type": "Feature", "properties": { "h3": "89b2c1c5313ffff" }, "geometry": { "type": "Polygon", "coordinates": [ [ [ -70.665432471997264, -34.215711563019987 ], [ -70.666607667717145, -34.217138027626319 ], [ -70.665703140180952, -34.218523920932014 ], [ -70.663623425401639, -34.218483345816388 ], [ -70.662448266155124, -34.217056892405346 ], [ -70.663352785213206, -34.215671002914853 ], [ -70.665432471997264, -34.215711563019987 ] ] ] } },
{ "type": "Feature", "properties": { "h3": "89b2c1c01b7ffff" }, "geometry": { "type": "Polygon", "coordinates": [ [ [ -70.709930277367803, -34.128072319338834 ], [ -70.711105692775604, -34.129500161113633 ], [ -70.710201446710002, -34.130888784568171 ], [ -70.708121793626518, -34.130849562405118 ], [ -70.706946414587634, -34.129421731821267 ], [ -70.707850652261953, -34.128033112209707 ], [ -70.709930277367803, -34.128072319338834 ] ] ] } },
{ "type": "Feature", "properties": { "h3": "89b2c1c0e1bffff" }, "geometry": { "type": "Polygon", "coordinates": [ [ [ -70.727563996647532, -34.149486726726678 ], [ -70.728739767496222, -34.150914108502093 ], [ -70.727835426498615, -34.152302418106451 ], [ -70.725755323011683, -34.152263342104995 ], [ -70.72457958850714, -34.150835971498552 ], [ -70.725483921144033, -34.1494476657248 ], [ -70.727563996647532, -34.149486726726678 ] ] ] } },
{ "type": "Feature", "properties": { "h3": "89b2c1c2a5bffff" }, "geometry": { "type": "Polygon", "coordinates": [ [ [ -70.712371776454333, -34.121089328976446 ], [ -70.71354719349732, -34.122517285062571 ], [ -70.712642970885142, -34.123906112148433 ], [ -70.710563339614922, -34.123866979302974 ], [ -70.709387958934471, -34.122439034408309 ], [ -70.710292173160326, -34.121050211167848 ], [ -70.712371776454333, -34.121089328976446 ] ] ] } },
{ "type": "Feature", "properties": { "h3": "89b2c1c5677ffff" }, "geometry": { "type": "Polygon", "coordinates": [ [ [ -70.685239126158962, -34.195037723593913 ], [ -70.686414507554176, -34.19646447309016 ], [ -70.685510037695082, -34.197851126247805 ], [ -70.683430194880117, -34.19781102608944 ], [ -70.682254849917229, -34.196384287779949 ], [ -70.683159311335615, -34.194997638442267 ], [ -70.685239126158962, -34.195037723593913 ] ] ] } },
{ "type": "Feature", "properties": { "h3": "89b2c1c0aa3ffff" }, "geometry": { "type": "Polygon", "coordinates": [ [ [ -70.716983000085236, -34.168958569696272 ], [ -70.718158712373764, -34.17038564868124 ], [ -70.717254309316687, -34.171773343394037 ], [ -70.715174202350951, -34.171733955297476 ], [ -70.713998526430998, -34.170306887483044 ], [ -70.714902921106827, -34.168919196594835 ], [ -70.716983000085236, -34.168958569696272 ] ] ] } },
{ "type": "Feature", "properties": { "h3": "89b2c1c72cbffff" }, "geometry": { "type": "Polygon", "coordinates": [ [ [ -70.668971017419508, -34.15539790448382 ], [ -70.670145975226703, -34.156825434748228 ], [ -70.669241666635642, -34.158212872127777 ], [ -70.667162408703561, -34.158172775403528 ], [ -70.665987487345589, -34.156745256353432 ], [ -70.66689178746914, -34.155357822813443 ], [ -70.668971017419508, -34.15539790448382 ] ] ] } },
{ "type": "Feature", "properties": { "h3": "89b2c1c0ab7ffff" }, "geometry": { "type": "Polygon", "coordinates": [ [ [ -70.713727262557498, -34.167492077152282 ], [ -70.714902921106827, -34.168919196594835 ], [ -70.713998526430998, -34.170306887483044 ], [ -70.71191848159151, -34.170267455103023 ], [ -70.710742859416044, -34.168840346834159 ], [ -70.711647245704839, -34.167452659771797 ], [ -70.713727262557498, -34.167492077152282 ] ] ] } },
{ "type": "Feature", "properties": { "h3": "89b2c1c3347ffff" }, "geometry": { "type": "Polygon", "coordinates": [ [ [ -70.791867709510214, -34.105681317850539 ], [ -70.793044191608345, -34.107109203008001 ], [ -70.792139954446412, -34.108499395163477 ], [ -70.790059243425773, -34.108461698325648 ], [ -70.788882797545057, -34.107033824300835 ], [ -70.789787026466215, -34.105643635981359 ], [ -70.791867709510214, -34.105681317850539 ] ] ] } },
{ "type": "Feature", "properties": { "h3": "89b2c1c138fffff" }, "geometry": { "type": "Polygon", "coordinates": [ [ [ -70.808439381281048, -34.148166773339838 ], [ -70.809616303669557, -34.14959382475628 ], [ -70.808711895790751, -34.15098316636788 ], [ -70.806630573735518, -34.15094545274809 ], [ -70.805453687547555, -34.149518412435718 ], [ -70.806358087212914, -34.148129074639229 ], [ -70.808439381281048, -34.148166773339838 ] ] ] } },
{ "type": "Feature", "properties": { "h3": "89b2c1c1a93ffff" }, "geometry": { "type": "Polygon", "coordinates": [ [ [ -70.788901475401232, -34.171703449855045 ], [ -70.790078231183927, -34.173130164994213 ], [ -70.789173753653941, -34.174518680413456 ], [ -70.78709252859052, -34.174480476884433 ], [ -70.785915809049968, -34.173053772856676 ], [ -70.786820278329316, -34.171665261246737 ], [ -70.788901475401232, -34.171703449855045 ] ] ] } },
{ "type": "Feature", "properties": { "h3": "89b2c1c568bffff" }, "geometry": { "type": "Polygon", "coordinates": [ [ [ -70.684155547475612, -34.183782930296225 ], [ -70.685330859398178, -34.185209886299305 ], [ -70.684426432027763, -34.18659680601035 ], [ -70.682346701175362, -34.18655676589367 ], [ -70.681171425683686, -34.185129821082342 ], [ -70.682075844612214, -34.183742905196119 ], [ -70.684155547475612, -34.183782930296225 ] ] ] } },
{ "type": "Feature", "properties": { "h3": "89b2c1c03b3ffff" }, "geometry": { "type": "Polygon", "coordinates": [ [ [ -70.735702815653582, -34.136989696149975 ], [ -70.736878643388309, -34.138417266255651 ], [ -70.735974341012991, -34.139805987015933 ], [ -70.733894219246636, -34.139767133836521 ], [ -70.732718427837952, -34.138339574897735 ], [ -70.733622721868215, -34.136950857971641 ], [ -70.735702815653582, -34.136989696149975 ] ] ] } },
{ "type": "Feature", "properties": { "h3": "89b2c1c2a6fffff" }, "geometry": { "type": "Polygon", "coordinates": [ [ [ -70.703962583742111, -34.130771014614645 ], [ -70.705137926406422, -34.132198834005621 ], [ -70.704233675900412, -34.133587316577469 ], [ -70.702154091131035, -34.133547975915555 ], [ -70.700978784846967, -34.132120167719393 ], [ -70.701883026950696, -34.130731688990544 ], [ -70.703962583742111, -34.130771014614645 ] ] ] } },
{ "type": "Feature", "properties": { "h3": "89b2c1c1017ffff" }, "geometry": { "type": "Polygon", "coordinates": [ [ [ -70.80680443664582, -34.13126593078605 ], [ -70.807981254733349, -34.132693292319303 ], [ -70.807076910464446, -34.134083033606757 ], [ -70.804995756321929, -34.134045409538736 ], [ -70.803818974432872, -34.132618059116915 ], [ -70.804723310486466, -34.131228321651875 ], [ -70.80680443664582, -34.13126593078605 ] ] ] } },
{ "type": "Feature", "properties": { "h3": "89b2c1c003bffff" }, "geometry": { "type": "Polygon", "coordinates": [ [ [ -70.740856919573034, -34.125839478075697 ], [ -70.742032767832484, -34.127267225311982 ], [ -70.741128501833657, -34.128656286755131 ], [ -70.739048395908938, -34.128617597124396 ], [ -70.737872583963124, -34.127189861054823 ], [ -70.738776841627057, -34.125800803449479 ], [ -70.740856919573034, -34.125839478075697 ] ] ] } },
{ "type": "Feature", "properties": { "h3": "89b2c1c1c7bffff" }, "geometry": { "type": "Polygon", "coordinates": [ [ [ -70.775054321989217, -34.157396319756245 ], [ -70.776230811097406, -34.158823352284791 ], [ -70.775326398428319, -34.160212052336007 ], [ -70.773245504924546, -34.160173716040909 ], [ -70.772069052078805, -34.158746694640072 ], [ -70.772973456473025, -34.15735799840683 ], [ -70.775054321989217, -34.157396319756245 ] ] ] } },
{ "type": "Feature", "properties": { "h3": "89b2c1c1903ffff" }, "geometry": { "type": "Polygon", "coordinates": [ [ [ -70.749274988798064, -34.180804306370241 ], [ -70.750451220851005, -34.182231031981303 ], [ -70.749546744914639, -34.183618831509619 ], [ -70.747466045247364, -34.183579901613697 ], [ -70.746289849509452, -34.18215318714276 ], [ -70.747194317122464, -34.180765391427826 ], [ -70.749274988798064, -34.180804306370241 ] ] ] } },
{ "type": "Feature", "properties": { "h3": "89b2c1c0e2fffff" }, "geometry": { "type": "Polygon", "coordinates": [ [ [ -70.71915350266238, -34.159164846721147 ], [ -70.720329199201203, -34.160592091753351 ], [ -70.719424830230523, -34.161980056785637 ], [ -70.717344773096286, -34.161940772957671 ], [ -70.716169112919317, -34.160513539097778 ], [ -70.717073473513381, -34.159125577893725 ], [ -70.71915350266238, -34.159164846721147 ] ] ] } },
{ "type": "Feature", "properties": { "h3": "89b2c1c0927ffff" }, "geometry": { "type": "Polygon", "coordinates": [ [ [ -70.674120270918948, -34.176567508052827 ], [ -70.675295404070638, -34.17799463689672 ], [ -70.674391012665879, -34.179381611759446 ], [ -70.67231149656773, -34.179341453948723 ], [ -70.67113639986249, -34.177914336307303 ], [ -70.672040782807613, -34.176527365274339 ], [ -70.674120270918948, -34.176567508052827 ] ] ] } },
{ "type": "Feature", "properties": { "h3": "89b2c1cad33ffff" }, "geometry": { "type": "Polygon", "coordinates": [ [ [ -70.807906214993082, -34.174860955780574 ], [ -70.809083257659609, -34.176287530632266 ], [ -70.808178751958138, -34.177676202158565 ], [ -70.806097211805024, -34.177638295029126 ], [ -70.804920205347884, -34.176211731272325 ], [ -70.805824702833092, -34.174823063550285 ], [ -70.807906214993082, -34.174860955780574 ] ] ] } },
{ "type": "Feature", "properties": { "h3": "89b2c1c1e0bffff" }, "geometry": { "type": "Polygon", "coordinates": [ [ [ -70.794328212101817, -34.163371272194468 ], [ -70.795505005581944, -34.164798112972058 ], [ -70.794600553991742, -34.166186902533752 ], [ -70.792519317160227, -34.166148847506363 ], [ -70.791342559910149, -34.16472201783877 ], [ -70.792247003260186, -34.163333232088753 ], [ -70.794328212101817, -34.163371272194468 ] ] ] } },
{ "type": "Feature", "properties": { "h3": "89b2c1c158bffff" }, "geometry": { "type": "Polygon", "coordinates": [ [ [ -70.786714440747659, -34.116839588993194 ], [ -70.787890902532723, -34.118267297012395 ], [ -70.786986628848481, -34.119657148541506 ], [ -70.784905901628747, -34.119619288219205 ], [ -70.783729476073532, -34.118191591332838 ], [ -70.784633741506838, -34.116801743636145 ], [ -70.786714440747659, -34.116839588993194 ] ] ] } },
{ "type": "Feature", "properties": { "h3": "89b2c1ce5b3ffff" }, "geometry": { "type": "Polygon", "coordinates": [ [ [ -70.697718690327648, -34.195277509650182 ], [ -70.698894252137421, -34.196704200584641 ], [ -70.697989769816019, -34.198091002300046 ], [ -70.695909734101562, -34.198051109263751 ], [ -70.694734208702187, -34.196624429505881 ], [ -70.695638682605519, -34.195237631607938 ], [ -70.697718690327648, -34.195277509650182 ] ] ] } },
{ "type": "Feature", "properties": { "h3": "89b2c1c1213ffff" }, "geometry": { "type": "Polygon", "coordinates": [ [ [ -70.832598884066343, -34.140166034369777 ], [ -70.833776113242038, -34.141593122838046 ], [ -70.832871714059124, -34.142982961275003 ], [ -70.830790093868103, -34.142945707430364 ], [ -70.829612900847721, -34.141518630049539 ], [ -70.830517291861696, -34.140128795426129 ], [ -70.832598884066343, -34.140166034369777 ] ] ] } },
{ "type": "Feature", "properties": { "h3": "89b2c1c0237ffff" }, "geometry": { "type": "Polygon", "coordinates": [ [ [ -70.75740982633198, -34.135987144422955 ], [ -70.758585960309759, -34.137414637782065 ], [ -70.757681642115784, -34.138803651789523 ], [ -70.755601198248172, -34.138765168607769 ], [ -70.754425100557739, -34.137337686398347 ], [ -70.755329410446222, -34.13594867622119 ], [ -70.75740982633198, -34.135987144422955 ] ] ] } },
{ "type": "Feature", "properties": { "h3": "89b2c1c01cbffff" }, "geometry": { "type": "Polygon", "coordinates": [ [ [ -70.731632548348855, -34.127073555850821 ], [ -70.732808270282192, -34.12850132116953 ], [ -70.731904008084726, -34.129890237901428 ], [ -70.729824032304322, -34.12985138547571 ], [ -70.728648346701291, -34.128423631330719 ], [ -70.729552600546981, -34.127034718437933 ], [ -70.731632548348855, -34.127073555850821 ] ] ] } },
{ "type": "Feature", "properties": { "h3": "89b2c1c1e77ffff" }, "geometry": { "type": "Polygon", "coordinates": [ [ [ -70.79161486320433, -34.167537566628624 ], [ -70.792791637838704, -34.168964344588915 ], [ -70.79188717327672, -34.170352997081459 ], [ -70.789805942324392, -34.170314867803427 ], [ -70.788629203926106, -34.168888100953822 ], [ -70.789533660242697, -34.167499452271777 ], [ -70.79161486320433, -34.167537566628624 ] ] ] } },
{ "type": "Feature", "properties": { "h3": "89b2c1c0e9bffff" }, "geometry": { "type": "Polygon", "coordinates": [ [ [ -70.723765455281452, -34.142388432875173 ], [ -70.724941137677973, -34.143815958301708 ], [ -70.724036826267451, -34.145204397297356 ], [ -70.721956840826138, -34.145165307032372 ], [ -70.720781194778326, -34.143737792780442 ], [ -70.721685497821753, -34.142349357619089 ], [ -70.723765455281452, -34.142388432875173 ] ] ] } },
{ "type": "Feature", "properties": { "h3": "89b2c1c11a7ffff" }, "geometry": { "type": "Polygon", "coordinates": [ [ [ -70.776679149917143, -34.141964970067079 ], [ -70.777855588385378, -34.143392272057589 ], [ -70.776951231086741, -34.144781375633755 ], [ -70.774870443589393, -34.144743173395597 ], [ -70.773694041376174, -34.143315882537038 ], [ -70.774598390403952, -34.141926782784893 ], [ -70.776679149917143, -34.141964970067079 ] ] ] } },
{ "type": "Feature", "properties": { "h3": "89b2c1c0b23ffff" }, "geometry": { "type": "Polygon", "coordinates": [ [ [ -70.699889890154068, -34.185489027485509 ], [ -70.701065436255348, -34.186915884526222 ], [ -70.70016098800275, -34.188302956620198 ], [ -70.698081002060974, -34.18826316785259 ], [ -70.696905492363356, -34.18683632199027 ], [ -70.697809932202517, -34.185449253717366 ], [ -70.699889890154068, -34.185489027485509 ] ] ] } },
{ "type": "Feature", "properties": { "h3": "89b2c1c5007ffff" }, "geometry": { "type": "Polygon", "coordinates": [ [ [ -70.660824630328719, -34.200180750941733 ], [ -70.661999685375378, -34.201607514132128 ], [ -70.661095219450999, -34.202993736866304 ], [ -70.659015706963999, -34.202953192587763 ], [ -70.657840688394231, -34.201526440602066 ], [ -70.658745145833223, -34.200140221690397 ], [ -70.660824630328719, -34.200180750941733 ] ] ] } },
{ "type": "Feature", "properties": { "h3": "89b2c1c140fffff" }, "geometry": { "type": "Polygon", "coordinates": [ [ [ -70.808427469990974, -34.115825976890598 ], [ -70.809604237364397, -34.117253607849058 ], [ -70.808699948486577, -34.118643752570328 ], [ -70.806618900445329, -34.118606262504855 ], [ -70.80544216926296, -34.11717864266204 ], [ -70.806346449929435, -34.115788501769231 ], [ -70.808427469990974, -34.115825976890598 ] ] ] } },
{ "type": "Feature", "properties": { "h3": "89b2c1ce437ffff" }, "geometry": { "type": "Polygon", "coordinates": [ [ [ -70.719425026373486, -34.194287275034497 ], [ -70.720600895020894, -34.195713889157716 ], [ -70.719696396409859, -34.1971009841522 ], [ -70.717616037528614, -34.197061461209977 ], [ -70.716440205252979, -34.195634858246116 ], [ -70.717344695485494, -34.194247767065306 ], [ -70.719425026373486, -34.194287275034497 ] ] ] } },
{ "type": "Feature", "properties": { "h3": "89b2c1c1097ffff" }, "geometry": { "type": "Polygon", "coordinates": [ [ [ -70.803001709410708, -34.124166285645224 ], [ -70.80417843915636, -34.125593791062315 ], [ -70.80327412430502, -34.126983661734549 ], [ -70.801193087928411, -34.126946023163761 ], [ -70.800016394385878, -34.125518528863722 ], [ -70.800920701015471, -34.124128662017597 ], [ -70.803001709410708, -34.124166285645224 ] ] ] } },
{ "type": "Feature", "properties": { "h3": "89b2c1c00bbffff" }, "geometry": { "type": "Polygon", "coordinates": [ [ [ -70.737057993500585, -34.118738970715007 ], [ -70.738233753341135, -34.120166861543829 ], [ -70.737329516896011, -34.121556052340345 ], [ -70.735249528950348, -34.121517348466732 ], [ -70.734073805428054, -34.120089468810249 ], [ -70.734978033531846, -34.118700281855233 ], [ -70.737057993500585, -34.118738970715007 ] ] ] } },
{ "type": "Feature", "properties": { "h3": "89b2c1c557bffff" }, "geometry": { "type": "Polygon", "coordinates": [ [ [ -70.647807384655692, -34.194310911838429 ], [ -70.648982224309066, -34.195737836610682 ], [ -70.648077792361079, -34.197124044047385 ], [ -70.645998529266976, -34.197083322884602 ], [ -70.644823726111653, -34.195656409329736 ], [ -70.645728149551033, -34.194270205720464 ], [ -70.647807384655692, -34.194310911838429 ] ] ] } },
{ "type": "Feature", "properties": { "h3": "89b2c1c0543ffff" }, "geometry": { "type": "Polygon", "coordinates": [ [ [ -70.730275351022598, -34.112988372995282 ], [ -70.731450986121828, -34.114416396189689 ], [ -70.730546776974904, -34.115805645892124 ], [ -70.72846694108064, -34.115766868555149 ], [ -70.727291342309954, -34.114338856540641 ], [ -70.72819554310361, -34.112949610683415 ], [ -70.730275351022598, -34.112988372995282 ] ] ] } },
{ "type": "Feature", "properties": { "h3": "89b2c1ce547ffff" }, "geometry": { "type": "Polygon", "coordinates": [ [ [ -70.713998008415828, -34.202609285149869 ], [ -70.715173839063951, -34.20403577360662 ], [ -70.714269314739568, -34.205422594390747 ], [ -70.712188968154678, -34.20538292290707 ], [ -70.711013173890393, -34.20395644561107 ], [ -70.711917689825825, -34.202569628638216 ], [ -70.713998008415828, -34.202609285149869 ] ] ] } },
{ "type": "Feature", "properties": { "h3": "89b2c1c1983ffff" }, "geometry": { "type": "Polygon", "coordinates": [ [ [ -70.745474737562802, -34.173709146620439 ], [ -70.74665088116754, -34.175136016118195 ], [ -70.745746434780585, -34.176523945100669 ], [ -70.743665853117335, -34.17648500076853 ], [ -70.742489745832245, -34.175058142416518 ], [ -70.743394183889407, -34.173670217251093 ], [ -70.745474737562802, -34.173709146620439 ] ] ] } },
{ "type": "Feature", "properties": { "h3": "89b2c1c09a7ffff" }, "geometry": { "type": "Polygon", "coordinates": [ [ [ -70.670324330895596, -34.169471560863983 ], [ -70.67149937551072, -34.17089883327197 ], [ -70.670595013810654, -34.172285937556474 ], [ -70.668515615960146, -34.172245765599733 ], [ -70.667340607796049, -34.170818504399904 ], [ -70.668244961030084, -34.169431403948828 ], [ -70.670324330895596, -34.169471560863983 ] ] ] } },
{ "type": "Feature", "properties": { "h3": "89b2c1cadb3ffff" }, "geometry": { "type": "Polygon", "coordinates": [ [ [ -70.80410275094367, -34.167765526546603 ], [ -70.80527970523832, -34.169192245492766 ], [ -70.804375228962584, -34.170581046481971 ], [ -70.802293806613505, -34.170543124717284 ], [ -70.801116888532874, -34.169116416871653 ], [ -70.802021356585939, -34.167727619690375 ], [ -70.80410275094367, -34.167765526546603 ] ] ] } },
{ "type": "Feature", "properties": { "h3": "89b2c1c5203ffff" }, "geometry": { "type": "Polygon", "coordinates": [ [ [ -70.686593751307967, -34.209103553992371 ], [ -70.687769219554113, -34.210530045256576 ], [ -70.686864696579491, -34.211916365179313 ], [ -70.68478471379656, -34.211876190024157 ], [ -70.683609281984531, -34.210449709940505 ], [ -70.684513796519951, -34.209063393831663 ], [ -70.686593751307967, -34.209103553992371 ] ] ] } },
{ "type": "Feature", "properties": { "h3": "89b2c1c160bffff" }, "geometry": { "type": "Polygon", "coordinates": [ [ [ -70.834220657541607, -34.12472649208032 ], [ -70.83539783593055, -34.12615385015301 ], [ -70.834493492169088, -34.127544092061555 ], [ -70.832411978182279, -34.127506972078017 ], [ -70.831234835941203, -34.126079625096963 ], [ -70.832139171537733, -34.124689387007997 ], [ -70.834220657541607, -34.12472649208032 ] ] ] } },
{ "type": "Feature", "properties": { "h3": "89b2c1c062fffff" }, "geometry": { "type": "Polygon", "coordinates": [ [ [ -70.759035413411084, -34.120551754635038 ], [ -70.760211496804942, -34.121979517227196 ], [ -70.759307233953692, -34.123368934676833 ], [ -70.757226896008731, -34.123330585698106 ], [ -70.756050848894787, -34.121902834259856 ], [ -70.75695510344454, -34.120513420646617 ], [ -70.759035413411084, -34.120551754635038 ] ] ] } },
{ "type": "Feature", "properties": { "h3": "89b2c1c1293ffff" }, "geometry": { "type": "Polygon", "coordinates": [ [ [ -70.828794567356127, -34.133067383958512 ], [ -70.82997170821541, -34.134494616456543 ], [ -70.829067338398346, -34.135884584302694 ], [ -70.826985835896025, -34.13584731583375 ], [ -70.825808731196716, -34.134420094428755 ], [ -70.826713092838389, -34.133030130399852 ], [ -70.828794567356127, -34.133067383958512 ] ] ] } },
{ "type": "Feature", "properties": { "h3": "89b2c1c02b7ffff" }, "geometry": { "type": "Polygon", "coordinates": [ [ [ -70.753609809565631, -34.128887699703782 ], [ -70.754785855137442, -34.130315336770231 ], [ -70.753881566465168, -34.13170448015471 ], [ -70.751801240531634, -34.131665982638914 ], [ -70.750625231251803, -34.130238356727759 ], [ -70.751529511612162, -34.128849217177297 ], [ -70.753609809565631, -34.128887699703782 ] ] ] } },
{ "type": "Feature", "properties": { "h3": "89b2c1c0ba3ffff" }, "geometry": { "type": "Polygon", "coordinates": [ [ [ -70.69609235514524, -34.17839406989718 ], [ -70.697267812734722, -34.179821070647947 ], [ -70.696363394135432, -34.181208272188059 ], [ -70.69428352636514, -34.181168469152823 ], [ -70.693108105183882, -34.179741479586085 ], [ -70.694012515363326, -34.178354281870739 ], [ -70.69609235514524, -34.17839406989718 ] ] ] } },
{ "type": "Feature", "properties": { "h3": "89b2c1cacc7ffff" }, "geometry": { "type": "Polygon", "coordinates": [ [ [ -70.837495121229537, -34.158529882658577 ], [ -70.83867250828456, -34.159956620101099 ], [ -70.837768037346592, -34.161346062620709 ], [ -70.835686187513474, -34.161308763892976 ], [ -70.834508836610468, -34.159882037527339 ], [ -70.835413299387213, -34.158492598812757 ], [ -70.837495121229537, -34.158529882658577 ] ] ] } },
{ "type": "Feature", "properties": { "h3": "89b2c1c08bbffff" }, "geometry": { "type": "Polygon", "coordinates": [ [ [ -70.697179282901857, -34.157343232282024 ], [ -70.698354655321495, -34.158770605476327 ], [ -70.697450313256951, -34.160158343841275 ], [ -70.69537060718784, -34.16011870517886 ], [ -70.694195271168283, -34.158691343175313 ], [ -70.695099604816406, -34.157303608643637 ], [ -70.697179282901857, -34.157343232282024 ] ] ] } },
{ "type": "Feature", "properties": { "h3": "89b2c1c1807ffff" }, "geometry": { "type": "Polygon", "coordinates": [ [ [ -70.767186490320384, -34.172708296791185 ], [ -70.768362940144016, -34.17413508920253 ], [ -70.767458478052959, -34.175523311415425 ], [ -70.765377574427134, -34.175484737404005 ], [ -70.764201160884411, -34.174057956121239 ], [ -70.765105614685268, -34.172669737721527 ], [ -70.767186490320384, -34.172708296791185 ] ] ] } },
{ "type": "Feature", "properties": { "h3": "89b2c1c1897ffff" }, "geometry": { "type": "Polygon", "coordinates": [ [ [ -70.76311343205569, -34.162797040786359 ], [ -70.764289776079963, -34.164224028792454 ], [ -70.763385354108706, -34.165612447077585 ], [ -70.761304596408777, -34.165573873538733 ], [ -70.760128288669691, -34.164146896668086 ], [ -70.761032702344011, -34.162758482201042 ], [ -70.76311343205569, -34.162797040786359 ] ] ] } },
{ "type": "Feature", "properties": { "h3": "89b2c1c548fffff" }, "geometry": { "type": "Polygon", "coordinates": [ [ [ -70.658389631452735, -34.174858556785544 ], [ -70.659564530229844, -34.176285784349417 ], [ -70.658660159932992, -34.17767260680148 ], [ -70.656580899345755, -34.177632197856376 ], [ -70.655406037042269, -34.176204981508363 ], [ -70.656310398851062, -34.1748181628898 ], [ -70.658389631452735, -34.174858556785544 ] ] ] } },
{ "type": "Feature", "properties": { "h3": "89b2c1c082bffff" }, "geometry": { "type": "Polygon", "coordinates": [ [ [ -70.701247642948388, -34.167255055158833 ], [ -70.702423121231149, -34.168682233128251 ], [ -70.701518738902664, -34.170069775460576 ], [ -70.699438886699767, -34.170030135995312 ], [ -70.698263444812838, -34.168602969209772 ], [ -70.699167818731638, -34.167215430705802 ], [ -70.701247642948388, -34.167255055158833 ] ] ] } },
{ "type": "Feature", "properties": { "h3": "89b2c1cac37ffff" }, "geometry": { "type": "Polygon", "coordinates": [ [ [ -70.825822932285249, -34.166753577329906 ], [ -70.827000192088335, -34.168180218710546 ], [ -70.826095700825178, -34.169569312865065 ], [ -70.824013957940608, -34.169531761835174 ], [ -70.822836734312688, -34.168105131537892 ], [ -70.823741217392808, -34.166716041187357 ], [ -70.825822932285249, -34.166753577329906 ] ] ] } },
{ "type": "Feature", "properties": { "h3": "89b2c1c5087ffff" }, "geometry": { "type": "Polygon", "coordinates": [ [ [ -70.657029077309346, -34.193087018324029 ], [ -70.658204043786313, -34.194513925136619 ], [ -70.657299607599953, -34.195900277329912 ], [ -70.655220213427043, -34.195859718884634 ], [ -70.654045283431529, -34.194432823282398 ], [ -70.654949711126093, -34.193046474915292 ], [ -70.657029077309346, -34.193087018324029 ] ] ] } },
{ "type": "Feature", "properties": { "h3": "89b2c1c148fffff" }, "geometry": { "type": "Polygon", "coordinates": [ [ [ -70.804624890192784, -34.108724850800641 ], [ -70.805801569237417, -34.110152625576283 ], [ -70.804897309770112, -34.111542899655142 ], [ -70.802816379474606, -34.1115053951264 ], [ -70.80163973662566, -34.110077631471995 ], [ -70.802543987875197, -34.108687361225307 ], [ -70.804624890192784, -34.108724850800641 ] ] ] } },
{ "type": "Feature", "properties": { "h3": "89b2c1ce4b7ffff" }, "geometry": { "type": "Polygon", "coordinates": [ [ [ -70.715626251515189, -34.18719326590044 ], [ -70.716802031668223, -34.188620023853929 ], [ -70.715897562672012, -34.190007248316533 ], [ -70.713817321906319, -34.189967711008528 ], [ -70.712641578129663, -34.188540964220074 ], [ -70.713546038740958, -34.187153743574783 ], [ -70.715626251515189, -34.18719326590044 ] ] ] } },
{ "type": "Feature", "properties": { "h3": "89b2c1c1117ffff" }, "geometry": { "type": "Polygon", "coordinates": [ [ [ -70.785906861891434, -34.140728104479116 ], [ -70.787083426470105, -34.142155388191789 ], [ -70.78617906560352, -34.143544636460248 ], [ -70.784098148410905, -34.143506597193529 ], [ -70.782921620070539, -34.142079324605788 ], [ -70.783825972683132, -34.14069008016002 ], [ -70.785906861891434, -34.140728104479116 ] ] ] } },
{ "type": "Feature", "properties": { "h3": "89b2c1c0c33ffff" }, "geometry": { "type": "Polygon", "coordinates": [ [ [ -70.695824232342204, -34.143265901497571 ], [ -70.696999517937826, -34.144693532603881 ], [ -70.696095228959507, -34.146081604031735 ], [ -70.694015662802116, -34.146042040514047 ], [ -70.69284041360477, -34.144614420604654 ], [ -70.69374469416519, -34.143226353016217 ], [ -70.695824232342204, -34.143265901497571 ] ] ] } },
{ "type": "Feature", "properties": { "h3": "89b2c1c013bffff" }, "geometry": { "type": "Polygon", "coordinates": [ [ [ -70.719967238132639, -34.135289435159734 ], [ -70.72114283207749, -34.136717104188463 ], [ -70.72023855026022, -34.138105672561473 ], [ -70.718158682870268, -34.13806656806797 ], [ -70.71698312527873, -34.136638910219489 ], [ -70.717887398722468, -34.135250345684476 ], [ -70.719967238132639, -34.135289435159734 ] ] ] } },
{ "type": "Feature", "properties": { "h3": "89b2c1c1d7bffff" }, "geometry": { "type": "Polygon", "coordinates": [ [ [ -70.754158096924485, -34.166846219183427 ], [ -70.755334332076146, -34.168273173777436 ], [ -70.754429903180849, -34.169661380730069 ], [ -70.752349247446091, -34.169622629270691 ], [ -70.751173048596669, -34.168195685817899 ], [ -70.752077469178445, -34.166807482683453 ], [ -70.754158096924485, -34.166846219183427 ] ] ] } },
{ "type": "Feature", "properties": { "h3": "89b2c1c1c0fffff" }, "geometry": { "type": "Polygon", "coordinates": [ [ [ -70.768539835593188, -34.15446544601096 ], [ -70.769716217412835, -34.155892559622401 ], [ -70.768811821299295, -34.157281252036427 ], [ -70.766731051651263, -34.157242827018784 ], [ -70.765554706104723, -34.155815724541405 ], [ -70.766459093931743, -34.154427035947819 ], [ -70.768539835593188, -34.15446544601096 ] ] ] } },
{ "type": "Feature", "properties": { "h3": "89b2c1c1a03ffff" }, "geometry": { "type": "Polygon", "coordinates": [ [ [ -70.792976481353591, -34.181613535396338 ], [ -70.794153342916331, -34.183040054754336 ], [ -70.793248825320859, -34.184428374069334 ], [ -70.791167454405155, -34.184390170222059 ], [ -70.789990629080279, -34.182963661968572 ], [ -70.790895138431907, -34.181575346458011 ], [ -70.792976481353591, -34.181613535396338 ] ] ] } },
{ "type": "Feature", "properties": { "h3": "89b2c1c0a27ffff" }, "geometry": { "type": "Polygon", "coordinates": [ [ [ -70.717796948045233, -34.177402535998972 ], [ -70.718972712449357, -34.178829460069473 ], [ -70.718068277542827, -34.18021695489351 ], [ -70.715988086611162, -34.180177521826295 ], [ -70.71481235857668, -34.178750608922599 ], [ -70.71571678510287, -34.177363117919526 ], [ -70.717796948045233, -34.177402535998972 ] ] ] } },
{ "type": "Feature", "properties": { "h3": "89b2c1c723bffff" }, "geometry": { "type": "Polygon", "coordinates": [ [ [ -70.657307584897325, -34.163601174776744 ], [ -70.658482414232964, -34.165028608614762 ], [ -70.657578086431798, -34.166415697558065 ], [ -70.655498937782951, -34.166375348825156 ], [ -70.654324144919514, -34.164947926207958 ], [ -70.655228464231413, -34.163560841103049 ], [ -70.657307584897325, -34.163601174776744 ] ] ] } },
{ "type": "Feature", "properties": { "h3": "89b2c1c5283ffff" }, "geometry": { "type": "Polygon", "coordinates": [ [ [ -70.682796602506002, -34.202010811510135 ], [ -70.683971982207183, -34.203437446542416 ], [ -70.683067488919207, -34.204823895948543 ], [ -70.680987624374268, -34.204783706505047 ], [ -70.679812281111765, -34.203357082659004 ], [ -70.680716765954145, -34.201970637070424 ], [ -70.682796602506002, -34.202010811510135 ] ] ] } },
{ "type": "Feature", "properties": { "h3": "89b2c1c168bffff" }, "geometry": { "type": "Polygon", "coordinates": [ [ [ -70.830416488528513, -34.117626359965023 ], [ -70.831593578614147, -34.119053862000897 ], [ -70.830689264211443, -34.120444233291494 ], [ -70.828607867893169, -34.120407098723106 ], [ -70.827430813960092, -34.118979607784453 ], [ -70.828335120191383, -34.117589240317159 ], [ -70.830416488528513, -34.117626359965023 ] ] ] } },
{ "type": "Feature", "properties": { "h3": "89b2c1c06afffff" }, "geometry": { "type": "Polygon", "coordinates": [ [ [ -70.755235543609274, -34.113450829727007 ], [ -70.75641153861028, -34.114878735959834 ], [ -70.755507305273611, -34.116268282759336 ], [ -70.753427085242549, -34.116229919486109 ], [ -70.752251126526104, -34.114802024412782 ], [ -70.753155351554838, -34.113412481453373 ], [ -70.755235543609274, -34.113450829727007 ] ] ] } },
{ "type": "Feature", "properties": { "h3": "89b2c1c1313ffff" }, "geometry": { "type": "Polygon", "coordinates": [ [ [ -70.81169765953095, -34.149631479045574 ], [ -70.812874635499753, -34.151058489861406 ], [ -70.811970219413283, -34.152447835286864 ], [ -70.809888835564323, -34.152410166082824 ], [ -70.808711895790751, -34.15098316636788 ], [ -70.809616303669557, -34.14959382475628 ], [ -70.81169765953095, -34.149631479045574 ] ] ] } },
{ "type": "Feature", "properties": { "h3": "89b2c1c0337ffff" }, "geometry": { "type": "Polygon", "coordinates": [ [ [ -70.736517412009846, -34.14543821409859 ], [ -70.737693291856871, -34.14686562936938 ], [ -70.736788957647789, -34.148254150302598 ], [ -70.734708751934477, -34.148215252134726 ], [ -70.733532908414574, -34.146787848027131 ], [ -70.734437234279525, -34.14539933092442 ], [ -70.736517412009846, -34.14543821409859 ] ] ] } },
{ "type": "Feature", "properties": { "h3": "89b2c1c0c23ffff" }, "geometry": { "type": "Polygon", "coordinates": [ [ [ -70.696095228959507, -34.146081604031735 ], [ -70.697270531919031, -34.147509183564445 ], [ -70.696366232323868, -34.148897188383607 ], [ -70.694286638185446, -34.148857609832064 ], [ -70.693111371624568, -34.147430041495035 ], [ -70.694015662802116, -34.146042040514047 ], [ -70.696095228959507, -34.146081604031735 ] ] ] } },
{ "type": "Feature", "properties": { "h3": "89b2c1c1887ffff" }, "geometry": { "type": "Polygon", "coordinates": [ [ [ -70.763385354108706, -34.165612447077585 ], [ -70.764561715511931, -34.167039383409438 ], [ -70.763657282931007, -34.168427735068022 ], [ -70.76157649724216, -34.168389146578114 ], [ -70.760400172124506, -34.166962221380459 ], [ -70.761304596408777, -34.165573873538733 ], [ -70.763385354108706, -34.165612447077585 ] ] ] } },
{ "type": "Feature", "properties": { "h3": "89b2c1c08abffff" }, "geometry": { "type": "Polygon", "coordinates": [ [ [ -70.697450313256951, -34.160158343841275 ], [ -70.698625703042751, -34.161585665439993 ], [ -70.697721350360325, -34.16297333718655 ], [ -70.695641616306887, -34.162933683502544 ], [ -70.694466262921537, -34.161506373093367 ], [ -70.69537060718784, -34.16011870517886 ], [ -70.697450313256951, -34.160158343841275 ] ] ] } },
{ "type": "Feature", "properties": { "h3": "89b2c1cacb7ffff" }, "geometry": { "type": "Polygon", "coordinates": [ [ [ -70.822018585202628, -34.159657459273987 ], [ -70.823195756661789, -34.161084244782842 ], [ -70.822291294784989, -34.162473468391759 ], [ -70.820209669637165, -34.162435902684329 ], [ -70.819032534357817, -34.161009128264475 ], [ -70.819936988045129, -34.159619908463213 ], [ -70.822018585202628, -34.159657459273987 ] ] ] } },
{ "type": "Feature", "properties": { "h3": "89b2c1c150fffff" }, "geometry": { "type": "Polygon", "coordinates": [ [ [ -70.787531025372829, -34.125291912944668 ], [ -70.788707539289376, -34.126719466053103 ], [ -70.787803233796836, -34.128109117786771 ], [ -70.785722422636397, -34.128071212583443 ], [ -70.784545944950736, -34.126643670604167 ], [ -70.785450242193264, -34.125254022699252 ], [ -70.787531025372829, -34.125291912944668 ] ] ] } },
{ "type": "Feature", "properties": { "h3": "89b2c1ce537ffff" }, "geometry": { "type": "Polygon", "coordinates": [ [ [ -70.698531949044607, -34.203717632706784 ], [ -70.699707562970531, -34.205144168673954 ], [ -70.69880304878528, -34.206530770451081 ], [ -70.696722929089873, -34.206490832447436 ], [ -70.695547351575371, -34.205064307653124 ], [ -70.69645185734349, -34.203677709689785 ], [ -70.698531949044607, -34.203717632706784 ] ] ] } },
{ "type": "Feature", "properties": { "h3": "89b2c1c1197ffff" }, "geometry": { "type": "Polygon", "coordinates": [ [ [ -70.782105165346053, -34.133629263730192 ], [ -70.783281641550289, -34.135056691287424 ], [ -70.782377310147169, -34.13644606895074 ], [ -70.78029651079882, -34.13640801523065 ], [ -70.779120070837521, -34.134980598803992 ], [ -70.780024393980241, -34.133591224967034 ], [ -70.782105165346053, -34.133629263730192 ] ] ] } },
{ "type": "Feature", "properties": { "h3": "89b2c1c0347ffff" }, "geometry": { "type": "Polygon", "coordinates": [ [ [ -70.751983890445828, -34.144320668797107 ], [ -70.753159986590475, -34.14574803659734 ], [ -70.752255642577254, -34.147136776509754 ], [ -70.750175210733985, -34.147098144794207 ], [ -70.748999150888764, -34.145670788145061 ], [ -70.749903486586035, -34.144282052060568 ], [ -70.751983890445828, -34.144320668797107 ] ] ] } },
{ "type": "Feature", "properties": { "h3": "89b2c1c01bbffff" }, "geometry": { "type": "Polygon", "coordinates": [ [ [ -70.716169345192966, -34.128189733790201 ], [ -70.717344850686658, -34.129617546372131 ], [ -70.716440598468836, -34.131006244108541 ], [ -70.7143608491359, -34.130967125421549 ], [ -70.713185380000141, -34.129539324025494 ], [ -70.714089623838049, -34.12815063013074 ], [ -70.716169345192966, -34.128189733790201 ] ] ] } },
{ "type": "Feature", "properties": { "h3": "89b2c1c567bffff" }, "geometry": { "type": "Polygon", "coordinates": [ [ [ -70.691478763579866, -34.195157771957852 ], [ -70.692654235192762, -34.196584492181714 ], [ -70.691749759091593, -34.197971219619241 ], [ -70.689669819805545, -34.197931223014386 ], [ -70.688494384614017, -34.196504513972187 ], [ -70.689398852285819, -34.195117790353365 ], [ -70.691478763579866, -34.195157771957852 ] ] ] } },
{ "type": "Feature", "properties": { "h3": "89b2c1c1323ffff" }, "geometry": { "type": "Polygon", "coordinates": [ [ [ -70.806271135653091, -34.157966991939652 ], [ -70.80744807399654, -34.159393877137994 ], [ -70.80654363191924, -34.160782948449722 ], [ -70.80446225971518, -34.160745130751792 ], [ -70.803285357579028, -34.159318256655766 ], [ -70.804189791438262, -34.157929189155553 ], [ -70.806271135653091, -34.157966991939652 ] ] ] } },
{ "type": "Feature", "properties": { "h3": "89b2c1c1a83ffff" }, "geometry": { "type": "Polygon", "coordinates": [ [ [ -70.789173753653941, -34.174518680413456 ], [ -70.790350526821527, -34.175945343837775 ], [ -70.789446038684531, -34.177333792622733 ], [ -70.787364785628938, -34.177295574175467 ], [ -70.786188048703849, -34.175868921861287 ], [ -70.78709252859052, -34.174480476884433 ], [ -70.789173753653941, -34.174518680413456 ] ] ] } },
{ "type": "Feature", "properties": { "h3": "89b2c1c0aa7ffff" }, "geometry": { "type": "Polygon", "coordinates": [ [ [ -70.713998526430998, -34.170306887483044 ], [ -70.715174202350951, -34.171733955297476 ], [ -70.714269797058535, -34.173121579559229 ], [ -70.712189724231564, -34.173082132182131 ], [ -70.711014084685843, -34.171655075540166 ], [ -70.71191848159151, -34.170267455103023 ], [ -70.713998526430998, -34.170306887483044 ] ] ] } },
{ "type": "Feature", "properties": { "h3": "89b2c1c72bbffff" }, "geometry": { "type": "Polygon", "coordinates": [ [ [ -70.653512796545556, -34.156503893872987 ], [ -70.654687537333672, -34.15793147114595 ], [ -70.653783239268961, -34.159318689482447 ], [ -70.651704208910445, -34.159278326704076 ], [ -70.65052950459912, -34.157850760657574 ], [ -70.651433794168184, -34.156463546163195 ], [ -70.653512796545556, -34.156503893872987 ] ] ] } },
{ "type": "Feature", "properties": { "h3": "89b2c1c5303ffff" }, "geometry": { "type": "Polygon", "coordinates": [ [ [ -70.665703140180952, -34.218523920932014 ], [ -70.666878353269425, -34.219950333891902 ], [ -70.665973815106184, -34.221336160541931 ], [ -70.663894072330919, -34.22129557041827 ], [ -70.662718895716182, -34.219869168652416 ], [ -70.663623425401639, -34.218483345816388 ], [ -70.665703140180952, -34.218523920932014 ] ] ] } },
{ "type": "Feature", "properties": { "h3": "89b2c1c334bffff" }, "geometry": { "type": "Polygon", "coordinates": [ [ [ -70.798109949990831, -34.105794156226573 ], [ -70.799286521883502, -34.107222012019371 ], [ -70.798382278857574, -34.108612278432631 ], [ -70.796301472167059, -34.10857468521862 ], [ -70.795124936480789, -34.107146840553384 ], [ -70.796029171277283, -34.105756577974795 ], [ -70.798109949990831, -34.105794156226573 ] ] ] } },
{ "type": "Feature", "properties": { "h3": "89b2c1c1393ffff" }, "geometry": { "type": "Polygon", "coordinates": [ [ [ -70.807894372608743, -34.142533632346115 ], [ -70.809071260228464, -34.143960787152437 ], [ -70.808166873553787, -34.14535026199713 ], [ -70.806085607472085, -34.145312578218146 ], [ -70.8049087560522, -34.143885434518353 ], [ -70.805813134512817, -34.1424959634912 ], [ -70.807894372608743, -34.142533632346115 ] ] ] } },
{ "type": "Feature", "properties": { "h3": "89b2c1c03b7ffff" }, "geometry": { "type": "Polygon", "coordinates": [ [ [ -70.732718427837952, -34.138339574897735 ], [ -70.733894219246636, -34.139767133836521 ], [ -70.732989914605014, -34.141155784156773 ], [ -70.730909826903911, -34.141116871704213 ], [ -70.729734071826911, -34.139689323934249 ], [ -70.730638368117994, -34.138300677448214 ], [ -70.732718427837952, -34.138339574897735 ] ] ] } },
{ "type": "Feature", "properties": { "h3": "89b2c1c101bffff" }, "geometry": { "type": "Polygon", "coordinates": [ [ [ -70.813048006306971, -34.131378550782507 ], [ -70.81422491415745, -34.132805882855273 ], [ -70.813320564075724, -34.134195698391991 ], [ -70.811239314346096, -34.134158178035044 ], [ -70.810062442683048, -34.13273085706863 ], [ -70.810966784560833, -34.131341045353025 ], [ -70.813048006306971, -34.131378550782507 ] ] ] } },
{ "type": "Feature", "properties": { "h3": "89b2c1c0ca3ffff" }, "geometry": { "type": "Polygon", "coordinates": [ [ [ -70.692298517802897, -34.138982824303952 ], [ -70.693473732274455, -34.140410547344878 ], [ -70.692569462330965, -34.141798681538845 ], [ -70.690489986338591, -34.141759088850215 ], [ -70.689314808270254, -34.140331377010632 ], [ -70.690219069789734, -34.138943246658521 ], [ -70.692298517802897, -34.138982824303952 ] ] ] } },
{ "type": "Feature", "properties": { "h3": "89b2c1c1907ffff" }, "geometry": { "type": "Polygon", "coordinates": [ [ [ -70.746289849509452, -34.18215318714276 ], [ -70.747466045247364, -34.183579901613697 ], [ -70.746561567021004, -34.184967630691972 ], [ -70.744480901384222, -34.184928641486096 ], [ -70.743304741966995, -34.1835019381572 ], [ -70.744209211864501, -34.18211421289233 ], [ -70.746289849509452, -34.18215318714276 ] ] ] } },
{ "type": "Feature", "properties": { "h3": "89b2c1c169bffff" }, "geometry": { "type": "Polygon", "coordinates": [ [ [ -70.830143719633227, -34.114808368364557 ], [ -70.831320792334623, -34.116235922076562 ], [ -70.830416488528513, -34.117626359965023 ], [ -70.828335120191383, -34.117589240317159 ], [ -70.827158083642217, -34.116161697703596 ], [ -70.828062379276602, -34.114771263639661 ], [ -70.830143719633227, -34.114808368364557 ] ] ] } },
{ "type": "Feature", "properties": { "h3": "89b2c1c5293ffff" }, "geometry": { "type": "Polygon", "coordinates": [ [ [ -70.682525722838747, -34.199197608785184 ], [ -70.683701085170568, -34.200624295458255 ], [ -70.682796602506002, -34.202010811510135 ], [ -70.680716765954145, -34.201970637070424 ], [ -70.679541440060646, -34.20054396158482 ], [ -70.680445914279318, -34.199157449351674 ], [ -70.682525722838747, -34.199197608785184 ] ] ] } },
{ "type": "Feature", "properties": { "h3": "89b2c1c092bffff" }, "geometry": { "type": "Polygon", "coordinates": [ [ [ -70.680358928326996, -34.176687729425076 ], [ -70.681534151719902, -34.178114829066814 ], [ -70.680629754035095, -34.179501878215746 ], [ -70.678550141404287, -34.179461823894634 ], [ -70.677374954446833, -34.178034735450296 ], [ -70.678279343683371, -34.176647690129869 ], [ -70.680358928326996, -34.176687729425076 ] ] ] } },
{ "type": "Feature", "properties": { "h3": "89b2c1cad37ffff" }, "geometry": { "type": "Polygon", "coordinates": [ [ [ -70.804920205347884, -34.176211731272325 ], [ -70.806097211805024, -34.177638295029126 ], [ -70.805192703714738, -34.179026896114692 ], [ -70.803111197387707, -34.178988929639374 ], [ -70.801934227145608, -34.177562376979388 ], [ -70.802838727014134, -34.176173779698111 ], [ -70.804920205347884, -34.176211731272325 ] ] ] } },
{ "type": "Feature", "properties": { "h3": "89b2c1c158fffff" }, "geometry": { "type": "Polygon", "coordinates": [ [ [ -70.783729476073532, -34.118191591332838 ], [ -70.784905901628747, -34.119619288219205 ], [ -70.784001625592552, -34.121009069320621 ], [ -70.781920932256227, -34.120971149703429 ], [ -70.780744542936517, -34.119543463951821 ], [ -70.781648810716277, -34.118153686682845 ], [ -70.783729476073532, -34.118191591332838 ] ] ] } },
{ "type": "Feature", "properties": { "h3": "89b2c1ce5b7ffff" }, "geometry": { "type": "Polygon", "coordinates": [ [ [ -70.694734208702187, -34.196624429505881 ], [ -70.695909734101562, -34.198051109263751 ], [ -70.695005249576823, -34.19943784051874 ], [ -70.692925248074928, -34.199397888198597 ], [ -70.691749759091593, -34.197971219619241 ], [ -70.692654235192762, -34.196584492181714 ], [ -70.694734208702187, -34.196624429505881 ] ] ] } },
{ "type": "Feature", "properties": { "h3": "89b2c1c1217ffff" }, "geometry": { "type": "Polygon", "coordinates": [ [ [ -70.829612900847721, -34.141518630049539 ], [ -70.830790093868103, -34.142945707430364 ], [ -70.82988569225536, -34.144335475439469 ], [ -70.827804105795337, -34.14429816225433 ], [ -70.826626948935981, -34.142871095962846 ], [ -70.827531342374257, -34.141481331767352 ], [ -70.829612900847721, -34.141518630049539 ] ] ] } },
{ "type": "Feature", "properties": { "h3": "89b2c1c724bffff" }, "geometry": { "type": "Polygon", "coordinates": [ [ [ -70.6727666633072, -34.162495216309487 ], [ -70.673941709642435, -34.163922603081907 ], [ -70.673037371347277, -34.165309911065108 ], [ -70.670957995176664, -34.165269828440216 ], [ -70.669782985286048, -34.163842452876487 ], [ -70.670687315120091, -34.16245514872913 ], [ -70.6727666633072, -34.162495216309487 ] ] ] } },
{ "type": "Feature", "properties": { "h3": "89b2c1c0a37ffff" }, "geometry": { "type": "Polygon", "coordinates": [ [ [ -70.717525625303267, -34.174587998830376 ], [ -70.718701372335076, -34.176014974543406 ], [ -70.717796948045233, -34.177402535998972 ], [ -70.71571678510287, -34.177363117919526 ], [ -70.714541074440348, -34.175936153374522 ], [ -70.715445490349552, -34.174548595741136 ], [ -70.717525625303267, -34.174587998830376 ] ] ] } },
{ "type": "Feature", "properties": { "h3": "89b2c1c023bffff" }, "geometry": { "type": "Polygon", "coordinates": [ [ [ -70.763651265858286, -34.136102341835588 ], [ -70.764827489768592, -34.137529805856772 ], [ -70.763923165588338, -34.138918894129375 ], [ -70.761842625790621, -34.138880514551985 ], [ -70.76066643815669, -34.137453061675409 ], [ -70.761570754042779, -34.136063977231821 ], [ -70.763651265858286, -34.136102341835588 ] ] ] } },
{ "type": "Feature", "properties": { "h3": "89b2c1c1e7bffff" }, "geometry": { "type": "Polygon", "coordinates": [ [ [ -70.797858663537625, -34.167651702216801 ], [ -70.79903552801261, -34.169078450678555 ], [ -70.798131057582808, -34.17046717742047 ], [ -70.796049730910681, -34.170429151891661 ], [ -70.794872902660757, -34.169002414535512 ], [ -70.795777364856548, -34.16761369160281 ], [ -70.797858663537625, -34.167651702216801 ] ] ] } },
{ "type": "Feature", "properties": { "h3": "89b2c1c1a13ffff" }, "geometry": { "type": "Polygon", "coordinates": [ [ [ -70.792704144165825, -34.178798578354723 ], [ -70.793880988341982, -34.180225149441966 ], [ -70.792976481353591, -34.181613535396338 ], [ -70.790895138431907, -34.181575346458011 ], [ -70.78971833049323, -34.180148786476536 ], [ -70.790622829237421, -34.178760404327825 ], [ -70.792704144165825, -34.178798578354723 ] ] ] } },
{ "type": "Feature", "properties": { "h3": "89b2c1c560bffff" }, "geometry": { "type": "Polygon", "coordinates": [ [ [ -70.687952491061068, -34.190877427097305 ], [ -70.689127891513749, -34.19230423941292 ], [ -70.688223434463936, -34.193691029672273 ], [ -70.68614358539557, -34.193651003795026 ], [ -70.684968221369175, -34.1922242026655 ], [ -70.685872669983524, -34.190837416227325 ], [ -70.687952491061068, -34.190877427097305 ] ] ] } },
{ "type": "Feature", "properties": { "h3": "89b2c1c0b27ffff" }, "geometry": { "type": "Polygon", "coordinates": [ [ [ -70.696905492363356, -34.18683632199027 ], [ -70.698081002060974, -34.18826316785259 ], [ -70.697176551601572, -34.189650169488992 ], [ -70.69509659986214, -34.189610321442181 ], [ -70.693921126573841, -34.18818348676016 ], [ -70.694825568614291, -34.186796488944857 ], [ -70.696905492363356, -34.18683632199027 ] ] ] } },
{ "type": "Feature", "properties": { "h3": "89b2c1c733bffff" }, "geometry": { "type": "Polygon", "coordinates": [ [ [ -70.63642418209497, -34.173025711292119 ], [ -70.637598756006568, -34.174453066543904 ], [ -70.636694413367806, -34.175839662272523 ], [ -70.634615505343888, -34.175798898911076 ], [ -70.633440967944011, -34.174371554893625 ], [ -70.634345302054996, -34.172984963003486 ], [ -70.63642418209497, -34.173025711292119 ] ] ] } },
{ "type": "Feature", "properties": { "h3": "89b2c1c5383ffff" }, "geometry": { "type": "Polygon", "coordinates": [ [ [ -70.66190702725396, -34.211431985031624 ], [ -70.663082151765394, -34.212858541719939 ], [ -70.662177643334459, -34.214244497862985 ], [ -70.660098018874962, -34.214203893500276 ], [ -70.65892293084184, -34.212777348011663 ], [ -70.659827430788567, -34.211391395686263 ], [ -70.66190702725396, -34.211431985031624 ] ] ] } },
{ "type": "Feature", "properties": { "h3": "89b2c1c500bffff" }, "geometry": { "type": "Polygon", "coordinates": [ [ [ -70.667063277108326, -34.200302131699992 ], [ -70.668238422458003, -34.201728865672528 ], [ -70.667333950205787, -34.203115162693472 ], [ -70.665254341076619, -34.203074721920821 ], [ -70.664079232192861, -34.201647999147887 ], [ -70.664983695971017, -34.200261705948215 ], [ -70.667063277108326, -34.200302131699992 ] ] ] } },
{ "type": "Feature", "properties": { "h3": "89b2c1c1413ffff" }, "geometry": { "type": "Polygon", "coordinates": [ [ [ -70.807882533341456, -34.110190070802091 ], [ -70.809059265955241, -34.111617805055964 ], [ -70.808154998276009, -34.113008082965727 ], [ -70.806074006193541, -34.112970622790925 ], [ -70.804897309770112, -34.111542899655142 ], [ -70.805801569237417, -34.110152625576283 ], [ -70.807882533341456, -34.110190070802091 ] ] ] } },
{ "type": "Feature", "properties": { "h3": "89b2c1ce43bffff" }, "geometry": { "type": "Polygon", "coordinates": [ [ [ -70.725666211518842, -34.194405591691954 ], [ -70.726842170268895, -34.195832176452456 ], [ -70.725937665535596, -34.197219345716022 ], [ -70.723857210418075, -34.197179926406889 ], [ -70.722681288028809, -34.195753352800651 ], [ -70.723585784394913, -34.194366187349488 ], [ -70.725666211518842, -34.194405591691954 ] ] ] } },
{ "type": "Feature", "properties": { "h3": "89b2c1c0dafffff" }, "geometry": { "type": "Polygon", "coordinates": [ [ [ -70.671683898550867, -34.151235255442089 ], [ -70.672858875441023, -34.152662848478229 ], [ -70.671954579629798, -34.154050422922985 ], [ -70.669875315389376, -34.154010400491067 ], [ -70.668700374942446, -34.152582818668556 ], [ -70.669604662291349, -34.151195248064539 ], [ -70.671683898550867, -34.151235255442089 ] ] ] } },
{ "type": "Feature", "properties": { "h3": "89b2c1c109bffff" }, "geometry": { "type": "Polygon", "coordinates": [ [ [ -70.809244925820778, -34.124278949168833 ], [ -70.810421745336996, -34.125706425151108 ], [ -70.80951742465983, -34.12709637007486 ], [ -70.807436292675476, -34.127058835191747 ], [ -70.806259509351349, -34.125631370321436 ], [ -70.807163821818122, -34.124241429222494 ], [ -70.809244925820778, -34.124278949168833 ] ] ] } },
{ "type": "Feature", "properties": { "h3": "89b2c1c0d23ffff" }, "geometry": { "type": "Polygon", "coordinates": [ [ [ -70.675208900381804, -34.155517942642085 ], [ -70.676383948431862, -34.156945443764386 ], [ -70.675479633543802, -34.158332955434972 ], [ -70.673400279060502, -34.158292962145161 ], [ -70.672225267448695, -34.156865472232091 ], [ -70.673129573880573, -34.1554779643998 ], [ -70.675208900381804, -34.155517942642085 ] ] ] } },
{ "type": "Feature", "properties": { "h3": "89b2c1c1d8bffff" }, "geometry": { "type": "Polygon", "coordinates": [ [ [ -70.746829488176289, -34.155468256601367 ], [ -70.748005563838561, -34.156895447185533 ], [ -70.74710118341028, -34.158283846367731 ], [ -70.745020735644417, -34.158245051141634 ], [ -70.743844696293991, -34.156817871708711 ], [ -70.744749068396203, -34.155429476350832 ], [ -70.746829488176289, -34.155468256601367 ] ] ] } },
{ "type": "Feature", "properties": { "h3": "89b2c1c1987ffff" }, "geometry": { "type": "Polygon", "coordinates": [ [ [ -70.742489745832245, -34.175058142416518 ], [ -70.743665853117335, -34.17648500076853 ], [ -70.742761404446924, -34.177872859302347 ], [ -70.74068085682535, -34.177833855667288 ], [ -70.739504785865549, -34.176407008462974 ], [ -70.740409226200669, -34.175019153746227 ], [ -70.742489745832245, -34.175058142416518 ] ] ] } },
{ "type": "Feature", "properties": { "h3": "89b2c1c09abffff" }, "geometry": { "type": "Polygon", "coordinates": [ [ [ -70.676562633606935, -34.16959182469305 ], [ -70.677737768470735, -34.171019067924576 ], [ -70.676833400477676, -34.17240624649758 ], [ -70.674753906074145, -34.172366178007053 ], [ -70.673578807650387, -34.17093894597857 ], [ -70.674483167188754, -34.169551771237771 ], [ -70.676562633606935, -34.16959182469305 ] ] ] } },
{ "type": "Feature", "properties": { "h3": "89b2c1cadb7ffff" }, "geometry": { "type": "Polygon", "coordinates": [ [ [ -70.801116888532874, -34.169116416871653 ], [ -70.802293806613505, -34.170543124717284 ], [ -70.801389327955505, -34.171931855267175 ], [ -70.799307939443693, -34.171893874163665 ], [ -70.798131057582808, -34.17046717742047 ], [ -70.79903552801261, -34.169078450678555 ], [ -70.801116888532874, -34.169116416871653 ] ] ] } },
{ "type": "Feature", "properties": { "h3": "89b2c1c5207ffff" }, "geometry": { "type": "Polygon", "coordinates": [ [ [ -70.683609281984531, -34.210449709940505 ], [ -70.68478471379656, -34.211876190024157 ], [ -70.683880188637104, -34.213262439481511 ], [ -70.68180024010897, -34.213222205041497 ], [ -70.680624844736698, -34.211795736140317 ], [ -70.681529361451467, -34.210409490496886 ], [ -70.683609281984531, -34.210449709940505 ] ] ] } },
{ "type": "Feature", "properties": { "h3": "89b2c1c014bffff" }, "geometry": { "type": "Polygon", "coordinates": [ [ [ -70.735431297053182, -34.134173287076067 ], [ -70.736607107418052, -34.135600908784575 ], [ -70.735702815653582, -34.136989696149975 ], [ -70.733622721868215, -34.136950857971641 ], [ -70.732446947829047, -34.135523247431252 ], [ -70.733351231248179, -34.134134463901276 ], [ -70.735431297053182, -34.134173287076067 ] ] ] } },
{ "type": "Feature", "properties": { "h3": "89b2c1c160fffff" }, "geometry": { "type": "Polygon", "coordinates": [ [ [ -70.831234835941203, -34.126079625096963 ], [ -70.832411978182279, -34.127506972078017 ], [ -70.831507631988529, -34.128897143563222 ], [ -70.82942615172287, -34.128859964247916 ], [ -70.828249045635417, -34.127432628360417 ], [ -70.829153383658664, -34.126042460694855 ], [ -70.831234835941203, -34.126079625096963 ] ] ] } },
{ "type": "Feature", "properties": { "h3": "89b2c1c0633ffff" }, "geometry": { "type": "Polygon", "coordinates": [ [ [ -70.758491792621939, -34.114917039960361 ], [ -70.759667841272687, -34.116344905755774 ], [ -70.758763599633909, -34.117734456394096 ], [ -70.756683317645141, -34.117696137398383 ], [ -70.755507305273611, -34.116268282759336 ], [ -70.75641153861028, -34.114878735959834 ], [ -70.758491792621939, -34.114917039960361 ] ] ] } },
{ "type": "Feature", "properties": { "h3": "89b2c1c1127ffff" }, "geometry": { "type": "Polygon", "coordinates": [ [ [ -70.780480669635978, -34.149063034431663 ], [ -70.781657196491295, -34.15049019256 ], [ -70.780752809715906, -34.151879166728179 ], [ -70.778671904348286, -34.151840978947909 ], [ -70.777495413743353, -34.150413831945926 ], [ -70.778399792254305, -34.149024861598058 ], [ -70.780480669635978, -34.149063034431663 ] ] ] } },
{ "type": "Feature", "properties": { "h3": "89b2c1c1297ffff" }, "geometry": { "type": "Polygon", "coordinates": [ [ [ -70.825808731196716, -34.134420094428755 ], [ -70.826985835896025, -34.13584731583375 ], [ -70.826081463655683, -34.137237213253485 ], [ -70.823999994895601, -34.137199885451103 ], [ -70.822822926361994, -34.135772675141062 ], [ -70.823727290421417, -34.13438278153864 ], [ -70.825808731196716, -34.134420094428755 ] ] ] } },
{ "type": "Feature", "properties": { "h3": "89b2c1c02bbffff" }, "geometry": { "type": "Polygon", "coordinates": [ [ [ -70.759850895336157, -34.12900294013744 ], [ -70.761027030848069, -34.130430547891635 ], [ -70.760122736176527, -34.131819765543518 ], [ -70.758042314292354, -34.131781371608668 ], [ -70.756866215061464, -34.130353775004679 ], [ -70.75777050143239, -34.128964561185526 ], [ -70.759850895336157, -34.12900294013744 ] ] ] } },
{ "type": "Feature", "properties": { "h3": "89b2c1c1b83ffff" }, "geometry": { "type": "Polygon", "coordinates": [ [ [ -70.768274481878322, -34.183967645303319 ], [ -70.769451001228973, -34.185394230916209 ], [ -70.768546496696786, -34.186782186583279 ], [ -70.766465481101562, -34.186743552829299 ], [ -70.765288998033213, -34.185316978340005 ], [ -70.766193494276422, -34.183929026481294 ], [ -70.768274481878322, -34.183967645303319 ] ] ] } },
{ "type": "Feature", "properties": { "h3": "89b2c1c0ba7ffff" }, "geometry": { "type": "Polygon", "coordinates": [ [ [ -70.693108105183882, -34.179741479586085 ], [ -70.69428352636514, -34.181168469152823 ], [ -70.693379105565555, -34.182555600236753 ], [ -70.691299272008749, -34.182515737929371 ], [ -70.690123887241398, -34.18108875954858 ], [ -70.69102829961561, -34.179701632289429 ], [ -70.693108105183882, -34.179741479586085 ] ] ] } },
{ "type": "Feature", "properties": { "h3": "89b2c1c5403ffff" }, "geometry": { "type": "Polygon", "coordinates": [ [ [ -70.661914398976705, -34.17914014753061 ], [ -70.663089368945947, -34.180567283142508 ], [ -70.662184979542701, -34.18195404279799 ], [ -70.66010562865084, -34.181913663010725 ], [ -70.658930695150303, -34.180486538610261 ], [ -70.659835076071587, -34.17909978278584 ], [ -70.661914398976705, -34.17914014753061 ] ] ] } },
{ "type": "Feature", "properties": { "h3": "89b2c1c180bffff" }, "geometry": { "type": "Polygon", "coordinates": [ [ [ -70.773429309017942, -34.172823766611927 ], [ -70.774605848768132, -34.174250529579091 ], [ -70.773701380723296, -34.175638826048718 ], [ -70.771620381205807, -34.175600355739455 ], [ -70.770443877725512, -34.174173603895767 ], [ -70.771348337491474, -34.172785311238044 ], [ -70.773429309017942, -34.172823766611927 ] ] ] } },
{ "type": "Feature", "properties": { "h3": "89b2c1c082fffff" }, "geometry": { "type": "Polygon", "coordinates": [ [ [ -70.698263444812838, -34.168602969209772 ], [ -70.699438886699767, -34.170030135995312 ], [ -70.698534502162502, -34.171417607875064 ], [ -70.696454684152187, -34.171377909141064 ], [ -70.695279278666774, -34.169950753541336 ], [ -70.69618365478884, -34.168563285489981 ], [ -70.698263444812838, -34.168602969209772 ] ] ] } },
{ "type": "Feature", "properties": { "h3": "89b2c1ca8cfffff" }, "geometry": { "type": "Polygon", "coordinates": [ [ [ -70.842665264997805, -34.179704374851113 ], [ -70.843842827348425, -34.181130709254028 ], [ -70.842938274057232, -34.182519689129158 ], [ -70.840856166567278, -34.182482330806238 ], [ -70.839678640365719, -34.181056007468435 ], [ -70.840583185503704, -34.179667031388639 ], [ -70.842665264997805, -34.179704374851113 ] ] ] } },
{ "type": "Feature", "properties": { "h3": "89b2c1ce4c7ffff" }, "geometry": { "type": "Polygon", "coordinates": [ [ [ -70.731093111857021, -34.186081490770448 ], [ -70.732269108558313, -34.187508201185715 ], [ -70.731364629572951, -34.18889564464282 ], [ -70.729284162241683, -34.188856373870102 ], [ -70.728108201889086, -34.187429674607749 ], [ -70.729012672517698, -34.186042234965406 ], [ -70.731093111857021, -34.186081490770448 ] ] ] } },
{ "type": "Feature", "properties": { "h3": "89b2c1cac3bffff" }, "geometry": { "type": "Polygon", "coordinates": [ [ [ -70.832068267939206, -34.166865978117457 ], [ -70.833245617467057, -34.16829258990937 ], [ -70.832341120456149, -34.169681758301927 ], [ -70.830259282087709, -34.169644311100107 ], [ -70.829081968723983, -34.168217710386486 ], [ -70.829986457563209, -34.166828545796612 ], [ -70.832068267939206, -34.166865978117457 ] ] ] } },
{ "type": "Feature", "properties": { "h3": "89b2c1c508bffff" }, "geometry": { "type": "Polygon", "coordinates": [ [ [ -70.663267369192923, -34.193208441601357 ], [ -70.664442425980369, -34.19463531922176 ], [ -70.663537983453239, -34.196021745704122 ], [ -70.661458492617768, -34.195981290741337 ], [ -70.660283472300819, -34.194554424326164 ], [ -70.661187906347493, -34.193168001668745 ], [ -70.663267369192923, -34.193208441601357 ] ] ] } },
{ "type": "Feature", "properties": { "h3": "89b2c1c5097ffff" }, "geometry": { "type": "Polygon", "coordinates": [ [ [ -70.65675855375612, -34.190273641080005 ], [ -70.657933502869724, -34.191700599492791 ], [ -70.657029077309346, -34.193087018324029 ], [ -70.654949711126093, -34.193046474915292 ], [ -70.653774798493586, -34.191619527714089 ], [ -70.65467921556187, -34.190233112710253 ], [ -70.65675855375612, -34.190273641080005 ] ] ] } },
{ "type": "Feature", "properties": { "h3": "89b2c1c1493ffff" }, "geometry": { "type": "Polygon", "coordinates": [ [ [ -70.804080071375125, -34.10308839842147 ], [ -70.805256715663504, -34.104516276463578 ], [ -70.804352477394531, -34.105906683720633 ], [ -70.802271603054223, -34.105869209101137 ], [ -70.801094994960849, -34.104441342182731 ], [ -70.801999225011429, -34.10305093876029 ], [ -70.804080071375125, -34.10308839842147 ] ] ] } },
{ "type": "Feature", "properties": { "h3": "89b2c1ce4bbffff" }, "geometry": { "type": "Polygon", "coordinates": [ [ [ -70.721867082360234, -34.187311625674091 ], [ -70.723042952623445, -34.18873835429055 ], [ -70.722138477491995, -34.190125653024516 ], [ -70.720058140469575, -34.190086219326183 ], [ -70.718882306571743, -34.18865950186968 ], [ -70.719786773329574, -34.187272206951768 ], [ -70.721867082360234, -34.187311625674091 ] ] ] } },
{ "type": "Feature", "properties": { "h3": "89b2c1ca8c3ffff" }, "geometry": { "type": "Polygon", "coordinates": [ [ [ -70.842392262733327, -34.176888942152132 ], [ -70.843569807688723, -34.178315328334698 ], [ -70.842665264997805, -34.179704374851113 ], [ -70.840583185503704, -34.179667031388639 ], [ -70.839405676697055, -34.178240656272401 ], [ -70.84031021123441, -34.176851613552515 ], [ -70.842392262733327, -34.176888942152132 ] ] ] } },
{ "type": "Feature", "properties": { "h3": "89b2c1c111bffff" }, "geometry": { "type": "Polygon", "coordinates": [ [ [ -70.792149721001408, -34.140841970090058 ], [ -70.793326375420307, -34.142269224377834 ], [ -70.792422008667145, -34.143658546901278 ], [ -70.7903409957364, -34.143620611315782 ], [ -70.789164377544807, -34.142193368147851 ], [ -70.790068736055332, -34.140804049445784 ], [ -70.792149721001408, -34.140841970090058 ] ] ] } },
{ "type": "Feature", "properties": { "h3": "89b2c1c1a07ffff" }, "geometry": { "type": "Polygon", "coordinates": [ [ [ -70.789990629080279, -34.182963661968572 ], [ -70.791167454405155, -34.184390170222059 ], [ -70.79026293444592, -34.185778419092493 ], [ -70.788181597409832, -34.185740155905158 ], [ -70.78700480832849, -34.184313658758072 ], [ -70.787909320038352, -34.182925413692125 ], [ -70.789990629080279, -34.182963661968572 ] ] ] } },
{ "type": "Feature", "properties": { "h3": "89b2c1c0a2bffff" }, "geometry": { "type": "Polygon", "coordinates": [ [ [ -70.72403762934951, -34.177520583063497 ], [ -70.725213483849345, -34.17894747781245 ], [ -70.724309042815676, -34.180335046908617 ], [ -70.722228755649837, -34.180295717436337 ], [ -70.721052937508645, -34.178868833849108 ], [ -70.721957370173286, -34.177481268572627 ], [ -70.72403762934951, -34.177520583063497 ] ] ] } },
{ "type": "Feature", "properties": { "h3": "89b2c1c083bffff" }, "geometry": { "type": "Polygon", "coordinates": [ [ [ -70.700976553743999, -34.164440216623568 ], [ -70.702152014658893, -34.165867446203002 ], [ -70.701247642948388, -34.167255055158833 ], [ -70.699167818731638, -34.167215430705802 ], [ -70.697992394212207, -34.16578821231149 ], [ -70.698896757512713, -34.164400607185257 ], [ -70.700976553743999, -34.164440216623568 ] ] ] } },
{ "type": "Feature", "properties": { "h3": "89b2c1c5287ffff" }, "geometry": { "type": "Polygon", "coordinates": [ [ [ -70.679812281111765, -34.203357082659004 ], [ -70.680987624374268, -34.204783706505047 ], [ -70.680083128907981, -34.206170085447177 ], [ -70.67800329862898, -34.206129836725879 ], [ -70.676827991810825, -34.204703224067956 ], [ -70.677732478825988, -34.203316848943402 ], [ -70.679812281111765, -34.203357082659004 ] ] ] } },
{ "type": "Feature", "properties": { "h3": "89b2c1c168fffff" }, "geometry": { "type": "Polygon", "coordinates": [ [ [ -70.827430813960092, -34.118979607784453 ], [ -70.828607867893169, -34.120407098723106 ], [ -70.827703551064758, -34.121797399591792 ], [ -70.825622188478874, -34.121760205698699 ], [ -70.824445170704067, -34.120332725859207 ], [ -70.825349479355523, -34.11894242881386 ], [ -70.827430813960092, -34.118979607784453 ] ] ] } },
{ "type": "Feature", "properties": { "h3": "89b2c1c1817ffff" }, "geometry": { "type": "Polygon", "coordinates": [ [ [ -70.766914509358685, -34.16989316384668 ], [ -70.768090941801674, -34.171320007946647 ], [ -70.767186490320384, -34.172708296791185 ], [ -70.765105614685268, -34.172669737721527 ], [ -70.763929218522819, -34.171242904751352 ], [ -70.764833661713595, -34.169854619721228 ], [ -70.766914509358685, -34.16989316384668 ] ] ] } },
{ "type": "Feature", "properties": { "h3": "89b2c1c540fffff" }, "geometry": { "type": "Polygon", "coordinates": [ [ [ -70.662184979542701, -34.18195404279799 ], [ -70.663359966874694, -34.183381126820365 ], [ -70.662455566847072, -34.184767819845057 ], [ -70.660376187967799, -34.184727425017762 ], [ -70.659201237104881, -34.183300352205599 ], [ -70.66010562865084, -34.181913663010725 ], [ -70.662184979542701, -34.18195404279799 ] ] ] } },
{ "type": "Feature", "properties": { "h3": "89b2c1ce6b7ffff" }, "geometry": { "type": "Polygon", "coordinates": [ [ [ -70.738421069529238, -34.197455136010817 ], [ -70.739597225801006, -34.198881610300994 ], [ -70.738692698273098, -34.200268861450155 ], [ -70.736612022816217, -34.200229634500737 ], [ -70.735435902883552, -34.198803171353418 ], [ -70.736340422067286, -34.197415924012894 ], [ -70.738421069529238, -34.197455136010817 ] ] ] } },
{ "type": "Feature", "properties": { "h3": "89b2c1c06b3ffff" }, "geometry": { "type": "Polygon", "coordinates": [ [ [ -70.754692040571967, -34.107815569130096 ], [ -70.755868000833246, -34.109243578537225 ], [ -70.754963788708821, -34.110633258515143 ], [ -70.752883624630343, -34.110594925243554 ], [ -70.751707700652929, -34.109166926998363 ], [ -70.752611904468779, -34.107777250863023 ], [ -70.754692040571967, -34.107815569130096 ] ] ] } },
{ "type": "Feature", "properties": { "h3": "89b2c1c1317ffff" }, "geometry": { "type": "Polygon", "coordinates": [ [ [ -70.808711895790751, -34.15098316636788 ], [ -70.809888835564323, -34.152410166082824 ], [ -70.808984417083138, -34.153799441074931 ], [ -70.806903067040167, -34.15376171253839 ], [ -70.805726163467483, -34.152334723926309 ], [ -70.806630573735518, -34.15094545274809 ], [ -70.808711895790751, -34.15098316636788 ] ] ] } },
{ "type": "Feature", "properties": { "h3": "89b2c1c033bffff" }, "geometry": { "type": "Polygon", "coordinates": [ [ [ -70.742758137371297, -34.145554656488649 ], [ -70.74393410722783, -34.14698204245714 ], [ -70.743029766958813, -34.148370637661053 ], [ -70.74094946516469, -34.148331843067425 ], [ -70.739773531624266, -34.146904468257055 ], [ -70.740677863560492, -34.145515876882371 ], [ -70.742758137371297, -34.145554656488649 ] ] ] } },
{ "type": "Feature", "properties": { "h3": "89b2c1c1c03ffff" }, "geometry": { "type": "Polygon", "coordinates": [ [ [ -70.76826785665736, -34.151649521702687 ], [ -70.769444221098723, -34.15307668697767 ], [ -70.768539835593188, -34.15446544601096 ], [ -70.766459093931743, -34.154427035947819 ], [ -70.76528276576316, -34.152999881808121 ], [ -70.766187142981892, -34.151611126596485 ], [ -70.76826785665736, -34.151649521702687 ] ] ] } },
{ "type": "Feature", "properties": { "h3": "89b2c1c73c7ffff" }, "geometry": { "type": "Polygon", "coordinates": [ [ [ -70.641850110511939, -34.164705051780295 ], [ -70.643024722715637, -34.166132532593274 ], [ -70.642120405542826, -34.167519402485041 ], [ -70.640041484682357, -34.167478787723141 ], [ -70.638866908978372, -34.166051318143097 ], [ -70.639771217633822, -34.164664452092232 ], [ -70.641850110511939, -34.164705051780295 ] ] ] } },
{ "type": "Feature", "properties": { "h3": "89b2c1c0bb3ffff" }, "geometry": { "type": "Polygon", "coordinates": [ [ [ -70.695821322903882, -34.175579749354895 ], [ -70.696996763124886, -34.177006801726364 ], [ -70.69609235514524, -34.17839406989718 ], [ -70.694012515363326, -34.178354281870739 ], [ -70.69283711155019, -34.176927240684549 ], [ -70.693741511109735, -34.175539976339692 ], [ -70.695821322903882, -34.175579749354895 ] ] ] } },
{ "type": "Feature", "properties": { "h3": "89b2c1c0c27ffff" }, "geometry": { "type": "Polygon", "coordinates": [ [ [ -70.693111371624568, -34.147430041495035 ], [ -70.694286638185446, -34.148857609832064 ], [ -70.69338233639057, -34.150245544203635 ], [ -70.69130277645661, -34.150205906400188 ], [ -70.690127546300033, -34.14877834926078 ], [ -70.691031839671794, -34.147390418727404 ], [ -70.693111371624568, -34.147430041495035 ] ] ] } },
{ "type": "Feature", "properties": { "h3": "89b2c1c5483ffff" }, "geometry": { "type": "Polygon", "coordinates": [ [ [ -70.658119109709276, -34.172044388568779 ], [ -70.659293991125324, -34.173471667707787 ], [ -70.658389631452735, -34.174858556785544 ], [ -70.656310398851062, -34.1748181628898 ], [ -70.655135553908266, -34.173390894967895 ], [ -70.656039905092527, -34.172004009724851 ], [ -70.658119109709276, -34.172044388568779 ] ] ] } },
{ "type": "Feature", "properties": { "h3": "89b2c1c1b8fffff" }, "geometry": { "type": "Polygon", "coordinates": [ [ [ -70.768546496696786, -34.186782186583279 ], [ -70.76972303343031, -34.188208720485619 ], [ -70.76881851828729, -34.189596609511405 ], [ -70.766737474698104, -34.189557960827884 ], [ -70.765560974247236, -34.188131438047932 ], [ -70.766465481101562, -34.186743552829299 ], [ -70.768546496696786, -34.186782186583279 ] ] ] } },
{ "type": "Feature", "properties": { "h3": "89b2c1c188bffff" }, "geometry": { "type": "Polygon", "coordinates": [ [ [ -70.769627819041787, -34.16572796035269 ], [ -70.770804270379131, -34.167154867266035 ], [ -70.769899831831466, -34.168543293183625 ], [ -70.767818950230406, -34.16850480837244 ], [ -70.766642535167591, -34.167077912588205 ], [ -70.767546965429958, -34.165689490486237 ], [ -70.769627819041787, -34.16572796035269 ] ] ] } },
{ "type": "Feature", "properties": { "h3": "89b2c1c08afffff" }, "geometry": { "type": "Polygon", "coordinates": [ [ [ -70.694466262921537, -34.161506373093367 ], [ -70.695641616306887, -34.162933683502544 ], [ -70.694737261422219, -34.164321284797943 ], [ -70.692657561572489, -34.164281571852271 ], [ -70.691482244593232, -34.162854272634547 ], [ -70.692386591056277, -34.161466675171212 ], [ -70.694466262921537, -34.161506373093367 ] ] ] } },
{ "type": "Feature", "properties": { "h3": "89b2c1cacbbffff" }, "geometry": { "type": "Polygon", "coordinates": [ [ [ -70.828263567693114, -34.15976990411302 ], [ -70.829440828884685, -34.161196660058756 ], [ -70.828536361247103, -34.162585957907957 ], [ -70.826454640594719, -34.162548496005222 ], [ -70.825277415571932, -34.161121751143362 ], [ -70.826181875031381, -34.159732457100532 ], [ -70.828263567693114, -34.15976990411302 ] ] ] } },
{ "type": "Feature", "properties": { "h3": "89b2c1c1513ffff" }, "geometry": { "type": "Polygon", "coordinates": [ [ [ -70.786986628848481, -34.119657148541506 ], [ -70.788163108010266, -34.121084804928188 ], [ -70.787258823723462, -34.122474589860786 ], [ -70.785178068524132, -34.122436714575706 ], [ -70.784001625592552, -34.121009069320621 ], [ -70.784905901628747, -34.119619288219205 ], [ -70.786986628848481, -34.119657148541506 ] ] ] } },
{ "type": "Feature", "properties": { "h3": "89b2c1ce53bffff" }, "geometry": { "type": "Polygon", "coordinates": [ [ [ -70.704772416930396, -34.203837194568464 ], [ -70.705948121035917, -34.205263701208558 ], [ -70.705043600654719, -34.206650377260047 ], [ -70.702963384572442, -34.20661054285906 ], [ -70.701787716867386, -34.205184047386723 ], [ -70.702692228842793, -34.203797375147786 ], [ -70.704772416930396, -34.203837194568464 ] ] ] } },
{ "type": "Feature", "properties": { "h3": "89b2c1c119bffff" }, "geometry": { "type": "Polygon", "coordinates": [ [ [ -70.788347670969713, -34.133743172720173 ], [ -70.789524237021766, -34.135170570878181 ], [ -70.788619899719066, -34.136560022798747 ], [ -70.786539004612038, -34.136522072736447 ], [ -70.78536247479191, -34.135094685703919 ], [ -70.786266803845535, -34.133705237608424 ], [ -70.788347670969713, -34.133743172720173 ] ] ] } },
{ "type": "Feature", "properties": { "h3": "89b2c1c0e23ffff" }, "geometry": { "type": "Polygon", "coordinates": [ [ [ -70.718882181849295, -34.156349518420036 ], [ -70.720057861018134, -34.157776815069674 ], [ -70.71915350266238, -34.159164846721147 ], [ -70.717073473513381, -34.159125577893725 ], [ -70.715897830706012, -34.157698292417635 ], [ -70.716802180684851, -34.156310264595604 ], [ -70.718882181849295, -34.156349518420036 ] ] ] } },
{ "type": "Feature", "properties": { "h3": "89b2c1c2a63ffff" }, "geometry": { "type": "Polygon", "coordinates": [ [ [ -70.703691498332532, -34.127954594493424 ], [ -70.704866823633665, -34.12938246544406 ], [ -70.703962583742111, -34.130771014614645 ], [ -70.701883026950696, -34.130731688990544 ], [ -70.700707738029465, -34.129303829235958 ], [ -70.70161196951841, -34.127915283909616 ], [ -70.703691498332532, -34.127954594493424 ] ] ] } },
{ "type": "Feature", "properties": { "h3": "89b2c1c1a87ffff" }, "geometry": { "type": "Polygon", "coordinates": [ [ [ -70.786188048703849, -34.175868921861287 ], [ -70.787364785628938, -34.177295574175467 ], [ -70.786460295134745, -34.178683952517268 ], [ -70.784379075969937, -34.178645674736984 ], [ -70.783202375293044, -34.177219033534875 ], [ -70.784106857531384, -34.175830659001214 ], [ -70.786188048703849, -34.175868921861287 ] ] ] } },
{ "type": "Feature", "properties": { "h3": "89b2c1c0aabffff" }, "geometry": { "type": "Polygon", "coordinates": [ [ [ -70.720238853467563, -34.17042497749609 ], [ -70.721414619490773, -34.17185201601464 ], [ -70.720510208058258, -34.173239714550796 ], [ -70.718430038976621, -34.173200370745221 ], [ -70.717254309316687, -34.171773343394037 ], [ -70.718158712373764, -34.17038564868124 ], [ -70.720238853467563, -34.17042497749609 ] ] ] } },
{ "type": "Feature", "properties": { "h3": "89b2c1c5307ffff" }, "geometry": { "type": "Polygon", "coordinates": [ [ [ -70.662718895716182, -34.219869168652416 ], [ -70.663894072330919, -34.22129557041827 ], [ -70.662989532017889, -34.222681326597936 ], [ -70.660909823572098, -34.222640677197923 ], [ -70.659734683436781, -34.221214286628033 ], [ -70.660639215266499, -34.21982853426239 ], [ -70.662718895716182, -34.219869168652416 ] ] ] } },
{ "type": "Feature", "properties": { "h3": "89b2c1c334fffff" }, "geometry": { "type": "Polygon", "coordinates": [ [ [ -70.795124936480789, -34.107146840553384 ], [ -70.796301472167059, -34.10857468521862 ], [ -70.795397226770163, -34.109964881208796 ], [ -70.79331645392061, -34.10992722869922 ], [ -70.792139954446412, -34.108499395163477 ], [ -70.793044191608345, -34.107109203008001 ], [ -70.795124936480789, -34.107146840553384 ] ] ] } },
{ "type": "Feature", "properties": { "h3": "89b2c1c1397ffff" }, "geometry": { "type": "Polygon", "coordinates": [ [ [ -70.8049087560522, -34.143885434518353 ], [ -70.806085607472085, -34.145312578218146 ], [ -70.805181218409203, -34.146701982630944 ], [ -70.803099986144701, -34.146664239526537 ], [ -70.80192317093038, -34.145237106935191 ], [ -70.802827551773646, -34.14384770633999 ], [ -70.8049087560522, -34.143885434518353 ] ] ] } },
{ "type": "Feature", "properties": { "h3": "89b2c1c03bbffff" }, "geometry": { "type": "Polygon", "coordinates": [ [ [ -70.738958799209243, -34.138456060160706 ], [ -70.740134680634995, -34.139883589822887 ], [ -70.739230369920463, -34.141272314416092 ], [ -70.737150186118043, -34.141233505514371 ], [ -70.735974341012991, -34.139805987015933 ], [ -70.736878643388309, -34.138417266255651 ], [ -70.738958799209243, -34.138456060160706 ] ] ] } },
{ "type": "Feature", "properties": { "h3": "89b2c1c0043ffff" }, "geometry": { "type": "Polygon", "coordinates": [ [ [ -70.75306631605892, -34.12325378417556 ], [ -70.754242326887251, -34.124681524457998 ], [ -70.753338059430291, -34.126070801041948 ], [ -70.751257789456218, -34.126032333507212 ], [ -70.750081814919199, -34.12460460438254 ], [ -70.75098607406359, -34.123215331635024 ], [ -70.75306631605892, -34.12325378417556 ] ] ] } },
{ "type": "Feature", "properties": { "h3": "89b2c1c02c7ffff" }, "geometry": { "type": "Polygon", "coordinates": [ [ [ -70.769077082673817, -34.127766727372972 ], [ -70.770253344369195, -34.129194316941053 ], [ -70.76934904604272, -34.130583679291355 ], [ -70.767268494303252, -34.130545448242351 ], [ -70.766092268872157, -34.129117869817449 ], [ -70.766996558914911, -34.12772851129855 ], [ -70.769077082673817, -34.127766727372972 ] ] ] } },
{ "type": "Feature", "properties": { "h3": "89b2c1c1c83ffff" }, "geometry": { "type": "Polygon", "coordinates": [ [ [ -70.764466985352655, -34.144551643977969 ], [ -70.765643261390068, -34.145978953078192 ], [ -70.764738905387375, -34.147367841520058 ], [ -70.762658281639133, -34.147329417036538 ], [ -70.76148204187912, -34.145902119077206 ], [ -70.762386389588571, -34.144513234460696 ], [ -70.764466985352655, -34.144551643977969 ] ] ] } },
{ "type": "Feature", "properties": { "h3": "89b2c1c0ca7ffff" }, "geometry": { "type": "Polygon", "coordinates": [ [ [ -70.689314808270254, -34.140331377010632 ], [ -70.690489986338591, -34.141759088850215 ], [ -70.689585714201911, -34.143147152598026 ], [ -70.687506272425097, -34.143107500664534 ], [ -70.686331130765666, -34.141679800028207 ], [ -70.687235394472808, -34.140291740122272 ], [ -70.689314808270254, -34.140331377010632 ] ] ] } },
{ "type": "Feature", "properties": { "h3": "89b2c1c12a3ffff" }, "geometry": { "type": "Polygon", "coordinates": [ [ [ -70.823368320898567, -34.141406631435416 ], [ -70.824545424204416, -34.142833738343299 ], [ -70.82364102834687, -34.144223432110095 ], [ -70.821559537367904, -34.144186015154311 ], [ -70.820382470234108, -34.142758919340856 ], [ -70.821286857905847, -34.141369229388964 ], [ -70.823368320898567, -34.141406631435416 ] ] ] } },
{ "type": "Feature", "properties": { "h3": "89b2c1c5503ffff" }, "geometry": { "type": "Polygon", "coordinates": [ [ [ -70.641029148823563, -34.18856216124108 ], [ -70.642203863393192, -34.189989218332322 ], [ -70.641299459096118, -34.191375484748598 ], [ -70.63922034874858, -34.191334690242677 ], [ -70.638045670687248, -34.189907644376362 ], [ -70.638950066463806, -34.188521381791226 ], [ -70.641029148823563, -34.18856216124108 ] ] ] } },
{ "type": "Feature", "properties": { "h3": "89b2c1c190bffff" }, "geometry": { "type": "Polygon", "coordinates": [ [ [ -70.7525319545381, -34.18226990256607 ], [ -70.753708240279678, -34.183696587628482 ], [ -70.752803756025827, -34.185084390968953 ], [ -70.750722994346546, -34.18504550543507 ], [ -70.749546744914639, -34.183618831509619 ], [ -70.750451220851005, -34.182231031981303 ], [ -70.7525319545381, -34.18226990256607 ] ] ] } },
{ "type": "Feature", "properties": { "h3": "89b2c1c092fffff" }, "geometry": { "type": "Polygon", "coordinates": [ [ [ -70.677374954446833, -34.178034735450296 ], [ -70.678550141404287, -34.179461823894634 ], [ -70.677645741545732, -34.180848802585885 ], [ -70.675566163182197, -34.180808689004472 ], [ -70.674391012665879, -34.179381611759446 ], [ -70.675295404070638, -34.17799463689672 ], [ -70.677374954446833, -34.178034735450296 ] ] ] } },
{ "type": "Feature", "properties": { "h3": "89b2c1cad3bffff" }, "geometry": { "type": "Polygon", "coordinates": [ [ [ -70.811164831628076, -34.176325378414667 ], [ -70.812341927887374, -34.177751912618298 ], [ -70.811437413975526, -34.179140587947593 ], [ -70.809355812013422, -34.179102725270468 ], [ -70.808178751958138, -34.177676202158565 ], [ -70.809083257659609, -34.176287530632266 ], [ -70.811164831628076, -34.176325378414667 ] ] ] } },
{ "type": "Feature", "properties": { "h3": "89b2c1c1593ffff" }, "geometry": { "type": "Polygon", "coordinates": [ [ [ -70.783185197354371, -34.112556280697142 ], [ -70.784361588158191, -34.11398408083285 ], [ -70.783457333327547, -34.115373995122887 ], [ -70.781376695948722, -34.115336105442545 ], [ -70.780200341379711, -34.113908316444054 ], [ -70.781104587953337, -34.112518405988894 ], [ -70.783185197354371, -34.112556280697142 ] ] ] } },
{ "type": "Feature", "properties": { "h3": "89b2c1ce5bbffff" }, "geometry": { "type": "Polygon", "coordinates": [ [ [ -70.700974322053767, -34.196744034335872 ], [ -70.702149937640243, -34.198170684792352 ], [ -70.701245446906597, -34.199557490323983 ], [ -70.699165348997397, -34.1995176415831 ], [ -70.697989769816019, -34.198091002300046 ], [ -70.698894252137421, -34.196704200584641 ], [ -70.700974322053767, -34.196744034335872 ] ] ] } },
{ "type": "Feature", "properties": { "h3": "89b2c1c121bffff" }, "geometry": { "type": "Polygon", "coordinates": [ [ [ -70.835857767153371, -34.141630317341054 ], [ -70.837035049867296, -34.143057365177832 ], [ -70.836130642521297, -34.144447207427099 ], [ -70.834048960623107, -34.144409998027506 ], [ -70.832871714059124, -34.142982961275003 ], [ -70.833776113242038, -34.141593122838046 ], [ -70.835857767153371, -34.141630317341054 ] ] ] } },
{ "type": "Feature", "properties": { "h3": "89b2c1c0ea3ffff" }, "geometry": { "type": "Polygon", "coordinates": [ [ [ -70.715084024588805, -34.149251843023926 ], [ -70.716259615289985, -34.150679283322219 ], [ -70.715355286541012, -34.152067444374374 ], [ -70.713275375472847, -34.152028161295256 ], [ -70.71209982113777, -34.150600732176123 ], [ -70.713004141503404, -34.149212574957119 ], [ -70.715084024588805, -34.149251843023926 ] ] ] } },
{ "type": "Feature", "properties": { "h3": "89b2c1c0b2bffff" }, "geometry": { "type": "Polygon", "coordinates": [ [ [ -70.703145456388782, -34.186955614013414 ], [ -70.704321056258991, -34.188382430589847 ], [ -70.70341659959881, -34.189769506503666 ], [ -70.701336551474625, -34.189729762021408 ], [ -70.70016098800275, -34.188302956620198 ], [ -70.701065436255348, -34.186915884526222 ], [ -70.703145456388782, -34.186955614013414 ] ] ] } },
{ "type": "Feature", "properties": { "h3": "89b2c1c5387ffff" }, "geometry": { "type": "Polygon", "coordinates": [ [ [ -70.65892293084184, -34.212777348011663 ], [ -70.660098018874962, -34.214203893500276 ], [ -70.659193508300774, -34.215589779174323 ], [ -70.657113918181849, -34.215549115542302 ], [ -70.65593886663271, -34.214122581255317 ], [ -70.656843368717162, -34.212736699398931 ], [ -70.65892293084184, -34.212777348011663 ] ] ] } },
{ "type": "Feature", "properties": { "h3": "89b2c1c161bffff" }, "geometry": { "type": "Polygon", "coordinates": [ [ [ -70.833947829703348, -34.121908773805494 ], [ -70.835124990706376, -34.123336183568767 ], [ -70.834220657541607, -34.12472649208032 ], [ -70.832139171537733, -34.124689387007997 ], [ -70.830962046682274, -34.123261988337596 ], [ -70.831866371681784, -34.121871683646837 ], [ -70.833947829703348, -34.121908773805494 ] ] ] } },
{ "type": "Feature", "properties": { "h3": "89b2c1c5213ffff" }, "geometry": { "type": "Polygon", "coordinates": [ [ [ -70.686322812784027, -34.206290624499474 ], [ -70.687498263659094, -34.207717167418821 ], [ -70.686593751307967, -34.209103553992371 ], [ -70.684513796519951, -34.209063393831663 ], [ -70.683338382078631, -34.207636862094091 ], [ -70.684242885990244, -34.206250479335651 ], [ -70.686322812784027, -34.206290624499474 ] ] ] } },
{ "type": "Feature", "properties": { "h3": "89b2c1c500fffff" }, "geometry": { "type": "Polygon", "coordinates": [ [ [ -70.664079232192861, -34.201647999147887 ], [ -70.665254341076619, -34.203074721920821 ], [ -70.664349866672652, -34.204460948476296 ], [ -70.662270291863166, -34.20442044843773 ], [ -70.661095219450999, -34.202993736866304 ], [ -70.661999685375378, -34.201607514132128 ], [ -70.664079232192861, -34.201647999147887 ] ] ] } },
{ "type": "Feature", "properties": { "h3": "89b2c1c1417ffff" }, "geometry": { "type": "Polygon", "coordinates": [ [ [ -70.804897309770112, -34.111542899655142 ], [ -70.806074006193541, -34.112970622790925 ], [ -70.805169736126757, -34.114360830277725 ], [ -70.803088777852651, -34.114323310798028 ], [ -70.801912117625278, -34.112895598782245 ], [ -70.802816379474606, -34.1115053951264 ], [ -70.804897309770112, -34.111542899655142 ] ] ] } },
{ "type": "Feature", "properties": { "h3": "89b2c1c043bffff" }, "geometry": { "type": "Polygon", "coordinates": [ [ [ -70.738956033015967, -34.106118508361028 ], [ -70.740131759700233, -34.10754661664901 ], [ -70.739227567961436, -34.108936144235493 ], [ -70.737147657874047, -34.10889755968779 ], [ -70.735971967500944, -34.107469462575118 ], [ -70.736876150902702, -34.106079938835016 ], [ -70.738956033015967, -34.106118508361028 ] ] ] } },
{ "type": "Feature", "properties": { "h3": "89b2c1ca847ffff" }, "geometry": { "type": "Polygon", "coordinates": [ [ [ -70.843211289911807, -34.18533488497993 ], [ -70.844388887054194, -34.186761115810377 ], [ -70.84348431256177, -34.188149962397141 ], [ -70.841402149078164, -34.188112574360709 ], [ -70.840224588085491, -34.186686354592872 ], [ -70.841129154425346, -34.185297511799035 ], [ -70.843211289911807, -34.18533488497993 ] ] ] } },
{ "type": "Feature", "properties": { "h3": "89b2c1c00c3ffff" }, "geometry": { "type": "Polygon", "coordinates": [ [ [ -70.749266741141071, -34.116153089397933 ], [ -70.750442663567256, -34.117580973309835 ], [ -70.749538425637994, -34.118970379246534 ], [ -70.747458273600117, -34.118931897431402 ], [ -70.746282387469833, -34.117504024682887 ], [ -70.747186617080146, -34.116114622586323 ], [ -70.749266741141071, -34.116153089397933 ] ] ] } },
{ "type": "Feature", "properties": { "h3": "89b2c1c1d03ffff" }, "geometry": { "type": "Polygon", "coordinates": [ [ [ -70.747372885408026, -34.161099317867517 ], [ -70.748548995820641, -34.162526405155056 ], [ -70.747644594169799, -34.163914671094396 ], [ -70.745564090430435, -34.163875845924508 ], [ -70.744388016330348, -34.16244876978574 ], [ -70.745292409655747, -34.161060507668289 ], [ -70.747372885408026, -34.161099317867517 ] ] ] } },
{ "type": "Feature", "properties": { "h3": "89b2c1c09b7ffff" }, "geometry": { "type": "Polygon", "coordinates": [ [ [ -70.670053654720817, -34.166657065968536 ], [ -70.671228681973446, -34.168084389956611 ], [ -70.670324330895596, -34.169471560863983 ], [ -70.668244961030084, -34.169431403948828 ], [ -70.667069970228127, -34.16800409117014 ], [ -70.667974312839661, -34.166616924097426 ], [ -70.670053654720817, -34.166657065968536 ] ] ] } },
{ "type": "Feature", "properties": { "h3": "89b2c1cadc3ffff" }, "geometry": { "type": "Polygon", "coordinates": [ [ [ -70.81957788312485, -34.166640865092155 ], [ -70.820755053182211, -34.168067536044511 ], [ -70.819850567688704, -34.169456555958888 ], [ -70.81776892033092, -34.169418901115819 ], [ -70.816591786459782, -34.167992241251902 ], [ -70.817496263758883, -34.166603225142801 ], [ -70.81957788312485, -34.166640865092155 ] ] ] } },
{ "type": "Feature", "properties": { "h3": "89b2c1c0d27ffff" }, "geometry": { "type": "Polygon", "coordinates": [ [ [ -70.672225267448695, -34.156865472232091 ], [ -70.673400279060502, -34.158292962145161 ], [ -70.67249596200773, -34.159680403363041 ], [ -70.670416641803527, -34.159640350829704 ], [ -70.669241666635642, -34.158212872127777 ], [ -70.670145975226703, -34.156825434748228 ], [ -70.672225267448695, -34.156865472232091 ] ] ] } },
{ "type": "Feature", "properties": { "h3": "89b2c1c1993ffff" }, "geometry": { "type": "Polygon", "coordinates": [ [ [ -70.745203047109129, -34.17089422984251 ], [ -70.746379173337033, -34.172321151007083 ], [ -70.745474737562802, -34.173709146620439 ], [ -70.743394183889407, -34.173670217251093 ], [ -70.742218093980796, -34.172243307233508 ], [ -70.743122521424951, -34.170855315438438 ], [ -70.745203047109129, -34.17089422984251 ] ] ] } },
{ "type": "Feature", "properties": { "h3": "89b2c1c558bffff" }, "geometry": { "type": "Polygon", "coordinates": [ [ [ -70.640488548474494, -34.182935159601683 ], [ -70.641663228325029, -34.184362319841462 ], [ -70.640758845283102, -34.185748719523332 ], [ -70.638679790910444, -34.185707955132038 ], [ -70.637505147567467, -34.184280806119716 ], [ -70.638409522088267, -34.182894410271402 ], [ -70.640488548474494, -34.182935159601683 ] ] ] } },
{ "type": "Feature", "properties": { "h3": "89b2c1c5583ffff" }, "geometry": { "type": "Polygon", "coordinates": [ [ [ -70.63723489610382, -34.181467209692627 ], [ -70.638409522088267, -34.182894410271402 ], [ -70.637505147567467, -34.184280806119716 ], [ -70.635426155587751, -34.184239997554613 ], [ -70.634251566116106, -34.182812808206435 ], [ -70.635155932110038, -34.181426416192942 ], [ -70.63723489610382, -34.181467209692627 ] ] ] } },
{ "type": "Feature", "properties": { "h3": "89b2c1c198bffff" }, "geometry": { "type": "Polygon", "coordinates": [ [ [ -70.74873149686178, -34.175174901146242 ], [ -70.749907694158082, -34.176601730115379 ], [ -70.749003239447205, -34.17798966291366 ], [ -70.746922595762598, -34.177950762927203 ], [ -70.745746434780585, -34.176523945100669 ], [ -70.74665088116754, -34.175136016118195 ], [ -70.74873149686178, -34.175174901146242 ] ] ] } },
{ "type": "Feature", "properties": { "h3": "89b2c1c09afffff" }, "geometry": { "type": "Polygon", "coordinates": [ [ [ -70.673578807650387, -34.17093894597857 ], [ -70.674753906074145, -34.172366178007053 ], [ -70.673849535913874, -34.173753286123763 ], [ -70.671770075788686, -34.173713158379982 ], [ -70.670595013810654, -34.172285937556474 ], [ -70.67149937551072, -34.17089883327197 ], [ -70.673578807650387, -34.17093894597857 ] ] ] } },
{ "type": "Feature", "properties": { "h3": "89b2c1cadbbffff" }, "geometry": { "type": "Polygon", "coordinates": [ [ [ -70.807361161413965, -34.169230107917436 ], [ -70.808538169304342, -34.170656786235554 ], [ -70.807633684811776, -34.17204559103142 ], [ -70.805552200644286, -34.172007713702712 ], [ -70.804375228962584, -34.170581046481971 ], [ -70.80527970523832, -34.169192245492766 ], [ -70.807361161413965, -34.169230107917436 ] ] ] } },
{ "type": "Feature", "properties": { "h3": "89b2c1c520bffff" }, "geometry": { "type": "Polygon", "coordinates": [ [ [ -70.689849236581182, -34.210570161125673 ], [ -70.691024758627648, -34.211996611907722 ], [ -70.690120227219623, -34.213382935643111 ], [ -70.688040182197156, -34.213342804783991 ], [ -70.686864696579491, -34.211916365179313 ], [ -70.687769219554113, -34.210530045256576 ], [ -70.689849236581182, -34.210570161125673 ] ] ] } },
{ "type": "Feature", "properties": { "h3": "89b2c1c1613ffff" }, "geometry": { "type": "Polygon", "coordinates": [ [ [ -70.830689264211443, -34.120444233291494 ], [ -70.831866371681784, -34.121871683646837 ], [ -70.830962046682274, -34.123261988337596 ], [ -70.828880622382187, -34.123224838851129 ], [ -70.827703551064758, -34.121797399591792 ], [ -70.828607867893169, -34.120407098723106 ], [ -70.830689264211443, -34.120444233291494 ] ] ] } },
{ "type": "Feature", "properties": { "h3": "89b2c1c0d2fffff" }, "geometry": { "type": "Polygon", "coordinates": [ [ [ -70.675479633543802, -34.158332955434972 ], [ -70.67665469895573, -34.1597604049879 ], [ -70.675750373447087, -34.161147850042852 ], [ -70.673670990981037, -34.161107841707974 ], [ -70.67249596200773, -34.159680403363041 ], [ -70.673400279060502, -34.158292962145161 ], [ -70.675479633543802, -34.158332955434972 ] ] ] } },
{ "type": "Feature", "properties": { "h3": "89b2c1c0637ffff" }, "geometry": { "type": "Polygon", "coordinates": [ [ [ -70.755507305273611, -34.116268282759336 ], [ -70.756683317645141, -34.117696137398383 ], [ -70.75577907370203, -34.119085617605741 ], [ -70.753698825693689, -34.11904723933538 ], [ -70.752522849607061, -34.117619395854597 ], [ -70.753427085242549, -34.116229919486109 ], [ -70.755507305273611, -34.116268282759336 ] ] ] } },
{ "type": "Feature", "properties": { "h3": "89b2c1c129bffff" }, "geometry": { "type": "Polygon", "coordinates": [ [ [ -70.832053244449256, -34.134531825590912 ], [ -70.833230438849753, -34.135959017477497 ], [ -70.832326060863124, -34.137348989139632 ], [ -70.830244496644212, -34.13731176509939 ], [ -70.829067338398346, -34.135884584302694 ], [ -70.82997170821541, -34.134494616456543 ], [ -70.832053244449256, -34.134531825590912 ] ] ] } },
{ "type": "Feature", "properties": { "h3": "89b2c1c1d0bffff" }, "geometry": { "type": "Polygon", "coordinates": [ [ [ -70.750629533580948, -34.162565171027495 ], [ -70.751805697676616, -34.163992217805749 ], [ -70.750901287706114, -34.165380487565741 ], [ -70.748820721958253, -34.165341706727027 ], [ -70.747644594169799, -34.163914671094396 ], [ -70.748548995820641, -34.162526405155056 ], [ -70.750629533580948, -34.162565171027495 ] ] ] } },
{ "type": "Feature", "properties": { "h3": "89b2c1c1b87ffff" }, "geometry": { "type": "Polygon", "coordinates": [ [ [ -70.765288998033213, -34.185316978340005 ], [ -70.766465481101562, -34.186743552829299 ], [ -70.765560974247236, -34.188131438047932 ], [ -70.763479992617732, -34.18809274496909 ], [ -70.762303545837383, -34.186666181605339 ], [ -70.763208044397189, -34.185278300195094 ], [ -70.765288998033213, -34.185316978340005 ] ] ] } },
{ "type": "Feature", "properties": { "h3": "89b2c1c0babffff" }, "geometry": { "type": "Polygon", "coordinates": [ [ [ -70.699347714707798, -34.179860814409807 ], [ -70.700523226069151, -34.181287774716331 ], [ -70.699618799055855, -34.182674980079945 ], [ -70.697538869093862, -34.182635221313724 ], [ -70.696363394135432, -34.181208272188059 ], [ -70.697267812734722, -34.179821070647947 ], [ -70.699347714707798, -34.179860814409807 ] ] ] } },
{ "type": "Feature", "properties": { "h3": "89b2c1c5407ffff" }, "geometry": { "type": "Polygon", "coordinates": [ [ [ -70.658930695150303, -34.180486538610261 ], [ -70.66010562865084, -34.181913663010725 ], [ -70.659201237104881, -34.183300352205599 ], [ -70.657121920544498, -34.183259913169174 ], [ -70.655947023518323, -34.181832799982089 ], [ -70.656851406576806, -34.18044611461827 ], [ -70.658930695150303, -34.180486538610261 ] ] ] } },
{ "type": "Feature", "properties": { "h3": "89b2c1c180fffff" }, "geometry": { "type": "Polygon", "coordinates": [ [ [ -70.770443877725512, -34.174173603895767 ], [ -70.771620381205807, -34.175600355739455 ], [ -70.770715910830376, -34.176988581764313 ], [ -70.768634945257674, -34.176950052133741 ], [ -70.767458478052959, -34.175523311415425 ], [ -70.768362940144016, -34.17413508920253 ], [ -70.770443877725512, -34.174173603895767 ] ] ] } },
{ "type": "Feature", "properties": { "h3": "89b2c1c00cbffff" }, "geometry": { "type": "Polygon", "coordinates": [ [ [ -70.752522849607061, -34.117619395854597 ], [ -70.753698825693689, -34.11904723933538 ], [ -70.752794579451262, -34.120436649110985 ], [ -70.750714365434021, -34.120398211567121 ], [ -70.749538425637994, -34.118970379246534 ], [ -70.750442663567256, -34.117580973309835 ], [ -70.752522849607061, -34.117619395854597 ] ] ] } },
{ "type": "Feature", "properties": { "h3": "89b2c1c0833ffff" }, "geometry": { "type": "Polygon", "coordinates": [ [ [ -70.697721350360325, -34.16297333718655 ], [ -70.698896757512713, -34.164400607185257 ], [ -70.697992394212207, -34.16578821231149 ], [ -70.695912632173815, -34.165748543608373 ], [ -70.694737261422219, -34.164321284797943 ], [ -70.695641616306887, -34.162933683502544 ], [ -70.697721350360325, -34.16297333718655 ] ] ] } },
{ "type": "Feature", "properties": { "h3": "89b2c1c508fffff" }, "geometry": { "type": "Polygon", "coordinates": [ [ [ -70.660283472300819, -34.194554424326164 ], [ -70.661458492617768, -34.195981290741337 ], [ -70.660554047945411, -34.197367646759595 ], [ -70.658474591440751, -34.197327132537914 ], [ -70.657299607599953, -34.195900277329912 ], [ -70.658204043786313, -34.194513925136619 ], [ -70.660283472300819, -34.194554424326164 ] ] ] } },
{ "type": "Feature", "properties": { "h3": "89b2c1c10a7ffff" }, "geometry": { "type": "Polygon", "coordinates": [ [ [ -70.797575793050655, -34.13250495007884 ], [ -70.798752485144817, -34.133932329939029 ], [ -70.797848144334992, -34.135321926545316 ], [ -70.795767119661903, -34.135284139467835 ], [ -70.794590463782967, -34.133856770726098 ], [ -70.795494796360572, -34.132467177943575 ], [ -70.797575793050655, -34.13250495007884 ] ] ] } },
{ "type": "Feature", "properties": { "h3": "89b2c1c1497ffff" }, "geometry": { "type": "Polygon", "coordinates": [ [ [ -70.801094994960849, -34.104441342182731 ], [ -70.802271603054223, -34.105869209101137 ], [ -70.801367362404264, -34.107259545936692 ], [ -70.799286521883502, -34.107222012019371 ], [ -70.798109949990831, -34.105794156226573 ], [ -70.799014182416883, -34.104403823225681 ], [ -70.801094994960849, -34.104441342182731 ] ] ] } },
{ "type": "Feature", "properties": { "h3": "89b2c1ca8c7ffff" }, "geometry": { "type": "Polygon", "coordinates": [ [ [ -70.839405676697055, -34.178240656272401 ], [ -70.840583185503704, -34.179667031388639 ], [ -70.839678640365719, -34.181056007468435 ], [ -70.837596594578784, -34.181018604635618 ], [ -70.836419121926554, -34.179592240587624 ], [ -70.837323658905461, -34.178203268304394 ], [ -70.839405676697055, -34.178240656272401 ] ] ] } },
{ "type": "Feature", "properties": { "h3": "89b2c1c0143ffff" }, "geometry": { "type": "Polygon", "coordinates": [ [ [ -70.732175474578028, -34.132706801763717 ], [ -70.733351231248179, -34.134134463901276 ], [ -70.732446947829047, -34.135523247431252 ], [ -70.730366916089594, -34.135484364987214 ], [ -70.729191195750474, -34.134056714020907 ], [ -70.730095470818441, -34.1326679343276 ], [ -70.732175474578028, -34.132706801763717 ] ] ] } },
{ "type": "Feature", "properties": { "h3": "89b2c1c1d83ffff" }, "geometry": { "type": "Polygon", "coordinates": [ [ [ -70.743573046419897, -34.154002245277432 ], [ -70.744749068396203, -34.155429476350832 ], [ -70.743844696293991, -34.156817871708711 ], [ -70.741764310546003, -34.156779032167776 ], [ -70.740588324886872, -34.155351812248774 ], [ -70.741492688657203, -34.153963420716487 ], [ -70.743573046419897, -34.154002245277432 ] ] ] } },
{ "type": "Feature", "properties": { "h3": "89b2c1c5603ffff" }, "geometry": { "type": "Polygon", "coordinates": [ [ [ -70.684697323325523, -34.189410563468883 ], [ -70.685872669983524, -34.190837416227325 ], [ -70.684968221369175, -34.1922242026655 ], [ -70.682888434536821, -34.192184132523053 ], [ -70.681713124310434, -34.190757290953883 ], [ -70.682617564483465, -34.189370508338101 ], [ -70.684697323325523, -34.189410563468883 ] ] ] } },
{ "type": "Feature", "properties": { "h3": "89b2c1c1a0bffff" }, "geometry": { "type": "Polygon", "coordinates": [ [ [ -70.796234747700922, -34.183078199260351 ], [ -70.79741166288315, -34.184504677986112 ], [ -70.796507137049645, -34.18589300110429 ], [ -70.79442570427058, -34.185854841693718 ], [ -70.793248825320859, -34.184428374069334 ], [ -70.794153342916331, -34.183040054754336 ], [ -70.796234747700922, -34.183078199260351 ] ] ] } },
{ "type": "Feature", "properties": { "h3": "89b2c1c0a2fffff" }, "geometry": { "type": "Polygon", "coordinates": [ [ [ -70.721052937508645, -34.178868833849108 ], [ -70.722228755649837, -34.180295717436337 ], [ -70.721324312368779, -34.181683216080081 ], [ -70.71924405931972, -34.181643827317096 ], [ -70.718068277542827, -34.18021695489351 ], [ -70.718972712449357, -34.178829460069473 ], [ -70.721052937508645, -34.178868833849108 ] ] ] } },
{ "type": "Feature", "properties": { "h3": "89b2c1c7243ffff" }, "geometry": { "type": "Polygon", "coordinates": [ [ [ -70.669512322591089, -34.161027721594103 ], [ -70.670687315120091, -34.16245514872913 ], [ -70.669782985286048, -34.163842452876487 ], [ -70.66770367138858, -34.163802326051858 ], [ -70.666528715309497, -34.162374910128662 ], [ -70.667433036676627, -34.160987609818449 ], [ -70.669512322591089, -34.161027721594103 ] ] ] } },
{ "type": "Feature", "properties": { "h3": "89b2c1ce447ffff" }, "geometry": { "type": "Polygon", "coordinates": [ [ [ -70.734892742904918, -34.193175528659197 ], [ -70.736068828080903, -34.194602095187221 ], [ -70.735164319513189, -34.195989409173031 ], [ -70.733083734118466, -34.19595015281994 ], [ -70.731907685286572, -34.194523597439193 ], [ -70.73281218550396, -34.193136287264473 ], [ -70.734892742904918, -34.193175528659197 ] ] ] } },
{ "type": "Feature", "properties": { "h3": "89b2c1c528bffff" }, "geometry": { "type": "Polygon", "coordinates": [ [ [ -70.686051881007373, -34.203477576706867 ], [ -70.687227314511816, -34.204904171277029 ], [ -70.686322812784027, -34.206290624499474 ], [ -70.684242885990244, -34.206250479335651 ], [ -70.683067488919207, -34.204823895948543 ], [ -70.683971982207183, -34.203437446542416 ], [ -70.686051881007373, -34.203477576706867 ] ] ] } },
{ "type": "Feature", "properties": { "h3": "89b2c1c1693ffff" }, "geometry": { "type": "Polygon", "coordinates": [ [ [ -70.826885360110879, -34.113343669355608 ], [ -70.828062379276602, -34.114771263639661 ], [ -70.827158083642217, -34.116161697703596 ], [ -70.825076777018324, -34.116124533657946 ], [ -70.82389979401016, -34.114696950475519 ], [ -70.824804081467008, -34.11330652023733 ], [ -70.826885360110879, -34.113343669355608 ] ] ] } },
{ "type": "Feature", "properties": { "h3": "89b2c1c5017ffff" }, "geometry": { "type": "Polygon", "coordinates": [ [ [ -70.660554047945411, -34.197367646759595 ], [ -70.661729085626988, -34.19879446156456 ], [ -70.660824630328719, -34.200180750941733 ], [ -70.658745145833223, -34.200140221690397 ], [ -70.657570144628153, -34.198713418091351 ], [ -70.658474591440751, -34.197327132537914 ], [ -70.660554047945411, -34.197367646759595 ] ] ] } },
{ "type": "Feature", "properties": { "h3": "89b2c1c06b7ffff" }, "geometry": { "type": "Polygon", "coordinates": [ [ [ -70.751707700652929, -34.109166926998363 ], [ -70.752883624630343, -34.110594925243554 ], [ -70.751979410208136, -34.111984534791894 ], [ -70.749899280121241, -34.111946142252719 ], [ -70.748723392433362, -34.11051815517142 ], [ -70.749627598541508, -34.10912854946563 ], [ -70.751707700652929, -34.109166926998363 ] ] ] } },
{ "type": "Feature", "properties": { "h3": "89b2c1c131bffff" }, "geometry": { "type": "Polygon", "coordinates": [ [ [ -70.814956053143987, -34.151096099731838 ], [ -70.816133082688509, -34.15252306993829 ], [ -70.815228658400244, -34.153912419176351 ], [ -70.813147212767944, -34.153874794395563 ], [ -70.811970219413283, -34.152447835286864 ], [ -70.812874635499753, -34.151058489861406 ], [ -70.814956053143987, -34.151096099731838 ] ] ] } },
{ "type": "Feature", "properties": { "h3": "89b2c1c1c07ffff" }, "geometry": { "type": "Polygon", "coordinates": [ [ [ -70.76528276576316, -34.152999881808121 ], [ -70.766459093931743, -34.154427035947819 ], [ -70.765554706104723, -34.155815724541405 ], [ -70.763473998400087, -34.155777255173774 ], [ -70.762297706509955, -34.154350112171272 ], [ -70.763202086044657, -34.152961427399418 ], [ -70.76528276576316, -34.152999881808121 ] ] ] } },
{ "type": "Feature", "properties": { "h3": "89b2c1c0c2bffff" }, "geometry": { "type": "Polygon", "coordinates": [ [ [ -70.699350160251228, -34.147548702862899 ], [ -70.700525516968469, -34.148976242010143 ], [ -70.699621208961489, -34.150364250666229 ], [ -70.697541552647763, -34.150324716338318 ], [ -70.696366232323868, -34.148897188383607 ], [ -70.697270531919031, -34.147509183564445 ], [ -70.699350160251228, -34.147548702862899 ] ] ] } },
{ "type": "Feature", "properties": { "h3": "89b2c1c5487ffff" }, "geometry": { "type": "Polygon", "coordinates": [ [ [ -70.655135553908266, -34.173390894967895 ], [ -70.656310398851062, -34.1748181628898 ], [ -70.655406037042269, -34.176204981508363 ], [ -70.653326838783201, -34.176164528370485 ], [ -70.652152030319328, -34.174737271667617 ], [ -70.653056383634279, -34.173350456883782 ], [ -70.655135553908266, -34.173390894967895 ] ] ] } },
{ "type": "Feature", "properties": { "h3": "89b2c1c188fffff" }, "geometry": { "type": "Polygon", "coordinates": [ [ [ -70.766642535167591, -34.167077912588205 ], [ -70.767818950230406, -34.16850480837244 ], [ -70.766914509358685, -34.16989316384668 ], [ -70.764833661713595, -34.169854619721228 ], [ -70.763657282931007, -34.168427735068022 ], [ -70.764561715511931, -34.167039383409438 ], [ -70.766642535167591, -34.167077912588205 ] ] ] } },
{ "type": "Feature", "properties": { "h3": "89b2c1c08b3ffff" }, "geometry": { "type": "Polygon", "coordinates": [ [ [ -70.693924286162186, -34.155876195050105 ], [ -70.695099604816406, -34.157303608643637 ], [ -70.694195271168283, -34.158691343175313 ], [ -70.692115627286825, -34.158651660279155 ], [ -70.690940345037987, -34.157224257879562 ], [ -70.691844670263876, -34.155836527182402 ], [ -70.693924286162186, -34.155876195050105 ] ] ] } },
{ "type": "Feature", "properties": { "h3": "89b2c1c1517ffff" }, "geometry": { "type": "Polygon", "coordinates": [ [ [ -70.784001625592552, -34.121009069320621 ], [ -70.785178068524132, -34.122436714575706 ], [ -70.784273781884863, -34.123826429079848 ], [ -70.782193060568801, -34.123788494497909 ], [ -70.781016653873081, -34.122360860376361 ], [ -70.781920932256227, -34.120971149703429 ], [ -70.784001625592552, -34.121009069320621 ] ] ] } },
{ "type": "Feature", "properties": { "h3": "89b2c1c053bffff" }, "geometry": { "type": "Polygon", "coordinates": [ [ [ -70.718068242337594, -34.115572464486107 ], [ -70.719243714724598, -34.117000494506399 ], [ -70.718339507192326, -34.118389529058653 ], [ -70.716259835647321, -34.118350529744269 ], [ -70.715084399611143, -34.116922510912829 ], [ -70.715988598767808, -34.115533480207134 ], [ -70.718068242337594, -34.115572464486107 ] ] ] } },
{ "type": "Feature", "properties": { "h3": "89b2c1c01c3ffff" }, "geometry": { "type": "Polygon", "coordinates": [ [ [ -70.728376932311306, -34.125606912710218 ], [ -70.729552600546981, -34.127034718437933 ], [ -70.728648346701291, -34.128423631330719 ], [ -70.726568432976123, -34.128384734655654 ], [ -70.725392801076055, -34.126956940104854 ], [ -70.726297046564198, -34.12556803105241 ], [ -70.728376932311306, -34.125606912710218 ] ] ] } },
{ "type": "Feature", "properties": { "h3": "89b2c1c538fffff" }, "geometry": { "type": "Polygon", "coordinates": [ [ [ -70.662177643334459, -34.214244497862985 ], [ -70.663352785213206, -34.215671002914853 ], [ -70.662448266155124, -34.217056892405346 ], [ -70.660368613700868, -34.217016273027745 ], [ -70.659193508300774, -34.215589779174323 ], [ -70.660098018874962, -34.214203893500276 ], [ -70.662177643334459, -34.214244497862985 ] ] ] } },
{ "type": "Feature", "properties": { "h3": "89b2c1c1e03ffff" }, "geometry": { "type": "Polygon", "coordinates": [ [ [ -70.791070263394019, -34.161906350718233 ], [ -70.792247003260186, -34.163333232088753 ], [ -70.791342559910149, -34.16472201783877 ], [ -70.789261384938584, -34.164683918405551 ], [ -70.788084681307822, -34.163257048148196 ], [ -70.788989116411841, -34.161868266211094 ], [ -70.791070263394019, -34.161906350718233 ] ] ] } },
{ "type": "Feature", "properties": { "h3": "89b2c1c0e27ffff" }, "geometry": { "type": "Polygon", "coordinates": [ [ [ -70.715897830706012, -34.157698292417635 ], [ -70.717073473513381, -34.159125577893725 ], [ -70.716169112919317, -34.160513539097778 ], [ -70.714089117899007, -34.160474210996448 ], [ -70.71291351145878, -34.159046936695837 ], [ -70.713817863670414, -34.157658979321262 ], [ -70.715897830706012, -34.157698292417635 ] ] ] } },
{ "type": "Feature", "properties": { "h3": "89b2c1c2a67ffff" }, "geometry": { "type": "Polygon", "coordinates": [ [ [ -70.700707738029465, -34.129303829235958 ], [ -70.701883026950696, -34.130731688990544 ], [ -70.700978784846967, -34.132120167719393 ], [ -70.69889926222875, -34.13208078284962 ], [ -70.697724009693047, -34.130652934293025 ], [ -70.698628243388683, -34.129264459408411 ], [ -70.700707738029465, -34.129303829235958 ] ] ] } },
{ "type": "Feature", "properties": { "h3": "89b2c1c5683ffff" }, "geometry": { "type": "Polygon", "coordinates": [ [ [ -70.680900586487255, -34.182315908770263 ], [ -70.682075844612214, -34.183742905196119 ], [ -70.681171425683686, -34.185129821082342 ], [ -70.679091757076577, -34.185089736716819 ], [ -70.677916535387808, -34.183662751485862 ], [ -70.678820945868623, -34.182275839425728 ], [ -70.680900586487255, -34.182315908770263 ] ] ] } },
{ "type": "Feature", "properties": { "h3": "89b2c1c1a8bffff" }, "geometry": { "type": "Polygon", "coordinates": [ [ [ -70.792431813757233, -34.175983502950835 ], [ -70.793608640547276, -34.177410125762925 ], [ -70.792704144165825, -34.178798578354723 ], [ -70.790622829237421, -34.178760404327825 ], [ -70.789446038684531, -34.177333792622733 ], [ -70.790350526821527, -34.175945343837775 ], [ -70.792431813757233, -34.175983502950835 ] ] ] } },
{ "type": "Feature", "properties": { "h3": "89b2c1c7347ffff" }, "geometry": { "type": "Polygon", "coordinates": [ [ [ -70.645644365435942, -34.171801598408699 ], [ -70.646819066207144, -34.173228935794889 ], [ -70.64591471927173, -34.174615676282784 ], [ -70.643835680074716, -34.174575075547473 ], [ -70.642661015798694, -34.173147749388583 ], [ -70.643565354223142, -34.17176101273791 ], [ -70.645644365435942, -34.171801598408699 ] ] ] } },
{ "type": "Feature", "properties": { "h3": "89b2c1c0b33ffff" }, "geometry": { "type": "Polygon", "coordinates": [ [ [ -70.699618799055855, -34.182674980079945 ], [ -70.700794327786923, -34.184101888755755 ], [ -70.699889890154068, -34.185489027485509 ], [ -70.697809932202517, -34.185449253717366 ], [ -70.696634439874728, -34.184022356221185 ], [ -70.697538869093862, -34.182635221313724 ], [ -70.699618799055855, -34.182674980079945 ] ] ] } },
{ "type": "Feature", "properties": { "h3": "89b2c1c0aafffff" }, "geometry": { "type": "Polygon", "coordinates": [ [ [ -70.717254309316687, -34.171773343394037 ], [ -70.718430038976621, -34.173200370745221 ], [ -70.717525625303267, -34.174587998830376 ], [ -70.715445490349552, -34.174548595741136 ], [ -70.714269797058535, -34.173121579559229 ], [ -70.715174202350951, -34.171733955297476 ], [ -70.717254309316687, -34.171773343394037 ] ] ] } },
{ "type": "Feature", "properties": { "h3": "89b2c1c530bffff" }, "geometry": { "type": "Polygon", "coordinates": [ [ [ -70.668958130363492, -34.219990864737994 ], [ -70.670133397289419, -34.221417237237937 ], [ -70.669228850654179, -34.222803067700731 ], [ -70.667149045563662, -34.222762521851003 ], [ -70.665973815106184, -34.221336160541931 ], [ -70.666878353269425, -34.219950333891902 ], [ -70.668958130363492, -34.219990864737994 ] ] ] } },
{ "type": "Feature", "properties": { "h3": "89b2c1c3353ffff" }, "geometry": { "type": "Polygon", "coordinates": [ [ [ -70.794580376229817, -34.101510404614949 ], [ -70.795756877163726, -34.102938352521633 ], [ -70.794852652967421, -34.104328681686624 ], [ -70.792771936071446, -34.104291059107929 ], [ -70.791595471348941, -34.102863122333162 ], [ -70.792499687309657, -34.101472797005357 ], [ -70.794580376229817, -34.101510404614949 ] ] ] } },
{ "type": "Feature", "properties": { "h3": "89b2c1c139bffff" }, "geometry": { "type": "Polygon", "coordinates": [ [ [ -70.811152560116682, -34.143998411604848 ], [ -70.812329501315105, -34.145425525821807 ], [ -70.811425106432168, -34.146815004482789 ], [ -70.80934377855769, -34.146777365110722 ], [ -70.808166873553787, -34.14535026199713 ], [ -70.809071260228464, -34.143960787152437 ], [ -70.811152560116682, -34.143998411604848 ] ] ] } },
{ "type": "Feature", "properties": { "h3": "89b2c1c1023ffff" }, "geometry": { "type": "Polygon", "coordinates": [ [ [ -70.804363851681288, -34.138251983395143 ], [ -70.805540668334856, -34.139679230464758 ], [ -70.804636300476304, -34.141068768104311 ], [ -70.802555124183058, -34.14103105485443 ], [ -70.801378343734356, -34.139603818895729 ], [ -70.802282703372654, -34.138214285076202 ], [ -70.804363851681288, -34.138251983395143 ] ] ] } },
{ "type": "Feature", "properties": { "h3": "89b2c1c0047ffff" }, "geometry": { "type": "Polygon", "coordinates": [ [ [ -70.750081814919199, -34.12460460438254 ], [ -70.751257789456218, -34.126032333507212 ], [ -70.75035351970395, -34.127421539657178 ], [ -70.748273283731351, -34.127383012846181 ], [ -70.747097345491269, -34.125955294881187 ], [ -70.748001606925484, -34.124566092567704 ], [ -70.750081814919199, -34.12460460438254 ] ] ] } },
{ "type": "Feature", "properties": { "h3": "89b2c1c1c87ffff" }, "geometry": { "type": "Polygon", "coordinates": [ [ [ -70.76148204187912, -34.145902119077206 ], [ -70.762658281639133, -34.147329417036538 ], [ -70.761753923321479, -34.1487182350401 ], [ -70.759673333541215, -34.148679751259166 ], [ -70.758497130064285, -34.147252464442658 ], [ -70.75940148008317, -34.145863650264481 ], [ -70.76148204187912, -34.145902119077206 ] ] ] } },
{ "type": "Feature", "properties": { "h3": "89b2c1c0cabffff" }, "geometry": { "type": "Polygon", "coordinates": [ [ [ -70.695553242471746, -34.140450080787453 ], [ -70.696728510703906, -34.141877763462979 ], [ -70.695824232342204, -34.143265901497571 ], [ -70.69374469416519, -34.143226353016217 ], [ -70.692569462330965, -34.141798681538845 ], [ -70.693473732274455, -34.140410547344878 ], [ -70.695553242471746, -34.140450080787453 ] ] ] } },
{ "type": "Feature", "properties": { "h3": "89b2c1c5507ffff" }, "geometry": { "type": "Polygon", "coordinates": [ [ [ -70.638045670687248, -34.189907644376362 ], [ -70.63922034874858, -34.191334690242677 ], [ -70.638315942343866, -34.192720886193349 ], [ -70.636236866402427, -34.192680032446788 ], [ -70.635062224854991, -34.191252997807382 ], [ -70.635966622733719, -34.189866805687828 ], [ -70.638045670687248, -34.189907644376362 ] ] ] } },
{ "type": "Feature", "properties": { "h3": "89b2c1c190fffff" }, "geometry": { "type": "Polygon", "coordinates": [ [ [ -70.749546744914639, -34.183618831509619 ], [ -70.750722994346546, -34.18504550543507 ], [ -70.749818507797144, -34.186433238325534 ], [ -70.747737780137541, -34.186394293478557 ], [ -70.746561567021004, -34.184967630691972 ], [ -70.747466045247364, -34.183579901613697 ], [ -70.749546744914639, -34.183618831509619 ] ] ] } },
{ "type": "Feature", "properties": { "h3": "89b2c1c0eabffff" }, "geometry": { "type": "Polygon", "coordinates": [ [ [ -70.718339560487294, -34.150718507133298 ], [ -70.719515204917528, -34.152145907004609 ], [ -70.718610867791, -34.153534071888636 ], [ -70.716530894610457, -34.153494833069665 ], [ -70.715355286541012, -34.152067444374374 ], [ -70.716259615289985, -34.150679283322219 ], [ -70.718339560487294, -34.150718507133298 ] ] ] } },
{ "type": "Feature", "properties": { "h3": "89b2c1c0933ffff" }, "geometry": { "type": "Polygon", "coordinates": [ [ [ -70.676833400477676, -34.17240624649758 ], [ -70.678008552705592, -34.173833438137748 ], [ -70.677104174090914, -34.17522055008542 ], [ -70.675024651701364, -34.175180466562132 ], [ -70.673849535913874, -34.173753286123763 ], [ -70.674753906074145, -34.172366178007053 ], [ -70.676833400477676, -34.17240624649758 ] ] ] } },
{ "type": "Feature", "properties": { "h3": "89b2c1c1597ffff" }, "geometry": { "type": "Polygon", "coordinates": [ [ [ -70.780200341379711, -34.113908316444054 ], [ -70.781376695948722, -34.115336105442545 ], [ -70.780472438772151, -34.116725949305589 ], [ -70.778391835287763, -34.116688000335422 ], [ -70.777215516959288, -34.115260222476074 ], [ -70.778119765873285, -34.113870382447956 ], [ -70.780200341379711, -34.113908316444054 ] ] ] } },
{ "type": "Feature", "properties": { "h3": "89b2c1c1e87ffff" }, "geometry": { "type": "Polygon", "coordinates": [ [ [ -70.784282513430213, -34.156160393861839 ], [ -70.78545912867304, -34.157587408079102 ], [ -70.784554712427138, -34.158976252825411 ], [ -70.782473689195044, -34.158938079538011 ], [ -70.78129711019794, -34.157511076441459 ], [ -70.782201518185872, -34.156122235511774 ], [ -70.784282513430213, -34.156160393861839 ] ] ] } },
{ "type": "Feature", "properties": { "h3": "89b2c1c0243ffff" }, "geometry": { "type": "Polygon", "coordinates": [ [ [ -70.775862947040309, -34.133515043800955 ], [ -70.777039333375868, -34.134942500740358 ], [ -70.776135007894169, -34.136331804144326 ], [ -70.774054304347359, -34.136293646781404 ], [ -70.772877954265752, -34.134866200977619 ], [ -70.773782271475682, -34.13347690140133 ], [ -70.775862947040309, -34.133515043800955 ] ] ] } },
{ "type": "Feature", "properties": { "h3": "89b2c1c1e83ffff" }, "geometry": { "type": "Polygon", "coordinates": [ [ [ -70.787267948206534, -34.154809581526806 ], [ -70.788444599689399, -34.156236606862848 ], [ -70.787540185797113, -34.157625522047226 ], [ -70.78545912867304, -34.157587408079102 ], [ -70.784282513430213, -34.156160393861839 ], [ -70.785186919070057, -34.15477148249407 ], [ -70.787267948206534, -34.154809581526806 ] ] ] } },
{ "type": "Feature", "properties": { "h3": "89b2c1c0ea7ffff" }, "geometry": { "type": "Polygon", "coordinates": [ [ [ -70.71209982113777, -34.150600732176123 ], [ -70.713275375472847, -34.152028161295256 ], [ -70.712371044492102, -34.153416251901383 ], [ -70.710291167563781, -34.153376909555412 ], [ -70.709115649600449, -34.15194949161738 ], [ -70.710019972192342, -34.150561404844424 ], [ -70.71209982113777, -34.150600732176123 ] ] ] } },
{ "type": "Feature", "properties": { "h3": "89b2c1c0b2fffff" }, "geometry": { "type": "Polygon", "coordinates": [ [ [ -70.70016098800275, -34.188302956620198 ], [ -70.701336551474625, -34.189729762021408 ], [ -70.700432092602085, -34.191116767477688 ], [ -70.698352078669444, -34.19107696371308 ], [ -70.697176551601572, -34.189650169488992 ], [ -70.698081002060974, -34.18826316785259 ], [ -70.70016098800275, -34.188302956620198 ] ] ] } },
{ "type": "Feature", "properties": { "h3": "89b2c1c0247ffff" }, "geometry": { "type": "Polygon", "coordinates": [ [ [ -70.772877954265752, -34.134866200977619 ], [ -70.774054304347359, -34.136293646781404 ], [ -70.773149976531684, -34.137682879751601 ], [ -70.771069306910377, -34.137644663090533 ], [ -70.769892993088447, -34.136217228424329 ], [ -70.770797312626812, -34.134827999281832 ], [ -70.772877954265752, -34.134866200977619 ] ] ] } },
{ "type": "Feature", "properties": { "h3": "89b2c1c7343ffff" }, "geometry": { "type": "Polygon", "coordinates": [ [ [ -70.648627747333549, -34.170455317736199 ], [ -70.649802484594247, -34.171882666347749 ], [ -70.648898139778979, -34.173269477295605 ], [ -70.646819066207144, -34.173228935794889 ], [ -70.645644365435942, -34.171801598408699 ], [ -70.646548701745743, -34.17041479129805 ], [ -70.648627747333549, -34.170455317736199 ] ] ] } },
{ "type": "Feature", "properties": { "h3": "89b2c1c538bffff" }, "geometry": { "type": "Polygon", "coordinates": [ [ [ -70.665161810554807, -34.212899086812129 ], [ -70.666336988906579, -34.214325603060523 ], [ -70.665432471997264, -34.215711563019987 ], [ -70.663352785213206, -34.215671002914853 ], [ -70.662177643334459, -34.214244497862985 ], [ -70.663082151765394, -34.212858541719939 ], [ -70.665161810554807, -34.212899086812129 ] ] ] } },
{ "type": "Feature", "properties": { "h3": "89b2c1c1223ffff" }, "geometry": { "type": "Polygon", "coordinates": [ [ [ -70.827172461367695, -34.148504505376422 ], [ -70.828349653002675, -34.149931468236908 ], [ -70.827445227765935, -34.151321032581407 ], [ -70.825363619072235, -34.151283630254404 ], [ -70.824186463604661, -34.149856678482735 ], [ -70.825090880662032, -34.148467117949458 ], [ -70.827172461367695, -34.148504505376422 ] ] ] } },
{ "type": "Feature", "properties": { "h3": "89b2c1c5013ffff" }, "geometry": { "type": "Polygon", "coordinates": [ [ [ -70.663537983453239, -34.196021745704122 ], [ -70.664713057605681, -34.197448571713089 ], [ -70.663808604453138, -34.198834931555076 ], [ -70.661729085626988, -34.19879446156456 ], [ -70.660554047945411, -34.197367646759595 ], [ -70.661458492617768, -34.195981290741337 ], [ -70.663537983453239, -34.196021745704122 ] ] ] } },
{ "type": "Feature", "properties": { "h3": "89b2c1c141bffff" }, "geometry": { "type": "Polygon", "coordinates": [ [ [ -70.811140291835343, -34.111655205924734 ], [ -70.812317078013749, -34.113082899648028 ], [ -70.811412802128373, -34.114473181387439 ], [ -70.809331748269372, -34.114435765574108 ], [ -70.808154998276009, -34.113008082965727 ], [ -70.809059265955241, -34.111617805055964 ], [ -70.811140291835343, -34.111655205924734 ] ] ] } },
{ "type": "Feature", "properties": { "h3": "89b2c1ce443ffff" }, "geometry": { "type": "Polygon", "coordinates": [ [ [ -70.737877832330881, -34.191827330117562 ], [ -70.7390539538453, -34.193253907790911 ], [ -70.738149447548579, -34.194641292231182 ], [ -70.736068828080903, -34.194602095187221 ], [ -70.734892742904918, -34.193175528659197 ], [ -70.735797240856812, -34.19178814803 ], [ -70.737877832330881, -34.191827330117562 ] ] ] } },
{ "type": "Feature", "properties": { "h3": "89b2c1c10a3ffff" }, "geometry": { "type": "Polygon", "coordinates": [ [ [ -70.80056115378791, -34.131152999690435 ], [ -70.801737882091572, -34.132580390667165 ], [ -70.800833543657333, -34.133970057703216 ], [ -70.798752485144817, -34.133932329939029 ], [ -70.797575793050655, -34.13250495007884 ], [ -70.798480123258187, -34.131115286866496 ], [ -70.80056115378791, -34.131152999690435 ] ] ] } },
{ "type": "Feature", "properties": { "h3": "89b2c1c00c7ffff" }, "geometry": { "type": "Polygon", "coordinates": [ [ [ -70.746282387469833, -34.117504024682887 ], [ -70.747458273600117, -34.118931897431402 ], [ -70.746554033382054, -34.120321232935552 ], [ -70.744473915356835, -34.120282691851216 ], [ -70.743298065528137, -34.118854830267992 ], [ -70.744202297421722, -34.117465498604027 ], [ -70.746282387469833, -34.117504024682887 ] ] ] } },
{ "type": "Feature", "properties": { "h3": "89b2c1c1d07ffff" }, "geometry": { "type": "Polygon", "coordinates": [ [ [ -70.744388016330348, -34.16244876978574 ], [ -70.745564090430435, -34.163875845924508 ], [ -70.744659686493137, -34.165264041418837 ], [ -70.742579216785415, -34.165225156952665 ], [ -70.741403179003541, -34.163798091964608 ], [ -70.742307574609853, -34.162409900292204 ], [ -70.744388016330348, -34.16244876978574 ] ] ] } },
{ "type": "Feature", "properties": { "h3": "89b2c1c0d2bffff" }, "geometry": { "type": "Polygon", "coordinates": [ [ [ -70.678463337183615, -34.156985377809448 ], [ -70.679638439028508, -34.158412838568424 ], [ -70.678734115690062, -34.15980035407609 ], [ -70.67665469895573, -34.1597604049879 ], [ -70.675479633543802, -34.158332955434972 ], [ -70.676383948431862, -34.156945443764386 ], [ -70.678463337183615, -34.156985377809448 ] ] ] } },
{ "type": "Feature", "properties": { "h3": "89b2c1c5587ffff" }, "geometry": { "type": "Polygon", "coordinates": [ [ [ -70.634251566116106, -34.182812808206435 ], [ -70.635426155587751, -34.184239997554613 ], [ -70.634521778965777, -34.18562632293871 ], [ -70.632442821403231, -34.185585455140007 ], [ -70.631268268450057, -34.18415827702438 ], [ -70.632172636539622, -34.182771955475104 ], [ -70.634251566116106, -34.182812808206435 ] ] ] } },
{ "type": "Feature", "properties": { "h3": "89b2c1ce5c3ffff" }, "geometry": { "type": "Polygon", "coordinates": [ [ [ -70.7131841299786, -34.194168647511901 ], [ -70.714359908502502, -34.195595290980791 ], [ -70.7134554160356, -34.196982311704154 ], [ -70.711375153433323, -34.196942685143895 ], [ -70.710199411292194, -34.195516052839444 ], [ -70.71110389536922, -34.194129035931013 ], [ -70.7131841299786, -34.194168647511901 ] ] ] } },
{ "type": "Feature", "properties": { "h3": "89b2c1c198fffff" }, "geometry": { "type": "Polygon", "coordinates": [ [ [ -70.745746434780585, -34.176523945100669 ], [ -70.746922595762598, -34.177950762927203 ], [ -70.746018138762722, -34.179338625276884 ], [ -70.743937529108962, -34.179299665984352 ], [ -70.742761404446924, -34.177872859302347 ], [ -70.743665853117335, -34.17648500076853 ], [ -70.745746434780585, -34.176523945100669 ] ] ] } },
{ "type": "Feature", "properties": { "h3": "89b2c1c159bffff" }, "geometry": { "type": "Polygon", "coordinates": [ [ [ -70.786442259420738, -34.114021911222231 ], [ -70.787618703829537, -34.115449670869531 ], [ -70.786714440747659, -34.116839588993194 ], [ -70.784633741506838, -34.116801743636145 ], [ -70.783457333327547, -34.115373995122887 ], [ -70.784361588158191, -34.11398408083285 ], [ -70.786442259420738, -34.114021911222231 ] ] ] } },
{ "type": "Feature", "properties": { "h3": "89b2c1c09b3ffff" }, "geometry": { "type": "Polygon", "coordinates": [ [ [ -70.673037371347277, -34.165309911065108 ], [ -70.674212435044922, -34.166737246260617 ], [ -70.673308086128287, -34.168124487623587 ], [ -70.671228681973446, -34.168084389956611 ], [ -70.670053654720817, -34.166657065968536 ], [ -70.670957995176664, -34.165269828440216 ], [ -70.673037371347277, -34.165309911065108 ] ] ] } },
{ "type": "Feature", "properties": { "h3": "89b2c1c1617ffff" }, "geometry": { "type": "Polygon", "coordinates": [ [ [ -70.827703551064758, -34.121797399591792 ], [ -70.828880622382187, -34.123224838851129 ], [ -70.827976294956457, -34.124615073119244 ], [ -70.825894904388576, -34.124577864306083 ], [ -70.824717869229758, -34.123150436144684 ], [ -70.825622188478874, -34.121760205698699 ], [ -70.827703551064758, -34.121797399591792 ] ] ] } },
{ "type": "Feature", "properties": { "h3": "89b2c1c063bffff" }, "geometry": { "type": "Polygon", "coordinates": [ [ [ -70.761748157231196, -34.116383165475632 ], [ -70.762924259527196, -34.1178109908248 ], [ -70.762020009592106, -34.119200545300721 ], [ -70.759939665655992, -34.119162270590074 ], [ -70.758763599633909, -34.117734456394096 ], [ -70.759667841272687, -34.116344905755774 ], [ -70.761748157231196, -34.116383165475632 ] ] ] } },
{ "type": "Feature", "properties": { "h3": "89b2c1c02c3ffff" }, "geometry": { "type": "Polygon", "coordinates": [ [ [ -70.772061928090437, -34.126415455207002 ], [ -70.773238226044427, -34.127843055916351 ], [ -70.772333930045377, -34.129232488698968 ], [ -70.770253344369195, -34.129194316941053 ], [ -70.769077082673817, -34.127766727372972 ], [ -70.769981370394646, -34.126377298421716 ], [ -70.772061928090437, -34.126415455207002 ] ] ] } },
{ "type": "Feature", "properties": { "h3": "89b2c1c1b8bffff" }, "geometry": { "type": "Polygon", "coordinates": [ [ [ -70.7715320507792, -34.185432805344185 ], [ -70.772708623789697, -34.186859350366973 ], [ -70.771804110974344, -34.188247309841152 ], [ -70.76972303343031, -34.188208720485619 ], [ -70.768546496696786, -34.186782186583279 ], [ -70.769451001228973, -34.185394230916209 ], [ -70.7715320507792, -34.185432805344185 ] ] ] } },
{ "type": "Feature", "properties": { "h3": "89b2c1c0bafffff" }, "geometry": { "type": "Polygon", "coordinates": [ [ [ -70.696363394135432, -34.181208272188059 ], [ -70.697538869093862, -34.182635221313724 ], [ -70.696634439874728, -34.184022356221185 ], [ -70.694554544115391, -34.183982538179635 ], [ -70.693379105565555, -34.182555600236753 ], [ -70.69428352636514, -34.181168469152823 ], [ -70.696363394135432, -34.181208272188059 ] ] ] } },
{ "type": "Feature", "properties": { "h3": "89b2c1c73c3ffff" }, "geometry": { "type": "Polygon", "coordinates": [ [ [ -70.64483334432343, -34.163358655733319 ], [ -70.6460079930212, -34.164786147777306 ], [ -70.645103677962041, -34.166173088127628 ], [ -70.643024722715637, -34.166132532593274 ], [ -70.641850110511939, -34.164705051780295 ], [ -70.642754417059237, -34.163318115270854 ], [ -70.64483334432343, -34.163358655733319 ] ] ] } },
{ "type": "Feature", "properties": { "h3": "89b2c1cad43ffff" }, "geometry": { "type": "Polygon", "coordinates": [ [ [ -70.82338220099264, -34.17373632118931 ], [ -70.824559459401954, -34.175162847990272 ], [ -70.823654944515326, -34.176551738438683 ], [ -70.821573179405988, -34.176514098284684 ], [ -70.820395957178249, -34.175087582566498 ], [ -70.821300463876923, -34.173698695919725 ], [ -70.82338220099264, -34.17373632118931 ] ] ] } },
{ "type": "Feature", "properties": { "h3": "89b2c1c0937ffff" }, "geometry": { "type": "Polygon", "coordinates": [ [ [ -70.673849535913874, -34.173753286123763 ], [ -70.675024651701364, -34.175180466562132 ], [ -70.674120270918948, -34.176567508052827 ], [ -70.672040782807613, -34.176527365274339 ], [ -70.670865703466191, -34.175100196039686 ], [ -70.671770075788686, -34.173713158379982 ], [ -70.673849535913874, -34.173753286123763 ] ] ] } },
{ "type": "Feature", "properties": { "h3": "89b2c1c540bffff" }, "geometry": { "type": "Polygon", "coordinates": [ [ [ -70.665168754158699, -34.180607603679391 ], [ -70.666343777954097, -34.182034698910044 ], [ -70.665439380074687, -34.183421462395323 ], [ -70.663359966874694, -34.183381126820365 ], [ -70.662184979542701, -34.18195404279799 ], [ -70.663089368945947, -34.180567283142508 ], [ -70.665168754158699, -34.180607603679391 ] ] ] } },
{ "type": "Feature", "properties": { "h3": "89b2c1c1913ffff" }, "geometry": { "type": "Polygon", "coordinates": [ [ [ -70.749003239447205, -34.17798966291366 ], [ -70.750179454121607, -34.179416440205948 ], [ -70.749274988798064, -34.180804306370241 ], [ -70.747194317122464, -34.180765391427826 ], [ -70.746018138762722, -34.179338625276884 ], [ -70.746922595762598, -34.177950762927203 ], [ -70.749003239447205, -34.17798966291366 ] ] ] } },
{ "type": "Feature", "properties": { "h3": "89b2c1c550bffff" }, "geometry": { "type": "Polygon", "coordinates": [ [ [ -70.644283008136156, -34.190029953596373 ], [ -70.645457776568975, -34.191456970328574 ], [ -70.644553363757183, -34.192843240574739 ], [ -70.642474191025968, -34.192802490259005 ], [ -70.641299459096118, -34.191375484748598 ], [ -70.642203863393192, -34.189989218332322 ], [ -70.644283008136156, -34.190029953596373 ] ] ] } },
{ "type": "Feature", "properties": { "h3": "89b2c1c1813ffff" }, "geometry": { "type": "Polygon", "coordinates": [ [ [ -70.769899831831466, -34.168543293183625 ], [ -70.771076300549325, -34.169970148411473 ], [ -70.770171851392618, -34.171358507700077 ], [ -70.768090941801674, -34.171320007946647 ], [ -70.766914509358685, -34.16989316384668 ], [ -70.767818950230406, -34.16850480837244 ], [ -70.769899831831466, -34.168543293183625 ] ] ] } },
{ "type": "Feature", "properties": { "h3": "89b2c1c0837ffff" }, "geometry": { "type": "Polygon", "coordinates": [ [ [ -70.694737261422219, -34.164321284797943 ], [ -70.695912632173815, -34.165748543608373 ], [ -70.695008266670555, -34.167136078282709 ], [ -70.692928538835702, -34.16709635031598 ], [ -70.691753204490567, -34.165669102695759 ], [ -70.692657561572489, -34.164281571852271 ], [ -70.694737261422219, -34.164321284797943 ] ] ] } },
{ "type": "Feature", "properties": { "h3": "89b2c1c5093ffff" }, "geometry": { "type": "Polygon", "coordinates": [ [ [ -70.659742341226845, -34.188927624730646 ], [ -70.660917326815877, -34.190354594353082 ], [ -70.660012903394701, -34.191741083647749 ], [ -70.657933502869724, -34.191700599492791 ], [ -70.65675855375612, -34.190273641080005 ], [ -70.65766296869073, -34.188887155612733 ], [ -70.659742341226845, -34.188927624730646 ] ] ] } },
{ "type": "Feature", "properties": { "h3": "89b2c1c149bffff" }, "geometry": { "type": "Polygon", "coordinates": [ [ [ -70.807337623812671, -34.104553691784062 ], [ -70.808514321668625, -34.105981529315684 ], [ -70.8076100751871, -34.107371940406075 ], [ -70.805529139060823, -34.1073345101317 ], [ -70.804352477394531, -34.105906683720633 ], [ -70.805256715663504, -34.104516276463578 ], [ -70.807337623812671, -34.104553691784062 ] ] ] } },
{ "type": "Feature", "properties": { "h3": "89b2c1ce4c3ffff" }, "geometry": { "type": "Polygon", "coordinates": [ [ [ -70.734078053650279, -34.18473317717995 ], [ -70.735254086694624, -34.186159898746183 ], [ -70.734349609973691, -34.187547412656343 ], [ -70.732269108558313, -34.187508201185715 ], [ -70.731093111857021, -34.186081490770448 ], [ -70.731997580226704, -34.184693980675029 ], [ -70.734078053650279, -34.18473317717995 ] ] ] } },
{ "type": "Feature", "properties": { "h3": "89b2c1c1123ffff" }, "geometry": { "type": "Polygon", "coordinates": [ [ [ -70.783465957090385, -34.147712107170463 ], [ -70.784642520190388, -34.149139276423206 ], [ -70.783738135762079, -34.150528321028006 ], [ -70.781657196491295, -34.15049019256 ], [ -70.780480669635978, -34.149063034431663 ], [ -70.781385045805393, -34.147673993647139 ], [ -70.783465957090385, -34.147712107170463 ] ] ] } },
{ "type": "Feature", "properties": { "h3": "89b2c1c0cafffff" }, "geometry": { "type": "Polygon", "coordinates": [ [ [ -70.692569462330965, -34.141798681538845 ], [ -70.69374469416519, -34.143226353016217 ], [ -70.69284041360477, -34.144614420604654 ], [ -70.690760909632516, -34.144574812875305 ], [ -70.689585714201911, -34.143147152598026 ], [ -70.690489986338591, -34.141759088850215 ], [ -70.692569462330965, -34.141798681538845 ] ] ] } },
{ "type": "Feature", "properties": { "h3": "89b2c1c0147ffff" }, "geometry": { "type": "Polygon", "coordinates": [ [ [ -70.729191195750474, -34.134056714020907 ], [ -70.730366916089594, -34.135484364987214 ], [ -70.729462630410154, -34.136873078077876 ], [ -70.727382632746966, -34.136834136365756 ], [ -70.726206948744519, -34.135406496572678 ], [ -70.727111226067265, -34.13401778731869 ], [ -70.729191195750474, -34.134056714020907 ] ] ] } },
{ "type": "Feature", "properties": { "h3": "89b2c1c1d87ffff" }, "geometry": { "type": "Polygon", "coordinates": [ [ [ -70.740588324886872, -34.155351812248774 ], [ -70.741764310546003, -34.156779032167776 ], [ -70.740859936163872, -34.15816735708205 ], [ -70.738779584458669, -34.158128458251895 ], [ -70.737603635122369, -34.156701249489224 ], [ -70.738508001167105, -34.155312928400562 ], [ -70.740588324886872, -34.155351812248774 ] ] ] } },
{ "type": "Feature", "properties": { "h3": "89b2c1c1c8bffff" }, "geometry": { "type": "Polygon", "coordinates": [ [ [ -70.767723919095587, -34.146017318263127 ], [ -70.768900248781691, -34.147444586851989 ], [ -70.767995884491569, -34.148833479117975 ], [ -70.765915198801409, -34.148795098971178 ], [ -70.764738905387375, -34.147367841520058 ], [ -70.765643261390068, -34.145978953078192 ], [ -70.767723919095587, -34.146017318263127 ] ] ] } },
{ "type": "Feature", "properties": { "h3": "89b2c1c0dabffff" }, "geometry": { "type": "Polygon", "coordinates": [ [ [ -70.674667454280652, -34.149887562526608 ], [ -70.675842467608362, -34.151315166774445 ], [ -70.674938173960825, -34.152702811670515 ], [ -70.672858875441023, -34.152662848478229 ], [ -70.671683898550867, -34.151235255442089 ], [ -70.672588183741595, -34.149847614386751 ], [ -70.674667454280652, -34.149887562526608 ] ] ] } },
{ "type": "Feature", "properties": { "h3": "89b2c1c5607ffff" }, "geometry": { "type": "Polygon", "coordinates": [ [ [ -70.681713124310434, -34.190757290953883 ], [ -70.682888434536821, -34.192184132523053 ], [ -70.681983983741191, -34.193570848500755 ], [ -70.67990423116467, -34.193530719087065 ], [ -70.678728957375554, -34.192103888709077 ], [ -70.679633399724352, -34.19071717655379 ], [ -70.681713124310434, -34.190757290953883 ] ] ] } },
{ "type": "Feature", "properties": { "h3": "89b2c1c0a33ffff" }, "geometry": { "type": "Polygon", "coordinates": [ [ [ -70.720510208058258, -34.173239714550796 ], [ -70.721685991453683, -34.174666701429956 ], [ -70.720781569405204, -34.176054333337241 ], [ -70.718701372335076, -34.176014974543406 ], [ -70.717525625303267, -34.174587998830376 ], [ -70.718430038976621, -34.173200370745221 ], [ -70.720510208058258, -34.173239714550796 ] ] ] } },
{ "type": "Feature", "properties": { "h3": "89b2c1c7247ffff" }, "geometry": { "type": "Polygon", "coordinates": [ [ [ -70.666528715309497, -34.162374910128662 ], [ -70.66770367138858, -34.163802326051858 ], [ -70.666799339399347, -34.165189559744292 ], [ -70.664720059802136, -34.165149373676606 ], [ -70.663545140178655, -34.163721968967195 ], [ -70.664449463695448, -34.162334739111891 ], [ -70.666528715309497, -34.162374910128662 ] ] ] } },
{ "type": "Feature", "properties": { "h3": "89b2c1c004bffff" }, "geometry": { "type": "Polygon", "coordinates": [ [ [ -70.756322630852111, -34.124719932715294 ], [ -70.757498695337915, -34.126147632546548 ], [ -70.75659441957427, -34.127536912965674 ], [ -70.754514087630142, -34.12749848971859 ], [ -70.753338059430291, -34.126070801041948 ], [ -70.754242326887251, -34.124681524457998 ], [ -70.756322630852111, -34.124719932715294 ] ] ] } },
{ "type": "Feature", "properties": { "h3": "89b2c1c528fffff" }, "geometry": { "type": "Polygon", "coordinates": [ [ [ -70.683067488919207, -34.204823895948543 ], [ -70.684242885990244, -34.206250479335651 ], [ -70.683338382078631, -34.207636862094091 ], [ -70.681258489539971, -34.207596657649312 ], [ -70.680083128907981, -34.206170085447177 ], [ -70.680987624374268, -34.204783706505047 ], [ -70.683067488919207, -34.204823895948543 ] ] ] } },
{ "type": "Feature", "properties": { "h3": "89b2c1c1697ffff" }, "geometry": { "type": "Polygon", "coordinates": [ [ [ -70.82389979401016, -34.114696950475519 ], [ -70.825076777018324, -34.116124533657946 ], [ -70.824172478964272, -34.117514897300694 ], [ -70.822091206083812, -34.117477673935426 ], [ -70.820914259238933, -34.11605010185653 ], [ -70.821818549109892, -34.114659742039599 ], [ -70.82389979401016, -34.114696950475519 ] ] ] } },
{ "type": "Feature", "properties": { "h3": "89b2c1c1027ffff" }, "geometry": { "type": "Polygon", "coordinates": [ [ [ -70.801378343734356, -34.139603818895729 ], [ -70.802555124183058, -34.14103105485443 ], [ -70.801650753942354, -34.142420522062771 ], [ -70.799569611477352, -34.142382749492562 ], [ -70.798392867239201, -34.140955524646714 ], [ -70.799297229254151, -34.139566061258428 ], [ -70.801378343734356, -34.139603818895729 ] ] ] } },
{ "type": "Feature", "properties": { "h3": "89b2c1c06bbffff" }, "geometry": { "type": "Polygon", "coordinates": [ [ [ -70.75794819889262, -34.10928185254005 ], [ -70.75912421280205, -34.110709821521034 ], [ -70.758219992374904, -34.112099505340218 ], [ -70.756139766339714, -34.112061216337324 ], [ -70.754963788708821, -34.110633258515143 ], [ -70.755868000833246, -34.109243578537225 ], [ -70.75794819889262, -34.10928185254005 ] ] ] } },
{ "type": "Feature", "properties": { "h3": "89b2c1c0343ffff" }, "geometry": { "type": "Polygon", "coordinates": [ [ [ -70.754968661709995, -34.142970419721962 ], [ -70.756144794148412, -34.144397798671349 ], [ -70.755240452434109, -34.145786609022878 ], [ -70.753159986590475, -34.14574803659734 ], [ -70.751983890445828, -34.144320668797107 ], [ -70.752888223849695, -34.142931862273464 ], [ -70.754968661709995, -34.142970419721962 ] ] ] } },
{ "type": "Feature", "properties": { "h3": "89b2c1c1c0bffff" }, "geometry": { "type": "Polygon", "coordinates": [ [ [ -70.771524996706248, -34.153115037735169 ], [ -70.772701414793374, -34.154542162478712 ], [ -70.771797021006833, -34.155930925332434 ], [ -70.769716217412835, -34.155892559622401 ], [ -70.768539835593188, -34.15446544601096 ], [ -70.769444221098723, -34.15307668697767 ], [ -70.771524996706248, -34.153115037735169 ] ] ] } },
{ "type": "Feature", "properties": { "h3": "89b2c1c0c2fffff" }, "geometry": { "type": "Polygon", "coordinates": [ [ [ -70.696366232323868, -34.148897188383607 ], [ -70.697541552647763, -34.150324716338318 ], [ -70.696637242435557, -34.151712654546841 ], [ -70.69455762031545, -34.151673060963887 ], [ -70.69338233639057, -34.150245544203635 ], [ -70.694286638185446, -34.148857609832064 ], [ -70.696366232323868, -34.148897188383607 ] ] ] } },
{ "type": "Feature", "properties": { "h3": "89b2c1c548bffff" }, "geometry": { "type": "Polygon", "coordinates": [ [ [ -70.661373258058944, -34.173512002360191 ], [ -70.662548193304048, -34.174939241137984 ], [ -70.661643825148872, -34.176326134049241 ], [ -70.659564530229844, -34.176285784349417 ], [ -70.658389631452735, -34.174858556785544 ], [ -70.659293991125324, -34.173471667707787 ], [ -70.661373258058944, -34.173512002360191 ] ] ] } },
{ "type": "Feature", "properties": { "h3": "89b2c1c1893ffff" }, "geometry": { "type": "Polygon", "coordinates": [ [ [ -70.766098607096339, -34.161447055154724 ], [ -70.767274987400128, -34.162874054294313 ], [ -70.76637056774689, -34.164262543022112 ], [ -70.764289776079963, -34.164224028792454 ], [ -70.76311343205569, -34.162797040786359 ], [ -70.764017843417506, -34.161408555876633 ], [ -70.766098607096339, -34.161447055154724 ] ] ] } },
{ "type": "Feature", "properties": { "h3": "89b2c1c08b7ffff" }, "geometry": { "type": "Polygon", "coordinates": [ [ [ -70.690940345037987, -34.157224257879562 ], [ -70.692115627286825, -34.158651660279155 ], [ -70.691211291442457, -34.160039324360362 ], [ -70.689131681775663, -34.159999582207639 ], [ -70.687956435937878, -34.158572191003906 ], [ -70.688860763354498, -34.157184530757227 ], [ -70.690940345037987, -34.157224257879562 ] ] ] } },
{ "type": "Feature", "properties": { "h3": "89b2c1c03c3ffff" }, "geometry": { "type": "Polygon", "coordinates": [ [ [ -70.751168674637725, -34.135871636231293 ], [ -70.752344718662144, -34.137299158911297 ], [ -70.751440406476291, -34.138688098651514 ], [ -70.749360058581516, -34.138649511880352 ], [ -70.748184050855471, -34.137222000355138 ], [ -70.749088354724478, -34.135833064446508 ], [ -70.751168674637725, -34.135871636231293 ] ] ] } },
{ "type": "Feature", "properties": { "h3": "89b2c1c151bffff" }, "geometry": { "type": "Polygon", "coordinates": [ [ [ -70.790243897082121, -34.121122620915244 ], [ -70.7914204298459, -34.122550236793465 ], [ -70.790516137314313, -34.123940025555989 ], [ -70.78843532026238, -34.123902194610565 ], [ -70.787258823723462, -34.122474589860786 ], [ -70.788163108010266, -34.121084804928188 ], [ -70.790243897082121, -34.121122620915244 ] ] ] } },
{ "type": "Feature", "properties": { "h3": "89b2c1ce543ffff" }, "geometry": { "type": "Polygon", "coordinates": [ [ [ -70.716982874858786, -34.201261994930235 ], [ -70.718158741885034, -34.202688494545782 ], [ -70.717254219796573, -34.204075385789487 ], [ -70.715173839063951, -34.20403577360662 ], [ -70.713998008415828, -34.202609285149869 ], [ -70.714902522120852, -34.201222397717423 ], [ -70.716982874858786, -34.201261994930235 ] ] ] } },
{ "type": "Feature", "properties": { "h3": "89b2c1c11a3ffff" }, "geometry": { "type": "Polygon", "coordinates": [ [ [ -70.77966429003763, -34.140613927858674 ], [ -70.780840764755197, -34.142041240979196 ], [ -70.779936409797074, -34.143430414990554 ], [ -70.777855588385378, -34.143392272057589 ], [ -70.776679149917143, -34.141964970067079 ], [ -70.777583496609935, -34.140575799879699 ], [ -70.77966429003763, -34.140613927858674 ] ] ] } },
{ "type": "Feature", "properties": { "h3": "89b2c1c01c7ffff" }, "geometry": { "type": "Polygon", "coordinates": [ [ [ -70.725392801076055, -34.126956940104854 ], [ -70.726568432976123, -34.128384734655654 ], [ -70.725664176876663, -34.129773577110576 ], [ -70.723584297238887, -34.129734621174478 ], [ -70.722408701680109, -34.128306837802491 ], [ -70.723312949416481, -34.126917999187967 ], [ -70.725392801076055, -34.126956940104854 ] ] ] } },
{ "type": "Feature", "properties": { "h3": "89b2c1c1e07ffff" }, "geometry": { "type": "Polygon", "coordinates": [ [ [ -70.788084681307822, -34.163257048148196 ], [ -70.789261384938584, -34.164683918405551 ], [ -70.788356939228393, -34.166072633716091 ], [ -70.786275798137581, -34.166034474956518 ], [ -70.785099130747909, -34.164607615814255 ], [ -70.786003568206567, -34.163218904316665 ], [ -70.788084681307822, -34.163257048148196 ] ] ] } },
{ "type": "Feature", "properties": { "h3": "89b2c1c0e2bffff" }, "geometry": { "type": "Polygon", "coordinates": [ [ [ -70.722137924285178, -34.157816024622001 ], [ -70.723313657180157, -34.159243280824576 ], [ -70.722409290453271, -34.160631316304261 ], [ -70.720329199201203, -34.160592091753351 ], [ -70.71915350266238, -34.159164846721147 ], [ -70.720057861018134, -34.157776815069674 ], [ -70.722137924285178, -34.157816024622001 ] ] ] } },
{ "type": "Feature", "properties": { "h3": "89b2c1c2a6bffff" }, "geometry": { "type": "Polygon", "coordinates": [ [ [ -70.706946414587634, -34.129421731821267 ], [ -70.708121793626518, -34.130849562405118 ], [ -70.707217545338196, -34.132238115418687 ], [ -70.705137926406422, -34.132198834005621 ], [ -70.703962583742111, -34.130771014614645 ], [ -70.704866823633665, -34.12938246544406 ], [ -70.706946414587634, -34.129421731821267 ] ] ] } },
{ "type": "Feature", "properties": { "h3": "89b2c1c5687ffff" }, "geometry": { "type": "Polygon", "coordinates": [ [ [ -70.677916535387808, -34.183662751485862 ], [ -70.679091757076577, -34.185089736716819 ], [ -70.67818733597332, -34.186476582143932 ], [ -70.676107701633143, -34.186436438514207 ], [ -70.674932516386235, -34.185009464480089 ], [ -70.675836929036279, -34.183622622879064 ], [ -70.677916535387808, -34.183662751485862 ] ] ] } },
{ "type": "Feature", "properties": { "h3": "89b2c1c1a8fffff" }, "geometry": { "type": "Polygon", "coordinates": [ [ [ -70.789446038684531, -34.177333792622733 ], [ -70.790622829237421, -34.178760404327825 ], [ -70.78971833049323, -34.180148786476536 ], [ -70.787637049444797, -34.180110553113465 ], [ -70.786460295134745, -34.178683952517268 ], [ -70.787364785628938, -34.177295574175467 ], [ -70.789446038684531, -34.177333792622733 ] ] ] } },
{ "type": "Feature", "properties": { "h3": "89b2c1c0ab3ffff" }, "geometry": { "type": "Polygon", "coordinates": [ [ [ -70.716711697608673, -34.166143677743449 ], [ -70.717887392526237, -34.167570808357766 ], [ -70.716983000085236, -34.168958569696272 ], [ -70.714902921106827, -34.168919196594835 ], [ -70.713727262557498, -34.167492077152282 ], [ -70.714631646616965, -34.16610431963958 ], [ -70.716711697608673, -34.166143677743449 ] ] ] } },
{ "type": "Feature", "properties": { "h3": "89b2c1c530fffff" }, "geometry": { "type": "Polygon", "coordinates": [ [ [ -70.665973815106184, -34.221336160541931 ], [ -70.667149045563662, -34.222762521851003 ], [ -70.666244496773132, -34.224148281843462 ], [ -70.664164726001275, -34.224107676714233 ], [ -70.662989532017889, -34.222681326597936 ], [ -70.663894072330919, -34.22129557041827 ], [ -70.665973815106184, -34.221336160541931 ] ] ] } }
]
}
